#include "../ui.h"

#ifndef LV_ATTRIBUTE_MEM_ALIGN
    #define LV_ATTRIBUTE_MEM_ALIGN
#endif

// IMAGE DATA: ui_img_images_music_png (136x146)
const LV_ATTRIBUTE_MEM_ALIGN uint8_t ui_img_images_music_png_data[] = {
    0x00,0x00,0x00,0x00,0x00,0x00,0x00,0x00,0x00,0x00,0x00,0x00,0x00,0x00,0x00,0x00,0x00,0x00,0x00,0x00,0x00,0x00,0x00,0x00,
    0x00,0x00,0x00,0x00,0x00,0x00,0x00,0x00,0x00,0x00,0x00,0x00,0x00,0x00,0x00,0x00,0x00,0x00,0x00,0x00,0x00,0x00,0x00,0x00,
    0x00,0x00,0x02,0x00,0x20,0x04,0x00,0x60,0x07,0x00,0xa1,0x0c,0x00,0xe1,0x12,0x01,0x42,0x1a,0x01,0xa3,0x21,0x02,0x04,0x28,
    0x02,0x44,0x2f,0x02,0x85,0x33,0x02,0xa5,0x37,0x02,0xc6,0x3a,0x02,0xe6,0x3a,0x02,0xe6,0x3b,0x02,0xe6,0x3b,0x02,0xe6,0x3b,
    0x02,0xe6,0x3b,0x02,0xe6,0x3b,0x02,0xe6,0x3b,0x02,0xe6,0x3b,0x02,0xe6,0x3b,0x02,0xe6,0x3b,0x02,0xe6,0x3b,0x02,0xe6,0x3b,
    0x02,0xe6,0x3b,0x02,0xe6,0x3b,0x02,0xe6,0x3b,0x02,0xe6,0x3b,0x02,0xe6,0x3b,0x02,0xe6,0x3b,0x02,0xe6,0x3b,0x02,0xe6,0x3b,
    0x02,0xe6,0x3b,0x02,0xe6,0x3b,0x02,0xe6,0x3b,0x02,0xe6,0x3b,0x02,0xe6,0x3b,0x02,0xe6,0x3b,0x02,0xe6,0x3b,0x02,0xe6,0x3b,
    0x02,0xe6,0x3b,0x02,0xe6,0x3b,0x02,0xe6,0x3b,0x02,0xe6,0x3b,0x02,0xe6,0x3b,0x02,0xe6,0x3b,0x02,0xe6,0x3b,0x02,0xe6,0x3b,
    0x02,0xe6,0x3b,0x02,0xe6,0x3b,0x02,0xe6,0x3b,0x02,0xe6,0x3b,0x02,0xe6,0x3b,0x02,0xe6,0x3b,0x02,0xe6,0x3b,0x02,0xe6,0x3b,
    0x02,0xe6,0x3b,0x02,0xe6,0x3b,0x02,0xe6,0x3b,0x02,0xe6,0x3b,0x02,0xe6,0x3b,0x02,0xe6,0x3b,0x02,0xe6,0x3b,0x02,0xe6,0x3b,
    0x02,0xe6,0x3b,0x02,0xe6,0x3b,0x02,0xe6,0x3b,0x02,0xe6,0x3b,0x02,0xe6,0x3b,0x02,0xe6,0x3b,0x02,0xe6,0x3b,0x02,0xe6,0x3b,
    0x02,0xe6,0x3b,0x02,0xe6,0x3b,0x02,0xe6,0x3b,0x02,0xe6,0x3b,0x02,0xe6,0x3b,0x02,0xe6,0x3b,0x02,0xe6,0x3b,0x02,0xe6,0x3b,
    0x02,0xe6,0x3b,0x02,0xe6,0x3b,0x02,0xe6,0x3b,0x02,0xe6,0x3b,0x02,0xe6,0x3b,0x02,0xe6,0x3b,0x02,0xe6,0x3b,0x02,0xe6,0x3b,
    0x02,0xe6,0x3b,0x02,0xe6,0x3b,0x02,0xe6,0x3b,0x02,0xe6,0x3b,0x02,0xe6,0x3a,0x02,0xc6,0x3a,0x02,0xa5,0x37,0x02,0x85,0x33,
    0x02,0x44,0x2f,0x02,0x04,0x28,0x01,0xa3,0x21,0x01,0x42,0x1a,0x00,0xe1,0x12,0x00,0xa1,0x0c,0x00,0x60,0x07,0x00,0x20,0x04,
    0x00,0x00,0x02,0x00,0x00,0x00,0x00,0x00,0x00,0x00,0x00,0x00,0x00,0x00,0x00,0x00,0x00,0x00,0x00,0x00,0x00,0x00,0x00,0x00,
    0x00,0x00,0x00,0x00,0x00,0x00,0x00,0x00,0x00,0x00,0x00,0x00,0x00,0x00,0x00,0x00,0x00,0x00,0x00,0x00,0x00,0x00,0x00,0x00,
    0x00,0x00,0x00,0x00,0x00,0x00,0x00,0x00,0x00,0x00,0x00,0x00,0x00,0x00,0x00,0x00,0x00,0x00,0x00,0x00,0x00,0x00,0x00,0x00,
    0x00,0x00,0x00,0x00,0x00,0x00,0x00,0x00,0x00,0x00,0x00,0x00,0x00,0x00,0x00,0x00,0x00,0x00,0x00,0x00,0x00,0x00,0x00,0x01,
    0x00,0x00,0x02,0x00,0x20,0x05,0x00,0x60,0x08,0x00,0xa1,0x0d,0x01,0x02,0x13,0x01,0x42,0x1b,0x01,0xa3,0x22,0x02,0x04,0x2a,
    0x02,0x65,0x31,0x02,0xa5,0x36,0x02,0xc6,0x39,0x02,0xe6,0x3c,0x03,0x06,0x3c,0x03,0x06,0x3d,0x03,0x06,0x3d,0x03,0x06,0x3d,
    0x03,0x06,0x3d,0x03,0x06,0x3d,0x03,0x06,0x3d,0x03,0x06,0x3d,0x03,0x06,0x3d,0x03,0x06,0x3d,0x03,0x06,0x3d,0x03,0x06,0x3d,
    0x03,0x06,0x3d,0x03,0x06,0x3d,0x03,0x06,0x3d,0x03,0x06,0x3d,0x03,0x06,0x3d,0x03,0x06,0x3d,0x03,0x06,0x3d,0x03,0x06,0x3d,
    0x03,0x06,0x3d,0x03,0x06,0x3d,0x03,0x06,0x3d,0x03,0x06,0x3d,0x03,0x06,0x3d,0x03,0x06,0x3d,0x03,0x06,0x3d,0x03,0x06,0x3d,
    0x03,0x06,0x3d,0x03,0x06,0x3d,0x03,0x06,0x3d,0x03,0x06,0x3d,0x03,0x06,0x3d,0x03,0x06,0x3d,0x03,0x06,0x3d,0x03,0x06,0x3d,
    0x03,0x06,0x3d,0x03,0x06,0x3d,0x03,0x06,0x3d,0x03,0x06,0x3d,0x03,0x06,0x3d,0x03,0x06,0x3d,0x03,0x06,0x3d,0x03,0x06,0x3d,
    0x03,0x06,0x3d,0x03,0x06,0x3d,0x03,0x06,0x3d,0x03,0x06,0x3d,0x03,0x06,0x3d,0x03,0x06,0x3d,0x03,0x06,0x3d,0x03,0x06,0x3d,
    0x03,0x06,0x3d,0x03,0x06,0x3d,0x03,0x06,0x3d,0x03,0x06,0x3d,0x03,0x06,0x3d,0x03,0x06,0x3d,0x03,0x06,0x3d,0x03,0x06,0x3d,
    0x03,0x06,0x3d,0x03,0x06,0x3d,0x03,0x06,0x3d,0x03,0x06,0x3d,0x03,0x06,0x3d,0x03,0x06,0x3d,0x03,0x06,0x3d,0x03,0x06,0x3d,
    0x03,0x06,0x3d,0x03,0x06,0x3d,0x03,0x06,0x3d,0x03,0x06,0x3d,0x03,0x06,0x3d,0x03,0x06,0x3d,0x03,0x06,0x3d,0x03,0x06,0x3d,
    0x03,0x06,0x3d,0x03,0x06,0x3d,0x03,0x06,0x3d,0x03,0x06,0x3d,0x03,0x06,0x3c,0x02,0xe6,0x3c,0x02,0xc6,0x39,0x02,0xa5,0x36,
    0x02,0x65,0x31,0x02,0x04,0x2a,0x01,0xa3,0x22,0x01,0x42,0x1b,0x01,0x02,0x13,0x00,0xa1,0x0d,0x00,0x60,0x08,0x00,0x20,0x05,
    0x00,0x00,0x02,0x00,0x00,0x01,0x00,0x00,0x00,0x00,0x00,0x00,0x00,0x00,0x00,0x00,0x00,0x00,0x00,0x00,0x00,0x00,0x00,0x00,
    0x00,0x00,0x00,0x00,0x00,0x00,0x00,0x00,0x00,0x00,0x00,0x00,0x00,0x00,0x00,0x00,0x00,0x00,0x00,0x00,0x00,0x00,0x00,0x00,
    0x00,0x00,0x00,0x00,0x00,0x00,0x00,0x00,0x00,0x00,0x00,0x00,0x00,0x00,0x00,0x00,0x00,0x00,0x00,0x00,0x00,0x00,0x00,0x00,
    0x00,0x00,0x00,0x00,0x00,0x00,0x00,0x00,0x00,0x00,0x00,0x00,0x00,0x00,0x00,0x01,0xe4,0xc8,0x01,0xe4,0xc8,0x01,0xe4,0xc8,
    0x01,0xe4,0xc8,0x01,0xe4,0xc9,0x01,0xe4,0xca,0x01,0xe4,0xcb,0x01,0xe4,0xcc,0x01,0xe4,0xce,0x01,0xe4,0xd0,0x02,0x04,0xd1,
    0x02,0x04,0xd3,0x02,0x24,0xd4,0x02,0x24,0xd5,0x02,0x44,0xd5,0x02,0x44,0xd5,0x02,0x45,0xd5,0x02,0x45,0xd5,0x02,0x45,0xd5,
    0x02,0x45,0xd5,0x02,0x45,0xd5,0x02,0x45,0xd5,0x02,0x45,0xd5,0x02,0x45,0xd5,0x02,0x45,0xd5,0x02,0x45,0xd5,0x02,0x45,0xd5,
    0x02,0x45,0xd5,0x02,0x45,0xd5,0x02,0x45,0xd5,0x02,0x45,0xd5,0x02,0x45,0xd5,0x02,0x45,0xd5,0x02,0x45,0xd5,0x02,0x45,0xd5,
    0x02,0x45,0xd5,0x02,0x45,0xd5,0x02,0x45,0xd5,0x02,0x45,0xd5,0x02,0x45,0xd5,0x02,0x45,0xd5,0x02,0x45,0xd5,0x02,0x45,0xd5,
    0x02,0x45,0xd5,0x02,0x45,0xd5,0x02,0x45,0xd5,0x02,0x45,0xd5,0x02,0x45,0xd5,0x02,0x45,0xd5,0x02,0x45,0xd5,0x02,0x45,0xd5,
    0x02,0x45,0xd5,0x02,0x45,0xd5,0x02,0x45,0xd5,0x02,0x45,0xd5,0x02,0x45,0xd5,0x02,0x45,0xd5,0x02,0x45,0xd5,0x02,0x45,0xd5,
    0x02,0x45,0xd5,0x02,0x45,0xd5,0x02,0x45,0xd5,0x02,0x45,0xd5,0x02,0x45,0xd5,0x02,0x45,0xd5,0x02,0x45,0xd5,0x02,0x45,0xd5,
    0x02,0x45,0xd5,0x02,0x45,0xd5,0x02,0x45,0xd5,0x02,0x45,0xd5,0x02,0x45,0xd5,0x02,0x45,0xd5,0x02,0x45,0xd5,0x02,0x45,0xd5,
    0x02,0x45,0xd5,0x02,0x45,0xd5,0x02,0x45,0xd5,0x02,0x45,0xd5,0x02,0x45,0xd5,0x02,0x45,0xd5,0x02,0x45,0xd5,0x02,0x45,0xd5,
    0x02,0x45,0xd5,0x02,0x45,0xd5,0x02,0x45,0xd5,0x02,0x45,0xd5,0x02,0x45,0xd5,0x02,0x45,0xd5,0x02,0x45,0xd5,0x02,0x45,0xd5,
    0x02,0x45,0xd5,0x02,0x45,0xd5,0x02,0x45,0xd5,0x02,0x45,0xd5,0x02,0x44,0xd5,0x02,0x44,0xd5,0x02,0x24,0xd5,0x02,0x24,0xd4,
    0x02,0x04,0xd3,0x02,0x04,0xd1,0x01,0xe4,0xd0,0x01,0xe4,0xce,0x01,0xe4,0xcc,0x01,0xe4,0xcb,0x01,0xe4,0xca,0x01,0xe4,0xc9,
    0x01,0xe4,0xc8,0x01,0xe4,0xc8,0x01,0xe4,0xc8,0x00,0x00,0x00,0x00,0x00,0x00,0x00,0x00,0x00,0x00,0x00,0x00,0x00,0x00,0x00,
    0x00,0x00,0x00,0x00,0x00,0x00,0x00,0x00,0x00,0x00,0x00,0x00,0x00,0x00,0x00,0x00,0x00,0x00,0x00,0x00,0x00,0x00,0x00,0x00,
    0x00,0x00,0x00,0x00,0x00,0x00,0x00,0x00,0x00,0x00,0x00,0x00,0x00,0x00,0x00,0x00,0x00,0x00,0x00,0x00,0x00,0x00,0x00,0x00,
    0x00,0x00,0x00,0x00,0x00,0x00,0x01,0xe4,0xc8,0x01,0xe4,0xc8,0x01,0xe4,0xc8,0x08,0x83,0xff,0x08,0x83,0xff,0x08,0x83,0xff,
    0x08,0x83,0xff,0x08,0x83,0xff,0x08,0x82,0xff,0x08,0x82,0xff,0x08,0x82,0xff,0x08,0xa3,0xff,0x07,0xf1,0xff,0x07,0xf1,0xff,
    0x07,0xf1,0xff,0x07,0xf1,0xff,0x07,0xf1,0xff,0x07,0xf1,0xff,0x07,0xf1,0xff,0x07,0xf1,0xff,0x07,0xf1,0xff,0x07,0xf1,0xff,
    0x07,0xf1,0xff,0x07,0xf1,0xff,0x07,0xf1,0xff,0x07,0xf1,0xff,0x07,0xf1,0xff,0x07,0xf1,0xff,0x07,0xf1,0xff,0x07,0xf1,0xff,
    0x07,0xf1,0xff,0x07,0xf1,0xff,0x07,0xf1,0xff,0x07,0xf1,0xff,0x07,0xf1,0xff,0x07,0xf1,0xff,0x07,0xf1,0xff,0x07,0xf1,0xff,
    0x07,0xf1,0xff,0x07,0xf1,0xff,0x07,0xf1,0xff,0x07,0xf1,0xff,0x07,0xf1,0xff,0x07,0xf1,0xff,0x07,0xf1,0xff,0x07,0xf1,0xff,
    0x07,0xf1,0xff,0x07,0xf1,0xff,0x07,0xf1,0xff,0x07,0xf1,0xff,0x07,0xf1,0xff,0x07,0xf1,0xff,0x07,0xf1,0xff,0x07,0xf1,0xff,
    0x07,0xf1,0xff,0x07,0xf1,0xff,0x07,0xf1,0xff,0x07,0xf1,0xff,0x07,0xf1,0xff,0x07,0xf1,0xff,0x07,0xf1,0xff,0x07,0xf1,0xff,
    0x07,0xf1,0xff,0x07,0xf1,0xff,0x07,0xf1,0xff,0x07,0xf1,0xff,0x07,0xf1,0xff,0x07,0xf1,0xff,0x07,0xf1,0xff,0x07,0xf1,0xff,
    0x07,0xf1,0xff,0x07,0xf1,0xff,0x07,0xf1,0xff,0x07,0xf1,0xff,0x07,0xf1,0xff,0x07,0xf1,0xff,0x07,0xf1,0xff,0x07,0xf1,0xff,
    0x07,0xf1,0xff,0x07,0xf1,0xff,0x07,0xf1,0xff,0x07,0xf1,0xff,0x07,0xf1,0xff,0x07,0xf1,0xff,0x07,0xf1,0xff,0x07,0xf1,0xff,
    0x07,0xf1,0xff,0x07,0xf1,0xff,0x07,0xf1,0xff,0x07,0xf1,0xff,0x07,0xf1,0xff,0x07,0xf1,0xff,0x07,0xf1,0xff,0x07,0xf1,0xff,
    0x07,0xf1,0xff,0x07,0xf1,0xff,0x07,0xf1,0xff,0x07,0xf1,0xff,0x07,0xf1,0xff,0x07,0xf1,0xff,0x07,0xf1,0xff,0x07,0xf1,0xff,
    0x07,0xf1,0xff,0x07,0xf1,0xff,0x07,0xf1,0xff,0x08,0xa3,0xff,0x08,0x82,0xff,0x08,0x82,0xff,0x08,0x82,0xff,0x08,0x83,0xff,
    0x08,0x83,0xff,0x08,0x83,0xff,0x08,0x83,0xff,0x01,0xe4,0xc8,0x01,0xe4,0xc8,0x01,0xe4,0xc8,0x00,0x00,0x00,0x00,0x00,0x00,
    0x00,0x00,0x00,0x00,0x00,0x00,0x00,0x00,0x00,0x00,0x00,0x00,0x00,0x00,0x00,0x00,0x00,0x00,0x00,0x00,0x00,0x00,0x00,0x00,
    0x00,0x00,0x00,0x00,0x00,0x00,0x00,0x00,0x00,0x00,0x00,0x00,0x00,0x00,0x00,0x00,0x00,0x00,0x00,0x00,0x00,0x00,0x00,0x00,
    0x00,0x00,0x00,0x01,0xe4,0xc8,0x08,0x83,0xff,0x08,0x83,0xff,0x08,0x83,0xff,0x08,0x83,0xff,0x08,0x83,0xff,0x08,0x83,0xff,
    0x08,0x83,0xff,0x08,0x83,0xff,0x08,0x83,0xff,0x08,0x82,0xff,0x08,0x82,0xff,0x08,0x83,0xff,0x08,0xa3,0xff,0x08,0xc3,0xff,
    0x08,0xc3,0xff,0x08,0xe3,0xff,0x08,0xe3,0xff,0x09,0x03,0xff,0x09,0x03,0xff,0x09,0x03,0xff,0x09,0x03,0xff,0x09,0x03,0xff,
    0x09,0x03,0xff,0x09,0x03,0xff,0x09,0x03,0xff,0x09,0x03,0xff,0x09,0x03,0xff,0x09,0x03,0xff,0x09,0x03,0xff,0x09,0x03,0xff,
    0x09,0x03,0xff,0x09,0x03,0xff,0x09,0x03,0xff,0x09,0x03,0xff,0x09,0x03,0xff,0x09,0x03,0xff,0x09,0x03,0xff,0x09,0x03,0xff,
    0x09,0x03,0xff,0x09,0x03,0xff,0x09,0x03,0xff,0x09,0x03,0xff,0x09,0x03,0xff,0x09,0x03,0xff,0x09,0x03,0xff,0x09,0x03,0xff,
    0x09,0x03,0xff,0x09,0x03,0xff,0x09,0x03,0xff,0x09,0x03,0xff,0x09,0x03,0xff,0x09,0x03,0xff,0x09,0x03,0xff,0x09,0x03,0xff,
    0x09,0x03,0xff,0x09,0x03,0xff,0x09,0x03,0xff,0x09,0x03,0xff,0x09,0x03,0xff,0x09,0x03,0xff,0x09,0x03,0xff,0x09,0x03,0xff,
    0x09,0x03,0xff,0x09,0x03,0xff,0x09,0x03,0xff,0x09,0x03,0xff,0x09,0x03,0xff,0x09,0x03,0xff,0x09,0x03,0xff,0x09,0x03,0xff,
    0x09,0x03,0xff,0x09,0x03,0xff,0x09,0x03,0xff,0x09,0x03,0xff,0x09,0x03,0xff,0x09,0x03,0xff,0x09,0x03,0xff,0x09,0x03,0xff,
    0x09,0x03,0xff,0x09,0x03,0xff,0x09,0x03,0xff,0x09,0x03,0xff,0x09,0x03,0xff,0x09,0x03,0xff,0x09,0x03,0xff,0x09,0x03,0xff,
    0x09,0x03,0xff,0x09,0x03,0xff,0x09,0x03,0xff,0x09,0x03,0xff,0x09,0x03,0xff,0x09,0x03,0xff,0x09,0x03,0xff,0x09,0x03,0xff,
    0x09,0x03,0xff,0x09,0x03,0xff,0x09,0x03,0xff,0x09,0x03,0xff,0x09,0x03,0xff,0x09,0x03,0xff,0x08,0xe3,0xff,0x08,0xe3,0xff,
    0x08,0xc3,0xff,0x08,0xc3,0xff,0x08,0xa3,0xff,0x08,0x83,0xff,0x08,0x82,0xff,0x08,0x82,0xff,0x08,0x83,0xff,0x08,0x83,0xff,
    0x08,0x83,0xff,0x08,0x83,0xff,0x08,0x83,0xff,0x08,0x83,0xff,0x08,0x83,0xff,0x08,0x83,0xff,0x01,0xe4,0xc8,0x00,0x00,0x00,
    0x00,0x00,0x00,0x00,0x00,0x00,0x00,0x00,0x00,0x00,0x00,0x00,0x00,0x00,0x00,0x00,0x00,0x00,0x00,0x00,0x00,0x00,0x00,0x00,
    0x00,0x00,0x00,0x00,0x00,0x00,0x00,0x00,0x00,0x00,0x00,0x00,0x00,0x00,0x00,0x00,0x00,0x00,0x00,0x00,0x00,0x01,0xe4,0xc8,
    0x01,0xe4,0xc8,0x08,0x83,0xff,0x08,0x83,0xff,0x08,0x83,0xff,0x08,0x83,0xff,0x08,0x83,0xff,0x08,0x83,0xff,0x08,0x83,0xff,
    0x08,0x83,0xff,0x08,0x83,0xff,0x08,0x83,0xff,0x08,0x82,0xff,0x08,0x82,0xff,0x08,0x82,0xff,0x08,0xa3,0xff,0x08,0xa3,0xff,
    0x08,0xc3,0xff,0x08,0xc3,0xff,0x08,0xc3,0xff,0x08,0xe3,0xff,0x08,0xe3,0xff,0x08,0xe3,0xff,0x08,0xe3,0xff,0x08,0xe3,0xff,
    0x08,0xe3,0xff,0x08,0xe3,0xff,0x08,0xe3,0xff,0x08,0xe3,0xff,0x08,0xe3,0xff,0x08,0xe3,0xff,0x08,0xe3,0xff,0x08,0xe3,0xff,
    0x08,0xe3,0xff,0x08,0xe3,0xff,0x08,0xe3,0xff,0x08,0xe3,0xff,0x08,0xe3,0xff,0x08,0xe3,0xff,0x08,0xe3,0xff,0x08,0xe3,0xff,
    0x08,0xe3,0xff,0x08,0xe3,0xff,0x08,0xe3,0xff,0x08,0xe3,0xff,0x08,0xe3,0xff,0x08,0xe3,0xff,0x08,0xe3,0xff,0x08,0xe3,0xff,
    0x08,0xe3,0xff,0x08,0xe3,0xff,0x08,0xe3,0xff,0x08,0xe3,0xff,0x08,0xe3,0xff,0x08,0xe3,0xff,0x08,0xe3,0xff,0x08,0xe3,0xff,
    0x08,0xe3,0xff,0x08,0xe3,0xff,0x08,0xe3,0xff,0x08,0xe3,0xff,0x08,0xe3,0xff,0x08,0xe3,0xff,0x08,0xe3,0xff,0x08,0xe3,0xff,
    0x08,0xe3,0xff,0x08,0xe3,0xff,0x08,0xe3,0xff,0x08,0xe3,0xff,0x08,0xe3,0xff,0x08,0xe3,0xff,0x08,0xe3,0xff,0x08,0xe3,0xff,
    0x08,0xe3,0xff,0x08,0xe3,0xff,0x08,0xe3,0xff,0x08,0xe3,0xff,0x08,0xe3,0xff,0x08,0xe3,0xff,0x08,0xe3,0xff,0x08,0xe3,0xff,
    0x08,0xe3,0xff,0x08,0xe3,0xff,0x08,0xe3,0xff,0x08,0xe3,0xff,0x08,0xe3,0xff,0x08,0xe3,0xff,0x08,0xe3,0xff,0x08,0xe3,0xff,
    0x08,0xe3,0xff,0x08,0xe3,0xff,0x08,0xe3,0xff,0x08,0xe3,0xff,0x08,0xe3,0xff,0x08,0xe3,0xff,0x08,0xe3,0xff,0x08,0xe3,0xff,
    0x08,0xe3,0xff,0x08,0xe3,0xff,0x08,0xe3,0xff,0x08,0xe3,0xff,0x08,0xe3,0xff,0x08,0xe3,0xff,0x08,0xc3,0xff,0x08,0xc3,0xff,
    0x08,0xc3,0xff,0x08,0xa3,0xff,0x08,0xa3,0xff,0x08,0x82,0xff,0x08,0x82,0xff,0x08,0x82,0xff,0x08,0x83,0xff,0x08,0x83,0xff,
    0x08,0x83,0xff,0x08,0x83,0xff,0x08,0x83,0xff,0x08,0x83,0xff,0x08,0x83,0xff,0x08,0x83,0xff,0x08,0x83,0xff,0x01,0xe4,0xc8,
    0x01,0xe4,0xc8,0x00,0x00,0x00,0x00,0x00,0x00,0x00,0x00,0x00,0x00,0x00,0x00,0x00,0x00,0x00,0x00,0x00,0x00,0x00,0x00,0x00,
    0x00,0x00,0x00,0x00,0x00,0x00,0x00,0x00,0x00,0x00,0x00,0x00,0x00,0x00,0x00,0x00,0x00,0x00,0x01,0xe4,0xc8,0x08,0x83,0xff,
    0x08,0x83,0xff,0x08,0x83,0xff,0x08,0x83,0xff,0x08,0x83,0xff,0x08,0x83,0xff,0x08,0x83,0xff,0x08,0x83,0xff,0x08,0x83,0xff,
    0x08,0x83,0xff,0x08,0x83,0xff,0x08,0x83,0xff,0x08,0x82,0xff,0x08,0x82,0xff,0x08,0x82,0xff,0x08,0x83,0xff,0x08,0xa3,0xff,
    0x08,0xa3,0xff,0x08,0xa3,0xff,0x08,0xa3,0xff,0x08,0xc3,0xff,0x08,0xc3,0xff,0x08,0xc3,0xff,0x08,0xc3,0xff,0x08,0xc3,0xff,
    0x08,0xc3,0xff,0x08,0xc3,0xff,0x08,0xc3,0xff,0x08,0xc3,0xff,0x08,0xc3,0xff,0x08,0xc3,0xff,0x08,0xc3,0xff,0x08,0xc3,0xff,
    0x08,0xc3,0xff,0x08,0xc3,0xff,0x08,0xc3,0xff,0x08,0xc3,0xff,0x08,0xc3,0xff,0x08,0xc3,0xff,0x08,0xc3,0xff,0x08,0xc3,0xff,
    0x08,0xc3,0xff,0x08,0xc3,0xff,0x08,0xc3,0xff,0x08,0xc3,0xff,0x08,0xc3,0xff,0x08,0xc3,0xff,0x08,0xc3,0xff,0x08,0xc3,0xff,
    0x08,0xc3,0xff,0x08,0xc3,0xff,0x08,0xc3,0xff,0x08,0xc3,0xff,0x08,0xc3,0xff,0x08,0xc3,0xff,0x08,0xc3,0xff,0x08,0xc3,0xff,
    0x08,0xc3,0xff,0x08,0xc3,0xff,0x08,0xc3,0xff,0x08,0xc3,0xff,0x08,0xc3,0xff,0x08,0xc3,0xff,0x08,0xc3,0xff,0x08,0xc3,0xff,
    0x08,0xc3,0xff,0x08,0xc3,0xff,0x08,0xc3,0xff,0x08,0xc3,0xff,0x08,0xc3,0xff,0x08,0xc3,0xff,0x08,0xc3,0xff,0x08,0xc3,0xff,
    0x08,0xc3,0xff,0x08,0xc3,0xff,0x08,0xc3,0xff,0x08,0xc3,0xff,0x08,0xc3,0xff,0x08,0xc3,0xff,0x08,0xc3,0xff,0x08,0xc3,0xff,
    0x08,0xc3,0xff,0x08,0xc3,0xff,0x08,0xc3,0xff,0x08,0xc3,0xff,0x08,0xc3,0xff,0x08,0xc3,0xff,0x08,0xc3,0xff,0x08,0xc3,0xff,
    0x08,0xc3,0xff,0x08,0xc3,0xff,0x08,0xc3,0xff,0x08,0xc3,0xff,0x08,0xc3,0xff,0x08,0xc3,0xff,0x08,0xc3,0xff,0x08,0xc3,0xff,
    0x08,0xc3,0xff,0x08,0xc3,0xff,0x08,0xc3,0xff,0x08,0xc3,0xff,0x08,0xc3,0xff,0x08,0xc3,0xff,0x08,0xa3,0xff,0x08,0xa3,0xff,
    0x08,0xa3,0xff,0x08,0xa3,0xff,0x08,0x83,0xff,0x08,0x82,0xff,0x08,0x82,0xff,0x08,0x82,0xff,0x08,0x83,0xff,0x08,0x83,0xff,
    0x08,0x83,0xff,0x08,0x83,0xff,0x08,0x83,0xff,0x08,0x83,0xff,0x08,0x83,0xff,0x08,0x83,0xff,0x08,0x83,0xff,0x08,0x83,0xff,
    0x08,0x83,0xff,0x01,0xe4,0xc8,0x00,0x00,0x00,0x00,0x00,0x00,0x00,0x00,0x00,0x00,0x00,0x00,0x00,0x00,0x00,0x00,0x00,0x00,
    0x00,0x00,0x00,0x00,0x00,0x00,0x00,0x00,0x00,0x00,0x00,0x00,0x00,0x00,0x00,0x01,0xe4,0xc8,0x08,0x83,0xff,0x08,0x83,0xff,
    0x08,0x83,0xff,0x08,0x83,0xff,0x08,0x83,0xff,0x08,0x83,0xff,0x08,0x83,0xff,0x08,0x83,0xff,0x08,0x83,0xff,0x08,0x83,0xff,
    0x08,0x83,0xff,0x08,0x83,0xff,0x08,0x83,0xff,0x08,0x83,0xff,0x08,0x82,0xff,0x08,0x82,0xff,0x08,0x82,0xff,0x08,0x82,0xff,
    0x08,0x83,0xff,0x08,0x83,0xff,0x08,0xa3,0xff,0x08,0xa3,0xff,0x08,0xa3,0xff,0x08,0xa3,0xff,0x08,0xa3,0xff,0x08,0xa3,0xff,
    0x08,0xa3,0xff,0x08,0xa3,0xff,0x08,0xa3,0xff,0x08,0xa3,0xff,0x08,0xa3,0xff,0x08,0xa3,0xff,0x08,0xa3,0xff,0x08,0xa3,0xff,
    0x08,0xa3,0xff,0x08,0xa3,0xff,0x08,0xa3,0xff,0x08,0xa3,0xff,0x08,0xa3,0xff,0x08,0xa3,0xff,0x08,0xa3,0xff,0x08,0xa3,0xff,
    0x08,0xa3,0xff,0x08,0xa3,0xff,0x08,0xa3,0xff,0x08,0xa3,0xff,0x08,0xa3,0xff,0x08,0xa3,0xff,0x08,0xa3,0xff,0x08,0xa3,0xff,
    0x08,0xa3,0xff,0x08,0xa3,0xff,0x08,0xa3,0xff,0x08,0xa3,0xff,0x08,0xa3,0xff,0x08,0xa3,0xff,0x08,0xa3,0xff,0x08,0xa3,0xff,
    0x08,0xa3,0xff,0x08,0xa3,0xff,0x08,0xa3,0xff,0x08,0xa3,0xff,0x08,0xa3,0xff,0x08,0xa3,0xff,0x08,0xa3,0xff,0x08,0xa3,0xff,
    0x08,0xa3,0xff,0x08,0xa3,0xff,0x08,0xa3,0xff,0x08,0xa3,0xff,0x08,0xa3,0xff,0x08,0xa3,0xff,0x08,0xa3,0xff,0x08,0xa3,0xff,
    0x08,0xa3,0xff,0x08,0xa3,0xff,0x08,0xa3,0xff,0x08,0xa3,0xff,0x08,0xa3,0xff,0x08,0xa3,0xff,0x08,0xa3,0xff,0x08,0xa3,0xff,
    0x08,0xa3,0xff,0x08,0xa3,0xff,0x08,0xa3,0xff,0x08,0xa3,0xff,0x08,0xa3,0xff,0x08,0xa3,0xff,0x08,0xa3,0xff,0x08,0xa3,0xff,
    0x08,0xa3,0xff,0x08,0xa3,0xff,0x08,0xa3,0xff,0x08,0xa3,0xff,0x08,0xa3,0xff,0x08,0xa3,0xff,0x08,0xa3,0xff,0x08,0xa3,0xff,
    0x08,0xa3,0xff,0x08,0xa3,0xff,0x08,0xa3,0xff,0x08,0xa3,0xff,0x08,0xa3,0xff,0x08,0xa3,0xff,0x08,0xa3,0xff,0x08,0x83,0xff,
    0x08,0x83,0xff,0x08,0x82,0xff,0x08,0x82,0xff,0x08,0x82,0xff,0x08,0x82,0xff,0x08,0x83,0xff,0x08,0x83,0xff,0x08,0x83,0xff,
    0x08,0x83,0xff,0x08,0x83,0xff,0x08,0x83,0xff,0x08,0x83,0xff,0x08,0x83,0xff,0x08,0x83,0xff,0x08,0x83,0xff,0x08,0x83,0xff,
    0x08,0x83,0xff,0x08,0x83,0xff,0x01,0xe4,0xc8,0x00,0x00,0x00,0x00,0x00,0x00,0x00,0x00,0x00,0x00,0x00,0x00,0x00,0x00,0x00,
    0x00,0x00,0x00,0x00,0x00,0x00,0x00,0x00,0x00,0x00,0x00,0x00,0x00,0x00,0x00,0x01,0xe4,0xc8,0x08,0x83,0xff,0x08,0x83,0xff,
    0x08,0x83,0xff,0x08,0x83,0xff,0x08,0x83,0xff,0x08,0x83,0xff,0x08,0x83,0xff,0x08,0x83,0xff,0x08,0x83,0xff,0x08,0x83,0xff,
    0x08,0x83,0xff,0x08,0x83,0xff,0x08,0x83,0xff,0x08,0x83,0xff,0x08,0x83,0xff,0x08,0x82,0xff,0x08,0x82,0xff,0x08,0x82,0xff,
    0x08,0x82,0xff,0x08,0x82,0xff,0x08,0x82,0xff,0x08,0x82,0xff,0x08,0x82,0xff,0x08,0x82,0xff,0x08,0x82,0xff,0x08,0x82,0xff,
    0x08,0x82,0xff,0x08,0x82,0xff,0x08,0x82,0xff,0x08,0x82,0xff,0x08,0x82,0xff,0x08,0x82,0xff,0x08,0x82,0xff,0x08,0x82,0xff,
    0x08,0x82,0xff,0x08,0x82,0xff,0x08,0x82,0xff,0x08,0x82,0xff,0x08,0x82,0xff,0x08,0x82,0xff,0x08,0x82,0xff,0x08,0x82,0xff,
    0x08,0x82,0xff,0x08,0x82,0xff,0x08,0x82,0xff,0x08,0x82,0xff,0x08,0x82,0xff,0x08,0x82,0xff,0x08,0x82,0xff,0x08,0x82,0xff,
    0x08,0x82,0xff,0x08,0x82,0xff,0x08,0x82,0xff,0x08,0x82,0xff,0x08,0x82,0xff,0x08,0x82,0xff,0x08,0x82,0xff,0x08,0x82,0xff,
    0x08,0x82,0xff,0x08,0x82,0xff,0x08,0x82,0xff,0x08,0x82,0xff,0x08,0x82,0xff,0x08,0x82,0xff,0x08,0x82,0xff,0x08,0x82,0xff,
    0x08,0x82,0xff,0x08,0x82,0xff,0x08,0x82,0xff,0x08,0x82,0xff,0x08,0x82,0xff,0x08,0x82,0xff,0x08,0x82,0xff,0x08,0x82,0xff,
    0x08,0x82,0xff,0x08,0x82,0xff,0x08,0x82,0xff,0x08,0x82,0xff,0x08,0x82,0xff,0x08,0x82,0xff,0x08,0x82,0xff,0x08,0x82,0xff,
    0x08,0x82,0xff,0x08,0x82,0xff,0x08,0x82,0xff,0x08,0x82,0xff,0x08,0x82,0xff,0x08,0x82,0xff,0x08,0x82,0xff,0x08,0x82,0xff,
    0x08,0x82,0xff,0x08,0x82,0xff,0x08,0x82,0xff,0x08,0x82,0xff,0x08,0x82,0xff,0x08,0x82,0xff,0x08,0x82,0xff,0x08,0x82,0xff,
    0x08,0x82,0xff,0x08,0x82,0xff,0x08,0x82,0xff,0x08,0x82,0xff,0x08,0x82,0xff,0x08,0x82,0xff,0x08,0x82,0xff,0x08,0x82,0xff,
    0x08,0x82,0xff,0x08,0x82,0xff,0x08,0x82,0xff,0x08,0x82,0xff,0x08,0x83,0xff,0x08,0x83,0xff,0x08,0x83,0xff,0x08,0x83,0xff,
    0x08,0x83,0xff,0x08,0x83,0xff,0x08,0x83,0xff,0x08,0x83,0xff,0x08,0x83,0xff,0x08,0x83,0xff,0x08,0x83,0xff,0x08,0x83,0xff,
    0x08,0x83,0xff,0x08,0x83,0xff,0x01,0xe4,0xc8,0x00,0x00,0x00,0x00,0x00,0x00,0x00,0x00,0x00,0x00,0x00,0x00,0x00,0x00,0x00,
    0x00,0x00,0x00,0x00,0x00,0x00,0x00,0x00,0x00,0x00,0x00,0x00,0x01,0xe4,0xc8,0x08,0x83,0xff,0x08,0x83,0xff,0x08,0x83,0xff,
    0x08,0x83,0xff,0x08,0x83,0xff,0x08,0x83,0xff,0x08,0x83,0xff,0x08,0x83,0xff,0x08,0x83,0xff,0x08,0x83,0xff,0x08,0x83,0xff,
    0x08,0x83,0xff,0x08,0x83,0xff,0x08,0x83,0xff,0x08,0x83,0xff,0x08,0x83,0xff,0x08,0x83,0xff,0x08,0x83,0xff,0x08,0x83,0xff,
    0x08,0x82,0xff,0x08,0x82,0xff,0x08,0x82,0xff,0x08,0x82,0xff,0x08,0x82,0xff,0x08,0x82,0xff,0x08,0x82,0xff,0x08,0x82,0xff,
    0x08,0x82,0xff,0x08,0x82,0xff,0x08,0x82,0xff,0x08,0x82,0xff,0x08,0x82,0xff,0x08,0x82,0xff,0x08,0x82,0xff,0x08,0x82,0xff,
    0x08,0x82,0xff,0x08,0x82,0xff,0x08,0x82,0xff,0x08,0x82,0xff,0x08,0x82,0xff,0x08,0x82,0xff,0x08,0x82,0xff,0x08,0x82,0xff,
    0x08,0x82,0xff,0x08,0x82,0xff,0x08,0x82,0xff,0x08,0x82,0xff,0x08,0x82,0xff,0x08,0x82,0xff,0x08,0x82,0xff,0x08,0x82,0xff,
    0x08,0x82,0xff,0x08,0x82,0xff,0x08,0x82,0xff,0x08,0x82,0xff,0x08,0x82,0xff,0x08,0x82,0xff,0x08,0x82,0xff,0x08,0x82,0xff,
    0x08,0x82,0xff,0x08,0x82,0xff,0x08,0x82,0xff,0x08,0x82,0xff,0x08,0x82,0xff,0x08,0x82,0xff,0x08,0x82,0xff,0x08,0x82,0xff,
    0x08,0x82,0xff,0x08,0x82,0xff,0x08,0x82,0xff,0x08,0x82,0xff,0x08,0x82,0xff,0x08,0x82,0xff,0x08,0x82,0xff,0x08,0x82,0xff,
    0x08,0x82,0xff,0x08,0x82,0xff,0x08,0x82,0xff,0x08,0x82,0xff,0x08,0x82,0xff,0x08,0x82,0xff,0x08,0x82,0xff,0x08,0x82,0xff,
    0x08,0x82,0xff,0x08,0x82,0xff,0x08,0x82,0xff,0x08,0x82,0xff,0x08,0x82,0xff,0x08,0x82,0xff,0x08,0x82,0xff,0x08,0x82,0xff,
    0x08,0x82,0xff,0x08,0x82,0xff,0x08,0x82,0xff,0x08,0x82,0xff,0x08,0x82,0xff,0x08,0x82,0xff,0x08,0x82,0xff,0x08,0x82,0xff,
    0x08,0x82,0xff,0x08,0x82,0xff,0x08,0x82,0xff,0x08,0x82,0xff,0x08,0x82,0xff,0x08,0x82,0xff,0x08,0x82,0xff,0x08,0x82,0xff,
    0x08,0x82,0xff,0x08,0x83,0xff,0x08,0x83,0xff,0x08,0x83,0xff,0x08,0x83,0xff,0x08,0x83,0xff,0x08,0x83,0xff,0x08,0x83,0xff,
    0x08,0x83,0xff,0x08,0x83,0xff,0x08,0x83,0xff,0x08,0x83,0xff,0x08,0x83,0xff,0x08,0x83,0xff,0x08,0x83,0xff,0x08,0x83,0xff,
    0x08,0x83,0xff,0x08,0x83,0xff,0x08,0x83,0xff,0x01,0xe4,0xc8,0x00,0x00,0x00,0x00,0x00,0x00,0x00,0x00,0x00,0x00,0x00,0x00,
    0x00,0x00,0x00,0x00,0x00,0x00,0x00,0x00,0x00,0x01,0xe4,0xc8,0x08,0x83,0xff,0x08,0x83,0xff,0x08,0x83,0xff,0x08,0x83,0xff,
    0x08,0x83,0xff,0x08,0x83,0xff,0x08,0x83,0xff,0x08,0x83,0xff,0x08,0x83,0xff,0x08,0x83,0xff,0x08,0x83,0xff,0x08,0x83,0xff,
    0x08,0x83,0xff,0x08,0x83,0xff,0x08,0x83,0xff,0x08,0x83,0xff,0x08,0x83,0xff,0x08,0x83,0xff,0x08,0x83,0xff,0x08,0x83,0xff,
    0x08,0x83,0xff,0x08,0x83,0xff,0x08,0x83,0xff,0x08,0x83,0xff,0x08,0x83,0xff,0x08,0x83,0xff,0x08,0x83,0xff,0x08,0x83,0xff,
    0x08,0x83,0xff,0x08,0x83,0xff,0x08,0x83,0xff,0x08,0x83,0xff,0x08,0x83,0xff,0x08,0x83,0xff,0x08,0x83,0xff,0x08,0x83,0xff,
    0x08,0x83,0xff,0x08,0x83,0xff,0x08,0x83,0xff,0x08,0x83,0xff,0x08,0x83,0xff,0x08,0x83,0xff,0x08,0x83,0xff,0x08,0x83,0xff,
    0x08,0x83,0xff,0x08,0x83,0xff,0x08,0x83,0xff,0x08,0x83,0xff,0x08,0x83,0xff,0x08,0x83,0xff,0x08,0x83,0xff,0x08,0x83,0xff,
    0x08,0x83,0xff,0x08,0x83,0xff,0x08,0x83,0xff,0x08,0x83,0xff,0x08,0x83,0xff,0x08,0x83,0xff,0x08,0x83,0xff,0x08,0x83,0xff,
    0x08,0x83,0xff,0x08,0x83,0xff,0x08,0x83,0xff,0x08,0x83,0xff,0x08,0x83,0xff,0x08,0x83,0xff,0x08,0x83,0xff,0x08,0x83,0xff,
    0x08,0x83,0xff,0x08,0x83,0xff,0x08,0x83,0xff,0x08,0x83,0xff,0x08,0x83,0xff,0x08,0x83,0xff,0x08,0x83,0xff,0x08,0x83,0xff,
    0x08,0x83,0xff,0x08,0x83,0xff,0x08,0x83,0xff,0x08,0x83,0xff,0x08,0x83,0xff,0x08,0x83,0xff,0x08,0x83,0xff,0x08,0x83,0xff,
    0x08,0x83,0xff,0x08,0x83,0xff,0x08,0x83,0xff,0x08,0x83,0xff,0x08,0x83,0xff,0x08,0x83,0xff,0x08,0x83,0xff,0x08,0x83,0xff,
    0x08,0x83,0xff,0x08,0x83,0xff,0x08,0x83,0xff,0x08,0x83,0xff,0x08,0x83,0xff,0x08,0x83,0xff,0x08,0x83,0xff,0x08,0x83,0xff,
    0x08,0x83,0xff,0x08,0x83,0xff,0x08,0x83,0xff,0x08,0x83,0xff,0x08,0x83,0xff,0x08,0x83,0xff,0x08,0x83,0xff,0x08,0x83,0xff,
    0x08,0x83,0xff,0x08,0x83,0xff,0x08,0x83,0xff,0x08,0x83,0xff,0x08,0x83,0xff,0x08,0x83,0xff,0x08,0x83,0xff,0x08,0x83,0xff,
    0x08,0x83,0xff,0x08,0x83,0xff,0x08,0x83,0xff,0x08,0x83,0xff,0x08,0x83,0xff,0x08,0x83,0xff,0x08,0x83,0xff,0x08,0x83,0xff,
    0x08,0x83,0xff,0x08,0x83,0xff,0x08,0x83,0xff,0x08,0x83,0xff,0x01,0xe4,0xc8,0x00,0x00,0x00,0x00,0x00,0x00,0x00,0x00,0x00,
    0x00,0x00,0x00,0x00,0x00,0x00,0x00,0x00,0x00,0x01,0xe4,0xc8,0x08,0x83,0xff,0x08,0x83,0xff,0x08,0x83,0xff,0x08,0x83,0xff,
    0x08,0x83,0xff,0x08,0x83,0xff,0x08,0x83,0xff,0x08,0x83,0xff,0x08,0x83,0xff,0x08,0x83,0xff,0x08,0x83,0xff,0x08,0x83,0xff,
    0x08,0x83,0xff,0x08,0x83,0xff,0x08,0x83,0xff,0x08,0x83,0xff,0x08,0x83,0xff,0x08,0x83,0xff,0x08,0x83,0xff,0x08,0x83,0xff,
    0x08,0x83,0xff,0x08,0x83,0xff,0x08,0x83,0xff,0x08,0x83,0xff,0x08,0x83,0xff,0x08,0x83,0xff,0x08,0x83,0xff,0x08,0x83,0xff,
    0x08,0x83,0xff,0x08,0x83,0xff,0x08,0x83,0xff,0x08,0x83,0xff,0x08,0x83,0xff,0x08,0x83,0xff,0x08,0x83,0xff,0x08,0x83,0xff,
    0x08,0x83,0xff,0x08,0x83,0xff,0x08,0x83,0xff,0x08,0x83,0xff,0x08,0x83,0xff,0x08,0x83,0xff,0x08,0x83,0xff,0x08,0x83,0xff,
    0x08,0x83,0xff,0x08,0x83,0xff,0x08,0x83,0xff,0x08,0x83,0xff,0x08,0x83,0xff,0x08,0x83,0xff,0x08,0x83,0xff,0x08,0x83,0xff,
    0x08,0x83,0xff,0x08,0x83,0xff,0x08,0x83,0xff,0x08,0x83,0xff,0x08,0x83,0xff,0x08,0x83,0xff,0x08,0x83,0xff,0x08,0x83,0xff,
    0x08,0x83,0xff,0x08,0x83,0xff,0x08,0x83,0xff,0x08,0x83,0xff,0x08,0x83,0xff,0x08,0x83,0xff,0x08,0x83,0xff,0x08,0x83,0xff,
    0x08,0x83,0xff,0x08,0x83,0xff,0x08,0x83,0xff,0x08,0x83,0xff,0x08,0x83,0xff,0x08,0x83,0xff,0x08,0x83,0xff,0x08,0x83,0xff,
    0x08,0x83,0xff,0x08,0x83,0xff,0x08,0x83,0xff,0x08,0x83,0xff,0x08,0x83,0xff,0x08,0x83,0xff,0x08,0x83,0xff,0x08,0x83,0xff,
    0x08,0x83,0xff,0x08,0x83,0xff,0x08,0x83,0xff,0x08,0x83,0xff,0x08,0x83,0xff,0x08,0x83,0xff,0x08,0x83,0xff,0x08,0x83,0xff,
    0x08,0x83,0xff,0x08,0x83,0xff,0x08,0x83,0xff,0x08,0x83,0xff,0x08,0x83,0xff,0x08,0x83,0xff,0x08,0x83,0xff,0x08,0x83,0xff,
    0x08,0x83,0xff,0x08,0x83,0xff,0x08,0x83,0xff,0x08,0x83,0xff,0x08,0x83,0xff,0x08,0x83,0xff,0x08,0x83,0xff,0x08,0x83,0xff,
    0x08,0x83,0xff,0x08,0x83,0xff,0x08,0x83,0xff,0x08,0x83,0xff,0x08,0x83,0xff,0x08,0x83,0xff,0x08,0x83,0xff,0x08,0x83,0xff,
    0x08,0x83,0xff,0x08,0x83,0xff,0x08,0x83,0xff,0x08,0x83,0xff,0x08,0x83,0xff,0x08,0x83,0xff,0x08,0x83,0xff,0x08,0x83,0xff,
    0x08,0x83,0xff,0x08,0x83,0xff,0x08,0x83,0xff,0x08,0x83,0xff,0x01,0xe4,0xc8,0x00,0x00,0x00,0x00,0x00,0x00,0x00,0x00,0x00,
    0x00,0x00,0x00,0x00,0x00,0x00,0x00,0x00,0x00,0x01,0xe4,0xc8,0x08,0x83,0xff,0x08,0x83,0xff,0x08,0x83,0xff,0x08,0x83,0xff,
    0x08,0x83,0xff,0x08,0x83,0xff,0x08,0x83,0xff,0x08,0x83,0xff,0x08,0x83,0xff,0x08,0x83,0xff,0x08,0x83,0xff,0x08,0x83,0xff,
    0x08,0x83,0xff,0x08,0x83,0xff,0x08,0x83,0xff,0x08,0x83,0xff,0x08,0x83,0xff,0x08,0x83,0xff,0x08,0x83,0xff,0x08,0x83,0xff,
    0x08,0x83,0xff,0x08,0x83,0xff,0x08,0x83,0xff,0x08,0x83,0xff,0x08,0x83,0xff,0x08,0x83,0xff,0x08,0x83,0xff,0x08,0x83,0xff,
    0x08,0x83,0xff,0x08,0x83,0xff,0x08,0x83,0xff,0x08,0x83,0xff,0x08,0x83,0xff,0x08,0x83,0xff,0x08,0x83,0xff,0x08,0x83,0xff,
    0x08,0x83,0xff,0x08,0x83,0xff,0x08,0x83,0xff,0x08,0x83,0xff,0x08,0x83,0xff,0x08,0x83,0xff,0x08,0x83,0xff,0x08,0x83,0xff,
    0x08,0x83,0xff,0x08,0x83,0xff,0x08,0x83,0xff,0x08,0x83,0xff,0x08,0x83,0xff,0x08,0x83,0xff,0x08,0x83,0xff,0x08,0x83,0xff,
    0x08,0x83,0xff,0x08,0x83,0xff,0x08,0x83,0xff,0x08,0x83,0xff,0x08,0x83,0xff,0x08,0x83,0xff,0x08,0x83,0xff,0x08,0x83,0xff,
    0x08,0x83,0xff,0x08,0x83,0xff,0x08,0x83,0xff,0x08,0x83,0xff,0x08,0x83,0xff,0x08,0x83,0xff,0x08,0x83,0xff,0x08,0x83,0xff,
    0x08,0x83,0xff,0x08,0x83,0xff,0x08,0x83,0xff,0x08,0x83,0xff,0x08,0x83,0xff,0x08,0x83,0xff,0x08,0x83,0xff,0x08,0x83,0xff,
    0x08,0x83,0xff,0x08,0x83,0xff,0x08,0x83,0xff,0x08,0x83,0xff,0x08,0x83,0xff,0x08,0x83,0xff,0x08,0x83,0xff,0x08,0x83,0xff,
    0x08,0x83,0xff,0x08,0x83,0xff,0x08,0x83,0xff,0x08,0x83,0xff,0x08,0x83,0xff,0x08,0x83,0xff,0x08,0x83,0xff,0x08,0x83,0xff,
    0x08,0x83,0xff,0x08,0x83,0xff,0x08,0x83,0xff,0x08,0x83,0xff,0x08,0x83,0xff,0x08,0x83,0xff,0x08,0x83,0xff,0x08,0x83,0xff,
    0x08,0x83,0xff,0x08,0x83,0xff,0x08,0x83,0xff,0x08,0x83,0xff,0x08,0x83,0xff,0x08,0x83,0xff,0x08,0x83,0xff,0x08,0x83,0xff,
    0x08,0x83,0xff,0x08,0x83,0xff,0x08,0x83,0xff,0x08,0x83,0xff,0x08,0x83,0xff,0x08,0x83,0xff,0x08,0x83,0xff,0x08,0x83,0xff,
    0x08,0x83,0xff,0x08,0x83,0xff,0x08,0x83,0xff,0x08,0x83,0xff,0x08,0x83,0xff,0x08,0x83,0xff,0x08,0x83,0xff,0x08,0x83,0xff,
    0x08,0x83,0xff,0x08,0x83,0xff,0x08,0x83,0xff,0x08,0x83,0xff,0x01,0xe4,0xc8,0x00,0x00,0x00,0x00,0x00,0x00,0x00,0x00,0x00,
    0x00,0x00,0x00,0x00,0x00,0x00,0x01,0xe4,0xc8,0x08,0x83,0xff,0x08,0x83,0xff,0x08,0x83,0xff,0x08,0x83,0xff,0x08,0x83,0xff,
    0x08,0x83,0xff,0x08,0x83,0xff,0x08,0x83,0xff,0x08,0x83,0xff,0x08,0x83,0xff,0x08,0x83,0xff,0x08,0x83,0xff,0x08,0x83,0xff,
    0x08,0x83,0xff,0x08,0x83,0xff,0x08,0x83,0xff,0x08,0x83,0xff,0x08,0x83,0xff,0x08,0x83,0xff,0x08,0x83,0xff,0x08,0x83,0xff,
    0x08,0x83,0xff,0x08,0x83,0xff,0x08,0x83,0xff,0x08,0x83,0xff,0x08,0x83,0xff,0x08,0x83,0xff,0x08,0x83,0xff,0x08,0x83,0xff,
    0x08,0x83,0xff,0x08,0x83,0xff,0x08,0x83,0xff,0x08,0x83,0xff,0x08,0x83,0xff,0x08,0x83,0xff,0x08,0x83,0xff,0x08,0x83,0xff,
    0x08,0x83,0xff,0x08,0x83,0xff,0x08,0x83,0xff,0x08,0x83,0xff,0x08,0x83,0xff,0x08,0x83,0xff,0x08,0x83,0xff,0x08,0x83,0xff,
    0x08,0x83,0xff,0x08,0x83,0xff,0x08,0x83,0xff,0x08,0x83,0xff,0x08,0x83,0xff,0x08,0x83,0xff,0x08,0x83,0xff,0x08,0x83,0xff,
    0x08,0x83,0xff,0x08,0x83,0xff,0x08,0x83,0xff,0x08,0x83,0xff,0x08,0x83,0xff,0x08,0x83,0xff,0x08,0x83,0xff,0x08,0x83,0xff,
    0x08,0x83,0xff,0x08,0x83,0xff,0x08,0x83,0xff,0x08,0x83,0xff,0x08,0x83,0xff,0x08,0x83,0xff,0x08,0x83,0xff,0x08,0x83,0xff,
    0x08,0x83,0xff,0x08,0x83,0xff,0x08,0x83,0xff,0x08,0x83,0xff,0x08,0x83,0xff,0x08,0x83,0xff,0x08,0x83,0xff,0x08,0x83,0xff,
    0x08,0x83,0xff,0x08,0x83,0xff,0x08,0x83,0xff,0x08,0x83,0xff,0x08,0x83,0xff,0x08,0x83,0xff,0x08,0x83,0xff,0x08,0x83,0xff,
    0x08,0x83,0xff,0x08,0x83,0xff,0x08,0x83,0xff,0x08,0x83,0xff,0x08,0x83,0xff,0x08,0x83,0xff,0x08,0x83,0xff,0x08,0x83,0xff,
    0x08,0x83,0xff,0x08,0x83,0xff,0x08,0x83,0xff,0x08,0x83,0xff,0x08,0x83,0xff,0x08,0x83,0xff,0x08,0x83,0xff,0x08,0x83,0xff,
    0x08,0x83,0xff,0x08,0x83,0xff,0x08,0x83,0xff,0x08,0x83,0xff,0x08,0x83,0xff,0x08,0x83,0xff,0x08,0x83,0xff,0x08,0x83,0xff,
    0x08,0x83,0xff,0x08,0x83,0xff,0x08,0x83,0xff,0x08,0x83,0xff,0x08,0x83,0xff,0x08,0x83,0xff,0x08,0x83,0xff,0x08,0x83,0xff,
    0x08,0x83,0xff,0x08,0x83,0xff,0x08,0x83,0xff,0x08,0x83,0xff,0x08,0x83,0xff,0x08,0x83,0xff,0x08,0x83,0xff,0x08,0x83,0xff,
    0x08,0x83,0xff,0x08,0x83,0xff,0x08,0x83,0xff,0x08,0x83,0xff,0x08,0x83,0xff,0x01,0xe4,0xc8,0x00,0x00,0x00,0x00,0x00,0x00,
    0x00,0x00,0x00,0x00,0x00,0x00,0x01,0xe4,0xc8,0x08,0x83,0xff,0x08,0x83,0xff,0x08,0x83,0xff,0x08,0x83,0xff,0x08,0x83,0xff,
    0x08,0x83,0xff,0x08,0x83,0xff,0x08,0x83,0xff,0x08,0x83,0xff,0x08,0x83,0xff,0x08,0x83,0xff,0x08,0x83,0xff,0x08,0x83,0xff,
    0x08,0x83,0xff,0x08,0x83,0xff,0x08,0x83,0xff,0x08,0x83,0xff,0x08,0x83,0xff,0x08,0x83,0xff,0x08,0x83,0xff,0x08,0x83,0xff,
    0x08,0x83,0xff,0x08,0x83,0xff,0x08,0x83,0xff,0x08,0x83,0xff,0x08,0x83,0xff,0x08,0x83,0xff,0x08,0x83,0xff,0x08,0x83,0xff,
    0x08,0x83,0xff,0x08,0x83,0xff,0x08,0x83,0xff,0x08,0x83,0xff,0x08,0x83,0xff,0x08,0x83,0xff,0x08,0x83,0xff,0x08,0x83,0xff,
    0x08,0x83,0xff,0x08,0x83,0xff,0x08,0x83,0xff,0x08,0x83,0xff,0x08,0x83,0xff,0x08,0x83,0xff,0x08,0x83,0xff,0x08,0x83,0xff,
    0x08,0x83,0xff,0x08,0x83,0xff,0x08,0x83,0xff,0x08,0x83,0xff,0x08,0x83,0xff,0x08,0x83,0xff,0x08,0x83,0xff,0x08,0x83,0xff,
    0x08,0x83,0xff,0x08,0x83,0xff,0x08,0x83,0xff,0x08,0x83,0xff,0x08,0x83,0xff,0x08,0x83,0xff,0x08,0x83,0xff,0x08,0x83,0xff,
    0x08,0x83,0xff,0x08,0x83,0xff,0x08,0x83,0xff,0x08,0x83,0xff,0x08,0x83,0xff,0x08,0x83,0xff,0x08,0x83,0xff,0x08,0x83,0xff,
    0x08,0x83,0xff,0x08,0x83,0xff,0x08,0x83,0xff,0x08,0x83,0xff,0x08,0x83,0xff,0x08,0x83,0xff,0x08,0x83,0xff,0x08,0x83,0xff,
    0x08,0x83,0xff,0x08,0x83,0xff,0x08,0x83,0xff,0x08,0x83,0xff,0x08,0x83,0xff,0x08,0x83,0xff,0x08,0x83,0xff,0x08,0x83,0xff,
    0x08,0x83,0xff,0x08,0x83,0xff,0x08,0x83,0xff,0x08,0x83,0xff,0x08,0x83,0xff,0x08,0x83,0xff,0x08,0x83,0xff,0x08,0x83,0xff,
    0x08,0x83,0xff,0x08,0x83,0xff,0x08,0x83,0xff,0x08,0x83,0xff,0x08,0x83,0xff,0x08,0x83,0xff,0x08,0x83,0xff,0x08,0x83,0xff,
    0x08,0x83,0xff,0x08,0x83,0xff,0x08,0x83,0xff,0x08,0x83,0xff,0x08,0x83,0xff,0x08,0x83,0xff,0x08,0x83,0xff,0x08,0x83,0xff,
    0x08,0x83,0xff,0x08,0x83,0xff,0x08,0x83,0xff,0x08,0x83,0xff,0x08,0x83,0xff,0x08,0x83,0xff,0x08,0x83,0xff,0x08,0x83,0xff,
    0x08,0x83,0xff,0x08,0x83,0xff,0x08,0x83,0xff,0x08,0x83,0xff,0x08,0x83,0xff,0x08,0x83,0xff,0x08,0x83,0xff,0x08,0x83,0xff,
    0x08,0x83,0xff,0x08,0x83,0xff,0x08,0x83,0xff,0x08,0x83,0xff,0x08,0x83,0xff,0x01,0xe4,0xc8,0x00,0x00,0x00,0x00,0x00,0x00,
    0x00,0x00,0x00,0x00,0x00,0x00,0x01,0xe4,0xc8,0x08,0x83,0xff,0x08,0x83,0xff,0x08,0x83,0xff,0x08,0x83,0xff,0x08,0x83,0xff,
    0x08,0x83,0xff,0x08,0x83,0xff,0x08,0x83,0xff,0x08,0x83,0xff,0x08,0x83,0xff,0x08,0x83,0xff,0x08,0x83,0xff,0x08,0x83,0xff,
    0x08,0x83,0xff,0x08,0x83,0xff,0x08,0x83,0xff,0x08,0x83,0xff,0x08,0x83,0xff,0x08,0x83,0xff,0x08,0x83,0xff,0x08,0x83,0xff,
    0x08,0x83,0xff,0x08,0x83,0xff,0x08,0x83,0xff,0x08,0x83,0xff,0x08,0x83,0xff,0x08,0x83,0xff,0x08,0x83,0xff,0x08,0x83,0xff,
    0x08,0x83,0xff,0x08,0x83,0xff,0x08,0x83,0xff,0x08,0x83,0xff,0x08,0x83,0xff,0x08,0x83,0xff,0x08,0x83,0xff,0x08,0x83,0xff,
    0x08,0x83,0xff,0x08,0x83,0xff,0x08,0x83,0xff,0x08,0x83,0xff,0x08,0x83,0xff,0x08,0x83,0xff,0x08,0x83,0xff,0x08,0x83,0xff,
    0x08,0x83,0xff,0x08,0x83,0xff,0x08,0x83,0xff,0x08,0x83,0xff,0x08,0x83,0xff,0x08,0x83,0xff,0x08,0x83,0xff,0x08,0x83,0xff,
    0x08,0x83,0xff,0x08,0x83,0xff,0x08,0x83,0xff,0x08,0x83,0xff,0x08,0x83,0xff,0x08,0x83,0xff,0x08,0x83,0xff,0x08,0x83,0xff,
    0x08,0x83,0xff,0x08,0x83,0xff,0x08,0x83,0xff,0x08,0x83,0xff,0x08,0x83,0xff,0x08,0x83,0xff,0x08,0x83,0xff,0x08,0x83,0xff,
    0x08,0x83,0xff,0x08,0x83,0xff,0x08,0x83,0xff,0x08,0x83,0xff,0x08,0x83,0xff,0x08,0x83,0xff,0x08,0x83,0xff,0x08,0x83,0xff,
    0x08,0x83,0xff,0x08,0x83,0xff,0x08,0x83,0xff,0x08,0x83,0xff,0x08,0x83,0xff,0x08,0x83,0xff,0x08,0x83,0xff,0x08,0x83,0xff,
    0x08,0x83,0xff,0x08,0x83,0xff,0x08,0x83,0xff,0x08,0x83,0xff,0x08,0x83,0xff,0x08,0x83,0xff,0x08,0x83,0xff,0x08,0x83,0xff,
    0x08,0x83,0xff,0x08,0x83,0xff,0x08,0x83,0xff,0x08,0x83,0xff,0x08,0x83,0xff,0x08,0x83,0xff,0x08,0x83,0xff,0x08,0x83,0xff,
    0x08,0x83,0xff,0x08,0x83,0xff,0x08,0x83,0xff,0x08,0x83,0xff,0x08,0x83,0xff,0x08,0x83,0xff,0x08,0x83,0xff,0x08,0x83,0xff,
    0x08,0x83,0xff,0x08,0x83,0xff,0x08,0x83,0xff,0x08,0x83,0xff,0x08,0x83,0xff,0x08,0x83,0xff,0x08,0x83,0xff,0x08,0x83,0xff,
    0x08,0x83,0xff,0x08,0x83,0xff,0x08,0x83,0xff,0x08,0x83,0xff,0x08,0x83,0xff,0x08,0x83,0xff,0x08,0x83,0xff,0x08,0x83,0xff,
    0x08,0x83,0xff,0x08,0x83,0xff,0x08,0x83,0xff,0x08,0x83,0xff,0x08,0x83,0xff,0x01,0xe4,0xc8,0x00,0x00,0x00,0x00,0x00,0x00,
    0x00,0x00,0x00,0x00,0x00,0x00,0x01,0xe4,0xc8,0x08,0x83,0xff,0x08,0x83,0xff,0x08,0x83,0xff,0x08,0x83,0xff,0x08,0x83,0xff,
    0x08,0x83,0xff,0x08,0x83,0xff,0x08,0x83,0xff,0x08,0x83,0xff,0x08,0x83,0xff,0x08,0x83,0xff,0x08,0x83,0xff,0x08,0x83,0xff,
    0x08,0x83,0xff,0x08,0x83,0xff,0x08,0x83,0xff,0x08,0x83,0xff,0x08,0x83,0xff,0x08,0x83,0xff,0x08,0x83,0xff,0x08,0x83,0xff,
    0x08,0x83,0xff,0x08,0x83,0xff,0x08,0x83,0xff,0x08,0x83,0xff,0x08,0x83,0xff,0x08,0x83,0xff,0x08,0x83,0xff,0x08,0x83,0xff,
    0x08,0x83,0xff,0x08,0x83,0xff,0x08,0x83,0xff,0x08,0x83,0xff,0x08,0x83,0xff,0x08,0x83,0xff,0x08,0x83,0xff,0x08,0x83,0xff,
    0x08,0x83,0xff,0x08,0x83,0xff,0x08,0x83,0xff,0x08,0x83,0xff,0x08,0x83,0xff,0x08,0x83,0xff,0x08,0x83,0xff,0x08,0x83,0xff,
    0x08,0x83,0xff,0x08,0x83,0xff,0x08,0x83,0xff,0x08,0x83,0xff,0x08,0x83,0xff,0x08,0x83,0xff,0x08,0x83,0xff,0x08,0x83,0xff,
    0x08,0x83,0xff,0x08,0x83,0xff,0x08,0x83,0xff,0x08,0x83,0xff,0x08,0x83,0xff,0x08,0x83,0xff,0x08,0x83,0xff,0x08,0x83,0xff,
    0x08,0x83,0xff,0x08,0x83,0xff,0x08,0x83,0xff,0x08,0x83,0xff,0x08,0x83,0xff,0x08,0x83,0xff,0x08,0x83,0xff,0x08,0x83,0xff,
    0x08,0x83,0xff,0x08,0x83,0xff,0x08,0x83,0xff,0x08,0x83,0xff,0x08,0x83,0xff,0x08,0x83,0xff,0x08,0x83,0xff,0x08,0x83,0xff,
    0x08,0x83,0xff,0x08,0x83,0xff,0x08,0x83,0xff,0x08,0x83,0xff,0x08,0x83,0xff,0x08,0x83,0xff,0x08,0x83,0xff,0x08,0x83,0xff,
    0x08,0x83,0xff,0x08,0x83,0xff,0x08,0x83,0xff,0x08,0x83,0xff,0x08,0x83,0xff,0x08,0x83,0xff,0x08,0x83,0xff,0x08,0x83,0xff,
    0x08,0x83,0xff,0x08,0x83,0xff,0x08,0x83,0xff,0x08,0x83,0xff,0x08,0x83,0xff,0x08,0x83,0xff,0x08,0x83,0xff,0x08,0x83,0xff,
    0x08,0x83,0xff,0x08,0x83,0xff,0x08,0x83,0xff,0x08,0x83,0xff,0x08,0x83,0xff,0x08,0x83,0xff,0x08,0x83,0xff,0x08,0x83,0xff,
    0x08,0x83,0xff,0x08,0x83,0xff,0x08,0x83,0xff,0x08,0x83,0xff,0x08,0x83,0xff,0x08,0x83,0xff,0x08,0x83,0xff,0x08,0x83,0xff,
    0x08,0x83,0xff,0x08,0x83,0xff,0x08,0x83,0xff,0x08,0x83,0xff,0x08,0x83,0xff,0x08,0x83,0xff,0x08,0x83,0xff,0x08,0x83,0xff,
    0x08,0x83,0xff,0x08,0x83,0xff,0x08,0x83,0xff,0x08,0x83,0xff,0x08,0x83,0xff,0x01,0xe4,0xc8,0x00,0x00,0x00,0x00,0x00,0x00,
    0x00,0x00,0x00,0x00,0x00,0x00,0x01,0xe4,0xc8,0x08,0x83,0xff,0x08,0x83,0xff,0x08,0x83,0xff,0x08,0x83,0xff,0x08,0x83,0xff,
    0x08,0x83,0xff,0x08,0x83,0xff,0x08,0x83,0xff,0x08,0x83,0xff,0x08,0x83,0xff,0x08,0x83,0xff,0x08,0x83,0xff,0x08,0x83,0xff,
    0x08,0x83,0xff,0x08,0x83,0xff,0x08,0x83,0xff,0x08,0x83,0xff,0x08,0x83,0xff,0x08,0x83,0xff,0x08,0x83,0xff,0x08,0x83,0xff,
    0x08,0x83,0xff,0x08,0x83,0xff,0x08,0x83,0xff,0x08,0x83,0xff,0x08,0x83,0xff,0x08,0x83,0xff,0x08,0x83,0xff,0x08,0x83,0xff,
    0x08,0x83,0xff,0x08,0x83,0xff,0x08,0x83,0xff,0x08,0x83,0xff,0x08,0x83,0xff,0x08,0x83,0xff,0x08,0x83,0xff,0x08,0x83,0xff,
    0x08,0x83,0xff,0x08,0x83,0xff,0x08,0x83,0xff,0x08,0x83,0xff,0x08,0x83,0xff,0x08,0x83,0xff,0x08,0x83,0xff,0x08,0x83,0xff,
    0x08,0x83,0xff,0x08,0x83,0xff,0x08,0x83,0xff,0x08,0x83,0xff,0x08,0x83,0xff,0x08,0x83,0xff,0x08,0x83,0xff,0x08,0x83,0xff,
    0x08,0x83,0xff,0x08,0x83,0xff,0x08,0x83,0xff,0x08,0x83,0xff,0x08,0x83,0xff,0x08,0x83,0xff,0x08,0x83,0xff,0x08,0x83,0xff,
    0x08,0x83,0xff,0x08,0x83,0xff,0x08,0x83,0xff,0x08,0x83,0xff,0x08,0x83,0xff,0x08,0x83,0xff,0x08,0x83,0xff,0x08,0x83,0xff,
    0x08,0x83,0xff,0x08,0x83,0xff,0x08,0x83,0xff,0x08,0x83,0xff,0x08,0x83,0xff,0x08,0x83,0xff,0x08,0x83,0xff,0x08,0x83,0xff,
    0x08,0x83,0xff,0x08,0x83,0xff,0x08,0x83,0xff,0x08,0x83,0xff,0x08,0x83,0xff,0x08,0x83,0xff,0x08,0x83,0xff,0x08,0x83,0xff,
    0x08,0x83,0xff,0x08,0x83,0xff,0x08,0x83,0xff,0x08,0x83,0xff,0x08,0x83,0xff,0x08,0x83,0xff,0x08,0x83,0xff,0x08,0x83,0xff,
    0x08,0x83,0xff,0x08,0x83,0xff,0x08,0x83,0xff,0x08,0x83,0xff,0x08,0x83,0xff,0x08,0x83,0xff,0x08,0x83,0xff,0x08,0x83,0xff,
    0x08,0x83,0xff,0x08,0x83,0xff,0x08,0x83,0xff,0x08,0x83,0xff,0x08,0x83,0xff,0x08,0x83,0xff,0x08,0x83,0xff,0x08,0x83,0xff,
    0x08,0x83,0xff,0x08,0x83,0xff,0x08,0x83,0xff,0x08,0x83,0xff,0x08,0x83,0xff,0x08,0x83,0xff,0x08,0x83,0xff,0x08,0x83,0xff,
    0x08,0x83,0xff,0x08,0x83,0xff,0x08,0x83,0xff,0x08,0x83,0xff,0x08,0x83,0xff,0x08,0x83,0xff,0x08,0x83,0xff,0x08,0x83,0xff,
    0x08,0x83,0xff,0x08,0x83,0xff,0x08,0x83,0xff,0x08,0x83,0xff,0x08,0x83,0xff,0x01,0xe4,0xc8,0x00,0x00,0x00,0x00,0x00,0x00,
    0x00,0x00,0x00,0x00,0x00,0x00,0x01,0xe4,0xc8,0x08,0x83,0xff,0x08,0x83,0xff,0x08,0x83,0xff,0x08,0x83,0xff,0x08,0x83,0xff,
    0x08,0x83,0xff,0x08,0x83,0xff,0x08,0x83,0xff,0x08,0x83,0xff,0x08,0x83,0xff,0x08,0x83,0xff,0x08,0x83,0xff,0x08,0x83,0xff,
    0x08,0x83,0xff,0x08,0x83,0xff,0x08,0x83,0xff,0x08,0x83,0xff,0x08,0x83,0xff,0x08,0x83,0xff,0x08,0x83,0xff,0x08,0x83,0xff,
    0x08,0x83,0xff,0x08,0x83,0xff,0x08,0x83,0xff,0x08,0x83,0xff,0x08,0x83,0xff,0x08,0x83,0xff,0x08,0x83,0xff,0x08,0x83,0xff,
    0x08,0x83,0xff,0x08,0x83,0xff,0x08,0x83,0xff,0x08,0x83,0xff,0x08,0x83,0xff,0x08,0x83,0xff,0x08,0x83,0xff,0x08,0x83,0xff,
    0x08,0x83,0xff,0x08,0x83,0xff,0x08,0x83,0xff,0x08,0x83,0xff,0x08,0x83,0xff,0x08,0x83,0xff,0x08,0x83,0xff,0x08,0x83,0xff,
    0x08,0x83,0xff,0x08,0x83,0xff,0x08,0x83,0xff,0x08,0x83,0xff,0x08,0x83,0xff,0x08,0x83,0xff,0x08,0x83,0xff,0x08,0x83,0xff,
    0x08,0x83,0xff,0x08,0x83,0xff,0x08,0x83,0xff,0x08,0x83,0xff,0x08,0x83,0xff,0x08,0x83,0xff,0x08,0x83,0xff,0x08,0x83,0xff,
    0x08,0x83,0xff,0x08,0x83,0xff,0x08,0x83,0xff,0x08,0x83,0xff,0x08,0x83,0xff,0x08,0x83,0xff,0x08,0x83,0xff,0x08,0x83,0xff,
    0x08,0x83,0xff,0x08,0x83,0xff,0x08,0x83,0xff,0x08,0x83,0xff,0x08,0x83,0xff,0x08,0x83,0xff,0x08,0x83,0xff,0x08,0x83,0xff,
    0x08,0x83,0xff,0x08,0x83,0xff,0x08,0x83,0xff,0x08,0x83,0xff,0x08,0x83,0xff,0x08,0x83,0xff,0x08,0x83,0xff,0x08,0x83,0xff,
    0x08,0x83,0xff,0x08,0x83,0xff,0x08,0x83,0xff,0x08,0x83,0xff,0x08,0x83,0xff,0x08,0x83,0xff,0x08,0x83,0xff,0x08,0x83,0xff,
    0x08,0x83,0xff,0x08,0x83,0xff,0x08,0x83,0xff,0x08,0x83,0xff,0x08,0x83,0xff,0x08,0x83,0xff,0x08,0x83,0xff,0x08,0x83,0xff,
    0x08,0x83,0xff,0x08,0x83,0xff,0x08,0x83,0xff,0x08,0x83,0xff,0x08,0x83,0xff,0x08,0x83,0xff,0x08,0x83,0xff,0x08,0x83,0xff,
    0x08,0x83,0xff,0x08,0x83,0xff,0x08,0x83,0xff,0x08,0x83,0xff,0x08,0x83,0xff,0x08,0x83,0xff,0x08,0x83,0xff,0x08,0x83,0xff,
    0x08,0x83,0xff,0x08,0x83,0xff,0x08,0x83,0xff,0x08,0x83,0xff,0x08,0x83,0xff,0x08,0x83,0xff,0x08,0x83,0xff,0x08,0x83,0xff,
    0x08,0x83,0xff,0x08,0x83,0xff,0x08,0x83,0xff,0x08,0x83,0xff,0x08,0x83,0xff,0x01,0xe4,0xc8,0x00,0x00,0x00,0x00,0x00,0x00,
    0x00,0x00,0x00,0x00,0x00,0x00,0x01,0xe4,0xc8,0x08,0x83,0xff,0x08,0x83,0xff,0x08,0x83,0xff,0x08,0x83,0xff,0x08,0x83,0xff,
    0x08,0x83,0xff,0x08,0x83,0xff,0x08,0x83,0xff,0x08,0x83,0xff,0x08,0x83,0xff,0x08,0x83,0xff,0x08,0x83,0xff,0x08,0x83,0xff,
    0x08,0x83,0xff,0x08,0x83,0xff,0x08,0x83,0xff,0x08,0x83,0xff,0x08,0x83,0xff,0x08,0x83,0xff,0x08,0x83,0xff,0x08,0x83,0xff,
    0x08,0x83,0xff,0x08,0x83,0xff,0x08,0x83,0xff,0x08,0x83,0xff,0x08,0x83,0xff,0x08,0x83,0xff,0x08,0x83,0xff,0x08,0x83,0xff,
    0x08,0x83,0xff,0x08,0x83,0xff,0x08,0x83,0xff,0x08,0x83,0xff,0x08,0x83,0xff,0x08,0x83,0xff,0x08,0x83,0xff,0x08,0x83,0xff,
    0x08,0x83,0xff,0x08,0x83,0xff,0x08,0x83,0xff,0x08,0x83,0xff,0x08,0x83,0xff,0x08,0x83,0xff,0x08,0x83,0xff,0x08,0x83,0xff,
    0x08,0x83,0xff,0x08,0x83,0xff,0x08,0x83,0xff,0x08,0x83,0xff,0x08,0x83,0xff,0x08,0x83,0xff,0x08,0x83,0xff,0x08,0x83,0xff,
    0x08,0x83,0xff,0x08,0x83,0xff,0x08,0x83,0xff,0x08,0x83,0xff,0x08,0x83,0xff,0x08,0x83,0xff,0x08,0x83,0xff,0x08,0x83,0xff,
    0x08,0x83,0xff,0x08,0x83,0xff,0x08,0x83,0xff,0x08,0x83,0xff,0x08,0x83,0xff,0x08,0x83,0xff,0x08,0x83,0xff,0x08,0x83,0xff,
    0x08,0x83,0xff,0x08,0x83,0xff,0x08,0x83,0xff,0x08,0x83,0xff,0x08,0x83,0xff,0x08,0x83,0xff,0x08,0x83,0xff,0x08,0x83,0xff,
    0x08,0x83,0xff,0x08,0x83,0xff,0x08,0x83,0xff,0x08,0x83,0xff,0x08,0x83,0xff,0x08,0x83,0xff,0x08,0x83,0xff,0x08,0x83,0xff,
    0x08,0x83,0xff,0x08,0x83,0xff,0x08,0x83,0xff,0x08,0x83,0xff,0x08,0x83,0xff,0x08,0x83,0xff,0x08,0x83,0xff,0x08,0x83,0xff,
    0x08,0x83,0xff,0x08,0x83,0xff,0x08,0x83,0xff,0x08,0x83,0xff,0x08,0x83,0xff,0x08,0x83,0xff,0x08,0x83,0xff,0x08,0x83,0xff,
    0x08,0x83,0xff,0x08,0x83,0xff,0x08,0x83,0xff,0x08,0x83,0xff,0x08,0x83,0xff,0x08,0x83,0xff,0x08,0x83,0xff,0x08,0x83,0xff,
    0x08,0x83,0xff,0x08,0x83,0xff,0x08,0x83,0xff,0x08,0x83,0xff,0x08,0x83,0xff,0x08,0x83,0xff,0x08,0x83,0xff,0x08,0x83,0xff,
    0x08,0x83,0xff,0x08,0x83,0xff,0x08,0x83,0xff,0x08,0x83,0xff,0x08,0x83,0xff,0x08,0x83,0xff,0x08,0x83,0xff,0x08,0x83,0xff,
    0x08,0x83,0xff,0x08,0x83,0xff,0x08,0x83,0xff,0x08,0x83,0xff,0x08,0x83,0xff,0x01,0xe4,0xc8,0x00,0x00,0x00,0x00,0x00,0x00,
    0x00,0x00,0x00,0x00,0x00,0x00,0x01,0xe4,0xc8,0x08,0x83,0xff,0x08,0x83,0xff,0x08,0x83,0xff,0x08,0x83,0xff,0x08,0x83,0xff,
    0x08,0x83,0xff,0x08,0x83,0xff,0x08,0x83,0xff,0x08,0x83,0xff,0x08,0x83,0xff,0x08,0x83,0xff,0x08,0x83,0xff,0x08,0x83,0xff,
    0x08,0x83,0xff,0x08,0x83,0xff,0x08,0x83,0xff,0x08,0x83,0xff,0x08,0x83,0xff,0x08,0x83,0xff,0x08,0x83,0xff,0x08,0x83,0xff,
    0x08,0x83,0xff,0x08,0x83,0xff,0x08,0x83,0xff,0x08,0x83,0xff,0x08,0x83,0xff,0x08,0x83,0xff,0x08,0x83,0xff,0x08,0x83,0xff,
    0x08,0x83,0xff,0x08,0x83,0xff,0x08,0x83,0xff,0x08,0x83,0xff,0x08,0x83,0xff,0x08,0x83,0xff,0x08,0x83,0xff,0x08,0x83,0xff,
    0x08,0x83,0xff,0x08,0x83,0xff,0x08,0x83,0xff,0x08,0x83,0xff,0x08,0x83,0xff,0x08,0x83,0xff,0x08,0x83,0xff,0x08,0x83,0xff,
    0x08,0x83,0xff,0x08,0x83,0xff,0x08,0x83,0xff,0x08,0x83,0xff,0x08,0x83,0xff,0x08,0x83,0xff,0x08,0x83,0xff,0x08,0x83,0xff,
    0x08,0x83,0xff,0x08,0x83,0xff,0x08,0x83,0xff,0x08,0x83,0xff,0x08,0x83,0xff,0x08,0x83,0xff,0x08,0x83,0xff,0x08,0x83,0xff,
    0x08,0x83,0xff,0x08,0x83,0xff,0x08,0x83,0xff,0x08,0x83,0xff,0x08,0x83,0xff,0x08,0x83,0xff,0x08,0x83,0xff,0x08,0x83,0xff,
    0x08,0x83,0xff,0x08,0x83,0xff,0x08,0x83,0xff,0x08,0x83,0xff,0x08,0x83,0xff,0x08,0x83,0xff,0x08,0x83,0xff,0x08,0x83,0xff,
    0x08,0x83,0xff,0x08,0x83,0xff,0x08,0x83,0xff,0x08,0x83,0xff,0x08,0x83,0xff,0x08,0x83,0xff,0x08,0x83,0xff,0x08,0x83,0xff,
    0x08,0x83,0xff,0x08,0x83,0xff,0x08,0x83,0xff,0x08,0x83,0xff,0x08,0x83,0xff,0x08,0x83,0xff,0x08,0x83,0xff,0x08,0x83,0xff,
    0x08,0x83,0xff,0x08,0x83,0xff,0x08,0x83,0xff,0x08,0x83,0xff,0x08,0x83,0xff,0x08,0x83,0xff,0x08,0x83,0xff,0x08,0x83,0xff,
    0x08,0x83,0xff,0x08,0x83,0xff,0x08,0x83,0xff,0x08,0x83,0xff,0x08,0x83,0xff,0x08,0x83,0xff,0x08,0x83,0xff,0x08,0x83,0xff,
    0x08,0x83,0xff,0x08,0x83,0xff,0x08,0x83,0xff,0x08,0x83,0xff,0x08,0x83,0xff,0x08,0x83,0xff,0x08,0x83,0xff,0x08,0x83,0xff,
    0x08,0x83,0xff,0x08,0x83,0xff,0x08,0x83,0xff,0x08,0x83,0xff,0x08,0x83,0xff,0x08,0x83,0xff,0x08,0x83,0xff,0x08,0x83,0xff,
    0x08,0x83,0xff,0x08,0x83,0xff,0x08,0x83,0xff,0x08,0x83,0xff,0x08,0x83,0xff,0x01,0xe4,0xc8,0x00,0x00,0x00,0x00,0x00,0x00,
    0x00,0x00,0x00,0x00,0x00,0x00,0x01,0xe4,0xc8,0x08,0x83,0xff,0x08,0x83,0xff,0x08,0x83,0xff,0x08,0x83,0xff,0x08,0x83,0xff,
    0x08,0x83,0xff,0x08,0x83,0xff,0x08,0x83,0xff,0x08,0x83,0xff,0x08,0x83,0xff,0x08,0x83,0xff,0x08,0x83,0xff,0x08,0x83,0xff,
    0x08,0x83,0xff,0x08,0x83,0xff,0x08,0x83,0xff,0x08,0x83,0xff,0x08,0x83,0xff,0x08,0x83,0xff,0x08,0x83,0xff,0x08,0x83,0xff,
    0x08,0x83,0xff,0x08,0x83,0xff,0x08,0x83,0xff,0x08,0x83,0xff,0x08,0x83,0xff,0x08,0x83,0xff,0x08,0x83,0xff,0x08,0x83,0xff,
    0x08,0x83,0xff,0x08,0x83,0xff,0x08,0x83,0xff,0x08,0x83,0xff,0x08,0x83,0xff,0x08,0x83,0xff,0x08,0x83,0xff,0x08,0x83,0xff,
    0x08,0x83,0xff,0x08,0x83,0xff,0x08,0x83,0xff,0x08,0x83,0xff,0x08,0x83,0xff,0x08,0x83,0xff,0x08,0x83,0xff,0x08,0x83,0xff,
    0x08,0x83,0xff,0x08,0x83,0xff,0x08,0x83,0xff,0x08,0x83,0xff,0x08,0x83,0xff,0x08,0x83,0xff,0x08,0x83,0xff,0x08,0x83,0xff,
    0x08,0x83,0xff,0x08,0x83,0xff,0x08,0x83,0xff,0x08,0x83,0xff,0x08,0x83,0xff,0x08,0x83,0xff,0x08,0x83,0xff,0x08,0x83,0xff,
    0x08,0x83,0xff,0x08,0x83,0xff,0x08,0x83,0xff,0x08,0x83,0xff,0x08,0x83,0xff,0x08,0x83,0xff,0x08,0x83,0xff,0x08,0x83,0xff,
    0x08,0x83,0xff,0x08,0x83,0xff,0x08,0x83,0xff,0x08,0x83,0xff,0x08,0x83,0xff,0x08,0x83,0xff,0x08,0x83,0xff,0x08,0x83,0xff,
    0x08,0x83,0xff,0x08,0x83,0xff,0x08,0x83,0xff,0x08,0x83,0xff,0x08,0x83,0xff,0x08,0x83,0xff,0x08,0x83,0xff,0x08,0x83,0xff,
    0x08,0x83,0xff,0x08,0x83,0xff,0x08,0x83,0xff,0x08,0x83,0xff,0x08,0x83,0xff,0x08,0x83,0xff,0x08,0x83,0xff,0x08,0x83,0xff,
    0x08,0x83,0xff,0x08,0x83,0xff,0x08,0x83,0xff,0x08,0x83,0xff,0x08,0x83,0xff,0x08,0x83,0xff,0x08,0x83,0xff,0x08,0x83,0xff,
    0x08,0x83,0xff,0x08,0x83,0xff,0x08,0x83,0xff,0x08,0x83,0xff,0x08,0x83,0xff,0x08,0x83,0xff,0x08,0x83,0xff,0x08,0x83,0xff,
    0x08,0x83,0xff,0x08,0x83,0xff,0x08,0x83,0xff,0x08,0x83,0xff,0x08,0x83,0xff,0x08,0x83,0xff,0x08,0x83,0xff,0x08,0x83,0xff,
    0x08,0x83,0xff,0x08,0x83,0xff,0x08,0x83,0xff,0x08,0x83,0xff,0x08,0x83,0xff,0x08,0x83,0xff,0x08,0x83,0xff,0x08,0x83,0xff,
    0x08,0x83,0xff,0x08,0x83,0xff,0x08,0x83,0xff,0x08,0x83,0xff,0x08,0x83,0xff,0x01,0xe4,0xc8,0x00,0x00,0x00,0x00,0x00,0x00,
    0x00,0x00,0x00,0x00,0x00,0x00,0x01,0xe4,0xc8,0x08,0x83,0xff,0x08,0x83,0xff,0x08,0x83,0xff,0x08,0x83,0xff,0x08,0x83,0xff,
    0x08,0x83,0xff,0x08,0x83,0xff,0x08,0x83,0xff,0x08,0x83,0xff,0x08,0x83,0xff,0x08,0x83,0xff,0x08,0x83,0xff,0x08,0x83,0xff,
    0x08,0x83,0xff,0x08,0x83,0xff,0x08,0x83,0xff,0x08,0x83,0xff,0x08,0x83,0xff,0x08,0x83,0xff,0x08,0x83,0xff,0x08,0x83,0xff,
    0x08,0x83,0xff,0x08,0x83,0xff,0x08,0x83,0xff,0x08,0x83,0xff,0x08,0x83,0xff,0x08,0x83,0xff,0x08,0x83,0xff,0x08,0x83,0xff,
    0x08,0x83,0xff,0x08,0x83,0xff,0x08,0x83,0xff,0x08,0x83,0xff,0x08,0x83,0xff,0x08,0x83,0xff,0x08,0x83,0xff,0x08,0x83,0xff,
    0x08,0x83,0xff,0x08,0x83,0xff,0x08,0x83,0xff,0x08,0x83,0xff,0x08,0x83,0xff,0x08,0x83,0xff,0x08,0x83,0xff,0x08,0x83,0xff,
    0x08,0x83,0xff,0x08,0x83,0xff,0x08,0x83,0xff,0x08,0x83,0xff,0x08,0x83,0xff,0x08,0x83,0xff,0x08,0x83,0xff,0x08,0x83,0xff,
    0x08,0x83,0xff,0x08,0x83,0xff,0x08,0x83,0xff,0x08,0x83,0xff,0x08,0x83,0xff,0x08,0x83,0xff,0x08,0x83,0xff,0x08,0x83,0xff,
    0x08,0x83,0xff,0x08,0x83,0xff,0x08,0x83,0xff,0x08,0x83,0xff,0x08,0x83,0xff,0x08,0x83,0xff,0x08,0x83,0xff,0x08,0x83,0xff,
    0x08,0x83,0xff,0x08,0x83,0xff,0x08,0x83,0xff,0x08,0x83,0xff,0x08,0x83,0xff,0x08,0x83,0xff,0x08,0x83,0xff,0x08,0x83,0xff,
    0x08,0x83,0xff,0x08,0x83,0xff,0x08,0x83,0xff,0x08,0x83,0xff,0x08,0x83,0xff,0x08,0x83,0xff,0x08,0x83,0xff,0x08,0x83,0xff,
    0x08,0x83,0xff,0x08,0x83,0xff,0x08,0x83,0xff,0x08,0x83,0xff,0x08,0x83,0xff,0x08,0x83,0xff,0x08,0x83,0xff,0x08,0x83,0xff,
    0x08,0x83,0xff,0x08,0x83,0xff,0x08,0x83,0xff,0x08,0x83,0xff,0x08,0x83,0xff,0x08,0x83,0xff,0x08,0x83,0xff,0x08,0x83,0xff,
    0x08,0x83,0xff,0x08,0x83,0xff,0x08,0x83,0xff,0x08,0x83,0xff,0x08,0x83,0xff,0x08,0x83,0xff,0x08,0x83,0xff,0x08,0x83,0xff,
    0x08,0x83,0xff,0x08,0x83,0xff,0x08,0x83,0xff,0x08,0x83,0xff,0x08,0x83,0xff,0x08,0x83,0xff,0x08,0x83,0xff,0x08,0x83,0xff,
    0x08,0x83,0xff,0x08,0x83,0xff,0x08,0x83,0xff,0x08,0x83,0xff,0x08,0x83,0xff,0x08,0x83,0xff,0x08,0x83,0xff,0x08,0x83,0xff,
    0x08,0x83,0xff,0x08,0x83,0xff,0x08,0x83,0xff,0x08,0x83,0xff,0x08,0x83,0xff,0x01,0xe4,0xc8,0x00,0x00,0x00,0x00,0x00,0x00,
    0x00,0x00,0x00,0x00,0x00,0x00,0x01,0xe4,0xc8,0x08,0x83,0xff,0x08,0x83,0xff,0x08,0x83,0xff,0x08,0x83,0xff,0x08,0x83,0xff,
    0x08,0x83,0xff,0x08,0x83,0xff,0x08,0x83,0xff,0x08,0x83,0xff,0x08,0x83,0xff,0x08,0x83,0xff,0x08,0x83,0xff,0x08,0x83,0xff,
    0x08,0x83,0xff,0x08,0x83,0xff,0x08,0x83,0xff,0x08,0x83,0xff,0x08,0x83,0xff,0x08,0x83,0xff,0x08,0x83,0xff,0x08,0x83,0xff,
    0x08,0x83,0xff,0x08,0x83,0xff,0x08,0x83,0xff,0x08,0x83,0xff,0x08,0x83,0xff,0x08,0x83,0xff,0x08,0x83,0xff,0x08,0x83,0xff,
    0x08,0x83,0xff,0x08,0x83,0xff,0x08,0x83,0xff,0x08,0x83,0xff,0x08,0x83,0xff,0x08,0x83,0xff,0x08,0x83,0xff,0x08,0x83,0xff,
    0x08,0x83,0xff,0x08,0x83,0xff,0x08,0x83,0xff,0x08,0x83,0xff,0x08,0x83,0xff,0x08,0x83,0xff,0x08,0x83,0xff,0x08,0x83,0xff,
    0x08,0x83,0xff,0x08,0x83,0xff,0x08,0x83,0xff,0x08,0x83,0xff,0x08,0x83,0xff,0x08,0x83,0xff,0x08,0x83,0xff,0x08,0x83,0xff,
    0x08,0x83,0xff,0x08,0x83,0xff,0x08,0x83,0xff,0x08,0x83,0xff,0x08,0x83,0xff,0x08,0x83,0xff,0x08,0x83,0xff,0x08,0x83,0xff,
    0x08,0x83,0xff,0x08,0x83,0xff,0x08,0x83,0xff,0x08,0x83,0xff,0x08,0x83,0xff,0x08,0x83,0xff,0x08,0x83,0xff,0x08,0x83,0xff,
    0x08,0x83,0xff,0x08,0x83,0xff,0x08,0x83,0xff,0x08,0x83,0xff,0x08,0x83,0xff,0x08,0x83,0xff,0x08,0x83,0xff,0x08,0x83,0xff,
    0x08,0x83,0xff,0x08,0x83,0xff,0x08,0x83,0xff,0x08,0x83,0xff,0x08,0x83,0xff,0x08,0x83,0xff,0x08,0x83,0xff,0x08,0x83,0xff,
    0x08,0x83,0xff,0x08,0x83,0xff,0x08,0x83,0xff,0x08,0x83,0xff,0x08,0x83,0xff,0x08,0x83,0xff,0x08,0x83,0xff,0x08,0x83,0xff,
    0x08,0x83,0xff,0x08,0x83,0xff,0x08,0x83,0xff,0x08,0x83,0xff,0x08,0x83,0xff,0x08,0x83,0xff,0x08,0x83,0xff,0x08,0x83,0xff,
    0x08,0x83,0xff,0x08,0x83,0xff,0x08,0x83,0xff,0x08,0x83,0xff,0x08,0x83,0xff,0x08,0x83,0xff,0x08,0x83,0xff,0x08,0x83,0xff,
    0x08,0x83,0xff,0x08,0x83,0xff,0x08,0x83,0xff,0x08,0x83,0xff,0x08,0x83,0xff,0x08,0x83,0xff,0x08,0x83,0xff,0x08,0x83,0xff,
    0x08,0x83,0xff,0x08,0x83,0xff,0x08,0x83,0xff,0x08,0x83,0xff,0x08,0x83,0xff,0x08,0x83,0xff,0x08,0x83,0xff,0x08,0x83,0xff,
    0x08,0x83,0xff,0x08,0x83,0xff,0x08,0x83,0xff,0x08,0x83,0xff,0x08,0x83,0xff,0x01,0xe4,0xc8,0x00,0x00,0x00,0x00,0x00,0x00,
    0x00,0x00,0x00,0x00,0x00,0x00,0x01,0xe4,0xc8,0x08,0x83,0xff,0x08,0x83,0xff,0x08,0x83,0xff,0x08,0x83,0xff,0x08,0x83,0xff,
    0x08,0x83,0xff,0x08,0x83,0xff,0x08,0x83,0xff,0x08,0x83,0xff,0x08,0x83,0xff,0x08,0x83,0xff,0x08,0x83,0xff,0x08,0x83,0xff,
    0x08,0x83,0xff,0x08,0x83,0xff,0x08,0x83,0xff,0x08,0x83,0xff,0x08,0x83,0xff,0x08,0x83,0xff,0x08,0x83,0xff,0x08,0x83,0xff,
    0x08,0x83,0xff,0x08,0x83,0xff,0x08,0x83,0xff,0x08,0x83,0xff,0x08,0x83,0xff,0x08,0x83,0xff,0x08,0x83,0xff,0x08,0x83,0xff,
    0x08,0x83,0xff,0x08,0x83,0xff,0x08,0x83,0xff,0x08,0x83,0xff,0x08,0x83,0xff,0x08,0x83,0xff,0x08,0x83,0xff,0x08,0x83,0xff,
    0x08,0x83,0xff,0x08,0x83,0xff,0x08,0x83,0xff,0x08,0x83,0xff,0x08,0x83,0xff,0x08,0x83,0xff,0x08,0x83,0xff,0x08,0x83,0xff,
    0x08,0x83,0xff,0x08,0x83,0xff,0x08,0x83,0xff,0x08,0x83,0xff,0x08,0x83,0xff,0x08,0x83,0xff,0x08,0x83,0xff,0x08,0x83,0xff,
    0x08,0x83,0xff,0x08,0x83,0xff,0x08,0x83,0xff,0x08,0x83,0xff,0x08,0x83,0xff,0x08,0x83,0xff,0x08,0x83,0xff,0x08,0x83,0xff,
    0x08,0x83,0xff,0x08,0x83,0xff,0x08,0x83,0xff,0x08,0x83,0xff,0x08,0x83,0xff,0x08,0x83,0xff,0x08,0x83,0xff,0x08,0x83,0xff,
    0x08,0x83,0xff,0x08,0x83,0xff,0x08,0x83,0xff,0x08,0x83,0xff,0x08,0x83,0xff,0x08,0x83,0xff,0x08,0x83,0xff,0x08,0x83,0xff,
    0x08,0x83,0xff,0x08,0x83,0xff,0x08,0x83,0xff,0x08,0x83,0xff,0x08,0x83,0xff,0x08,0x83,0xff,0x08,0x83,0xff,0x08,0x83,0xff,
    0x08,0x83,0xff,0x08,0x83,0xff,0x08,0x83,0xff,0x08,0x83,0xff,0x08,0x83,0xff,0x08,0x83,0xff,0x08,0x83,0xff,0x08,0x83,0xff,
    0x08,0x83,0xff,0x08,0x83,0xff,0x08,0x83,0xff,0x08,0x83,0xff,0x08,0x83,0xff,0x08,0x83,0xff,0x08,0x83,0xff,0x08,0x83,0xff,
    0x08,0x83,0xff,0x08,0x83,0xff,0x08,0x83,0xff,0x08,0x83,0xff,0x08,0x83,0xff,0x08,0x83,0xff,0x08,0x83,0xff,0x08,0x83,0xff,
    0x08,0x83,0xff,0x08,0x83,0xff,0x08,0x83,0xff,0x08,0x83,0xff,0x08,0x83,0xff,0x08,0x83,0xff,0x08,0x83,0xff,0x08,0x83,0xff,
    0x08,0x83,0xff,0x08,0x83,0xff,0x08,0x83,0xff,0x08,0x83,0xff,0x08,0x83,0xff,0x08,0x83,0xff,0x08,0x83,0xff,0x08,0x83,0xff,
    0x08,0x83,0xff,0x08,0x83,0xff,0x08,0x83,0xff,0x08,0x83,0xff,0x08,0x83,0xff,0x01,0xe4,0xc8,0x00,0x00,0x00,0x00,0x00,0x00,
    0x00,0x00,0x00,0x00,0x00,0x00,0x01,0xe4,0xc8,0x08,0x83,0xff,0x08,0x83,0xff,0x08,0x83,0xff,0x08,0x83,0xff,0x08,0x83,0xff,
    0x08,0x83,0xff,0x08,0x83,0xff,0x08,0x83,0xff,0x08,0x83,0xff,0x08,0x83,0xff,0x08,0x83,0xff,0x08,0x83,0xff,0x08,0x83,0xff,
    0x08,0x83,0xff,0x08,0x83,0xff,0x08,0x83,0xff,0x08,0x83,0xff,0x08,0x83,0xff,0x08,0x83,0xff,0x08,0x83,0xff,0x08,0x83,0xff,
    0x08,0x83,0xff,0x08,0x83,0xff,0x08,0x83,0xff,0x08,0x83,0xff,0x08,0x83,0xff,0x08,0x83,0xff,0x08,0x83,0xff,0x08,0x83,0xff,
    0x08,0x83,0xff,0x08,0x83,0xff,0x08,0x83,0xff,0x08,0x83,0xff,0x08,0x83,0xff,0x08,0x83,0xff,0x08,0x83,0xff,0x08,0x83,0xff,
    0x08,0x83,0xff,0x08,0x83,0xff,0x08,0x83,0xff,0x08,0x83,0xff,0x08,0x83,0xff,0x08,0x83,0xff,0x08,0x83,0xff,0x08,0x83,0xff,
    0x08,0x83,0xff,0x08,0x83,0xff,0x08,0x83,0xff,0x08,0x83,0xff,0x08,0x83,0xff,0x08,0x83,0xff,0x08,0x83,0xff,0x08,0x83,0xff,
    0x08,0x83,0xff,0x08,0x83,0xff,0x08,0x83,0xff,0x08,0x83,0xff,0x08,0x83,0xff,0x08,0x83,0xff,0x08,0x83,0xff,0x08,0x83,0xff,
    0x08,0x83,0xff,0x08,0x83,0xff,0x08,0x83,0xff,0x08,0x83,0xff,0x08,0x83,0xff,0x08,0x83,0xff,0x08,0x83,0xff,0x08,0x83,0xff,
    0x08,0x83,0xff,0x08,0x83,0xff,0x08,0x83,0xff,0x08,0x83,0xff,0x08,0x83,0xff,0x08,0x83,0xff,0x08,0x83,0xff,0x08,0x83,0xff,
    0x08,0x83,0xff,0x08,0x83,0xff,0x08,0x83,0xff,0x08,0x83,0xff,0x08,0x83,0xff,0x08,0x83,0xff,0x08,0x83,0xff,0x08,0x83,0xff,
    0x08,0x83,0xff,0x08,0x83,0xff,0x08,0x83,0xff,0x08,0x83,0xff,0x08,0x83,0xff,0x08,0x83,0xff,0x08,0x83,0xff,0x08,0x83,0xff,
    0x08,0x83,0xff,0x08,0x83,0xff,0x08,0x83,0xff,0x08,0x83,0xff,0x08,0x83,0xff,0x08,0x83,0xff,0x08,0x83,0xff,0x08,0x83,0xff,
    0x08,0x83,0xff,0x08,0x83,0xff,0x08,0x83,0xff,0x08,0x83,0xff,0x08,0x83,0xff,0x08,0x83,0xff,0x08,0x83,0xff,0x08,0x83,0xff,
    0x08,0x83,0xff,0x08,0x83,0xff,0x08,0x83,0xff,0x08,0x83,0xff,0x08,0x83,0xff,0x08,0x83,0xff,0x08,0x83,0xff,0x08,0x83,0xff,
    0x08,0x83,0xff,0x08,0x83,0xff,0x08,0x83,0xff,0x08,0x83,0xff,0x08,0x83,0xff,0x08,0x83,0xff,0x08,0x83,0xff,0x08,0x83,0xff,
    0x08,0x83,0xff,0x08,0x83,0xff,0x08,0x83,0xff,0x08,0x83,0xff,0x08,0x83,0xff,0x01,0xe4,0xc8,0x00,0x00,0x00,0x00,0x00,0x00,
    0x00,0x00,0x00,0x00,0x00,0x00,0x01,0xe4,0xc8,0x08,0x83,0xff,0x08,0x83,0xff,0x08,0x83,0xff,0x08,0x83,0xff,0x08,0x83,0xff,
    0x08,0x83,0xff,0x08,0x83,0xff,0x08,0x83,0xff,0x08,0x83,0xff,0x08,0x83,0xff,0x08,0x83,0xff,0x08,0x83,0xff,0x08,0x83,0xff,
    0x08,0x83,0xff,0x08,0x83,0xff,0x08,0x83,0xff,0x08,0x83,0xff,0x08,0x83,0xff,0x08,0x83,0xff,0x08,0x83,0xff,0x08,0x83,0xff,
    0x08,0x83,0xff,0x08,0x83,0xff,0x08,0x83,0xff,0x08,0x83,0xff,0x08,0x83,0xff,0x08,0x83,0xff,0x08,0x83,0xff,0x08,0x83,0xff,
    0x08,0x83,0xff,0x08,0x83,0xff,0x08,0x83,0xff,0x08,0x83,0xff,0x08,0x83,0xff,0x08,0x83,0xff,0x08,0x83,0xff,0x08,0x83,0xff,
    0x08,0x83,0xff,0x08,0x83,0xff,0x08,0x83,0xff,0x08,0x83,0xff,0x08,0x83,0xff,0x08,0x83,0xff,0x08,0x83,0xff,0x08,0x83,0xff,
    0x08,0x83,0xff,0x08,0x83,0xff,0x08,0x83,0xff,0x08,0x83,0xff,0x08,0x83,0xff,0x08,0x83,0xff,0x08,0x83,0xff,0x08,0x83,0xff,
    0x08,0x83,0xff,0x08,0x83,0xff,0x08,0x83,0xff,0x08,0x83,0xff,0x08,0x83,0xff,0x08,0x83,0xff,0x08,0x83,0xff,0x08,0x83,0xff,
    0x08,0x83,0xff,0x08,0x83,0xff,0x08,0x83,0xff,0x08,0x83,0xff,0x08,0x83,0xff,0x08,0x83,0xff,0x08,0x83,0xff,0x08,0x83,0xff,
    0x08,0x83,0xff,0x08,0x83,0xff,0x08,0x83,0xff,0x08,0x83,0xff,0x08,0x83,0xff,0x08,0x83,0xff,0x08,0x83,0xff,0x08,0x83,0xff,
    0x08,0x83,0xff,0x08,0x83,0xff,0x08,0x83,0xff,0x08,0x83,0xff,0x08,0x83,0xff,0x08,0x83,0xff,0x08,0x83,0xff,0x08,0x83,0xff,
    0x08,0x83,0xff,0x08,0x83,0xff,0x08,0x83,0xff,0x08,0x83,0xff,0x08,0x83,0xff,0x08,0x83,0xff,0x08,0x83,0xff,0x08,0x83,0xff,
    0x08,0x83,0xff,0x08,0x83,0xff,0x08,0x83,0xff,0x08,0x83,0xff,0x08,0x83,0xff,0x08,0x83,0xff,0x08,0x83,0xff,0x08,0x83,0xff,
    0x08,0x83,0xff,0x08,0x83,0xff,0x08,0x83,0xff,0x08,0x83,0xff,0x08,0x83,0xff,0x08,0x83,0xff,0x08,0x83,0xff,0x08,0x83,0xff,
    0x08,0x83,0xff,0x08,0x83,0xff,0x08,0x83,0xff,0x08,0x83,0xff,0x08,0x83,0xff,0x08,0x83,0xff,0x08,0x83,0xff,0x08,0x83,0xff,
    0x08,0x83,0xff,0x08,0x83,0xff,0x08,0x83,0xff,0x08,0x83,0xff,0x08,0x83,0xff,0x08,0x83,0xff,0x08,0x83,0xff,0x08,0x83,0xff,
    0x08,0x83,0xff,0x08,0x83,0xff,0x08,0x83,0xff,0x08,0x83,0xff,0x08,0x83,0xff,0x01,0xe4,0xc8,0x00,0x00,0x00,0x00,0x00,0x00,
    0x00,0x00,0x00,0x00,0x00,0x00,0x01,0xe4,0xc8,0x08,0x83,0xff,0x08,0x83,0xff,0x08,0x83,0xff,0x08,0x83,0xff,0x08,0x83,0xff,
    0x08,0x83,0xff,0x08,0x83,0xff,0x08,0x83,0xff,0x08,0x83,0xff,0x08,0x83,0xff,0x08,0x83,0xff,0x08,0x83,0xff,0x08,0x83,0xff,
    0x08,0x83,0xff,0x08,0x83,0xff,0x08,0x83,0xff,0x08,0x83,0xff,0x08,0x83,0xff,0x08,0x83,0xff,0x08,0x83,0xff,0x08,0x83,0xff,
    0x08,0x83,0xff,0x08,0x83,0xff,0x08,0x83,0xff,0x08,0x83,0xff,0x08,0x83,0xff,0x08,0x83,0xff,0x08,0x83,0xff,0x08,0x83,0xff,
    0x08,0x83,0xff,0x08,0x83,0xff,0x08,0x83,0xff,0x08,0x83,0xff,0x08,0x83,0xff,0x08,0x83,0xff,0x08,0x83,0xff,0x08,0x83,0xff,
    0x08,0x83,0xff,0x08,0x83,0xff,0x08,0x83,0xff,0x08,0x83,0xff,0x08,0x83,0xff,0x08,0x83,0xff,0x08,0x83,0xff,0x08,0x83,0xff,
    0x08,0x83,0xff,0x08,0x83,0xff,0x08,0x83,0xff,0x08,0x83,0xff,0x08,0x83,0xff,0x08,0x83,0xff,0x08,0x83,0xff,0x08,0x83,0xff,
    0x08,0x83,0xff,0x08,0x83,0xff,0x08,0x83,0xff,0x08,0x83,0xff,0x08,0x83,0xff,0x08,0x83,0xff,0x08,0x83,0xff,0x08,0x83,0xff,
    0x08,0x83,0xff,0x08,0x83,0xff,0x08,0x83,0xff,0x08,0x83,0xff,0x08,0x83,0xff,0x08,0x83,0xff,0x08,0x83,0xff,0x08,0x83,0xff,
    0x08,0x83,0xff,0x08,0x83,0xff,0x08,0x83,0xff,0x08,0x83,0xff,0x08,0x83,0xff,0x08,0x83,0xff,0x08,0x83,0xff,0x08,0x83,0xff,
    0x08,0x83,0xff,0x08,0x83,0xff,0x08,0x83,0xff,0x08,0x83,0xff,0x08,0x83,0xff,0x08,0x83,0xff,0x08,0x83,0xff,0x08,0x83,0xff,
    0x08,0x83,0xff,0x08,0x83,0xff,0x08,0x83,0xff,0x08,0x83,0xff,0x08,0x83,0xff,0x08,0x83,0xff,0x08,0x83,0xff,0x08,0x83,0xff,
    0x08,0x83,0xff,0x08,0x83,0xff,0x08,0x83,0xff,0x08,0x83,0xff,0x08,0x83,0xff,0x08,0x83,0xff,0x08,0x83,0xff,0x08,0x83,0xff,
    0x08,0x83,0xff,0x08,0x83,0xff,0x08,0x83,0xff,0x08,0x83,0xff,0x08,0x83,0xff,0x08,0x83,0xff,0x08,0x83,0xff,0x08,0x83,0xff,
    0x08,0x83,0xff,0x08,0x83,0xff,0x08,0x83,0xff,0x08,0x83,0xff,0x08,0x83,0xff,0x08,0x83,0xff,0x08,0x83,0xff,0x08,0x83,0xff,
    0x08,0x83,0xff,0x08,0x83,0xff,0x08,0x83,0xff,0x08,0x83,0xff,0x08,0x83,0xff,0x08,0x83,0xff,0x08,0x83,0xff,0x08,0x83,0xff,
    0x08,0x83,0xff,0x08,0x83,0xff,0x08,0x83,0xff,0x08,0x83,0xff,0x08,0x83,0xff,0x01,0xe4,0xc8,0x00,0x00,0x00,0x00,0x00,0x00,
    0x00,0x00,0x00,0x00,0x00,0x00,0x01,0xe4,0xc8,0x08,0x83,0xff,0x08,0x83,0xff,0x08,0x83,0xff,0x08,0x83,0xff,0x08,0x83,0xff,
    0x08,0x83,0xff,0x08,0x83,0xff,0x08,0x83,0xff,0x08,0x83,0xff,0x08,0x83,0xff,0x08,0x83,0xff,0x08,0x83,0xff,0x08,0x83,0xff,
    0x08,0x83,0xff,0x08,0x83,0xff,0x08,0x83,0xff,0x08,0x83,0xff,0x08,0x83,0xff,0x08,0x83,0xff,0x08,0x83,0xff,0x08,0x83,0xff,
    0x08,0x83,0xff,0x08,0x83,0xff,0x08,0x83,0xff,0x08,0x83,0xff,0x08,0x83,0xff,0x08,0x83,0xff,0x08,0x83,0xff,0x08,0x83,0xff,
    0x08,0x83,0xff,0x08,0x83,0xff,0x08,0x83,0xff,0x08,0x83,0xff,0x08,0x83,0xff,0x08,0x83,0xff,0x08,0x83,0xff,0x08,0x83,0xff,
    0x08,0x83,0xff,0x08,0x83,0xff,0x08,0x83,0xff,0x08,0x83,0xff,0x08,0x83,0xff,0x08,0x83,0xff,0x08,0x83,0xff,0x08,0x83,0xff,
    0x08,0x83,0xff,0x08,0x83,0xff,0x08,0x83,0xff,0x08,0x83,0xff,0x08,0x83,0xff,0x08,0x83,0xff,0x08,0x83,0xff,0x08,0x83,0xff,
    0x08,0x83,0xff,0x08,0x83,0xff,0x08,0x83,0xff,0x08,0x83,0xff,0x08,0x83,0xff,0x08,0x83,0xff,0x08,0x83,0xff,0x08,0x83,0xff,
    0x08,0x83,0xff,0x08,0x83,0xff,0x08,0x83,0xff,0x08,0x83,0xff,0x08,0x83,0xff,0x08,0x83,0xff,0x08,0x82,0xff,0x08,0x82,0xff,
    0x08,0x82,0xff,0x08,0x82,0xff,0x08,0x82,0xff,0x08,0x82,0xff,0x08,0x82,0xff,0x08,0x83,0xff,0x08,0x83,0xff,0x08,0x83,0xff,
    0x08,0x83,0xff,0x08,0x83,0xff,0x08,0x83,0xff,0x08,0x83,0xff,0x08,0x83,0xff,0x08,0x83,0xff,0x08,0x83,0xff,0x08,0x83,0xff,
    0x08,0x83,0xff,0x08,0x83,0xff,0x08,0x83,0xff,0x08,0x83,0xff,0x08,0x83,0xff,0x08,0x83,0xff,0x08,0x83,0xff,0x08,0x83,0xff,
    0x08,0x83,0xff,0x08,0x83,0xff,0x08,0x83,0xff,0x08,0x83,0xff,0x08,0x83,0xff,0x08,0x83,0xff,0x08,0x83,0xff,0x08,0x83,0xff,
    0x08,0x83,0xff,0x08,0x83,0xff,0x08,0x83,0xff,0x08,0x83,0xff,0x08,0x83,0xff,0x08,0x83,0xff,0x08,0x83,0xff,0x08,0x83,0xff,
    0x08,0x83,0xff,0x08,0x83,0xff,0x08,0x83,0xff,0x08,0x83,0xff,0x08,0x83,0xff,0x08,0x83,0xff,0x08,0x83,0xff,0x08,0x83,0xff,
    0x08,0x83,0xff,0x08,0x83,0xff,0x08,0x83,0xff,0x08,0x83,0xff,0x08,0x83,0xff,0x08,0x83,0xff,0x08,0x83,0xff,0x08,0x83,0xff,
    0x08,0x83,0xff,0x08,0x83,0xff,0x08,0x83,0xff,0x08,0x83,0xff,0x08,0x83,0xff,0x01,0xe4,0xc8,0x00,0x00,0x00,0x00,0x00,0x00,
    0x00,0x00,0x00,0x00,0x00,0x00,0x01,0xe4,0xc8,0x08,0x83,0xff,0x08,0x83,0xff,0x08,0x83,0xff,0x08,0x83,0xff,0x08,0x83,0xff,
    0x08,0x83,0xff,0x08,0x83,0xff,0x08,0x83,0xff,0x08,0x83,0xff,0x08,0x83,0xff,0x08,0x83,0xff,0x08,0x83,0xff,0x08,0x83,0xff,
    0x08,0x83,0xff,0x08,0x83,0xff,0x08,0x83,0xff,0x08,0x83,0xff,0x08,0x83,0xff,0x08,0x83,0xff,0x08,0x83,0xff,0x08,0x83,0xff,
    0x08,0x83,0xff,0x08,0x83,0xff,0x08,0x83,0xff,0x08,0x83,0xff,0x08,0x83,0xff,0x08,0x83,0xff,0x08,0x83,0xff,0x08,0x83,0xff,
    0x08,0x83,0xff,0x08,0x83,0xff,0x08,0x83,0xff,0x08,0x83,0xff,0x08,0x83,0xff,0x08,0x83,0xff,0x08,0x83,0xff,0x08,0x83,0xff,
    0x08,0x83,0xff,0x08,0x83,0xff,0x08,0x83,0xff,0x08,0x83,0xff,0x08,0x83,0xff,0x08,0x83,0xff,0x08,0x83,0xff,0x08,0x83,0xff,
    0x08,0x83,0xff,0x08,0x83,0xff,0x08,0x83,0xff,0x08,0x83,0xff,0x08,0x83,0xff,0x08,0x83,0xff,0x08,0x83,0xff,0x08,0x83,0xff,
    0x08,0x83,0xff,0x08,0x83,0xff,0x08,0x83,0xff,0x08,0x83,0xff,0x08,0x83,0xff,0x08,0x83,0xff,0x08,0x83,0xff,0x08,0x83,0xff,
    0x08,0x83,0xff,0x08,0x83,0xff,0x08,0x83,0xff,0x08,0x82,0xff,0x08,0x82,0xff,0x08,0x82,0xff,0x08,0x82,0xff,0x08,0x82,0xff,
    0x08,0x82,0xff,0x08,0x82,0xff,0x08,0x82,0xff,0x08,0x82,0xff,0x08,0x82,0xff,0x08,0x82,0xff,0x08,0x83,0xff,0x08,0x83,0xff,
    0x08,0x83,0xff,0x08,0x83,0xff,0x08,0x83,0xff,0x08,0x83,0xff,0x08,0x83,0xff,0x08,0x83,0xff,0x08,0x83,0xff,0x08,0x83,0xff,
    0x08,0x83,0xff,0x08,0x83,0xff,0x08,0x83,0xff,0x08,0x83,0xff,0x08,0x83,0xff,0x08,0x83,0xff,0x08,0x83,0xff,0x08,0x83,0xff,
    0x08,0x83,0xff,0x08,0x83,0xff,0x08,0x83,0xff,0x08,0x83,0xff,0x08,0x83,0xff,0x08,0x83,0xff,0x08,0x83,0xff,0x08,0x83,0xff,
    0x08,0x83,0xff,0x08,0x83,0xff,0x08,0x83,0xff,0x08,0x83,0xff,0x08,0x83,0xff,0x08,0x83,0xff,0x08,0x83,0xff,0x08,0x83,0xff,
    0x08,0x83,0xff,0x08,0x83,0xff,0x08,0x83,0xff,0x08,0x83,0xff,0x08,0x83,0xff,0x08,0x83,0xff,0x08,0x83,0xff,0x08,0x83,0xff,
    0x08,0x83,0xff,0x08,0x83,0xff,0x08,0x83,0xff,0x08,0x83,0xff,0x08,0x83,0xff,0x08,0x83,0xff,0x08,0x83,0xff,0x08,0x83,0xff,
    0x08,0x83,0xff,0x08,0x83,0xff,0x08,0x83,0xff,0x08,0x83,0xff,0x08,0x83,0xff,0x01,0xe4,0xc8,0x00,0x00,0x00,0x00,0x00,0x00,
    0x00,0x00,0x00,0x00,0x00,0x00,0x01,0xe4,0xc8,0x08,0x83,0xff,0x08,0x83,0xff,0x08,0x83,0xff,0x08,0x83,0xff,0x08,0x83,0xff,
    0x08,0x83,0xff,0x08,0x83,0xff,0x08,0x83,0xff,0x08,0x83,0xff,0x08,0x83,0xff,0x08,0x83,0xff,0x08,0x83,0xff,0x08,0x83,0xff,
    0x08,0x83,0xff,0x08,0x83,0xff,0x08,0x83,0xff,0x08,0x83,0xff,0x08,0x83,0xff,0x08,0x83,0xff,0x08,0x83,0xff,0x08,0x83,0xff,
    0x08,0x83,0xff,0x08,0x83,0xff,0x08,0x83,0xff,0x08,0x83,0xff,0x08,0x83,0xff,0x08,0x83,0xff,0x08,0x83,0xff,0x08,0x83,0xff,
    0x08,0x83,0xff,0x08,0x83,0xff,0x08,0x83,0xff,0x08,0x83,0xff,0x08,0x83,0xff,0x08,0x83,0xff,0x08,0x83,0xff,0x08,0x83,0xff,
    0x08,0x83,0xff,0x08,0x83,0xff,0x08,0x83,0xff,0x08,0x83,0xff,0x08,0x83,0xff,0x08,0x83,0xff,0x08,0x83,0xff,0x08,0x83,0xff,
    0x08,0x83,0xff,0x08,0x83,0xff,0x08,0x83,0xff,0x08,0x83,0xff,0x08,0x83,0xff,0x08,0x83,0xff,0x08,0x83,0xff,0x08,0x83,0xff,
    0x08,0x83,0xff,0x08,0x83,0xff,0x08,0x83,0xff,0x08,0x83,0xff,0x08,0x83,0xff,0x08,0x83,0xff,0x08,0x83,0xff,0x08,0x83,0xff,
    0x08,0x82,0xff,0x08,0x82,0xff,0x08,0x82,0xff,0x08,0x82,0xff,0x08,0x82,0xff,0x08,0x82,0xff,0x08,0x82,0xff,0x08,0x83,0xff,
    0x08,0x83,0xff,0x08,0x83,0xff,0x08,0x83,0xff,0x08,0x82,0xff,0x08,0x82,0xff,0x08,0x82,0xff,0x08,0x82,0xff,0x08,0x82,0xff,
    0x08,0x83,0xff,0x08,0x83,0xff,0x08,0x83,0xff,0x08,0x83,0xff,0x08,0x83,0xff,0x08,0x83,0xff,0x08,0x83,0xff,0x08,0x83,0xff,
    0x08,0x83,0xff,0x08,0x83,0xff,0x08,0x83,0xff,0x08,0x83,0xff,0x08,0x83,0xff,0x08,0x83,0xff,0x08,0x83,0xff,0x08,0x83,0xff,
    0x08,0x83,0xff,0x08,0x83,0xff,0x08,0x83,0xff,0x08,0x83,0xff,0x08,0x83,0xff,0x08,0x83,0xff,0x08,0x83,0xff,0x08,0x83,0xff,
    0x08,0x83,0xff,0x08,0x83,0xff,0x08,0x83,0xff,0x08,0x83,0xff,0x08,0x83,0xff,0x08,0x83,0xff,0x08,0x83,0xff,0x08,0x83,0xff,
    0x08,0x83,0xff,0x08,0x83,0xff,0x08,0x83,0xff,0x08,0x83,0xff,0x08,0x83,0xff,0x08,0x83,0xff,0x08,0x83,0xff,0x08,0x83,0xff,
    0x08,0x83,0xff,0x08,0x83,0xff,0x08,0x83,0xff,0x08,0x83,0xff,0x08,0x83,0xff,0x08,0x83,0xff,0x08,0x83,0xff,0x08,0x83,0xff,
    0x08,0x83,0xff,0x08,0x83,0xff,0x08,0x83,0xff,0x08,0x83,0xff,0x08,0x83,0xff,0x01,0xe4,0xc8,0x00,0x00,0x00,0x00,0x00,0x00,
    0x00,0x00,0x00,0x00,0x00,0x00,0x01,0xe4,0xc8,0x08,0x83,0xff,0x08,0x83,0xff,0x08,0x83,0xff,0x08,0x83,0xff,0x08,0x83,0xff,
    0x08,0x83,0xff,0x08,0x83,0xff,0x08,0x83,0xff,0x08,0x83,0xff,0x08,0x83,0xff,0x08,0x83,0xff,0x08,0x83,0xff,0x08,0x83,0xff,
    0x08,0x83,0xff,0x08,0x83,0xff,0x08,0x83,0xff,0x08,0x83,0xff,0x08,0x83,0xff,0x08,0x83,0xff,0x08,0x83,0xff,0x08,0x83,0xff,
    0x08,0x83,0xff,0x08,0x83,0xff,0x08,0x83,0xff,0x08,0x83,0xff,0x08,0x83,0xff,0x08,0x83,0xff,0x08,0x83,0xff,0x08,0x83,0xff,
    0x08,0x83,0xff,0x08,0x83,0xff,0x08,0x83,0xff,0x08,0x83,0xff,0x08,0x83,0xff,0x08,0x83,0xff,0x08,0x83,0xff,0x08,0x83,0xff,
    0x08,0x83,0xff,0x08,0x83,0xff,0x08,0x83,0xff,0x08,0x83,0xff,0x08,0x83,0xff,0x08,0x83,0xff,0x08,0x83,0xff,0x08,0x83,0xff,
    0x08,0x83,0xff,0x08,0x83,0xff,0x08,0x83,0xff,0x08,0x83,0xff,0x08,0x83,0xff,0x08,0x83,0xff,0x08,0x83,0xff,0x08,0x83,0xff,
    0x08,0x83,0xff,0x08,0x83,0xff,0x08,0x83,0xff,0x08,0x83,0xff,0x08,0x83,0xff,0x08,0x83,0xff,0x08,0x82,0xff,0x08,0x82,0xff,
    0x08,0x82,0xff,0x08,0x82,0xff,0x08,0x82,0xff,0x08,0x83,0xff,0x08,0xa3,0xff,0x08,0xa3,0xff,0x08,0xa3,0xff,0x08,0xa3,0xff,
    0x08,0xc3,0xff,0x08,0xc3,0xff,0x08,0xa3,0xff,0x08,0xa3,0xff,0x08,0xa3,0xff,0x08,0x82,0xff,0x08,0x82,0xff,0x08,0x82,0xff,
    0x08,0x82,0xff,0x08,0x83,0xff,0x08,0x83,0xff,0x08,0x83,0xff,0x08,0x83,0xff,0x08,0x83,0xff,0x08,0x83,0xff,0x08,0x83,0xff,
    0x08,0x83,0xff,0x08,0x83,0xff,0x08,0x83,0xff,0x08,0x83,0xff,0x08,0x83,0xff,0x08,0x83,0xff,0x08,0x83,0xff,0x08,0x83,0xff,
    0x08,0x83,0xff,0x08,0x83,0xff,0x08,0x83,0xff,0x08,0x83,0xff,0x08,0x83,0xff,0x08,0x83,0xff,0x08,0x83,0xff,0x08,0x83,0xff,
    0x08,0x83,0xff,0x08,0x83,0xff,0x08,0x83,0xff,0x08,0x83,0xff,0x08,0x83,0xff,0x08,0x83,0xff,0x08,0x83,0xff,0x08,0x83,0xff,
    0x08,0x83,0xff,0x08,0x83,0xff,0x08,0x83,0xff,0x08,0x83,0xff,0x08,0x83,0xff,0x08,0x83,0xff,0x08,0x83,0xff,0x08,0x83,0xff,
    0x08,0x83,0xff,0x08,0x83,0xff,0x08,0x83,0xff,0x08,0x83,0xff,0x08,0x83,0xff,0x08,0x83,0xff,0x08,0x83,0xff,0x08,0x83,0xff,
    0x08,0x83,0xff,0x08,0x83,0xff,0x08,0x83,0xff,0x08,0x83,0xff,0x08,0x83,0xff,0x01,0xe4,0xc8,0x00,0x00,0x00,0x00,0x00,0x00,
    0x00,0x00,0x00,0x00,0x00,0x00,0x01,0xe4,0xc8,0x08,0x83,0xff,0x08,0x83,0xff,0x08,0x83,0xff,0x08,0x83,0xff,0x08,0x83,0xff,
    0x08,0x83,0xff,0x08,0x83,0xff,0x08,0x83,0xff,0x08,0x83,0xff,0x08,0x83,0xff,0x08,0x83,0xff,0x08,0x83,0xff,0x08,0x83,0xff,
    0x08,0x83,0xff,0x08,0x83,0xff,0x08,0x83,0xff,0x08,0x83,0xff,0x08,0x83,0xff,0x08,0x83,0xff,0x08,0x83,0xff,0x08,0x83,0xff,
    0x08,0x83,0xff,0x08,0x83,0xff,0x08,0x83,0xff,0x08,0x83,0xff,0x08,0x83,0xff,0x08,0x83,0xff,0x08,0x83,0xff,0x08,0x83,0xff,
    0x08,0x83,0xff,0x08,0x83,0xff,0x08,0x83,0xff,0x08,0x83,0xff,0x08,0x83,0xff,0x08,0x83,0xff,0x08,0x83,0xff,0x08,0x83,0xff,
    0x08,0x83,0xff,0x08,0x83,0xff,0x08,0x83,0xff,0x08,0x83,0xff,0x08,0x83,0xff,0x08,0x83,0xff,0x08,0x83,0xff,0x08,0x83,0xff,
    0x08,0x83,0xff,0x08,0x83,0xff,0x08,0x83,0xff,0x08,0x83,0xff,0x08,0x83,0xff,0x08,0x83,0xff,0x08,0x83,0xff,0x08,0x83,0xff,
    0x08,0x83,0xff,0x08,0x83,0xff,0x08,0x82,0xff,0x08,0x82,0xff,0x08,0x82,0xff,0x08,0x82,0xff,0x08,0x82,0xff,0x08,0x82,0xff,
    0x08,0x83,0xff,0x08,0xa3,0xff,0x08,0xa3,0xff,0x08,0xa3,0xff,0x08,0xc3,0xff,0x08,0xc3,0xff,0x08,0xe3,0xff,0x08,0xe3,0xff,
    0x09,0x03,0xff,0x08,0xe3,0xff,0x08,0xe3,0xff,0x08,0xc3,0xff,0x08,0xa3,0xff,0x08,0xa3,0xff,0x08,0x82,0xff,0x08,0x82,0xff,
    0x08,0x82,0xff,0x08,0x83,0xff,0x08,0x83,0xff,0x08,0x83,0xff,0x08,0x83,0xff,0x08,0x83,0xff,0x08,0x83,0xff,0x08,0x83,0xff,
    0x08,0x83,0xff,0x08,0x83,0xff,0x08,0x83,0xff,0x08,0x83,0xff,0x08,0x83,0xff,0x08,0x83,0xff,0x08,0x83,0xff,0x08,0x83,0xff,
    0x08,0x83,0xff,0x08,0x83,0xff,0x08,0x83,0xff,0x08,0x83,0xff,0x08,0x83,0xff,0x08,0x83,0xff,0x08,0x83,0xff,0x08,0x83,0xff,
    0x08,0x83,0xff,0x08,0x83,0xff,0x08,0x83,0xff,0x08,0x83,0xff,0x08,0x83,0xff,0x08,0x83,0xff,0x08,0x83,0xff,0x08,0x83,0xff,
    0x08,0x83,0xff,0x08,0x83,0xff,0x08,0x83,0xff,0x08,0x83,0xff,0x08,0x83,0xff,0x08,0x83,0xff,0x08,0x83,0xff,0x08,0x83,0xff,
    0x08,0x83,0xff,0x08,0x83,0xff,0x08,0x83,0xff,0x08,0x83,0xff,0x08,0x83,0xff,0x08,0x83,0xff,0x08,0x83,0xff,0x08,0x83,0xff,
    0x08,0x83,0xff,0x08,0x83,0xff,0x08,0x83,0xff,0x08,0x83,0xff,0x08,0x83,0xff,0x01,0xe4,0xc8,0x00,0x00,0x00,0x00,0x00,0x00,
    0x00,0x00,0x00,0x00,0x00,0x00,0x01,0xe4,0xc8,0x08,0x83,0xff,0x08,0x83,0xff,0x08,0x83,0xff,0x08,0x83,0xff,0x08,0x83,0xff,
    0x08,0x83,0xff,0x08,0x83,0xff,0x08,0x83,0xff,0x08,0x83,0xff,0x08,0x83,0xff,0x08,0x83,0xff,0x08,0x83,0xff,0x08,0x83,0xff,
    0x08,0x83,0xff,0x08,0x83,0xff,0x08,0x83,0xff,0x08,0x83,0xff,0x08,0x83,0xff,0x08,0x83,0xff,0x08,0x83,0xff,0x08,0x83,0xff,
    0x08,0x83,0xff,0x08,0x83,0xff,0x08,0x83,0xff,0x08,0x83,0xff,0x08,0x83,0xff,0x08,0x83,0xff,0x08,0x83,0xff,0x08,0x83,0xff,
    0x08,0x83,0xff,0x08,0x83,0xff,0x08,0x83,0xff,0x08,0x83,0xff,0x08,0x83,0xff,0x08,0x83,0xff,0x08,0x83,0xff,0x08,0x83,0xff,
    0x08,0x83,0xff,0x08,0x83,0xff,0x08,0x83,0xff,0x08,0x83,0xff,0x08,0x83,0xff,0x08,0x83,0xff,0x08,0x83,0xff,0x08,0x83,0xff,
    0x08,0x83,0xff,0x08,0x83,0xff,0x08,0x83,0xff,0x08,0x83,0xff,0x08,0x83,0xff,0x08,0x83,0xff,0x08,0x83,0xff,0x08,0x83,0xff,
    0x08,0x83,0xff,0x08,0x82,0xff,0x08,0x82,0xff,0x08,0x82,0xff,0x08,0x82,0xff,0x08,0x82,0xff,0x08,0xa3,0xff,0x08,0xa3,0xff,
    0x08,0xa3,0xff,0x08,0xc3,0xff,0x08,0xc3,0xff,0x08,0xe3,0xff,0x09,0x03,0xff,0x09,0x23,0xff,0x09,0x44,0xff,0x09,0x44,0xff,
    0x09,0x44,0xff,0x09,0x44,0xff,0x09,0x23,0xff,0x09,0x03,0xff,0x07,0xf1,0xff,0x08,0xa3,0xff,0x08,0x83,0xff,0x08,0x82,0xff,
    0x08,0x82,0xff,0x08,0x83,0xff,0x08,0x83,0xff,0x08,0x83,0xff,0x08,0x83,0xff,0x08,0x83,0xff,0x08,0x83,0xff,0x08,0x83,0xff,
    0x08,0x83,0xff,0x08,0x83,0xff,0x08,0x83,0xff,0x08,0x83,0xff,0x08,0x83,0xff,0x08,0x83,0xff,0x08,0x83,0xff,0x08,0x83,0xff,
    0x08,0x83,0xff,0x08,0x83,0xff,0x08,0x83,0xff,0x08,0x83,0xff,0x08,0x83,0xff,0x08,0x83,0xff,0x08,0x83,0xff,0x08,0x83,0xff,
    0x08,0x83,0xff,0x08,0x83,0xff,0x08,0x83,0xff,0x08,0x83,0xff,0x08,0x83,0xff,0x08,0x83,0xff,0x08,0x83,0xff,0x08,0x83,0xff,
    0x08,0x83,0xff,0x08,0x83,0xff,0x08,0x83,0xff,0x08,0x83,0xff,0x08,0x83,0xff,0x08,0x83,0xff,0x08,0x83,0xff,0x08,0x83,0xff,
    0x08,0x83,0xff,0x08,0x83,0xff,0x08,0x83,0xff,0x08,0x83,0xff,0x08,0x83,0xff,0x08,0x83,0xff,0x08,0x83,0xff,0x08,0x83,0xff,
    0x08,0x83,0xff,0x08,0x83,0xff,0x08,0x83,0xff,0x08,0x83,0xff,0x08,0x83,0xff,0x01,0xe4,0xc8,0x00,0x00,0x00,0x00,0x00,0x00,
    0x00,0x00,0x00,0x00,0x00,0x00,0x01,0xe4,0xc8,0x08,0x83,0xff,0x08,0x83,0xff,0x08,0x83,0xff,0x08,0x83,0xff,0x08,0x83,0xff,
    0x08,0x83,0xff,0x08,0x83,0xff,0x08,0x83,0xff,0x08,0x83,0xff,0x08,0x83,0xff,0x08,0x83,0xff,0x08,0x83,0xff,0x08,0x83,0xff,
    0x08,0x83,0xff,0x08,0x83,0xff,0x08,0x83,0xff,0x08,0x83,0xff,0x08,0x83,0xff,0x08,0x83,0xff,0x08,0x83,0xff,0x08,0x83,0xff,
    0x08,0x83,0xff,0x08,0x83,0xff,0x08,0x83,0xff,0x08,0x83,0xff,0x08,0x83,0xff,0x08,0x83,0xff,0x08,0x83,0xff,0x08,0x83,0xff,
    0x08,0x83,0xff,0x08,0x83,0xff,0x08,0x83,0xff,0x08,0x83,0xff,0x08,0x83,0xff,0x08,0x83,0xff,0x08,0x83,0xff,0x08,0x83,0xff,
    0x08,0x83,0xff,0x08,0x83,0xff,0x08,0x83,0xff,0x08,0x83,0xff,0x08,0x83,0xff,0x08,0x83,0xff,0x08,0x83,0xff,0x08,0x83,0xff,
    0x08,0x83,0xff,0x08,0x83,0xff,0x08,0x83,0xff,0x08,0x83,0xff,0x08,0x83,0xff,0x08,0x83,0xff,0x08,0x83,0xff,0x08,0x82,0xff,
    0x08,0x82,0xff,0x08,0x82,0xff,0x08,0x82,0xff,0x08,0x83,0xff,0x08,0xa3,0xff,0x08,0xa3,0xff,0x08,0xc3,0xff,0x08,0xc3,0xff,
    0x08,0xe3,0xff,0x09,0x03,0xff,0x09,0x23,0xff,0x09,0x44,0xff,0x09,0x64,0xff,0x09,0x84,0xff,0x09,0x84,0xff,0x09,0xa4,0xff,
    0x09,0xa4,0xff,0x07,0xf1,0xff,0x07,0xf1,0xff,0x07,0xf1,0xff,0x07,0xf1,0xff,0x08,0xc3,0xff,0x08,0xa3,0xff,0x08,0x82,0xff,
    0x08,0x82,0xff,0x08,0x82,0xff,0x08,0x83,0xff,0x08,0x83,0xff,0x08,0x83,0xff,0x08,0x83,0xff,0x08,0x83,0xff,0x08,0x83,0xff,
    0x08,0x83,0xff,0x08,0x83,0xff,0x08,0x83,0xff,0x08,0x83,0xff,0x08,0x83,0xff,0x08,0x83,0xff,0x08,0x83,0xff,0x08,0x83,0xff,
    0x08,0x83,0xff,0x08,0x83,0xff,0x08,0x83,0xff,0x08,0x83,0xff,0x08,0x83,0xff,0x08,0x83,0xff,0x08,0x83,0xff,0x08,0x83,0xff,
    0x08,0x83,0xff,0x08,0x83,0xff,0x08,0x83,0xff,0x08,0x83,0xff,0x08,0x83,0xff,0x08,0x83,0xff,0x08,0x83,0xff,0x08,0x83,0xff,
    0x08,0x83,0xff,0x08,0x83,0xff,0x08,0x83,0xff,0x08,0x83,0xff,0x08,0x83,0xff,0x08,0x83,0xff,0x08,0x83,0xff,0x08,0x83,0xff,
    0x08,0x83,0xff,0x08,0x83,0xff,0x08,0x83,0xff,0x08,0x83,0xff,0x08,0x83,0xff,0x08,0x83,0xff,0x08,0x83,0xff,0x08,0x83,0xff,
    0x08,0x83,0xff,0x08,0x83,0xff,0x08,0x83,0xff,0x08,0x83,0xff,0x08,0x83,0xff,0x01,0xe4,0xc8,0x00,0x00,0x00,0x00,0x00,0x00,
    0x00,0x00,0x00,0x00,0x00,0x00,0x01,0xe4,0xc8,0x08,0x83,0xff,0x08,0x83,0xff,0x08,0x83,0xff,0x08,0x83,0xff,0x08,0x83,0xff,
    0x08,0x83,0xff,0x08,0x83,0xff,0x08,0x83,0xff,0x08,0x83,0xff,0x08,0x83,0xff,0x08,0x83,0xff,0x08,0x83,0xff,0x08,0x83,0xff,
    0x08,0x83,0xff,0x08,0x83,0xff,0x08,0x83,0xff,0x08,0x83,0xff,0x08,0x83,0xff,0x08,0x83,0xff,0x08,0x83,0xff,0x08,0x83,0xff,
    0x08,0x83,0xff,0x08,0x83,0xff,0x08,0x83,0xff,0x08,0x83,0xff,0x08,0x83,0xff,0x08,0x83,0xff,0x08,0x83,0xff,0x08,0x83,0xff,
    0x08,0x83,0xff,0x08,0x83,0xff,0x08,0x83,0xff,0x08,0x83,0xff,0x08,0x83,0xff,0x08,0x83,0xff,0x08,0x83,0xff,0x08,0x83,0xff,
    0x08,0x83,0xff,0x08,0x83,0xff,0x08,0x83,0xff,0x08,0x83,0xff,0x08,0x83,0xff,0x08,0x83,0xff,0x08,0x83,0xff,0x08,0x83,0xff,
    0x08,0x83,0xff,0x08,0x83,0xff,0x08,0x83,0xff,0x08,0x83,0xff,0x08,0x83,0xff,0x08,0x83,0xff,0x08,0x83,0xff,0x08,0x82,0xff,
    0x08,0x82,0xff,0x08,0x82,0xff,0x08,0xa3,0xff,0x08,0xa3,0xff,0x08,0xc3,0xff,0x08,0xe3,0xff,0x09,0x03,0xff,0x09,0x23,0xff,
    0x09,0x44,0xff,0x09,0x64,0xff,0x09,0x84,0xff,0x09,0xa4,0xff,0x09,0xc5,0xff,0x09,0xc5,0xff,0x07,0xf1,0xff,0x07,0xf1,0xff,
    0x07,0xf1,0xff,0x07,0xf1,0xff,0x07,0xf1,0xff,0x07,0xf1,0xff,0x07,0xf1,0xff,0x08,0xc3,0xff,0x08,0xa3,0xff,0x08,0x82,0xff,
    0x08,0x82,0xff,0x08,0x82,0xff,0x08,0x83,0xff,0x08,0x83,0xff,0x08,0x83,0xff,0x08,0x83,0xff,0x08,0x83,0xff,0x08,0x83,0xff,
    0x08,0x83,0xff,0x08,0x83,0xff,0x08,0x83,0xff,0x08,0x83,0xff,0x08,0x83,0xff,0x08,0x83,0xff,0x08,0x83,0xff,0x08,0x83,0xff,
    0x08,0x83,0xff,0x08,0x83,0xff,0x08,0x83,0xff,0x08,0x83,0xff,0x08,0x83,0xff,0x08,0x83,0xff,0x08,0x83,0xff,0x08,0x83,0xff,
    0x08,0x83,0xff,0x08,0x83,0xff,0x08,0x83,0xff,0x08,0x83,0xff,0x08,0x83,0xff,0x08,0x83,0xff,0x08,0x83,0xff,0x08,0x83,0xff,
    0x08,0x83,0xff,0x08,0x83,0xff,0x08,0x83,0xff,0x08,0x83,0xff,0x08,0x83,0xff,0x08,0x83,0xff,0x08,0x83,0xff,0x08,0x83,0xff,
    0x08,0x83,0xff,0x08,0x83,0xff,0x08,0x83,0xff,0x08,0x83,0xff,0x08,0x83,0xff,0x08,0x83,0xff,0x08,0x83,0xff,0x08,0x83,0xff,
    0x08,0x83,0xff,0x08,0x83,0xff,0x08,0x83,0xff,0x08,0x83,0xff,0x08,0x83,0xff,0x01,0xe4,0xc8,0x00,0x00,0x00,0x00,0x00,0x00,
    0x00,0x00,0x00,0x00,0x00,0x00,0x01,0xe4,0xc8,0x08,0x83,0xff,0x08,0x83,0xff,0x08,0x83,0xff,0x08,0x83,0xff,0x08,0x83,0xff,
    0x08,0x83,0xff,0x08,0x83,0xff,0x08,0x83,0xff,0x08,0x83,0xff,0x08,0x83,0xff,0x08,0x83,0xff,0x08,0x83,0xff,0x08,0x83,0xff,
    0x08,0x83,0xff,0x08,0x83,0xff,0x08,0x83,0xff,0x08,0x83,0xff,0x08,0x83,0xff,0x08,0x83,0xff,0x08,0x83,0xff,0x08,0x83,0xff,
    0x08,0x83,0xff,0x08,0x83,0xff,0x08,0x83,0xff,0x08,0x83,0xff,0x08,0x83,0xff,0x08,0x83,0xff,0x08,0x83,0xff,0x08,0x83,0xff,
    0x08,0x83,0xff,0x08,0x83,0xff,0x08,0x83,0xff,0x08,0x83,0xff,0x08,0x83,0xff,0x08,0x83,0xff,0x08,0x83,0xff,0x08,0x83,0xff,
    0x08,0x83,0xff,0x08,0x83,0xff,0x08,0x83,0xff,0x08,0x83,0xff,0x08,0x83,0xff,0x08,0x83,0xff,0x08,0x83,0xff,0x08,0x83,0xff,
    0x08,0x83,0xff,0x08,0x83,0xff,0x08,0x83,0xff,0x08,0x83,0xff,0x08,0x83,0xff,0x08,0x83,0xff,0x08,0x82,0xff,0x08,0x82,0xff,
    0x08,0x82,0xff,0x08,0xa3,0xff,0x08,0xa3,0xff,0x08,0xc3,0xff,0x09,0x03,0xff,0x09,0x23,0xff,0x09,0x44,0xff,0x09,0x64,0xff,
    0x09,0xa4,0xff,0x09,0xc5,0xff,0x09,0xe5,0xff,0x07,0xf1,0xff,0x07,0xf1,0xff,0x07,0xf1,0xff,0x07,0xf1,0xff,0x07,0xf1,0xff,
    0x07,0xf1,0xff,0x07,0xf1,0xff,0x09,0x64,0xff,0x07,0xf1,0xff,0x07,0xf1,0xff,0x08,0xc3,0xff,0x08,0xa3,0xff,0x08,0x82,0xff,
    0x08,0x82,0xff,0x08,0x82,0xff,0x08,0x83,0xff,0x08,0x83,0xff,0x08,0x83,0xff,0x08,0x83,0xff,0x08,0x83,0xff,0x08,0x83,0xff,
    0x08,0x83,0xff,0x08,0x83,0xff,0x08,0x83,0xff,0x08,0x83,0xff,0x08,0x83,0xff,0x08,0x83,0xff,0x08,0x83,0xff,0x08,0x83,0xff,
    0x08,0x83,0xff,0x08,0x83,0xff,0x08,0x83,0xff,0x08,0x83,0xff,0x08,0x83,0xff,0x08,0x83,0xff,0x08,0x83,0xff,0x08,0x83,0xff,
    0x08,0x83,0xff,0x08,0x83,0xff,0x08,0x83,0xff,0x08,0x83,0xff,0x08,0x83,0xff,0x08,0x83,0xff,0x08,0x83,0xff,0x08,0x83,0xff,
    0x08,0x83,0xff,0x08,0x83,0xff,0x08,0x83,0xff,0x08,0x83,0xff,0x08,0x83,0xff,0x08,0x83,0xff,0x08,0x83,0xff,0x08,0x83,0xff,
    0x08,0x83,0xff,0x08,0x83,0xff,0x08,0x83,0xff,0x08,0x83,0xff,0x08,0x83,0xff,0x08,0x83,0xff,0x08,0x83,0xff,0x08,0x83,0xff,
    0x08,0x83,0xff,0x08,0x83,0xff,0x08,0x83,0xff,0x08,0x83,0xff,0x08,0x83,0xff,0x01,0xe4,0xc8,0x00,0x00,0x00,0x00,0x00,0x00,
    0x00,0x00,0x00,0x00,0x00,0x00,0x01,0xe4,0xc8,0x08,0x83,0xff,0x08,0x83,0xff,0x08,0x83,0xff,0x08,0x83,0xff,0x08,0x83,0xff,
    0x08,0x83,0xff,0x08,0x83,0xff,0x08,0x83,0xff,0x08,0x83,0xff,0x08,0x83,0xff,0x08,0x83,0xff,0x08,0x83,0xff,0x08,0x83,0xff,
    0x08,0x83,0xff,0x08,0x83,0xff,0x08,0x83,0xff,0x08,0x83,0xff,0x08,0x83,0xff,0x08,0x83,0xff,0x08,0x83,0xff,0x08,0x83,0xff,
    0x08,0x83,0xff,0x08,0x83,0xff,0x08,0x83,0xff,0x08,0x83,0xff,0x08,0x83,0xff,0x08,0x83,0xff,0x08,0x83,0xff,0x08,0x83,0xff,
    0x08,0x83,0xff,0x08,0x83,0xff,0x08,0x83,0xff,0x08,0x83,0xff,0x08,0x83,0xff,0x08,0x83,0xff,0x08,0x83,0xff,0x08,0x83,0xff,
    0x08,0x83,0xff,0x08,0x83,0xff,0x08,0x83,0xff,0x08,0x83,0xff,0x08,0x83,0xff,0x08,0x83,0xff,0x08,0x83,0xff,0x08,0x83,0xff,
    0x08,0x83,0xff,0x08,0x83,0xff,0x08,0x83,0xff,0x08,0x83,0xff,0x08,0x83,0xff,0x08,0x83,0xff,0x08,0x82,0xff,0x08,0x82,0xff,
    0x08,0x83,0xff,0x08,0xa3,0xff,0x08,0xc3,0xff,0x09,0x03,0xff,0x09,0x24,0xff,0x09,0x64,0xff,0x09,0xa4,0xff,0x09,0xc5,0xff,
    0x07,0xf1,0xff,0x07,0xf1,0xff,0x07,0xf1,0xff,0x07,0xf1,0xff,0x07,0xf1,0xff,0x07,0xf1,0xff,0x07,0xf1,0xff,0x09,0xc5,0xff,
    0x09,0xa4,0xff,0x09,0x64,0xff,0x09,0x24,0xff,0x07,0xf1,0xff,0x07,0xf1,0xff,0x08,0xa3,0xff,0x08,0x83,0xff,0x08,0x82,0xff,
    0x08,0x82,0xff,0x08,0x83,0xff,0x08,0x83,0xff,0x08,0x83,0xff,0x08,0x83,0xff,0x08,0x83,0xff,0x08,0x83,0xff,0x08,0x83,0xff,
    0x08,0x83,0xff,0x08,0x83,0xff,0x08,0x83,0xff,0x08,0x83,0xff,0x08,0x83,0xff,0x08,0x83,0xff,0x08,0x83,0xff,0x08,0x83,0xff,
    0x08,0x83,0xff,0x08,0x83,0xff,0x08,0x83,0xff,0x08,0x83,0xff,0x08,0x83,0xff,0x08,0x83,0xff,0x08,0x83,0xff,0x08,0x83,0xff,
    0x08,0x83,0xff,0x08,0x83,0xff,0x08,0x83,0xff,0x08,0x83,0xff,0x08,0x83,0xff,0x08,0x83,0xff,0x08,0x83,0xff,0x08,0x83,0xff,
    0x08,0x83,0xff,0x08,0x83,0xff,0x08,0x83,0xff,0x08,0x83,0xff,0x08,0x83,0xff,0x08,0x83,0xff,0x08,0x83,0xff,0x08,0x83,0xff,
    0x08,0x83,0xff,0x08,0x83,0xff,0x08,0x83,0xff,0x08,0x83,0xff,0x08,0x83,0xff,0x08,0x83,0xff,0x08,0x83,0xff,0x08,0x83,0xff,
    0x08,0x83,0xff,0x08,0x83,0xff,0x08,0x83,0xff,0x08,0x83,0xff,0x08,0x83,0xff,0x01,0xe4,0xc8,0x00,0x00,0x00,0x00,0x00,0x00,
    0x00,0x00,0x00,0x00,0x00,0x00,0x01,0xe4,0xc8,0x08,0x83,0xff,0x08,0x83,0xff,0x08,0x83,0xff,0x08,0x83,0xff,0x08,0x83,0xff,
    0x08,0x83,0xff,0x08,0x83,0xff,0x08,0x83,0xff,0x08,0x83,0xff,0x08,0x83,0xff,0x08,0x83,0xff,0x08,0x83,0xff,0x08,0x83,0xff,
    0x08,0x83,0xff,0x08,0x83,0xff,0x08,0x83,0xff,0x08,0x83,0xff,0x08,0x83,0xff,0x08,0x83,0xff,0x08,0x83,0xff,0x08,0x83,0xff,
    0x08,0x83,0xff,0x08,0x83,0xff,0x08,0x83,0xff,0x08,0x83,0xff,0x08,0x83,0xff,0x08,0x83,0xff,0x08,0x83,0xff,0x08,0x83,0xff,
    0x08,0x83,0xff,0x08,0x83,0xff,0x08,0x83,0xff,0x08,0x83,0xff,0x08,0x83,0xff,0x08,0x83,0xff,0x08,0x83,0xff,0x08,0x83,0xff,
    0x08,0x83,0xff,0x08,0x83,0xff,0x08,0x83,0xff,0x08,0x83,0xff,0x08,0x83,0xff,0x08,0x83,0xff,0x08,0x83,0xff,0x08,0x83,0xff,
    0x08,0x83,0xff,0x08,0x83,0xff,0x08,0x83,0xff,0x08,0x83,0xff,0x08,0x83,0xff,0x08,0x82,0xff,0x08,0x82,0xff,0x08,0x82,0xff,
    0x08,0xa3,0xff,0x08,0xc3,0xff,0x08,0xe3,0xff,0x09,0x23,0xff,0x09,0x64,0xff,0x07,0xf1,0xff,0x07,0xf1,0xff,0x07,0xf1,0xff,
    0x07,0xf1,0xff,0x07,0xf1,0xff,0x07,0xf1,0xff,0x07,0xf1,0xff,0x09,0xe5,0xff,0x09,0xc5,0xff,0x09,0xa4,0xff,0x09,0x64,0xff,
    0x09,0x44,0xff,0x09,0x23,0xff,0x09,0x03,0xff,0x07,0xf1,0xff,0x07,0xf1,0xff,0x08,0xa3,0xff,0x08,0x82,0xff,0x08,0x82,0xff,
    0x08,0x82,0xff,0x08,0x83,0xff,0x08,0x83,0xff,0x08,0x83,0xff,0x08,0x83,0xff,0x08,0x83,0xff,0x08,0x83,0xff,0x08,0x83,0xff,
    0x08,0x83,0xff,0x08,0x83,0xff,0x08,0x83,0xff,0x08,0x83,0xff,0x08,0x83,0xff,0x08,0x83,0xff,0x08,0x83,0xff,0x08,0x83,0xff,
    0x08,0x83,0xff,0x08,0x83,0xff,0x08,0x83,0xff,0x08,0x83,0xff,0x08,0x83,0xff,0x08,0x83,0xff,0x08,0x83,0xff,0x08,0x83,0xff,
    0x08,0x83,0xff,0x08,0x83,0xff,0x08,0x83,0xff,0x08,0x83,0xff,0x08,0x83,0xff,0x08,0x83,0xff,0x08,0x83,0xff,0x08,0x83,0xff,
    0x08,0x83,0xff,0x08,0x83,0xff,0x08,0x83,0xff,0x08,0x83,0xff,0x08,0x83,0xff,0x08,0x83,0xff,0x08,0x83,0xff,0x08,0x83,0xff,
    0x08,0x83,0xff,0x08,0x83,0xff,0x08,0x83,0xff,0x08,0x83,0xff,0x08,0x83,0xff,0x08,0x83,0xff,0x08,0x83,0xff,0x08,0x83,0xff,
    0x08,0x83,0xff,0x08,0x83,0xff,0x08,0x83,0xff,0x08,0x83,0xff,0x08,0x83,0xff,0x01,0xe4,0xc8,0x00,0x00,0x00,0x00,0x00,0x00,
    0x00,0x00,0x00,0x00,0x00,0x00,0x01,0xe4,0xc8,0x08,0x83,0xff,0x08,0x83,0xff,0x08,0x83,0xff,0x08,0x83,0xff,0x08,0x83,0xff,
    0x08,0x83,0xff,0x08,0x83,0xff,0x08,0x83,0xff,0x08,0x83,0xff,0x08,0x83,0xff,0x08,0x83,0xff,0x08,0x83,0xff,0x08,0x83,0xff,
    0x08,0x83,0xff,0x08,0x83,0xff,0x08,0x83,0xff,0x08,0x83,0xff,0x08,0x83,0xff,0x08,0x83,0xff,0x08,0x83,0xff,0x08,0x83,0xff,
    0x08,0x83,0xff,0x08,0x83,0xff,0x08,0x83,0xff,0x08,0x83,0xff,0x08,0x83,0xff,0x08,0x83,0xff,0x08,0x83,0xff,0x08,0x83,0xff,
    0x08,0x83,0xff,0x08,0x83,0xff,0x08,0x83,0xff,0x08,0x83,0xff,0x08,0x83,0xff,0x08,0x83,0xff,0x08,0x83,0xff,0x08,0x83,0xff,
    0x08,0x83,0xff,0x08,0x83,0xff,0x08,0x83,0xff,0x08,0x83,0xff,0x08,0x83,0xff,0x08,0x83,0xff,0x08,0x83,0xff,0x08,0x83,0xff,
    0x08,0x83,0xff,0x08,0x83,0xff,0x08,0x83,0xff,0x08,0x83,0xff,0x08,0x83,0xff,0x08,0x82,0xff,0x08,0x82,0xff,0x08,0x82,0xff,
    0x08,0xa3,0xff,0x08,0xc3,0xff,0x07,0xf1,0xff,0x07,0xf1,0xff,0x07,0xf1,0xff,0x07,0xf1,0xff,0x07,0xf1,0xff,0x07,0xf1,0xff,
    0x07,0xf1,0xff,0x09,0xc5,0xff,0x09,0xc5,0xff,0x09,0xa4,0xff,0x09,0x84,0xff,0x09,0x64,0xff,0x09,0x44,0xff,0x09,0x23,0xff,
    0x09,0x03,0xff,0x08,0xe3,0xff,0x08,0xc3,0xff,0x07,0xf1,0xff,0x07,0xf1,0xff,0x08,0x82,0xff,0x08,0x82,0xff,0x08,0x82,0xff,
    0x08,0x83,0xff,0x08,0x83,0xff,0x08,0x83,0xff,0x08,0x83,0xff,0x08,0x83,0xff,0x08,0x83,0xff,0x08,0x83,0xff,0x08,0x83,0xff,
    0x08,0x83,0xff,0x08,0x83,0xff,0x08,0x83,0xff,0x08,0x83,0xff,0x08,0x83,0xff,0x08,0x83,0xff,0x08,0x83,0xff,0x08,0x83,0xff,
    0x08,0x83,0xff,0x08,0x83,0xff,0x08,0x83,0xff,0x08,0x83,0xff,0x08,0x83,0xff,0x08,0x83,0xff,0x08,0x83,0xff,0x08,0x83,0xff,
    0x08,0x83,0xff,0x08,0x83,0xff,0x08,0x83,0xff,0x08,0x83,0xff,0x08,0x83,0xff,0x08,0x83,0xff,0x08,0x83,0xff,0x08,0x83,0xff,
    0x08,0x83,0xff,0x08,0x83,0xff,0x08,0x83,0xff,0x08,0x83,0xff,0x08,0x83,0xff,0x08,0x83,0xff,0x08,0x83,0xff,0x08,0x83,0xff,
    0x08,0x83,0xff,0x08,0x83,0xff,0x08,0x83,0xff,0x08,0x83,0xff,0x08,0x83,0xff,0x08,0x83,0xff,0x08,0x83,0xff,0x08,0x83,0xff,
    0x08,0x83,0xff,0x08,0x83,0xff,0x08,0x83,0xff,0x08,0x83,0xff,0x08,0x83,0xff,0x01,0xe4,0xc8,0x00,0x00,0x00,0x00,0x00,0x00,
    0x00,0x00,0x00,0x00,0x00,0x00,0x01,0xe4,0xc8,0x08,0x83,0xff,0x08,0x83,0xff,0x08,0x83,0xff,0x08,0x83,0xff,0x08,0x83,0xff,
    0x08,0x83,0xff,0x08,0x83,0xff,0x08,0x83,0xff,0x08,0x83,0xff,0x08,0x83,0xff,0x08,0x83,0xff,0x08,0x83,0xff,0x08,0x83,0xff,
    0x08,0x83,0xff,0x08,0x83,0xff,0x08,0x83,0xff,0x08,0x83,0xff,0x08,0x83,0xff,0x08,0x83,0xff,0x08,0x83,0xff,0x08,0x83,0xff,
    0x08,0x83,0xff,0x08,0x83,0xff,0x08,0x83,0xff,0x08,0x83,0xff,0x08,0x83,0xff,0x08,0x83,0xff,0x08,0x83,0xff,0x08,0x83,0xff,
    0x08,0x83,0xff,0x08,0x83,0xff,0x08,0x83,0xff,0x08,0x83,0xff,0x08,0x83,0xff,0x08,0x83,0xff,0x08,0x83,0xff,0x08,0x83,0xff,
    0x08,0x83,0xff,0x08,0x83,0xff,0x08,0x83,0xff,0x08,0x83,0xff,0x08,0x83,0xff,0x08,0x83,0xff,0x08,0x83,0xff,0x08,0x83,0xff,
    0x08,0x83,0xff,0x08,0x83,0xff,0x08,0x83,0xff,0x08,0x83,0xff,0x08,0x83,0xff,0x08,0x82,0xff,0x08,0x82,0xff,0x08,0x82,0xff,
    0x08,0xa3,0xff,0x07,0xf1,0xff,0x07,0xf1,0xff,0x07,0xf1,0xff,0x07,0xf1,0xff,0x07,0xf1,0xff,0x09,0xa4,0xff,0x09,0xa4,0xff,
    0x09,0x84,0xff,0x09,0x84,0xff,0x09,0x64,0xff,0x09,0x44,0xff,0x09,0x23,0xff,0x09,0x03,0xff,0x08,0xe3,0xff,0x08,0xc3,0xff,
    0x08,0xc3,0xff,0x08,0xa3,0xff,0x08,0xa3,0xff,0x07,0xf1,0xff,0x07,0xf1,0xff,0x08,0x82,0xff,0x08,0x82,0xff,0x08,0x82,0xff,
    0x08,0x83,0xff,0x08,0x83,0xff,0x08,0x83,0xff,0x08,0x83,0xff,0x08,0x83,0xff,0x08,0x83,0xff,0x08,0x83,0xff,0x08,0x83,0xff,
    0x08,0x83,0xff,0x08,0x83,0xff,0x08,0x83,0xff,0x08,0x83,0xff,0x08,0x83,0xff,0x08,0x83,0xff,0x08,0x83,0xff,0x08,0x83,0xff,
    0x08,0x83,0xff,0x08,0x83,0xff,0x08,0x83,0xff,0x08,0x83,0xff,0x08,0x83,0xff,0x08,0x83,0xff,0x08,0x83,0xff,0x08,0x83,0xff,
    0x08,0x83,0xff,0x08,0x83,0xff,0x08,0x83,0xff,0x08,0x83,0xff,0x08,0x83,0xff,0x08,0x83,0xff,0x08,0x83,0xff,0x08,0x83,0xff,
    0x08,0x83,0xff,0x08,0x83,0xff,0x08,0x83,0xff,0x08,0x83,0xff,0x08,0x83,0xff,0x08,0x83,0xff,0x08,0x83,0xff,0x08,0x83,0xff,
    0x08,0x83,0xff,0x08,0x83,0xff,0x08,0x83,0xff,0x08,0x83,0xff,0x08,0x83,0xff,0x08,0x83,0xff,0x08,0x83,0xff,0x08,0x83,0xff,
    0x08,0x83,0xff,0x08,0x83,0xff,0x08,0x83,0xff,0x08,0x83,0xff,0x08,0x83,0xff,0x01,0xe4,0xc8,0x00,0x00,0x00,0x00,0x00,0x00,
    0x00,0x00,0x00,0x00,0x00,0x00,0x01,0xe4,0xc8,0x08,0x83,0xff,0x08,0x83,0xff,0x08,0x83,0xff,0x08,0x83,0xff,0x08,0x83,0xff,
    0x08,0x83,0xff,0x08,0x83,0xff,0x08,0x83,0xff,0x08,0x83,0xff,0x08,0x83,0xff,0x08,0x83,0xff,0x08,0x83,0xff,0x08,0x83,0xff,
    0x08,0x83,0xff,0x08,0x83,0xff,0x08,0x83,0xff,0x08,0x83,0xff,0x08,0x83,0xff,0x08,0x83,0xff,0x08,0x83,0xff,0x08,0x83,0xff,
    0x08,0x83,0xff,0x08,0x83,0xff,0x08,0x83,0xff,0x08,0x83,0xff,0x08,0x83,0xff,0x08,0x83,0xff,0x08,0x83,0xff,0x08,0x83,0xff,
    0x08,0x83,0xff,0x08,0x83,0xff,0x08,0x83,0xff,0x08,0x83,0xff,0x08,0x83,0xff,0x08,0x83,0xff,0x08,0x83,0xff,0x08,0x83,0xff,
    0x08,0x83,0xff,0x08,0x83,0xff,0x08,0x83,0xff,0x08,0x83,0xff,0x08,0x83,0xff,0x08,0x83,0xff,0x08,0x83,0xff,0x08,0x83,0xff,
    0x08,0x83,0xff,0x08,0x83,0xff,0x08,0x83,0xff,0x08,0x83,0xff,0x08,0x83,0xff,0x08,0x83,0xff,0x08,0x82,0xff,0x08,0x82,0xff,
    0x08,0x83,0xff,0x07,0xf1,0xff,0x07,0xf1,0xff,0x09,0x03,0xff,0x09,0x23,0xff,0x09,0x44,0xff,0x09,0x44,0xff,0x09,0x44,0xff,
    0x09,0x44,0xff,0x09,0x23,0xff,0x09,0x03,0xff,0x08,0xe3,0xff,0x08,0xc3,0xff,0x08,0xc3,0xff,0x08,0xa3,0xff,0x08,0xa3,0xff,
    0x08,0xa3,0xff,0x08,0x82,0xff,0x08,0x82,0xff,0x07,0xf1,0xff,0x07,0xf1,0xff,0x08,0x82,0xff,0x08,0x83,0xff,0x08,0x83,0xff,
    0x08,0x83,0xff,0x08,0x83,0xff,0x08,0x83,0xff,0x08,0x83,0xff,0x08,0x83,0xff,0x08,0x83,0xff,0x08,0x83,0xff,0x08,0x83,0xff,
    0x08,0x83,0xff,0x08,0x83,0xff,0x08,0x83,0xff,0x08,0x83,0xff,0x08,0x83,0xff,0x08,0x83,0xff,0x08,0x83,0xff,0x08,0x83,0xff,
    0x08,0x83,0xff,0x08,0x83,0xff,0x08,0x83,0xff,0x08,0x83,0xff,0x08,0x83,0xff,0x08,0x83,0xff,0x08,0x83,0xff,0x08,0x83,0xff,
    0x08,0x83,0xff,0x08,0x83,0xff,0x08,0x83,0xff,0x08,0x83,0xff,0x08,0x83,0xff,0x08,0x83,0xff,0x08,0x83,0xff,0x08,0x83,0xff,
    0x08,0x83,0xff,0x08,0x83,0xff,0x08,0x83,0xff,0x08,0x83,0xff,0x08,0x83,0xff,0x08,0x83,0xff,0x08,0x83,0xff,0x08,0x83,0xff,
    0x08,0x83,0xff,0x08,0x83,0xff,0x08,0x83,0xff,0x08,0x83,0xff,0x08,0x83,0xff,0x08,0x83,0xff,0x08,0x83,0xff,0x08,0x83,0xff,
    0x08,0x83,0xff,0x08,0x83,0xff,0x08,0x83,0xff,0x08,0x83,0xff,0x08,0x83,0xff,0x01,0xe4,0xc8,0x00,0x00,0x00,0x00,0x00,0x00,
    0x00,0x00,0x00,0x00,0x00,0x00,0x01,0xe4,0xc8,0x08,0x83,0xff,0x08,0x83,0xff,0x08,0x83,0xff,0x08,0x83,0xff,0x08,0x83,0xff,
    0x08,0x83,0xff,0x08,0x83,0xff,0x08,0x83,0xff,0x08,0x83,0xff,0x08,0x83,0xff,0x08,0x83,0xff,0x08,0x83,0xff,0x08,0x83,0xff,
    0x08,0x83,0xff,0x08,0x83,0xff,0x08,0x83,0xff,0x08,0x83,0xff,0x08,0x83,0xff,0x08,0x83,0xff,0x08,0x83,0xff,0x08,0x83,0xff,
    0x08,0x83,0xff,0x08,0x83,0xff,0x08,0x83,0xff,0x08,0x83,0xff,0x08,0x83,0xff,0x08,0x83,0xff,0x08,0x83,0xff,0x08,0x83,0xff,
    0x08,0x83,0xff,0x08,0x83,0xff,0x08,0x83,0xff,0x08,0x83,0xff,0x08,0x83,0xff,0x08,0x83,0xff,0x08,0x83,0xff,0x08,0x83,0xff,
    0x08,0x83,0xff,0x08,0x83,0xff,0x08,0x83,0xff,0x08,0x83,0xff,0x08,0x83,0xff,0x08,0x83,0xff,0x08,0x83,0xff,0x08,0x83,0xff,
    0x08,0x83,0xff,0x08,0x83,0xff,0x08,0x83,0xff,0x08,0x83,0xff,0x08,0x83,0xff,0x08,0x83,0xff,0x08,0x82,0xff,0x08,0x82,0xff,
    0x08,0x82,0xff,0x07,0xf1,0xff,0x07,0xf1,0xff,0x08,0xc3,0xff,0x08,0xe3,0xff,0x08,0xe3,0xff,0x09,0x03,0xff,0x08,0xe3,0xff,
    0x08,0xe3,0xff,0x08,0xc3,0xff,0x08,0xc3,0xff,0x08,0xa3,0xff,0x08,0xa3,0xff,0x08,0xa3,0xff,0x08,0x83,0xff,0x08,0x82,0xff,
    0x08,0x82,0xff,0x08,0x82,0xff,0x08,0x82,0xff,0x07,0xf1,0xff,0x07,0xf1,0xff,0x08,0x83,0xff,0x08,0x83,0xff,0x08,0x83,0xff,
    0x08,0x83,0xff,0x08,0x83,0xff,0x08,0x83,0xff,0x08,0x83,0xff,0x08,0x83,0xff,0x08,0x83,0xff,0x08,0x83,0xff,0x08,0x83,0xff,
    0x08,0x83,0xff,0x08,0x83,0xff,0x08,0x83,0xff,0x08,0x83,0xff,0x08,0x83,0xff,0x08,0x83,0xff,0x08,0x83,0xff,0x08,0x83,0xff,
    0x08,0x83,0xff,0x08,0x83,0xff,0x08,0x83,0xff,0x08,0x83,0xff,0x08,0x83,0xff,0x08,0x83,0xff,0x08,0x83,0xff,0x08,0x83,0xff,
    0x08,0x83,0xff,0x08,0x83,0xff,0x08,0x83,0xff,0x08,0x83,0xff,0x08,0x83,0xff,0x08,0x83,0xff,0x08,0x83,0xff,0x08,0x83,0xff,
    0x08,0x83,0xff,0x08,0x83,0xff,0x08,0x83,0xff,0x08,0x83,0xff,0x08,0x83,0xff,0x08,0x83,0xff,0x08,0x83,0xff,0x08,0x83,0xff,
    0x08,0x83,0xff,0x08,0x83,0xff,0x08,0x83,0xff,0x08,0x83,0xff,0x08,0x83,0xff,0x08,0x83,0xff,0x08,0x83,0xff,0x08,0x83,0xff,
    0x08,0x83,0xff,0x08,0x83,0xff,0x08,0x83,0xff,0x08,0x83,0xff,0x08,0x83,0xff,0x01,0xe4,0xc8,0x00,0x00,0x00,0x00,0x00,0x00,
    0x00,0x00,0x00,0x00,0x00,0x00,0x01,0xe4,0xc8,0x08,0x83,0xff,0x08,0x83,0xff,0x08,0x83,0xff,0x08,0x83,0xff,0x08,0x83,0xff,
    0x08,0x83,0xff,0x08,0x83,0xff,0x08,0x83,0xff,0x08,0x83,0xff,0x08,0x83,0xff,0x08,0x83,0xff,0x08,0x83,0xff,0x08,0x83,0xff,
    0x08,0x83,0xff,0x08,0x83,0xff,0x08,0x83,0xff,0x08,0x83,0xff,0x08,0x83,0xff,0x08,0x83,0xff,0x08,0x83,0xff,0x08,0x83,0xff,
    0x08,0x83,0xff,0x08,0x83,0xff,0x08,0x83,0xff,0x08,0x83,0xff,0x08,0x83,0xff,0x08,0x83,0xff,0x08,0x83,0xff,0x08,0x83,0xff,
    0x08,0x83,0xff,0x08,0x83,0xff,0x08,0x83,0xff,0x08,0x83,0xff,0x08,0x83,0xff,0x08,0x83,0xff,0x08,0x83,0xff,0x08,0x83,0xff,
    0x08,0x83,0xff,0x08,0x83,0xff,0x08,0x83,0xff,0x08,0x83,0xff,0x08,0x83,0xff,0x08,0x83,0xff,0x08,0x83,0xff,0x08,0x83,0xff,
    0x08,0x83,0xff,0x08,0x83,0xff,0x08,0x83,0xff,0x08,0x83,0xff,0x08,0x83,0xff,0x08,0x83,0xff,0x08,0x82,0xff,0x08,0x82,0xff,
    0x08,0x82,0xff,0x07,0xf1,0xff,0x07,0xf1,0xff,0x08,0xa3,0xff,0x08,0xa3,0xff,0x08,0xc3,0xff,0x08,0xc3,0xff,0x08,0xa3,0xff,
    0x08,0xa3,0xff,0x08,0xa3,0xff,0x08,0xa3,0xff,0x08,0x83,0xff,0x08,0x82,0xff,0x08,0x82,0xff,0x08,0x82,0xff,0x08,0x82,0xff,
    0x08,0x82,0xff,0x08,0x83,0xff,0x08,0x83,0xff,0x07,0xf1,0xff,0x07,0xf1,0xff,0x08,0x83,0xff,0x08,0x83,0xff,0x08,0x83,0xff,
    0x08,0x83,0xff,0x08,0x83,0xff,0x08,0x83,0xff,0x08,0x83,0xff,0x08,0x83,0xff,0x08,0x83,0xff,0x08,0x83,0xff,0x08,0x83,0xff,
    0x08,0x83,0xff,0x08,0x83,0xff,0x08,0x83,0xff,0x08,0x83,0xff,0x08,0x83,0xff,0x08,0x83,0xff,0x08,0x83,0xff,0x08,0x83,0xff,
    0x08,0x83,0xff,0x08,0x83,0xff,0x08,0x83,0xff,0x08,0x83,0xff,0x08,0x83,0xff,0x08,0x83,0xff,0x08,0x83,0xff,0x08,0x83,0xff,
    0x08,0x83,0xff,0x08,0x83,0xff,0x08,0x83,0xff,0x08,0x83,0xff,0x08,0x83,0xff,0x08,0x83,0xff,0x08,0x83,0xff,0x08,0x83,0xff,
    0x08,0x83,0xff,0x08,0x83,0xff,0x08,0x83,0xff,0x08,0x83,0xff,0x08,0x83,0xff,0x08,0x83,0xff,0x08,0x83,0xff,0x08,0x83,0xff,
    0x08,0x83,0xff,0x08,0x83,0xff,0x08,0x83,0xff,0x08,0x83,0xff,0x08,0x83,0xff,0x08,0x83,0xff,0x08,0x83,0xff,0x08,0x83,0xff,
    0x08,0x83,0xff,0x08,0x83,0xff,0x08,0x83,0xff,0x08,0x83,0xff,0x08,0x83,0xff,0x01,0xe4,0xc8,0x00,0x00,0x00,0x00,0x00,0x00,
    0x00,0x00,0x00,0x00,0x00,0x00,0x01,0xe4,0xc8,0x08,0x83,0xff,0x08,0x83,0xff,0x08,0x83,0xff,0x08,0x83,0xff,0x08,0x83,0xff,
    0x08,0x83,0xff,0x08,0x83,0xff,0x08,0x83,0xff,0x08,0x83,0xff,0x08,0x83,0xff,0x08,0x83,0xff,0x08,0x83,0xff,0x08,0x83,0xff,
    0x08,0x83,0xff,0x08,0x83,0xff,0x08,0x83,0xff,0x08,0x83,0xff,0x08,0x83,0xff,0x08,0x83,0xff,0x08,0x83,0xff,0x08,0x83,0xff,
    0x08,0x83,0xff,0x08,0x83,0xff,0x08,0x83,0xff,0x08,0x83,0xff,0x08,0x83,0xff,0x08,0x83,0xff,0x08,0x83,0xff,0x08,0x83,0xff,
    0x08,0x83,0xff,0x08,0x83,0xff,0x08,0x83,0xff,0x08,0x83,0xff,0x08,0x83,0xff,0x08,0x83,0xff,0x08,0x83,0xff,0x08,0x83,0xff,
    0x08,0x83,0xff,0x08,0x83,0xff,0x08,0x83,0xff,0x08,0x83,0xff,0x08,0x83,0xff,0x08,0x83,0xff,0x08,0x83,0xff,0x08,0x83,0xff,
    0x08,0x83,0xff,0x08,0x83,0xff,0x08,0x83,0xff,0x08,0x83,0xff,0x08,0x83,0xff,0x08,0x83,0xff,0x08,0x83,0xff,0x08,0x82,0xff,
    0x08,0x82,0xff,0x07,0xf1,0xff,0x07,0xf1,0xff,0x08,0x82,0xff,0x08,0x83,0xff,0x08,0x83,0xff,0x08,0x83,0xff,0x08,0x83,0xff,
    0x08,0x82,0xff,0x08,0x82,0xff,0x08,0x82,0xff,0x08,0x82,0xff,0x08,0x82,0xff,0x08,0x82,0xff,0x08,0x82,0xff,0x08,0x83,0xff,
    0x08,0x83,0xff,0x08,0x83,0xff,0x08,0x83,0xff,0x07,0xf1,0xff,0x07,0xf1,0xff,0x08,0x83,0xff,0x08,0x83,0xff,0x08,0x83,0xff,
    0x08,0x83,0xff,0x08,0x83,0xff,0x08,0x83,0xff,0x08,0x83,0xff,0x08,0x83,0xff,0x08,0x83,0xff,0x08,0x83,0xff,0x08,0x82,0xff,
    0x08,0x82,0xff,0x08,0x82,0xff,0x08,0x82,0xff,0x08,0x82,0xff,0x08,0x82,0xff,0x08,0x82,0xff,0x08,0x83,0xff,0x08,0x83,0xff,
    0x08,0x83,0xff,0x08,0x83,0xff,0x08,0x83,0xff,0x08,0x83,0xff,0x08,0x83,0xff,0x08,0x83,0xff,0x08,0x83,0xff,0x08,0x83,0xff,
    0x08,0x83,0xff,0x08,0x83,0xff,0x08,0x83,0xff,0x08,0x83,0xff,0x08,0x83,0xff,0x08,0x83,0xff,0x08,0x83,0xff,0x08,0x83,0xff,
    0x08,0x83,0xff,0x08,0x83,0xff,0x08,0x83,0xff,0x08,0x83,0xff,0x08,0x83,0xff,0x08,0x83,0xff,0x08,0x83,0xff,0x08,0x83,0xff,
    0x08,0x83,0xff,0x08,0x83,0xff,0x08,0x83,0xff,0x08,0x83,0xff,0x08,0x83,0xff,0x08,0x83,0xff,0x08,0x83,0xff,0x08,0x83,0xff,
    0x08,0x83,0xff,0x08,0x83,0xff,0x08,0x83,0xff,0x08,0x83,0xff,0x08,0x83,0xff,0x01,0xe4,0xc8,0x00,0x00,0x00,0x00,0x00,0x00,
    0x00,0x00,0x00,0x00,0x00,0x00,0x01,0xe4,0xc8,0x08,0x83,0xff,0x08,0x83,0xff,0x08,0x83,0xff,0x08,0x83,0xff,0x08,0x83,0xff,
    0x08,0x83,0xff,0x08,0x83,0xff,0x08,0x83,0xff,0x08,0x83,0xff,0x08,0x83,0xff,0x08,0x83,0xff,0x08,0x83,0xff,0x08,0x83,0xff,
    0x08,0x83,0xff,0x08,0x83,0xff,0x08,0x83,0xff,0x08,0x83,0xff,0x08,0x83,0xff,0x08,0x83,0xff,0x08,0x83,0xff,0x08,0x83,0xff,
    0x08,0x83,0xff,0x08,0x83,0xff,0x08,0x83,0xff,0x08,0x83,0xff,0x08,0x83,0xff,0x08,0x83,0xff,0x08,0x83,0xff,0x08,0x83,0xff,
    0x08,0x83,0xff,0x08,0x83,0xff,0x08,0x83,0xff,0x08,0x83,0xff,0x08,0x83,0xff,0x08,0x83,0xff,0x08,0x83,0xff,0x08,0x83,0xff,
    0x08,0x83,0xff,0x08,0x83,0xff,0x08,0x83,0xff,0x08,0x83,0xff,0x08,0x83,0xff,0x08,0x83,0xff,0x08,0x83,0xff,0x08,0x83,0xff,
    0x08,0x83,0xff,0x08,0x83,0xff,0x08,0x83,0xff,0x08,0x83,0xff,0x08,0x83,0xff,0x08,0x83,0xff,0x08,0x83,0xff,0x08,0x83,0xff,
    0x08,0x83,0xff,0x07,0xf1,0xff,0x07,0xf1,0xff,0x08,0x82,0xff,0x08,0x82,0xff,0x08,0x82,0xff,0x08,0x82,0xff,0x08,0x82,0xff,
    0x08,0x82,0xff,0x08,0x82,0xff,0x08,0x82,0xff,0x08,0x82,0xff,0x08,0x83,0xff,0x08,0x83,0xff,0x08,0x83,0xff,0x08,0x83,0xff,
    0x08,0x83,0xff,0x08,0x83,0xff,0x08,0x83,0xff,0x07,0xf1,0xff,0x07,0xf1,0xff,0x08,0x83,0xff,0x08,0x83,0xff,0x08,0x83,0xff,
    0x08,0x83,0xff,0x08,0x83,0xff,0x08,0x83,0xff,0x08,0x83,0xff,0x08,0x83,0xff,0x08,0x83,0xff,0x08,0x82,0xff,0x08,0x82,0xff,
    0x08,0x82,0xff,0x08,0x82,0xff,0x08,0x82,0xff,0x08,0x82,0xff,0x08,0x82,0xff,0x08,0x82,0xff,0x08,0x82,0xff,0x08,0x82,0xff,
    0x08,0x83,0xff,0x08,0x83,0xff,0x08,0x83,0xff,0x08,0x83,0xff,0x08,0x83,0xff,0x08,0x83,0xff,0x08,0x83,0xff,0x08,0x83,0xff,
    0x08,0x83,0xff,0x08,0x83,0xff,0x08,0x83,0xff,0x08,0x83,0xff,0x08,0x83,0xff,0x08,0x83,0xff,0x08,0x83,0xff,0x08,0x83,0xff,
    0x08,0x83,0xff,0x08,0x83,0xff,0x08,0x83,0xff,0x08,0x83,0xff,0x08,0x83,0xff,0x08,0x83,0xff,0x08,0x83,0xff,0x08,0x83,0xff,
    0x08,0x83,0xff,0x08,0x83,0xff,0x08,0x83,0xff,0x08,0x83,0xff,0x08,0x83,0xff,0x08,0x83,0xff,0x08,0x83,0xff,0x08,0x83,0xff,
    0x08,0x83,0xff,0x08,0x83,0xff,0x08,0x83,0xff,0x08,0x83,0xff,0x08,0x83,0xff,0x01,0xe4,0xc8,0x00,0x00,0x00,0x00,0x00,0x00,
    0x00,0x00,0x00,0x00,0x00,0x00,0x01,0xe4,0xc8,0x08,0x83,0xff,0x08,0x83,0xff,0x08,0x83,0xff,0x08,0x83,0xff,0x08,0x83,0xff,
    0x08,0x83,0xff,0x08,0x83,0xff,0x08,0x83,0xff,0x08,0x83,0xff,0x08,0x83,0xff,0x08,0x83,0xff,0x08,0x83,0xff,0x08,0x83,0xff,
    0x08,0x83,0xff,0x08,0x83,0xff,0x08,0x83,0xff,0x08,0x83,0xff,0x08,0x83,0xff,0x08,0x83,0xff,0x08,0x83,0xff,0x08,0x83,0xff,
    0x08,0x83,0xff,0x08,0x83,0xff,0x08,0x83,0xff,0x08,0x83,0xff,0x08,0x83,0xff,0x08,0x83,0xff,0x08,0x83,0xff,0x08,0x83,0xff,
    0x08,0x83,0xff,0x08,0x83,0xff,0x08,0x83,0xff,0x08,0x83,0xff,0x08,0x83,0xff,0x08,0x83,0xff,0x08,0x83,0xff,0x08,0x83,0xff,
    0x08,0x83,0xff,0x08,0x83,0xff,0x08,0x83,0xff,0x08,0x83,0xff,0x08,0x83,0xff,0x08,0x83,0xff,0x08,0x83,0xff,0x08,0x83,0xff,
    0x08,0x83,0xff,0x08,0x83,0xff,0x08,0x83,0xff,0x08,0x83,0xff,0x08,0x83,0xff,0x08,0x83,0xff,0x08,0x83,0xff,0x08,0x83,0xff,
    0x08,0x83,0xff,0x07,0xf1,0xff,0x07,0xf1,0xff,0x08,0x82,0xff,0x08,0x82,0xff,0x08,0x82,0xff,0x08,0x82,0xff,0x08,0x82,0xff,
    0x08,0x82,0xff,0x08,0x83,0xff,0x08,0x83,0xff,0x08,0x83,0xff,0x08,0x83,0xff,0x08,0x83,0xff,0x08,0x83,0xff,0x08,0x83,0xff,
    0x08,0x83,0xff,0x08,0x83,0xff,0x08,0x83,0xff,0x07,0xf1,0xff,0x07,0xf1,0xff,0x08,0x83,0xff,0x08,0x83,0xff,0x08,0x83,0xff,
    0x08,0x83,0xff,0x08,0x83,0xff,0x08,0x83,0xff,0x08,0x83,0xff,0x08,0x83,0xff,0x08,0x82,0xff,0x08,0x82,0xff,0x08,0x82,0xff,
    0x08,0x83,0xff,0x08,0x83,0xff,0x08,0xa3,0xff,0x08,0xa3,0xff,0x08,0x83,0xff,0x08,0x83,0xff,0x08,0x82,0xff,0x08,0x82,0xff,
    0x08,0x82,0xff,0x08,0x82,0xff,0x08,0x83,0xff,0x08,0x83,0xff,0x08,0x83,0xff,0x08,0x83,0xff,0x08,0x83,0xff,0x08,0x83,0xff,
    0x08,0x83,0xff,0x08,0x83,0xff,0x08,0x83,0xff,0x08,0x83,0xff,0x08,0x83,0xff,0x08,0x83,0xff,0x08,0x83,0xff,0x08,0x83,0xff,
    0x08,0x83,0xff,0x08,0x83,0xff,0x08,0x83,0xff,0x08,0x83,0xff,0x08,0x83,0xff,0x08,0x83,0xff,0x08,0x83,0xff,0x08,0x83,0xff,
    0x08,0x83,0xff,0x08,0x83,0xff,0x08,0x83,0xff,0x08,0x83,0xff,0x08,0x83,0xff,0x08,0x83,0xff,0x08,0x83,0xff,0x08,0x83,0xff,
    0x08,0x83,0xff,0x08,0x83,0xff,0x08,0x83,0xff,0x08,0x83,0xff,0x08,0x83,0xff,0x01,0xe4,0xc8,0x00,0x00,0x00,0x00,0x00,0x00,
    0x00,0x00,0x00,0x00,0x00,0x00,0x01,0xe4,0xc8,0x08,0x83,0xff,0x08,0x83,0xff,0x08,0x83,0xff,0x08,0x83,0xff,0x08,0x83,0xff,
    0x08,0x83,0xff,0x08,0x83,0xff,0x08,0x83,0xff,0x08,0x83,0xff,0x08,0x83,0xff,0x08,0x83,0xff,0x08,0x83,0xff,0x08,0x83,0xff,
    0x08,0x83,0xff,0x08,0x83,0xff,0x08,0x83,0xff,0x08,0x83,0xff,0x08,0x83,0xff,0x08,0x83,0xff,0x08,0x83,0xff,0x08,0x83,0xff,
    0x08,0x83,0xff,0x08,0x83,0xff,0x08,0x83,0xff,0x08,0x83,0xff,0x08,0x83,0xff,0x08,0x83,0xff,0x08,0x83,0xff,0x08,0x83,0xff,
    0x08,0x83,0xff,0x08,0x83,0xff,0x08,0x83,0xff,0x08,0x83,0xff,0x08,0x83,0xff,0x08,0x83,0xff,0x08,0x83,0xff,0x08,0x83,0xff,
    0x08,0x83,0xff,0x08,0x83,0xff,0x08,0x83,0xff,0x08,0x83,0xff,0x08,0x83,0xff,0x08,0x83,0xff,0x08,0x83,0xff,0x08,0x83,0xff,
    0x08,0x83,0xff,0x08,0x83,0xff,0x08,0x83,0xff,0x08,0x83,0xff,0x08,0x83,0xff,0x08,0x83,0xff,0x08,0x83,0xff,0x08,0x83,0xff,
    0x08,0x83,0xff,0x07,0xf1,0xff,0x07,0xf1,0xff,0x08,0x83,0xff,0x08,0x83,0xff,0x08,0x83,0xff,0x08,0x83,0xff,0x08,0x83,0xff,
    0x08,0x83,0xff,0x08,0x83,0xff,0x08,0x83,0xff,0x08,0x83,0xff,0x08,0x83,0xff,0x08,0x83,0xff,0x08,0x83,0xff,0x08,0x83,0xff,
    0x08,0x83,0xff,0x08,0x83,0xff,0x08,0x83,0xff,0x07,0xf1,0xff,0x07,0xf1,0xff,0x08,0x83,0xff,0x08,0x83,0xff,0x08,0x83,0xff,
    0x08,0x83,0xff,0x08,0x83,0xff,0x08,0x83,0xff,0x08,0x83,0xff,0x08,0x83,0xff,0x08,0x82,0xff,0x08,0x82,0xff,0x08,0x83,0xff,
    0x08,0xa3,0xff,0x08,0xa3,0xff,0x07,0xf1,0xff,0x07,0xf1,0xff,0x08,0xa3,0xff,0x08,0xa3,0xff,0x08,0x83,0xff,0x08,0x83,0xff,
    0x08,0x82,0xff,0x08,0x82,0xff,0x08,0x82,0xff,0x08,0x82,0xff,0x08,0x83,0xff,0x08,0x83,0xff,0x08,0x83,0xff,0x08,0x83,0xff,
    0x08,0x83,0xff,0x08,0x83,0xff,0x08,0x83,0xff,0x08,0x83,0xff,0x08,0x83,0xff,0x08,0x83,0xff,0x08,0x83,0xff,0x08,0x83,0xff,
    0x08,0x83,0xff,0x08,0x83,0xff,0x08,0x83,0xff,0x08,0x83,0xff,0x08,0x83,0xff,0x08,0x83,0xff,0x08,0x83,0xff,0x08,0x83,0xff,
    0x08,0x83,0xff,0x08,0x83,0xff,0x08,0x83,0xff,0x08,0x83,0xff,0x08,0x83,0xff,0x08,0x83,0xff,0x08,0x83,0xff,0x08,0x83,0xff,
    0x08,0x83,0xff,0x08,0x83,0xff,0x08,0x83,0xff,0x08,0x83,0xff,0x08,0x83,0xff,0x01,0xe4,0xc8,0x00,0x00,0x00,0x00,0x00,0x00,
    0x00,0x00,0x00,0x00,0x00,0x00,0x01,0xe4,0xc8,0x08,0x83,0xff,0x08,0x83,0xff,0x08,0x83,0xff,0x08,0x83,0xff,0x08,0x83,0xff,
    0x08,0x83,0xff,0x08,0x83,0xff,0x08,0x83,0xff,0x08,0x83,0xff,0x08,0x83,0xff,0x08,0x83,0xff,0x08,0x83,0xff,0x08,0x83,0xff,
    0x08,0x83,0xff,0x08,0x83,0xff,0x08,0x83,0xff,0x08,0x83,0xff,0x08,0x83,0xff,0x08,0x83,0xff,0x08,0x83,0xff,0x08,0x83,0xff,
    0x08,0x83,0xff,0x08,0x83,0xff,0x08,0x83,0xff,0x08,0x83,0xff,0x08,0x83,0xff,0x08,0x83,0xff,0x08,0x83,0xff,0x08,0x83,0xff,
    0x08,0x83,0xff,0x08,0x83,0xff,0x08,0x83,0xff,0x08,0x83,0xff,0x08,0x83,0xff,0x08,0x83,0xff,0x08,0x83,0xff,0x08,0x83,0xff,
    0x08,0x83,0xff,0x08,0x83,0xff,0x08,0x83,0xff,0x08,0x83,0xff,0x08,0x83,0xff,0x08,0x83,0xff,0x08,0x83,0xff,0x08,0x83,0xff,
    0x08,0x83,0xff,0x08,0x83,0xff,0x08,0x83,0xff,0x08,0x83,0xff,0x08,0x83,0xff,0x08,0x83,0xff,0x08,0x83,0xff,0x08,0x83,0xff,
    0x08,0x83,0xff,0x07,0xf1,0xff,0x07,0xf1,0xff,0x08,0x83,0xff,0x08,0x83,0xff,0x08,0x83,0xff,0x08,0x83,0xff,0x08,0x83,0xff,
    0x08,0x83,0xff,0x08,0x83,0xff,0x08,0x83,0xff,0x08,0x83,0xff,0x08,0x83,0xff,0x08,0x83,0xff,0x08,0x83,0xff,0x08,0x83,0xff,
    0x08,0x83,0xff,0x08,0x83,0xff,0x08,0x83,0xff,0x07,0xf1,0xff,0x07,0xf1,0xff,0x08,0x83,0xff,0x08,0x83,0xff,0x08,0x83,0xff,
    0x08,0x83,0xff,0x08,0x83,0xff,0x08,0x83,0xff,0x08,0x83,0xff,0x08,0x82,0xff,0x08,0x82,0xff,0x08,0x83,0xff,0x08,0xa3,0xff,
    0x08,0xa3,0xff,0x08,0xc3,0xff,0x07,0xf1,0xff,0x07,0xf1,0xff,0x08,0xc3,0xff,0x08,0xc3,0xff,0x08,0xa3,0xff,0x08,0xa3,0xff,
    0x08,0x83,0xff,0x08,0x83,0xff,0x08,0x82,0xff,0x08,0x82,0xff,0x08,0x82,0xff,0x08,0x83,0xff,0x08,0x83,0xff,0x08,0x83,0xff,
    0x08,0x83,0xff,0x08,0x83,0xff,0x08,0x83,0xff,0x08,0x83,0xff,0x08,0x83,0xff,0x08,0x83,0xff,0x08,0x83,0xff,0x08,0x83,0xff,
    0x08,0x83,0xff,0x08,0x83,0xff,0x08,0x83,0xff,0x08,0x83,0xff,0x08,0x83,0xff,0x08,0x83,0xff,0x08,0x83,0xff,0x08,0x83,0xff,
    0x08,0x83,0xff,0x08,0x83,0xff,0x08,0x83,0xff,0x08,0x83,0xff,0x08,0x83,0xff,0x08,0x83,0xff,0x08,0x83,0xff,0x08,0x83,0xff,
    0x08,0x83,0xff,0x08,0x83,0xff,0x08,0x83,0xff,0x08,0x83,0xff,0x08,0x83,0xff,0x01,0xe4,0xc8,0x00,0x00,0x00,0x00,0x00,0x00,
    0x00,0x00,0x00,0x00,0x00,0x00,0x01,0xe4,0xc8,0x08,0x83,0xff,0x08,0x83,0xff,0x08,0x83,0xff,0x08,0x83,0xff,0x08,0x83,0xff,
    0x08,0x83,0xff,0x08,0x83,0xff,0x08,0x83,0xff,0x08,0x83,0xff,0x08,0x83,0xff,0x08,0x83,0xff,0x08,0x83,0xff,0x08,0x83,0xff,
    0x08,0x83,0xff,0x08,0x83,0xff,0x08,0x83,0xff,0x08,0x83,0xff,0x08,0x83,0xff,0x08,0x83,0xff,0x08,0x83,0xff,0x08,0x83,0xff,
    0x08,0x83,0xff,0x08,0x83,0xff,0x08,0x83,0xff,0x08,0x83,0xff,0x08,0x83,0xff,0x08,0x83,0xff,0x08,0x83,0xff,0x08,0x83,0xff,
    0x08,0x83,0xff,0x08,0x83,0xff,0x08,0x83,0xff,0x08,0x83,0xff,0x08,0x83,0xff,0x08,0x83,0xff,0x08,0x83,0xff,0x08,0x83,0xff,
    0x08,0x83,0xff,0x08,0x83,0xff,0x08,0x83,0xff,0x08,0x83,0xff,0x08,0x83,0xff,0x08,0x83,0xff,0x08,0x83,0xff,0x08,0x83,0xff,
    0x08,0x83,0xff,0x08,0x83,0xff,0x08,0x83,0xff,0x08,0x83,0xff,0x08,0x83,0xff,0x08,0x83,0xff,0x08,0x83,0xff,0x08,0x83,0xff,
    0x08,0x83,0xff,0x07,0xf1,0xff,0x07,0xf1,0xff,0x08,0x83,0xff,0x08,0x83,0xff,0x08,0x83,0xff,0x08,0x83,0xff,0x08,0x83,0xff,
    0x08,0x83,0xff,0x08,0x83,0xff,0x08,0x83,0xff,0x08,0x83,0xff,0x08,0x83,0xff,0x08,0x83,0xff,0x08,0x83,0xff,0x08,0x83,0xff,
    0x08,0x83,0xff,0x08,0x83,0xff,0x08,0x83,0xff,0x07,0xf1,0xff,0x07,0xf1,0xff,0x08,0x83,0xff,0x08,0x83,0xff,0x08,0x83,0xff,
    0x08,0x83,0xff,0x08,0x83,0xff,0x08,0x82,0xff,0x08,0x82,0xff,0x08,0x82,0xff,0x08,0x83,0xff,0x08,0xa3,0xff,0x08,0xa3,0xff,
    0x08,0xc3,0xff,0x08,0xe3,0xff,0x07,0xf1,0xff,0x07,0xf1,0xff,0x08,0xe3,0xff,0x08,0xe3,0xff,0x08,0xc3,0xff,0x08,0xc3,0xff,
    0x08,0xa3,0xff,0x08,0xa3,0xff,0x08,0x83,0xff,0x08,0x82,0xff,0x08,0x82,0xff,0x08,0x82,0xff,0x08,0x82,0xff,0x08,0x83,0xff,
    0x08,0x83,0xff,0x08,0x83,0xff,0x08,0x83,0xff,0x08,0x83,0xff,0x08,0x83,0xff,0x08,0x83,0xff,0x08,0x83,0xff,0x08,0x83,0xff,
    0x08,0x83,0xff,0x08,0x83,0xff,0x08,0x83,0xff,0x08,0x83,0xff,0x08,0x83,0xff,0x08,0x83,0xff,0x08,0x83,0xff,0x08,0x83,0xff,
    0x08,0x83,0xff,0x08,0x83,0xff,0x08,0x83,0xff,0x08,0x83,0xff,0x08,0x83,0xff,0x08,0x83,0xff,0x08,0x83,0xff,0x08,0x83,0xff,
    0x08,0x83,0xff,0x08,0x83,0xff,0x08,0x83,0xff,0x08,0x83,0xff,0x08,0x83,0xff,0x01,0xe4,0xc8,0x00,0x00,0x00,0x00,0x00,0x00,
    0x00,0x00,0x00,0x00,0x00,0x00,0x01,0xe4,0xc8,0x08,0x83,0xff,0x08,0x83,0xff,0x08,0x83,0xff,0x08,0x83,0xff,0x08,0x83,0xff,
    0x08,0x83,0xff,0x08,0x83,0xff,0x08,0x83,0xff,0x08,0x83,0xff,0x08,0x83,0xff,0x08,0x83,0xff,0x08,0x83,0xff,0x08,0x83,0xff,
    0x08,0x83,0xff,0x08,0x83,0xff,0x08,0x83,0xff,0x08,0x83,0xff,0x08,0x83,0xff,0x08,0x83,0xff,0x08,0x83,0xff,0x08,0x83,0xff,
    0x08,0x83,0xff,0x08,0x83,0xff,0x08,0x83,0xff,0x08,0x83,0xff,0x08,0x83,0xff,0x08,0x83,0xff,0x08,0x83,0xff,0x08,0x83,0xff,
    0x08,0x83,0xff,0x08,0x83,0xff,0x08,0x83,0xff,0x08,0x83,0xff,0x08,0x83,0xff,0x08,0x83,0xff,0x08,0x83,0xff,0x08,0x83,0xff,
    0x08,0x83,0xff,0x08,0x83,0xff,0x08,0x83,0xff,0x08,0x83,0xff,0x08,0x83,0xff,0x08,0x83,0xff,0x08,0x83,0xff,0x08,0x83,0xff,
    0x08,0x83,0xff,0x08,0x83,0xff,0x08,0x83,0xff,0x08,0x83,0xff,0x08,0x83,0xff,0x08,0x83,0xff,0x08,0x83,0xff,0x08,0x83,0xff,
    0x08,0x83,0xff,0x07,0xf1,0xff,0x07,0xf1,0xff,0x08,0x83,0xff,0x08,0x83,0xff,0x08,0x83,0xff,0x08,0x83,0xff,0x08,0x83,0xff,
    0x08,0x83,0xff,0x08,0x83,0xff,0x08,0x83,0xff,0x08,0x83,0xff,0x08,0x83,0xff,0x08,0x83,0xff,0x08,0x83,0xff,0x08,0x83,0xff,
    0x08,0x83,0xff,0x08,0x83,0xff,0x08,0x83,0xff,0x07,0xf1,0xff,0x07,0xf1,0xff,0x08,0x83,0xff,0x08,0x83,0xff,0x08,0x83,0xff,
    0x08,0x83,0xff,0x08,0x82,0xff,0x08,0x82,0xff,0x08,0x82,0xff,0x08,0x83,0xff,0x08,0xa3,0xff,0x08,0xa3,0xff,0x08,0xc3,0xff,
    0x08,0xe3,0xff,0x09,0x03,0xff,0x07,0xf1,0xff,0x07,0xf1,0xff,0x09,0x03,0xff,0x09,0x03,0xff,0x08,0xe3,0xff,0x08,0xe3,0xff,
    0x07,0xf1,0xff,0x07,0xf1,0xff,0x08,0xa3,0xff,0x08,0xa3,0xff,0x08,0x83,0xff,0x08,0x82,0xff,0x08,0x82,0xff,0x08,0x82,0xff,
    0x08,0x83,0xff,0x08,0x83,0xff,0x08,0x83,0xff,0x08,0x83,0xff,0x08,0x83,0xff,0x08,0x83,0xff,0x08,0x83,0xff,0x08,0x83,0xff,
    0x08,0x83,0xff,0x08,0x83,0xff,0x08,0x83,0xff,0x08,0x83,0xff,0x08,0x83,0xff,0x08,0x83,0xff,0x08,0x83,0xff,0x08,0x83,0xff,
    0x08,0x83,0xff,0x08,0x83,0xff,0x08,0x83,0xff,0x08,0x83,0xff,0x08,0x83,0xff,0x08,0x83,0xff,0x08,0x83,0xff,0x08,0x83,0xff,
    0x08,0x83,0xff,0x08,0x83,0xff,0x08,0x83,0xff,0x08,0x83,0xff,0x08,0x83,0xff,0x01,0xe4,0xc8,0x00,0x00,0x00,0x00,0x00,0x00,
    0x00,0x00,0x00,0x00,0x00,0x00,0x01,0xe4,0xc8,0x08,0x83,0xff,0x08,0x83,0xff,0x08,0x83,0xff,0x08,0x83,0xff,0x08,0x83,0xff,
    0x08,0x83,0xff,0x08,0x83,0xff,0x08,0x83,0xff,0x08,0x83,0xff,0x08,0x83,0xff,0x08,0x83,0xff,0x08,0x83,0xff,0x08,0x83,0xff,
    0x08,0x83,0xff,0x08,0x83,0xff,0x08,0x83,0xff,0x08,0x83,0xff,0x08,0x83,0xff,0x08,0x83,0xff,0x08,0x83,0xff,0x08,0x83,0xff,
    0x08,0x83,0xff,0x08,0x83,0xff,0x08,0x83,0xff,0x08,0x83,0xff,0x08,0x83,0xff,0x08,0x83,0xff,0x08,0x83,0xff,0x08,0x83,0xff,
    0x08,0x83,0xff,0x08,0x83,0xff,0x08,0x83,0xff,0x08,0x83,0xff,0x08,0x83,0xff,0x08,0x83,0xff,0x08,0x83,0xff,0x08,0x83,0xff,
    0x08,0x83,0xff,0x08,0x83,0xff,0x08,0x83,0xff,0x08,0x83,0xff,0x08,0x83,0xff,0x08,0x83,0xff,0x08,0x83,0xff,0x08,0x83,0xff,
    0x08,0x83,0xff,0x08,0x83,0xff,0x08,0x83,0xff,0x08,0x83,0xff,0x08,0x83,0xff,0x08,0x83,0xff,0x08,0x83,0xff,0x08,0x83,0xff,
    0x08,0x83,0xff,0x07,0xf1,0xff,0x07,0xf1,0xff,0x08,0x83,0xff,0x08,0x83,0xff,0x08,0x83,0xff,0x08,0x83,0xff,0x08,0x83,0xff,
    0x08,0x83,0xff,0x08,0x83,0xff,0x08,0x83,0xff,0x08,0x83,0xff,0x08,0x82,0xff,0x08,0x82,0xff,0x08,0x82,0xff,0x08,0x82,0xff,
    0x08,0x82,0xff,0x08,0x83,0xff,0x08,0x83,0xff,0x07,0xf1,0xff,0x07,0xf1,0xff,0x08,0x83,0xff,0x08,0x83,0xff,0x08,0x83,0xff,
    0x08,0x82,0xff,0x08,0x82,0xff,0x08,0x82,0xff,0x08,0x83,0xff,0x08,0xa3,0xff,0x08,0xa3,0xff,0x08,0xc3,0xff,0x08,0xe3,0xff,
    0x09,0x03,0xff,0x09,0x23,0xff,0x07,0xf1,0xff,0x07,0xf1,0xff,0x09,0x24,0xff,0x09,0x23,0xff,0x09,0x03,0xff,0x09,0x03,0xff,
    0x07,0xf1,0xff,0x07,0xf1,0xff,0x08,0xc3,0xff,0x08,0xa3,0xff,0x08,0xa3,0xff,0x08,0x83,0xff,0x08,0x82,0xff,0x08,0x82,0xff,
    0x08,0x82,0xff,0x08,0x82,0xff,0x08,0x83,0xff,0x08,0x83,0xff,0x08,0x83,0xff,0x08,0x83,0xff,0x08,0x83,0xff,0x08,0x83,0xff,
    0x08,0x83,0xff,0x08,0x83,0xff,0x08,0x83,0xff,0x08,0x83,0xff,0x08,0x83,0xff,0x08,0x83,0xff,0x08,0x83,0xff,0x08,0x83,0xff,
    0x08,0x83,0xff,0x08,0x83,0xff,0x08,0x83,0xff,0x08,0x83,0xff,0x08,0x83,0xff,0x08,0x83,0xff,0x08,0x83,0xff,0x08,0x83,0xff,
    0x08,0x83,0xff,0x08,0x83,0xff,0x08,0x83,0xff,0x08,0x83,0xff,0x08,0x83,0xff,0x01,0xe4,0xc8,0x00,0x00,0x00,0x00,0x00,0x00,
    0x00,0x00,0x00,0x00,0x00,0x00,0x01,0xe4,0xc8,0x08,0x83,0xff,0x08,0x83,0xff,0x08,0x83,0xff,0x08,0x83,0xff,0x08,0x83,0xff,
    0x08,0x83,0xff,0x08,0x83,0xff,0x08,0x83,0xff,0x08,0x83,0xff,0x08,0x83,0xff,0x08,0x83,0xff,0x08,0x83,0xff,0x08,0x83,0xff,
    0x08,0x83,0xff,0x08,0x83,0xff,0x08,0x83,0xff,0x08,0x83,0xff,0x08,0x83,0xff,0x08,0x83,0xff,0x08,0x83,0xff,0x08,0x83,0xff,
    0x08,0x83,0xff,0x08,0x83,0xff,0x08,0x83,0xff,0x08,0x83,0xff,0x08,0x83,0xff,0x08,0x83,0xff,0x08,0x83,0xff,0x08,0x83,0xff,
    0x08,0x83,0xff,0x08,0x83,0xff,0x08,0x83,0xff,0x08,0x83,0xff,0x08,0x83,0xff,0x08,0x83,0xff,0x08,0x83,0xff,0x08,0x83,0xff,
    0x08,0x83,0xff,0x08,0x83,0xff,0x08,0x83,0xff,0x08,0x83,0xff,0x08,0x83,0xff,0x08,0x83,0xff,0x08,0x83,0xff,0x08,0x83,0xff,
    0x08,0x83,0xff,0x08,0x83,0xff,0x08,0x83,0xff,0x08,0x83,0xff,0x08,0x83,0xff,0x08,0x83,0xff,0x08,0x83,0xff,0x08,0x83,0xff,
    0x08,0x83,0xff,0x07,0xf1,0xff,0x07,0xf1,0xff,0x08,0x83,0xff,0x08,0x83,0xff,0x08,0x83,0xff,0x08,0x83,0xff,0x08,0x83,0xff,
    0x08,0x83,0xff,0x08,0x82,0xff,0x08,0x82,0xff,0x08,0x82,0xff,0x08,0x82,0xff,0x08,0x82,0xff,0x08,0x82,0xff,0x08,0x82,0xff,
    0x08,0x82,0xff,0x08,0x82,0xff,0x08,0x82,0xff,0x07,0xf1,0xff,0x07,0xf1,0xff,0x08,0x83,0xff,0x08,0x83,0xff,0x08,0x82,0xff,
    0x08,0x82,0xff,0x08,0x82,0xff,0x08,0x83,0xff,0x08,0xa3,0xff,0x08,0xa3,0xff,0x08,0xc3,0xff,0x08,0xe3,0xff,0x09,0x03,0xff,
    0x09,0x03,0xff,0x09,0x24,0xff,0x07,0xf1,0xff,0x07,0xf1,0xff,0x09,0x44,0xff,0x09,0x44,0xff,0x09,0x24,0xff,0x09,0x23,0xff,
    0x07,0xf1,0xff,0x07,0xf1,0xff,0x08,0xe3,0xff,0x08,0xc3,0xff,0x08,0xa3,0xff,0x08,0xa3,0xff,0x08,0xa3,0xff,0x08,0x83,0xff,
    0x08,0x82,0xff,0x08,0x82,0xff,0x08,0x82,0xff,0x08,0x83,0xff,0x08,0x83,0xff,0x08,0x83,0xff,0x08,0x83,0xff,0x08,0x83,0xff,
    0x08,0x83,0xff,0x08,0x83,0xff,0x08,0x83,0xff,0x08,0x83,0xff,0x08,0x83,0xff,0x08,0x83,0xff,0x08,0x83,0xff,0x08,0x83,0xff,
    0x08,0x83,0xff,0x08,0x83,0xff,0x08,0x83,0xff,0x08,0x83,0xff,0x08,0x83,0xff,0x08,0x83,0xff,0x08,0x83,0xff,0x08,0x83,0xff,
    0x08,0x83,0xff,0x08,0x83,0xff,0x08,0x83,0xff,0x08,0x83,0xff,0x08,0x83,0xff,0x01,0xe4,0xc8,0x00,0x00,0x00,0x00,0x00,0x00,
    0x00,0x00,0x00,0x00,0x00,0x00,0x01,0xe4,0xc8,0x08,0x83,0xff,0x08,0x83,0xff,0x08,0x83,0xff,0x08,0x83,0xff,0x08,0x83,0xff,
    0x08,0x83,0xff,0x08,0x83,0xff,0x08,0x83,0xff,0x08,0x83,0xff,0x08,0x83,0xff,0x08,0x83,0xff,0x08,0x83,0xff,0x08,0x83,0xff,
    0x08,0x83,0xff,0x08,0x83,0xff,0x08,0x83,0xff,0x08,0x83,0xff,0x08,0x83,0xff,0x08,0x83,0xff,0x08,0x83,0xff,0x08,0x83,0xff,
    0x08,0x83,0xff,0x08,0x83,0xff,0x08,0x83,0xff,0x08,0x83,0xff,0x08,0x83,0xff,0x08,0x83,0xff,0x08,0x83,0xff,0x08,0x83,0xff,
    0x08,0x83,0xff,0x08,0x83,0xff,0x08,0x83,0xff,0x08,0x83,0xff,0x08,0x83,0xff,0x08,0x83,0xff,0x08,0x83,0xff,0x08,0x83,0xff,
    0x08,0x83,0xff,0x08,0x83,0xff,0x08,0x83,0xff,0x08,0x83,0xff,0x08,0x83,0xff,0x08,0x83,0xff,0x08,0x83,0xff,0x08,0x83,0xff,
    0x08,0x83,0xff,0x08,0x83,0xff,0x08,0x83,0xff,0x08,0x83,0xff,0x08,0x83,0xff,0x08,0x83,0xff,0x08,0x83,0xff,0x08,0x83,0xff,
    0x08,0x83,0xff,0x07,0xf1,0xff,0x07,0xf1,0xff,0x08,0x83,0xff,0x08,0x83,0xff,0x08,0x83,0xff,0x08,0x83,0xff,0x08,0x83,0xff,
    0x08,0x82,0xff,0x08,0x82,0xff,0x08,0x82,0xff,0x08,0x82,0xff,0x08,0x82,0xff,0x08,0x83,0xff,0x08,0x83,0xff,0x08,0x83,0xff,
    0x08,0x82,0xff,0x08,0x82,0xff,0x08,0x82,0xff,0x07,0xf1,0xff,0x07,0xf1,0xff,0x08,0x82,0xff,0x08,0x82,0xff,0x08,0x82,0xff,
    0x08,0x82,0xff,0x08,0x83,0xff,0x08,0xa3,0xff,0x08,0xa3,0xff,0x07,0xf1,0xff,0x07,0xf1,0xff,0x09,0x03,0xff,0x09,0x03,0xff,
    0x09,0x24,0xff,0x09,0x44,0xff,0x07,0xf1,0xff,0x07,0xf1,0xff,0x09,0x64,0xff,0x09,0x64,0xff,0x09,0x44,0xff,0x09,0x44,0xff,
    0x07,0xf1,0xff,0x07,0xf1,0xff,0x09,0x03,0xff,0x08,0xe3,0xff,0x08,0xc3,0xff,0x08,0xc3,0xff,0x08,0xa3,0xff,0x08,0xa3,0xff,
    0x08,0x83,0xff,0x08,0x82,0xff,0x08,0x82,0xff,0x08,0x83,0xff,0x08,0x83,0xff,0x08,0x83,0xff,0x08,0x83,0xff,0x08,0x83,0xff,
    0x08,0x83,0xff,0x08,0x83,0xff,0x08,0x83,0xff,0x08,0x83,0xff,0x08,0x83,0xff,0x08,0x83,0xff,0x08,0x83,0xff,0x08,0x83,0xff,
    0x08,0x83,0xff,0x08,0x83,0xff,0x08,0x83,0xff,0x08,0x83,0xff,0x08,0x83,0xff,0x08,0x83,0xff,0x08,0x83,0xff,0x08,0x83,0xff,
    0x08,0x83,0xff,0x08,0x83,0xff,0x08,0x83,0xff,0x08,0x83,0xff,0x08,0x83,0xff,0x01,0xe4,0xc8,0x00,0x00,0x00,0x00,0x00,0x00,
    0x00,0x00,0x00,0x00,0x00,0x00,0x01,0xe4,0xc8,0x08,0x83,0xff,0x08,0x83,0xff,0x08,0x83,0xff,0x08,0x83,0xff,0x08,0x83,0xff,
    0x08,0x83,0xff,0x08,0x83,0xff,0x08,0x83,0xff,0x08,0x83,0xff,0x08,0x83,0xff,0x08,0x83,0xff,0x08,0x83,0xff,0x08,0x83,0xff,
    0x08,0x83,0xff,0x08,0x83,0xff,0x08,0x83,0xff,0x08,0x83,0xff,0x08,0x83,0xff,0x08,0x83,0xff,0x08,0x83,0xff,0x08,0x83,0xff,
    0x08,0x83,0xff,0x08,0x83,0xff,0x08,0x83,0xff,0x08,0x83,0xff,0x08,0x83,0xff,0x08,0x83,0xff,0x08,0x83,0xff,0x08,0x83,0xff,
    0x08,0x83,0xff,0x08,0x83,0xff,0x08,0x83,0xff,0x08,0x83,0xff,0x08,0x83,0xff,0x08,0x83,0xff,0x08,0x83,0xff,0x08,0x83,0xff,
    0x08,0x83,0xff,0x08,0x83,0xff,0x08,0x83,0xff,0x08,0x83,0xff,0x08,0x83,0xff,0x08,0x83,0xff,0x08,0x83,0xff,0x08,0x83,0xff,
    0x08,0x83,0xff,0x08,0x83,0xff,0x08,0x83,0xff,0x08,0x83,0xff,0x08,0x83,0xff,0x08,0x83,0xff,0x08,0x83,0xff,0x08,0x83,0xff,
    0x08,0x83,0xff,0x07,0xf1,0xff,0x07,0xf1,0xff,0x08,0x83,0xff,0x08,0x83,0xff,0x08,0x83,0xff,0x08,0x83,0xff,0x08,0x82,0xff,
    0x08,0x82,0xff,0x08,0x82,0xff,0x08,0x83,0xff,0x08,0xa3,0xff,0x08,0xa3,0xff,0x08,0xc3,0xff,0x08,0xc3,0xff,0x08,0xc3,0xff,
    0x08,0xa3,0xff,0x08,0xa3,0xff,0x08,0x83,0xff,0x07,0xf1,0xff,0x07,0xf1,0xff,0x08,0x82,0xff,0x08,0x82,0xff,0x08,0x82,0xff,
    0x08,0x83,0xff,0x08,0xa3,0xff,0x08,0xa3,0xff,0x08,0xc3,0xff,0x07,0xf1,0xff,0x07,0xf1,0xff,0x09,0x23,0xff,0x09,0x24,0xff,
    0x09,0x44,0xff,0x09,0x64,0xff,0x07,0xf1,0xff,0x07,0xf1,0xff,0x09,0x64,0xff,0x09,0x64,0xff,0x09,0x64,0xff,0x09,0x64,0xff,
    0x07,0xf1,0xff,0x07,0xf1,0xff,0x09,0x23,0xff,0x09,0x03,0xff,0x08,0xe3,0xff,0x08,0xe3,0xff,0x07,0xf1,0xff,0x07,0xf1,0xff,
    0x08,0xa3,0xff,0x08,0x83,0xff,0x08,0x82,0xff,0x08,0x82,0xff,0x08,0x83,0xff,0x08,0x83,0xff,0x08,0x83,0xff,0x08,0x83,0xff,
    0x08,0x83,0xff,0x08,0x83,0xff,0x08,0x83,0xff,0x08,0x83,0xff,0x08,0x83,0xff,0x08,0x83,0xff,0x08,0x83,0xff,0x08,0x83,0xff,
    0x08,0x83,0xff,0x08,0x83,0xff,0x08,0x83,0xff,0x08,0x83,0xff,0x08,0x83,0xff,0x08,0x83,0xff,0x08,0x83,0xff,0x08,0x83,0xff,
    0x08,0x83,0xff,0x08,0x83,0xff,0x08,0x83,0xff,0x08,0x83,0xff,0x08,0x83,0xff,0x01,0xe4,0xc8,0x00,0x00,0x00,0x00,0x00,0x00,
    0x00,0x00,0x00,0x00,0x00,0x00,0x01,0xe4,0xc8,0x08,0x83,0xff,0x08,0x83,0xff,0x08,0x83,0xff,0x08,0x83,0xff,0x08,0x83,0xff,
    0x08,0x83,0xff,0x08,0x83,0xff,0x08,0x83,0xff,0x08,0x83,0xff,0x08,0x83,0xff,0x08,0x83,0xff,0x08,0x83,0xff,0x08,0x83,0xff,
    0x08,0x83,0xff,0x08,0x83,0xff,0x08,0x83,0xff,0x08,0x83,0xff,0x08,0x83,0xff,0x08,0x83,0xff,0x08,0x83,0xff,0x08,0x83,0xff,
    0x08,0x83,0xff,0x08,0x83,0xff,0x08,0x83,0xff,0x08,0x83,0xff,0x08,0x83,0xff,0x08,0x83,0xff,0x08,0x83,0xff,0x08,0x83,0xff,
    0x08,0x83,0xff,0x08,0x83,0xff,0x08,0x83,0xff,0x08,0x83,0xff,0x08,0x83,0xff,0x08,0x83,0xff,0x08,0x83,0xff,0x08,0x83,0xff,
    0x08,0x83,0xff,0x08,0x83,0xff,0x08,0x83,0xff,0x08,0x83,0xff,0x08,0x83,0xff,0x08,0x83,0xff,0x08,0x83,0xff,0x08,0x83,0xff,
    0x08,0x83,0xff,0x08,0x83,0xff,0x08,0x83,0xff,0x08,0x83,0xff,0x08,0x83,0xff,0x08,0x83,0xff,0x08,0x83,0xff,0x08,0x83,0xff,
    0x08,0x83,0xff,0x07,0xf1,0xff,0x07,0xf1,0xff,0x08,0x83,0xff,0x08,0x83,0xff,0x08,0x83,0xff,0x08,0x82,0xff,0x08,0x82,0xff,
    0x08,0x82,0xff,0x08,0xa3,0xff,0x08,0xa3,0xff,0x08,0xc3,0xff,0x08,0xe3,0xff,0x09,0x03,0xff,0x09,0x03,0xff,0x09,0x03,0xff,
    0x08,0xe3,0xff,0x08,0xc3,0xff,0x08,0xa3,0xff,0x07,0xf1,0xff,0x07,0xf1,0xff,0x08,0x82,0xff,0x08,0x82,0xff,0x08,0x82,0xff,
    0x08,0x83,0xff,0x08,0xa3,0xff,0x08,0xc3,0xff,0x08,0xe3,0xff,0x07,0xf1,0xff,0x07,0xf1,0xff,0x09,0x24,0xff,0x09,0x44,0xff,
    0x09,0x64,0xff,0x09,0x64,0xff,0x07,0xf1,0xff,0x07,0xf1,0xff,0x09,0x84,0xff,0x09,0x84,0xff,0x09,0x84,0xff,0x09,0x64,0xff,
    0x07,0xf1,0xff,0x07,0xf1,0xff,0x09,0x44,0xff,0x09,0x24,0xff,0x09,0x03,0xff,0x09,0x03,0xff,0x07,0xf1,0xff,0x07,0xf1,0xff,
    0x08,0xa3,0xff,0x08,0xa3,0xff,0x08,0x82,0xff,0x08,0x82,0xff,0x08,0x83,0xff,0x08,0x83,0xff,0x08,0x83,0xff,0x08,0x83,0xff,
    0x08,0x83,0xff,0x08,0x83,0xff,0x08,0x83,0xff,0x08,0x83,0xff,0x08,0x83,0xff,0x08,0x83,0xff,0x08,0x83,0xff,0x08,0x83,0xff,
    0x08,0x83,0xff,0x08,0x83,0xff,0x08,0x83,0xff,0x08,0x83,0xff,0x08,0x83,0xff,0x08,0x83,0xff,0x08,0x83,0xff,0x08,0x83,0xff,
    0x08,0x83,0xff,0x08,0x83,0xff,0x08,0x83,0xff,0x08,0x83,0xff,0x08,0x83,0xff,0x01,0xe4,0xc8,0x00,0x00,0x00,0x00,0x00,0x00,
    0x00,0x00,0x00,0x00,0x00,0x00,0x01,0xe4,0xc8,0x08,0x83,0xff,0x08,0x83,0xff,0x08,0x83,0xff,0x08,0x83,0xff,0x08,0x83,0xff,
    0x08,0x83,0xff,0x08,0x83,0xff,0x08,0x83,0xff,0x08,0x83,0xff,0x08,0x83,0xff,0x08,0x83,0xff,0x08,0x83,0xff,0x08,0x83,0xff,
    0x08,0x83,0xff,0x08,0x83,0xff,0x08,0x83,0xff,0x08,0x83,0xff,0x08,0x83,0xff,0x08,0x83,0xff,0x08,0x83,0xff,0x08,0x83,0xff,
    0x08,0x83,0xff,0x08,0x83,0xff,0x08,0x83,0xff,0x08,0x83,0xff,0x08,0x83,0xff,0x08,0x83,0xff,0x08,0x83,0xff,0x08,0x83,0xff,
    0x08,0x83,0xff,0x08,0x83,0xff,0x08,0x83,0xff,0x08,0x83,0xff,0x08,0x83,0xff,0x08,0x83,0xff,0x08,0x83,0xff,0x08,0x83,0xff,
    0x08,0x83,0xff,0x08,0x83,0xff,0x08,0x83,0xff,0x08,0x83,0xff,0x08,0x83,0xff,0x08,0x83,0xff,0x08,0x83,0xff,0x08,0x83,0xff,
    0x08,0x83,0xff,0x08,0x83,0xff,0x08,0x83,0xff,0x08,0x83,0xff,0x08,0x83,0xff,0x08,0x83,0xff,0x08,0x83,0xff,0x08,0x83,0xff,
    0x08,0x83,0xff,0x07,0xf1,0xff,0x07,0xf1,0xff,0x08,0x83,0xff,0x08,0x83,0xff,0x08,0x82,0xff,0x08,0x82,0xff,0x08,0x82,0xff,
    0x08,0xa3,0xff,0x08,0xc3,0xff,0x08,0xe3,0xff,0x09,0x23,0xff,0x07,0xf1,0xff,0x07,0xf1,0xff,0x07,0xf1,0xff,0x07,0xf1,0xff,
    0x07,0xf1,0xff,0x09,0x23,0xff,0x08,0xe3,0xff,0x07,0xf1,0xff,0x07,0xf1,0xff,0x08,0x83,0xff,0x08,0x83,0xff,0x08,0x83,0xff,
    0x08,0xa3,0xff,0x08,0xa3,0xff,0x08,0xc3,0xff,0x08,0xe3,0xff,0x07,0xf1,0xff,0x07,0xf1,0xff,0x09,0x44,0xff,0x09,0x64,0xff,
    0x09,0x64,0xff,0x09,0x84,0xff,0x07,0xf1,0xff,0x07,0xf1,0xff,0x09,0x84,0xff,0x09,0x84,0xff,0x09,0x84,0xff,0x09,0x84,0xff,
    0x07,0xf1,0xff,0x07,0xf1,0xff,0x09,0x44,0xff,0x09,0x44,0xff,0x09,0x24,0xff,0x09,0x23,0xff,0x07,0xf1,0xff,0x07,0xf1,0xff,
    0x08,0xc3,0xff,0x08,0xa3,0xff,0x08,0x83,0xff,0x08,0x82,0xff,0x08,0x82,0xff,0x08,0x83,0xff,0x08,0x83,0xff,0x08,0x83,0xff,
    0x08,0x83,0xff,0x08,0x83,0xff,0x08,0x83,0xff,0x08,0x83,0xff,0x08,0x83,0xff,0x08,0x83,0xff,0x08,0x83,0xff,0x08,0x83,0xff,
    0x08,0x83,0xff,0x08,0x83,0xff,0x08,0x83,0xff,0x08,0x83,0xff,0x08,0x83,0xff,0x08,0x83,0xff,0x08,0x83,0xff,0x08,0x83,0xff,
    0x08,0x83,0xff,0x08,0x83,0xff,0x08,0x83,0xff,0x08,0x83,0xff,0x08,0x83,0xff,0x01,0xe4,0xc8,0x00,0x00,0x00,0x00,0x00,0x00,
    0x00,0x00,0x00,0x00,0x00,0x00,0x01,0xe4,0xc8,0x08,0x83,0xff,0x08,0x83,0xff,0x08,0x83,0xff,0x08,0x83,0xff,0x08,0x83,0xff,
    0x08,0x83,0xff,0x08,0x83,0xff,0x08,0x83,0xff,0x08,0x83,0xff,0x08,0x83,0xff,0x08,0x83,0xff,0x08,0x83,0xff,0x08,0x83,0xff,
    0x08,0x83,0xff,0x08,0x83,0xff,0x08,0x83,0xff,0x08,0x83,0xff,0x08,0x83,0xff,0x08,0x83,0xff,0x08,0x83,0xff,0x08,0x83,0xff,
    0x08,0x83,0xff,0x08,0x83,0xff,0x08,0x83,0xff,0x08,0x83,0xff,0x08,0x83,0xff,0x08,0x83,0xff,0x08,0x83,0xff,0x08,0x83,0xff,
    0x08,0x83,0xff,0x08,0x83,0xff,0x08,0x83,0xff,0x08,0x83,0xff,0x08,0x83,0xff,0x08,0x83,0xff,0x08,0x83,0xff,0x08,0x83,0xff,
    0x08,0x83,0xff,0x08,0x83,0xff,0x08,0x83,0xff,0x08,0x83,0xff,0x08,0x83,0xff,0x08,0x83,0xff,0x08,0x83,0xff,0x08,0x83,0xff,
    0x08,0x83,0xff,0x08,0x83,0xff,0x08,0x82,0xff,0x08,0x82,0xff,0x08,0x82,0xff,0x08,0x82,0xff,0x08,0x82,0xff,0x08,0x83,0xff,
    0x08,0x83,0xff,0x07,0xf1,0xff,0x07,0xf1,0xff,0x08,0x83,0xff,0x08,0x82,0xff,0x08,0x82,0xff,0x08,0x82,0xff,0x08,0xa3,0xff,
    0x08,0xc3,0xff,0x09,0x03,0xff,0x09,0x44,0xff,0x07,0xf1,0xff,0x07,0xf1,0xff,0x07,0xf1,0xff,0x07,0xf1,0xff,0x07,0xf1,0xff,
    0x07,0xf1,0xff,0x07,0xf1,0xff,0x09,0x44,0xff,0x07,0xf1,0xff,0x07,0xf1,0xff,0x08,0xa3,0xff,0x08,0xa3,0xff,0x08,0xa3,0xff,
    0x08,0xa3,0xff,0x08,0xc3,0xff,0x08,0xe3,0xff,0x09,0x03,0xff,0x07,0xf1,0xff,0x07,0xf1,0xff,0x09,0x64,0xff,0x09,0x64,0xff,
    0x09,0x64,0xff,0x09,0x84,0xff,0x07,0xf1,0xff,0x07,0xf1,0xff,0x09,0x84,0xff,0x09,0x84,0xff,0x09,0x84,0xff,0x09,0x84,0xff,
    0x07,0xf1,0xff,0x07,0xf1,0xff,0x09,0x64,0xff,0x09,0x64,0xff,0x09,0x44,0xff,0x09,0x24,0xff,0x07,0xf1,0xff,0x07,0xf1,0xff,
    0x08,0xc3,0xff,0x08,0xa3,0xff,0x08,0x83,0xff,0x08,0x82,0xff,0x08,0x82,0xff,0x08,0x83,0xff,0x08,0x83,0xff,0x08,0x83,0xff,
    0x08,0x83,0xff,0x08,0x83,0xff,0x08,0x83,0xff,0x08,0x83,0xff,0x08,0x83,0xff,0x08,0x83,0xff,0x08,0x83,0xff,0x08,0x83,0xff,
    0x08,0x83,0xff,0x08,0x83,0xff,0x08,0x83,0xff,0x08,0x83,0xff,0x08,0x83,0xff,0x08,0x83,0xff,0x08,0x83,0xff,0x08,0x83,0xff,
    0x08,0x83,0xff,0x08,0x83,0xff,0x08,0x83,0xff,0x08,0x83,0xff,0x08,0x83,0xff,0x01,0xe4,0xc8,0x00,0x00,0x00,0x00,0x00,0x00,
    0x00,0x00,0x00,0x00,0x00,0x00,0x01,0xe4,0xc8,0x08,0x83,0xff,0x08,0x83,0xff,0x08,0x83,0xff,0x08,0x83,0xff,0x08,0x83,0xff,
    0x08,0x83,0xff,0x08,0x83,0xff,0x08,0x83,0xff,0x08,0x83,0xff,0x08,0x83,0xff,0x08,0x83,0xff,0x08,0x83,0xff,0x08,0x83,0xff,
    0x08,0x83,0xff,0x08,0x83,0xff,0x08,0x83,0xff,0x08,0x83,0xff,0x08,0x83,0xff,0x08,0x83,0xff,0x08,0x83,0xff,0x08,0x83,0xff,
    0x08,0x83,0xff,0x08,0x83,0xff,0x08,0x83,0xff,0x08,0x83,0xff,0x08,0x83,0xff,0x08,0x83,0xff,0x08,0x83,0xff,0x08,0x83,0xff,
    0x08,0x83,0xff,0x08,0x83,0xff,0x08,0x83,0xff,0x08,0x83,0xff,0x08,0x83,0xff,0x08,0x83,0xff,0x08,0x83,0xff,0x08,0x83,0xff,
    0x08,0x83,0xff,0x08,0x83,0xff,0x08,0x83,0xff,0x08,0x83,0xff,0x08,0x83,0xff,0x08,0x83,0xff,0x08,0x83,0xff,0x08,0x82,0xff,
    0x08,0x82,0xff,0x08,0x82,0xff,0x08,0x82,0xff,0x08,0x82,0xff,0x08,0x82,0xff,0x08,0x82,0xff,0x08,0x82,0xff,0x08,0x82,0xff,
    0x08,0x82,0xff,0x07,0xf1,0xff,0x07,0xf1,0xff,0x08,0x82,0xff,0x08,0x82,0xff,0x08,0x82,0xff,0x08,0x83,0xff,0x08,0xa3,0xff,
    0x08,0xe3,0xff,0x09,0x44,0xff,0x07,0xf1,0xff,0x07,0xf1,0xff,0x07,0xf1,0xff,0x07,0xf1,0xff,0x07,0xf1,0xff,0x07,0xf1,0xff,
    0x07,0xf1,0xff,0x07,0xf1,0xff,0x07,0xf1,0xff,0x07,0xf1,0xff,0x07,0xf1,0xff,0x08,0xc3,0xff,0x08,0xa3,0xff,0x08,0xa3,0xff,
    0x08,0xa3,0xff,0x08,0xc3,0xff,0x08,0xe3,0xff,0x09,0x03,0xff,0x07,0xf1,0xff,0x07,0xf1,0xff,0x09,0x64,0xff,0x09,0x64,0xff,
    0x09,0x84,0xff,0x09,0x84,0xff,0x07,0xf1,0xff,0x07,0xf1,0xff,0x09,0x84,0xff,0x09,0x84,0xff,0x09,0x84,0xff,0x09,0x84,0xff,
    0x07,0xf1,0xff,0x07,0xf1,0xff,0x09,0x64,0xff,0x09,0x64,0xff,0x09,0x44,0xff,0x09,0x24,0xff,0x07,0xf1,0xff,0x07,0xf1,0xff,
    0x08,0xc3,0xff,0x08,0xa3,0xff,0x08,0x83,0xff,0x08,0x82,0xff,0x08,0x82,0xff,0x08,0x83,0xff,0x08,0x83,0xff,0x08,0x83,0xff,
    0x08,0x83,0xff,0x08,0x83,0xff,0x08,0x83,0xff,0x08,0x83,0xff,0x08,0x83,0xff,0x08,0x83,0xff,0x08,0x83,0xff,0x08,0x83,0xff,
    0x08,0x83,0xff,0x08,0x83,0xff,0x08,0x83,0xff,0x08,0x83,0xff,0x08,0x83,0xff,0x08,0x83,0xff,0x08,0x83,0xff,0x08,0x83,0xff,
    0x08,0x83,0xff,0x08,0x83,0xff,0x08,0x83,0xff,0x08,0x83,0xff,0x08,0x83,0xff,0x01,0xe4,0xc8,0x00,0x00,0x00,0x00,0x00,0x00,
    0x00,0x00,0x00,0x00,0x00,0x00,0x01,0xe4,0xc8,0x08,0x83,0xff,0x08,0x83,0xff,0x08,0x83,0xff,0x08,0x83,0xff,0x08,0x83,0xff,
    0x08,0x83,0xff,0x08,0x83,0xff,0x08,0x83,0xff,0x08,0x83,0xff,0x08,0x83,0xff,0x08,0x83,0xff,0x08,0x83,0xff,0x08,0x83,0xff,
    0x08,0x83,0xff,0x08,0x83,0xff,0x08,0x83,0xff,0x08,0x83,0xff,0x08,0x83,0xff,0x08,0x83,0xff,0x08,0x83,0xff,0x08,0x83,0xff,
    0x08,0x83,0xff,0x08,0x83,0xff,0x08,0x83,0xff,0x08,0x83,0xff,0x08,0x83,0xff,0x08,0x83,0xff,0x08,0x83,0xff,0x08,0x83,0xff,
    0x08,0x83,0xff,0x08,0x83,0xff,0x08,0x83,0xff,0x08,0x83,0xff,0x08,0x83,0xff,0x08,0x83,0xff,0x08,0x83,0xff,0x08,0x83,0xff,
    0x08,0x83,0xff,0x08,0x83,0xff,0x08,0x83,0xff,0x08,0x83,0xff,0x08,0x83,0xff,0x08,0x83,0xff,0x08,0x82,0xff,0x08,0x82,0xff,
    0x08,0x82,0xff,0x08,0x82,0xff,0x08,0x82,0xff,0x08,0x83,0xff,0x08,0x83,0xff,0x08,0x83,0xff,0x08,0x82,0xff,0x08,0x82,0xff,
    0x08,0x82,0xff,0x07,0xf1,0xff,0x07,0xf1,0xff,0x08,0x82,0xff,0x08,0x82,0xff,0x08,0x82,0xff,0x08,0xa3,0xff,0x08,0xc3,0xff,
    0x09,0x23,0xff,0x07,0xf1,0xff,0x07,0xf1,0xff,0x07,0xf1,0xff,0x07,0xf1,0xff,0x07,0xf1,0xff,0x07,0xf1,0xff,0x07,0xf1,0xff,
    0x07,0xf1,0xff,0x07,0xf1,0xff,0x07,0xf1,0xff,0x07,0xf1,0xff,0x07,0xf1,0xff,0x08,0xe3,0xff,0x08,0xc3,0xff,0x08,0xa3,0xff,
    0x08,0xa3,0xff,0x08,0xc3,0xff,0x08,0xe3,0xff,0x09,0x03,0xff,0x07,0xf1,0xff,0x07,0xf1,0xff,0x09,0x64,0xff,0x09,0x64,0xff,
    0x09,0x64,0xff,0x09,0x84,0xff,0x07,0xf1,0xff,0x07,0xf1,0xff,0x09,0x84,0xff,0x09,0x84,0xff,0x09,0x84,0xff,0x09,0x84,0xff,
    0x07,0xf1,0xff,0x07,0xf1,0xff,0x09,0x64,0xff,0x09,0x64,0xff,0x09,0x44,0xff,0x09,0x24,0xff,0x07,0xf1,0xff,0x07,0xf1,0xff,
    0x08,0xc3,0xff,0x08,0xa3,0xff,0x08,0x83,0xff,0x08,0x82,0xff,0x08,0x82,0xff,0x08,0x83,0xff,0x08,0x83,0xff,0x08,0x83,0xff,
    0x08,0x83,0xff,0x08,0x83,0xff,0x08,0x83,0xff,0x08,0x83,0xff,0x08,0x83,0xff,0x08,0x83,0xff,0x08,0x83,0xff,0x08,0x83,0xff,
    0x08,0x83,0xff,0x08,0x83,0xff,0x08,0x83,0xff,0x08,0x83,0xff,0x08,0x83,0xff,0x08,0x83,0xff,0x08,0x83,0xff,0x08,0x83,0xff,
    0x08,0x83,0xff,0x08,0x83,0xff,0x08,0x83,0xff,0x08,0x83,0xff,0x08,0x83,0xff,0x01,0xe4,0xc8,0x00,0x00,0x00,0x00,0x00,0x00,
    0x00,0x00,0x00,0x00,0x00,0x00,0x01,0xe4,0xc8,0x08,0x83,0xff,0x08,0x83,0xff,0x08,0x83,0xff,0x08,0x83,0xff,0x08,0x83,0xff,
    0x08,0x83,0xff,0x08,0x83,0xff,0x08,0x83,0xff,0x08,0x83,0xff,0x08,0x83,0xff,0x08,0x83,0xff,0x08,0x83,0xff,0x08,0x83,0xff,
    0x08,0x83,0xff,0x08,0x83,0xff,0x08,0x83,0xff,0x08,0x83,0xff,0x08,0x83,0xff,0x08,0x83,0xff,0x08,0x83,0xff,0x08,0x83,0xff,
    0x08,0x83,0xff,0x08,0x83,0xff,0x08,0x83,0xff,0x08,0x83,0xff,0x08,0x83,0xff,0x08,0x83,0xff,0x08,0x83,0xff,0x08,0x83,0xff,
    0x08,0x83,0xff,0x08,0x83,0xff,0x08,0x83,0xff,0x08,0x83,0xff,0x08,0x83,0xff,0x08,0x83,0xff,0x08,0x83,0xff,0x08,0x83,0xff,
    0x08,0x83,0xff,0x08,0x83,0xff,0x08,0x83,0xff,0x08,0x83,0xff,0x08,0x83,0xff,0x08,0x82,0xff,0x08,0x82,0xff,0x08,0x82,0xff,
    0x08,0x83,0xff,0x08,0xa3,0xff,0x08,0xa3,0xff,0x08,0xc3,0xff,0x08,0xc3,0xff,0x08,0xc3,0xff,0x08,0xa3,0xff,0x08,0xa3,0xff,
    0x08,0x83,0xff,0x07,0xf1,0xff,0x07,0xf1,0xff,0x08,0x82,0xff,0x08,0x82,0xff,0x08,0xa3,0xff,0x08,0xa3,0xff,0x08,0xe3,0xff,
    0x07,0xf1,0xff,0x07,0xf1,0xff,0x07,0xf1,0xff,0x07,0xf1,0xff,0x07,0xf1,0xff,0x07,0xf1,0xff,0x07,0xf1,0xff,0x07,0xf1,0xff,
    0x07,0xf1,0xff,0x07,0xf1,0xff,0x07,0xf1,0xff,0x07,0xf1,0xff,0x07,0xf1,0xff,0x09,0x03,0xff,0x08,0xc3,0xff,0x08,0xc3,0xff,
    0x08,0xa3,0xff,0x08,0xc3,0xff,0x08,0xe3,0xff,0x08,0xe3,0xff,0x07,0xf1,0xff,0x07,0xf1,0xff,0x09,0x44,0xff,0x09,0x64,0xff,
    0x09,0x64,0xff,0x09,0x84,0xff,0x07,0xf1,0xff,0x07,0xf1,0xff,0x09,0x84,0xff,0x09,0x84,0xff,0x09,0x84,0xff,0x09,0x84,0xff,
    0x07,0xf1,0xff,0x07,0xf1,0xff,0x09,0x44,0xff,0x09,0x44,0xff,0x09,0x24,0xff,0x09,0x23,0xff,0x07,0xf1,0xff,0x07,0xf1,0xff,
    0x08,0xc3,0xff,0x08,0xa3,0xff,0x08,0x83,0xff,0x08,0x82,0xff,0x08,0x82,0xff,0x08,0x83,0xff,0x08,0x83,0xff,0x08,0x83,0xff,
    0x08,0x83,0xff,0x08,0x83,0xff,0x08,0x83,0xff,0x08,0x83,0xff,0x08,0x83,0xff,0x08,0x83,0xff,0x08,0x83,0xff,0x08,0x83,0xff,
    0x08,0x83,0xff,0x08,0x83,0xff,0x08,0x83,0xff,0x08,0x83,0xff,0x08,0x83,0xff,0x08,0x83,0xff,0x08,0x83,0xff,0x08,0x83,0xff,
    0x08,0x83,0xff,0x08,0x83,0xff,0x08,0x83,0xff,0x08,0x83,0xff,0x08,0x83,0xff,0x01,0xe4,0xc8,0x00,0x00,0x00,0x00,0x00,0x00,
    0x00,0x00,0x00,0x00,0x00,0x00,0x01,0xe4,0xc8,0x08,0x83,0xff,0x08,0x83,0xff,0x08,0x83,0xff,0x08,0x83,0xff,0x08,0x83,0xff,
    0x08,0x83,0xff,0x08,0x83,0xff,0x08,0x83,0xff,0x08,0x83,0xff,0x08,0x83,0xff,0x08,0x83,0xff,0x08,0x83,0xff,0x08,0x83,0xff,
    0x08,0x83,0xff,0x08,0x83,0xff,0x08,0x83,0xff,0x08,0x83,0xff,0x08,0x83,0xff,0x08,0x83,0xff,0x08,0x83,0xff,0x08,0x83,0xff,
    0x08,0x83,0xff,0x08,0x83,0xff,0x08,0x83,0xff,0x08,0x83,0xff,0x08,0x83,0xff,0x08,0x83,0xff,0x08,0x83,0xff,0x08,0x83,0xff,
    0x08,0x83,0xff,0x08,0x83,0xff,0x08,0x83,0xff,0x08,0x83,0xff,0x08,0x83,0xff,0x08,0x83,0xff,0x08,0x83,0xff,0x08,0x83,0xff,
    0x08,0x83,0xff,0x08,0x83,0xff,0x08,0x83,0xff,0x08,0x83,0xff,0x08,0x82,0xff,0x08,0x82,0xff,0x08,0x82,0xff,0x08,0xa3,0xff,
    0x08,0xa3,0xff,0x08,0xc3,0xff,0x08,0xe3,0xff,0x09,0x03,0xff,0x09,0x03,0xff,0x09,0x03,0xff,0x08,0xe3,0xff,0x08,0xc3,0xff,
    0x08,0xa3,0xff,0x07,0xf1,0xff,0x07,0xf1,0xff,0x08,0x82,0xff,0x08,0x82,0xff,0x08,0xa3,0xff,0x08,0xc3,0xff,0x09,0x03,0xff,
    0x07,0xf1,0xff,0x07,0xf1,0xff,0x07,0xf1,0xff,0x07,0xf1,0xff,0x07,0xf1,0xff,0x07,0xf1,0xff,0x07,0xf1,0xff,0x07,0xf1,0xff,
    0x07,0xf1,0xff,0x07,0xf1,0xff,0x07,0xf1,0xff,0x07,0xf1,0xff,0x07,0xf1,0xff,0x09,0x23,0xff,0x08,0xe3,0xff,0x08,0xc3,0xff,
    0x08,0xa3,0xff,0x08,0xc3,0xff,0x08,0xc3,0xff,0x08,0xe3,0xff,0x07,0xf1,0xff,0x07,0xf1,0xff,0x09,0x24,0xff,0x09,0x44,0xff,
    0x09,0x64,0xff,0x09,0x64,0xff,0x07,0xf1,0xff,0x07,0xf1,0xff,0x09,0x84,0xff,0x09,0x84,0xff,0x09,0x84,0xff,0x09,0x64,0xff,
    0x07,0xf1,0xff,0x07,0xf1,0xff,0x09,0x44,0xff,0x09,0x24,0xff,0x09,0x03,0xff,0x09,0x03,0xff,0x07,0xf1,0xff,0x07,0xf1,0xff,
    0x08,0xa3,0xff,0x08,0xa3,0xff,0x08,0x82,0xff,0x08,0x82,0xff,0x08,0x83,0xff,0x08,0x83,0xff,0x08,0x83,0xff,0x08,0x83,0xff,
    0x08,0x83,0xff,0x08,0x83,0xff,0x08,0x83,0xff,0x08,0x83,0xff,0x08,0x83,0xff,0x08,0x83,0xff,0x08,0x83,0xff,0x08,0x83,0xff,
    0x08,0x83,0xff,0x08,0x83,0xff,0x08,0x83,0xff,0x08,0x83,0xff,0x08,0x83,0xff,0x08,0x83,0xff,0x08,0x83,0xff,0x08,0x83,0xff,
    0x08,0x83,0xff,0x08,0x83,0xff,0x08,0x83,0xff,0x08,0x83,0xff,0x08,0x83,0xff,0x01,0xe4,0xc8,0x00,0x00,0x00,0x00,0x00,0x00,
    0x00,0x00,0x00,0x00,0x00,0x00,0x01,0xe4,0xc8,0x08,0x83,0xff,0x08,0x83,0xff,0x08,0x83,0xff,0x08,0x83,0xff,0x08,0x83,0xff,
    0x08,0x83,0xff,0x08,0x83,0xff,0x08,0x83,0xff,0x08,0x83,0xff,0x08,0x83,0xff,0x08,0x83,0xff,0x08,0x83,0xff,0x08,0x83,0xff,
    0x08,0x83,0xff,0x08,0x83,0xff,0x08,0x83,0xff,0x08,0x83,0xff,0x08,0x83,0xff,0x08,0x83,0xff,0x08,0x83,0xff,0x08,0x83,0xff,
    0x08,0x83,0xff,0x08,0x83,0xff,0x08,0x83,0xff,0x08,0x83,0xff,0x08,0x83,0xff,0x08,0x83,0xff,0x08,0x83,0xff,0x08,0x83,0xff,
    0x08,0x83,0xff,0x08,0x83,0xff,0x08,0x83,0xff,0x08,0x83,0xff,0x08,0x83,0xff,0x08,0x83,0xff,0x08,0x83,0xff,0x08,0x83,0xff,
    0x08,0x83,0xff,0x08,0x83,0xff,0x08,0x83,0xff,0x08,0x82,0xff,0x08,0x82,0xff,0x08,0x82,0xff,0x08,0xa3,0xff,0x08,0xc3,0xff,
    0x08,0xe3,0xff,0x09,0x23,0xff,0x07,0xf1,0xff,0x07,0xf1,0xff,0x07,0xf1,0xff,0x07,0xf1,0xff,0x07,0xf1,0xff,0x09,0x23,0xff,
    0x08,0xe3,0xff,0x07,0xf1,0xff,0x07,0xf1,0xff,0x08,0xa3,0xff,0x08,0xa3,0xff,0x08,0xa3,0xff,0x08,0xc3,0xff,0x09,0x23,0xff,
    0x07,0xf1,0xff,0x07,0xf1,0xff,0x07,0xf1,0xff,0x07,0xf1,0xff,0x07,0xf1,0xff,0x07,0xf1,0xff,0x07,0xf1,0xff,0x07,0xf1,0xff,
    0x07,0xf1,0xff,0x07,0xf1,0xff,0x07,0xf1,0xff,0x07,0xf1,0xff,0x07,0xf1,0xff,0x09,0x23,0xff,0x08,0xe3,0xff,0x08,0xc3,0xff,
    0x08,0xa3,0xff,0x08,0xa3,0xff,0x08,0xc3,0xff,0x08,0xc3,0xff,0x07,0xf1,0xff,0x07,0xf1,0xff,0x09,0x23,0xff,0x09,0x24,0xff,
    0x09,0x44,0xff,0x09,0x64,0xff,0x07,0xf1,0xff,0x07,0xf1,0xff,0x09,0x64,0xff,0x09,0x64,0xff,0x09,0x64,0xff,0x09,0x64,0xff,
    0x07,0xf1,0xff,0x07,0xf1,0xff,0x09,0x23,0xff,0x09,0x03,0xff,0x08,0xe3,0xff,0x08,0xe3,0xff,0x07,0xf1,0xff,0x07,0xf1,0xff,
    0x08,0xa3,0xff,0x08,0x83,0xff,0x08,0x82,0xff,0x08,0x82,0xff,0x08,0x83,0xff,0x08,0x83,0xff,0x08,0x83,0xff,0x08,0x83,0xff,
    0x08,0x83,0xff,0x08,0x83,0xff,0x08,0x83,0xff,0x08,0x83,0xff,0x08,0x83,0xff,0x08,0x83,0xff,0x08,0x83,0xff,0x08,0x83,0xff,
    0x08,0x83,0xff,0x08,0x83,0xff,0x08,0x83,0xff,0x08,0x83,0xff,0x08,0x83,0xff,0x08,0x83,0xff,0x08,0x83,0xff,0x08,0x83,0xff,
    0x08,0x83,0xff,0x08,0x83,0xff,0x08,0x83,0xff,0x08,0x83,0xff,0x08,0x83,0xff,0x01,0xe4,0xc8,0x00,0x00,0x00,0x00,0x00,0x00,
    0x00,0x00,0x00,0x00,0x00,0x00,0x01,0xe4,0xc8,0x08,0x83,0xff,0x08,0x83,0xff,0x08,0x83,0xff,0x08,0x83,0xff,0x08,0x83,0xff,
    0x08,0x83,0xff,0x08,0x83,0xff,0x08,0x83,0xff,0x08,0x83,0xff,0x08,0x83,0xff,0x08,0x83,0xff,0x08,0x83,0xff,0x08,0x83,0xff,
    0x08,0x83,0xff,0x08,0x83,0xff,0x08,0x83,0xff,0x08,0x83,0xff,0x08,0x83,0xff,0x08,0x83,0xff,0x08,0x83,0xff,0x08,0x83,0xff,
    0x08,0x83,0xff,0x08,0x83,0xff,0x08,0x83,0xff,0x08,0x83,0xff,0x08,0x83,0xff,0x08,0x83,0xff,0x08,0x83,0xff,0x08,0x83,0xff,
    0x08,0x83,0xff,0x08,0x83,0xff,0x08,0x83,0xff,0x08,0x83,0xff,0x08,0x83,0xff,0x08,0x83,0xff,0x08,0x83,0xff,0x08,0x83,0xff,
    0x08,0x83,0xff,0x08,0x83,0xff,0x08,0x83,0xff,0x08,0x82,0xff,0x08,0x82,0xff,0x08,0xa3,0xff,0x08,0xc3,0xff,0x09,0x03,0xff,
    0x09,0x44,0xff,0x07,0xf1,0xff,0x07,0xf1,0xff,0x07,0xf1,0xff,0x07,0xf1,0xff,0x07,0xf1,0xff,0x07,0xf1,0xff,0x07,0xf1,0xff,
    0x09,0x44,0xff,0x07,0xf1,0xff,0x07,0xf1,0xff,0x08,0xa3,0xff,0x08,0xa3,0xff,0x08,0xa3,0xff,0x08,0xc3,0xff,0x09,0x03,0xff,
    0x07,0xf1,0xff,0x07,0xf1,0xff,0x07,0xf1,0xff,0x07,0xf1,0xff,0x07,0xf1,0xff,0x07,0xf1,0xff,0x07,0xf1,0xff,0x07,0xf1,0xff,
    0x07,0xf1,0xff,0x07,0xf1,0xff,0x07,0xf1,0xff,0x07,0xf1,0xff,0x07,0xf1,0xff,0x09,0x03,0xff,0x08,0xc3,0xff,0x08,0xa3,0xff,
    0x08,0xa3,0xff,0x08,0xa3,0xff,0x08,0xa3,0xff,0x08,0xa3,0xff,0x07,0xf1,0xff,0x07,0xf1,0xff,0x09,0x03,0xff,0x09,0x03,0xff,
    0x09,0x24,0xff,0x09,0x44,0xff,0x07,0xf1,0xff,0x07,0xf1,0xff,0x09,0x64,0xff,0x09,0x64,0xff,0x09,0x44,0xff,0x09,0x44,0xff,
    0x07,0xf1,0xff,0x07,0xf1,0xff,0x09,0x03,0xff,0x08,0xe3,0xff,0x08,0xc3,0xff,0x08,0xc3,0xff,0x08,0xa3,0xff,0x08,0xa3,0xff,
    0x08,0x83,0xff,0x08,0x82,0xff,0x08,0x82,0xff,0x08,0x83,0xff,0x08,0x83,0xff,0x08,0x83,0xff,0x08,0x83,0xff,0x08,0x83,0xff,
    0x08,0x83,0xff,0x08,0x83,0xff,0x08,0x83,0xff,0x08,0x83,0xff,0x08,0x83,0xff,0x08,0x83,0xff,0x08,0x83,0xff,0x08,0x83,0xff,
    0x08,0x83,0xff,0x08,0x83,0xff,0x08,0x83,0xff,0x08,0x83,0xff,0x08,0x83,0xff,0x08,0x83,0xff,0x08,0x83,0xff,0x08,0x83,0xff,
    0x08,0x83,0xff,0x08,0x83,0xff,0x08,0x83,0xff,0x08,0x83,0xff,0x08,0x83,0xff,0x01,0xe4,0xc8,0x00,0x00,0x00,0x00,0x00,0x00,
    0x00,0x00,0x00,0x00,0x00,0x00,0x01,0xe4,0xc8,0x08,0x83,0xff,0x08,0x83,0xff,0x08,0x83,0xff,0x08,0x83,0xff,0x08,0x83,0xff,
    0x08,0x83,0xff,0x08,0x83,0xff,0x08,0x83,0xff,0x08,0x83,0xff,0x08,0x83,0xff,0x08,0x83,0xff,0x08,0x83,0xff,0x08,0x83,0xff,
    0x08,0x83,0xff,0x08,0x83,0xff,0x08,0x83,0xff,0x08,0x83,0xff,0x08,0x83,0xff,0x08,0x83,0xff,0x08,0x83,0xff,0x08,0x83,0xff,
    0x08,0x83,0xff,0x08,0x83,0xff,0x08,0x83,0xff,0x08,0x83,0xff,0x08,0x83,0xff,0x08,0x83,0xff,0x08,0x83,0xff,0x08,0x83,0xff,
    0x08,0x83,0xff,0x08,0x83,0xff,0x08,0x83,0xff,0x08,0x83,0xff,0x08,0x83,0xff,0x08,0x83,0xff,0x08,0x83,0xff,0x08,0x83,0xff,
    0x08,0x83,0xff,0x08,0x83,0xff,0x08,0x82,0xff,0x08,0x82,0xff,0x08,0x83,0xff,0x08,0xa3,0xff,0x08,0xe3,0xff,0x09,0x44,0xff,
    0x07,0xf1,0xff,0x07,0xf1,0xff,0x07,0xf1,0xff,0x07,0xf1,0xff,0x07,0xf1,0xff,0x07,0xf1,0xff,0x07,0xf1,0xff,0x07,0xf1,0xff,
    0x07,0xf1,0xff,0x07,0xf1,0xff,0x07,0xf1,0xff,0x08,0xc3,0xff,0x08,0xc3,0xff,0x08,0xc3,0xff,0x08,0xc3,0xff,0x09,0x03,0xff,
    0x07,0xf1,0xff,0x07,0xf1,0xff,0x07,0xf1,0xff,0x07,0xf1,0xff,0x07,0xf1,0xff,0x07,0xf1,0xff,0x07,0xf1,0xff,0x07,0xf1,0xff,
    0x07,0xf1,0xff,0x07,0xf1,0xff,0x07,0xf1,0xff,0x07,0xf1,0xff,0x07,0xf1,0xff,0x09,0x03,0xff,0x08,0xc3,0xff,0x08,0xa3,0xff,
    0x08,0x83,0xff,0x08,0x83,0xff,0x08,0xa3,0xff,0x08,0xa3,0xff,0x08,0xa3,0xff,0x08,0xc3,0xff,0x08,0xe3,0xff,0x09,0x03,0xff,
    0x09,0x03,0xff,0x09,0x24,0xff,0x07,0xf1,0xff,0x07,0xf1,0xff,0x09,0x44,0xff,0x09,0x44,0xff,0x09,0x24,0xff,0x09,0x23,0xff,
    0x07,0xf1,0xff,0x07,0xf1,0xff,0x08,0xe3,0xff,0x08,0xc3,0xff,0x08,0xa3,0xff,0x08,0xa3,0xff,0x08,0xa3,0xff,0x08,0x83,0xff,
    0x08,0x82,0xff,0x08,0x82,0xff,0x08,0x82,0xff,0x08,0x83,0xff,0x08,0x83,0xff,0x08,0x83,0xff,0x08,0x83,0xff,0x08,0x83,0xff,
    0x08,0x83,0xff,0x08,0x83,0xff,0x08,0x83,0xff,0x08,0x83,0xff,0x08,0x83,0xff,0x08,0x83,0xff,0x08,0x83,0xff,0x08,0x83,0xff,
    0x08,0x83,0xff,0x08,0x83,0xff,0x08,0x83,0xff,0x08,0x83,0xff,0x08,0x83,0xff,0x08,0x83,0xff,0x08,0x83,0xff,0x08,0x83,0xff,
    0x08,0x83,0xff,0x08,0x83,0xff,0x08,0x83,0xff,0x08,0x83,0xff,0x08,0x83,0xff,0x01,0xe4,0xc8,0x00,0x00,0x00,0x00,0x00,0x00,
    0x00,0x00,0x00,0x00,0x00,0x00,0x01,0xe4,0xc8,0x08,0x83,0xff,0x08,0x83,0xff,0x08,0x83,0xff,0x08,0x83,0xff,0x08,0x83,0xff,
    0x08,0x83,0xff,0x08,0x83,0xff,0x08,0x83,0xff,0x08,0x83,0xff,0x08,0x83,0xff,0x08,0x83,0xff,0x08,0x83,0xff,0x08,0x83,0xff,
    0x08,0x83,0xff,0x08,0x83,0xff,0x08,0x83,0xff,0x08,0x83,0xff,0x08,0x83,0xff,0x08,0x83,0xff,0x08,0x83,0xff,0x08,0x83,0xff,
    0x08,0x83,0xff,0x08,0x83,0xff,0x08,0x83,0xff,0x08,0x83,0xff,0x08,0x83,0xff,0x08,0x83,0xff,0x08,0x83,0xff,0x08,0x83,0xff,
    0x08,0x83,0xff,0x08,0x83,0xff,0x08,0x83,0xff,0x08,0x83,0xff,0x08,0x83,0xff,0x08,0x83,0xff,0x08,0x83,0xff,0x08,0x83,0xff,
    0x08,0x83,0xff,0x08,0x83,0xff,0x08,0x82,0xff,0x08,0x82,0xff,0x08,0xa3,0xff,0x08,0xc3,0xff,0x09,0x23,0xff,0x07,0xf1,0xff,
    0x07,0xf1,0xff,0x07,0xf1,0xff,0x07,0xf1,0xff,0x07,0xf1,0xff,0x07,0xf1,0xff,0x07,0xf1,0xff,0x07,0xf1,0xff,0x07,0xf1,0xff,
    0x07,0xf1,0xff,0x07,0xf1,0xff,0x07,0xf1,0xff,0x08,0xe3,0xff,0x08,0xc3,0xff,0x08,0xc3,0xff,0x08,0xc3,0xff,0x08,0xe3,0xff,
    0x09,0x24,0xff,0x07,0xf1,0xff,0x07,0xf1,0xff,0x07,0xf1,0xff,0x07,0xf1,0xff,0x07,0xf1,0xff,0x07,0xf1,0xff,0x07,0xf1,0xff,
    0x07,0xf1,0xff,0x07,0xf1,0xff,0x07,0xf1,0xff,0x07,0xf1,0xff,0x09,0x23,0xff,0x08,0xe3,0xff,0x08,0xa3,0xff,0x08,0x83,0xff,
    0x08,0x82,0xff,0x08,0x82,0xff,0x08,0x82,0xff,0x08,0x83,0xff,0x08,0xa3,0xff,0x08,0xa3,0xff,0x08,0xc3,0xff,0x08,0xe3,0xff,
    0x09,0x03,0xff,0x09,0x23,0xff,0x07,0xf1,0xff,0x07,0xf1,0xff,0x09,0x24,0xff,0x09,0x23,0xff,0x09,0x03,0xff,0x09,0x03,0xff,
    0x07,0xf1,0xff,0x07,0xf1,0xff,0x08,0xc3,0xff,0x08,0xa3,0xff,0x08,0xa3,0xff,0x08,0x83,0xff,0x08,0x82,0xff,0x08,0x82,0xff,
    0x08,0x82,0xff,0x08,0x82,0xff,0x08,0x83,0xff,0x08,0x83,0xff,0x08,0x83,0xff,0x08,0x83,0xff,0x08,0x83,0xff,0x08,0x83,0xff,
    0x08,0x83,0xff,0x08,0x83,0xff,0x08,0x83,0xff,0x08,0x83,0xff,0x08,0x83,0xff,0x08,0x83,0xff,0x08,0x83,0xff,0x08,0x83,0xff,
    0x08,0x83,0xff,0x08,0x83,0xff,0x08,0x83,0xff,0x08,0x83,0xff,0x08,0x83,0xff,0x08,0x83,0xff,0x08,0x83,0xff,0x08,0x83,0xff,
    0x08,0x83,0xff,0x08,0x83,0xff,0x08,0x83,0xff,0x08,0x83,0xff,0x08,0x83,0xff,0x01,0xe4,0xc8,0x00,0x00,0x00,0x00,0x00,0x00,
    0x00,0x00,0x00,0x00,0x00,0x00,0x01,0xe4,0xc8,0x08,0x83,0xff,0x08,0x83,0xff,0x08,0x83,0xff,0x08,0x83,0xff,0x08,0x83,0xff,
    0x08,0x83,0xff,0x08,0x83,0xff,0x08,0x83,0xff,0x08,0x83,0xff,0x08,0x83,0xff,0x08,0x83,0xff,0x08,0x83,0xff,0x08,0x83,0xff,
    0x08,0x83,0xff,0x08,0x83,0xff,0x08,0x83,0xff,0x08,0x83,0xff,0x08,0x83,0xff,0x08,0x83,0xff,0x08,0x83,0xff,0x08,0x83,0xff,
    0x08,0x83,0xff,0x08,0x83,0xff,0x08,0x83,0xff,0x08,0x83,0xff,0x08,0x83,0xff,0x08,0x83,0xff,0x08,0x83,0xff,0x08,0x83,0xff,
    0x08,0x83,0xff,0x08,0x83,0xff,0x08,0x83,0xff,0x08,0x83,0xff,0x08,0x83,0xff,0x08,0x83,0xff,0x08,0x83,0xff,0x08,0x83,0xff,
    0x08,0x83,0xff,0x08,0x82,0xff,0x08,0x82,0xff,0x08,0x83,0xff,0x08,0xa3,0xff,0x08,0xe3,0xff,0x07,0xf1,0xff,0x07,0xf1,0xff,
    0x07,0xf1,0xff,0x07,0xf1,0xff,0x07,0xf1,0xff,0x07,0xf1,0xff,0x07,0xf1,0xff,0x07,0xf1,0xff,0x07,0xf1,0xff,0x07,0xf1,0xff,
    0x07,0xf1,0xff,0x07,0xf1,0xff,0x07,0xf1,0xff,0x09,0x03,0xff,0x08,0xc3,0xff,0x08,0xc3,0xff,0x08,0xc3,0xff,0x08,0xc3,0xff,
    0x09,0x03,0xff,0x09,0x44,0xff,0x07,0xf1,0xff,0x07,0xf1,0xff,0x07,0xf1,0xff,0x07,0xf1,0xff,0x07,0xf1,0xff,0x07,0xf1,0xff,
    0x07,0xf1,0xff,0x07,0xf1,0xff,0x07,0xf1,0xff,0x09,0x44,0xff,0x08,0xe3,0xff,0x08,0xc3,0xff,0x08,0xa3,0xff,0x08,0x82,0xff,
    0x08,0x82,0xff,0x08,0x82,0xff,0x08,0x82,0xff,0x08,0x82,0xff,0x08,0x83,0xff,0x08,0xa3,0xff,0x08,0xa3,0xff,0x08,0xc3,0xff,
    0x08,0xe3,0xff,0x09,0x03,0xff,0x07,0xf1,0xff,0x07,0xf1,0xff,0x09,0x03,0xff,0x09,0x03,0xff,0x08,0xe3,0xff,0x08,0xe3,0xff,
    0x07,0xf1,0xff,0x07,0xf1,0xff,0x08,0xa3,0xff,0x08,0xa3,0xff,0x08,0x83,0xff,0x08,0x82,0xff,0x08,0x82,0xff,0x08,0x82,0xff,
    0x08,0x83,0xff,0x08,0x83,0xff,0x08,0x83,0xff,0x08,0x83,0xff,0x08,0x83,0xff,0x08,0x83,0xff,0x08,0x83,0xff,0x08,0x83,0xff,
    0x08,0x83,0xff,0x08,0x83,0xff,0x08,0x83,0xff,0x08,0x83,0xff,0x08,0x83,0xff,0x08,0x83,0xff,0x08,0x83,0xff,0x08,0x83,0xff,
    0x08,0x83,0xff,0x08,0x83,0xff,0x08,0x83,0xff,0x08,0x83,0xff,0x08,0x83,0xff,0x08,0x83,0xff,0x08,0x83,0xff,0x08,0x83,0xff,
    0x08,0x83,0xff,0x08,0x83,0xff,0x08,0x83,0xff,0x08,0x83,0xff,0x08,0x83,0xff,0x01,0xe4,0xc8,0x00,0x00,0x00,0x00,0x00,0x00,
    0x00,0x00,0x00,0x00,0x00,0x00,0x01,0xe4,0xc8,0x08,0x83,0xff,0x08,0x83,0xff,0x08,0x83,0xff,0x08,0x83,0xff,0x08,0x83,0xff,
    0x08,0x83,0xff,0x08,0x83,0xff,0x08,0x83,0xff,0x08,0x83,0xff,0x08,0x83,0xff,0x08,0x83,0xff,0x08,0x83,0xff,0x08,0x83,0xff,
    0x08,0x83,0xff,0x08,0x83,0xff,0x08,0x83,0xff,0x08,0x83,0xff,0x08,0x83,0xff,0x08,0x83,0xff,0x08,0x83,0xff,0x08,0x83,0xff,
    0x08,0x83,0xff,0x08,0x83,0xff,0x08,0x83,0xff,0x08,0x83,0xff,0x08,0x83,0xff,0x08,0x83,0xff,0x08,0x83,0xff,0x08,0x83,0xff,
    0x08,0x83,0xff,0x08,0x83,0xff,0x08,0x83,0xff,0x08,0x83,0xff,0x08,0x83,0xff,0x08,0x83,0xff,0x08,0x83,0xff,0x08,0x83,0xff,
    0x08,0x83,0xff,0x08,0x82,0xff,0x08,0x82,0xff,0x08,0x83,0xff,0x08,0xc3,0xff,0x09,0x03,0xff,0x07,0xf1,0xff,0x07,0xf1,0xff,
    0x07,0xf1,0xff,0x07,0xf1,0xff,0x07,0xf1,0xff,0x07,0xf1,0xff,0x07,0xf1,0xff,0x07,0xf1,0xff,0x07,0xf1,0xff,0x07,0xf1,0xff,
    0x07,0xf1,0xff,0x07,0xf1,0xff,0x07,0xf1,0xff,0x09,0x03,0xff,0x08,0xc3,0xff,0x08,0xa3,0xff,0x08,0xa3,0xff,0x08,0xa3,0xff,
    0x08,0xc3,0xff,0x09,0x03,0xff,0x09,0x44,0xff,0x07,0xf1,0xff,0x07,0xf1,0xff,0x07,0xf1,0xff,0x07,0xf1,0xff,0x07,0xf1,0xff,
    0x07,0xf1,0xff,0x07,0xf1,0xff,0x09,0x44,0xff,0x09,0x03,0xff,0x08,0xc3,0xff,0x08,0xa3,0xff,0x08,0x82,0xff,0x08,0x82,0xff,
    0x08,0x82,0xff,0x08,0x82,0xff,0x08,0x82,0xff,0x08,0x82,0xff,0x08,0x82,0xff,0x08,0x83,0xff,0x08,0xa3,0xff,0x08,0xa3,0xff,
    0x08,0xc3,0xff,0x08,0xe3,0xff,0x07,0xf1,0xff,0x07,0xf1,0xff,0x08,0xe3,0xff,0x08,0xe3,0xff,0x08,0xc3,0xff,0x08,0xc3,0xff,
    0x08,0xa3,0xff,0x08,0xa3,0xff,0x08,0x83,0xff,0x08,0x82,0xff,0x08,0x82,0xff,0x08,0x82,0xff,0x08,0x82,0xff,0x08,0x83,0xff,
    0x08,0x83,0xff,0x08,0x83,0xff,0x08,0x83,0xff,0x08,0x83,0xff,0x08,0x83,0xff,0x08,0x83,0xff,0x08,0x83,0xff,0x08,0x83,0xff,
    0x08,0x83,0xff,0x08,0x83,0xff,0x08,0x83,0xff,0x08,0x83,0xff,0x08,0x83,0xff,0x08,0x83,0xff,0x08,0x83,0xff,0x08,0x83,0xff,
    0x08,0x83,0xff,0x08,0x83,0xff,0x08,0x83,0xff,0x08,0x83,0xff,0x08,0x83,0xff,0x08,0x83,0xff,0x08,0x83,0xff,0x08,0x83,0xff,
    0x08,0x83,0xff,0x08,0x83,0xff,0x08,0x83,0xff,0x08,0x83,0xff,0x08,0x83,0xff,0x01,0xe4,0xc8,0x00,0x00,0x00,0x00,0x00,0x00,
    0x00,0x00,0x00,0x00,0x00,0x00,0x01,0xe4,0xc8,0x08,0x83,0xff,0x08,0x83,0xff,0x08,0x83,0xff,0x08,0x83,0xff,0x08,0x83,0xff,
    0x08,0x83,0xff,0x08,0x83,0xff,0x08,0x83,0xff,0x08,0x83,0xff,0x08,0x83,0xff,0x08,0x83,0xff,0x08,0x83,0xff,0x08,0x83,0xff,
    0x08,0x83,0xff,0x08,0x83,0xff,0x08,0x83,0xff,0x08,0x83,0xff,0x08,0x83,0xff,0x08,0x83,0xff,0x08,0x83,0xff,0x08,0x83,0xff,
    0x08,0x83,0xff,0x08,0x83,0xff,0x08,0x83,0xff,0x08,0x83,0xff,0x08,0x83,0xff,0x08,0x83,0xff,0x08,0x83,0xff,0x08,0x83,0xff,
    0x08,0x83,0xff,0x08,0x83,0xff,0x08,0x83,0xff,0x08,0x83,0xff,0x08,0x83,0xff,0x08,0x83,0xff,0x08,0x83,0xff,0x08,0x83,0xff,
    0x08,0x83,0xff,0x08,0x82,0xff,0x08,0x82,0xff,0x08,0xa3,0xff,0x08,0xc3,0xff,0x09,0x03,0xff,0x07,0xf1,0xff,0x07,0xf1,0xff,
    0x07,0xf1,0xff,0x07,0xf1,0xff,0x07,0xf1,0xff,0x07,0xf1,0xff,0x07,0xf1,0xff,0x07,0xf1,0xff,0x07,0xf1,0xff,0x07,0xf1,0xff,
    0x07,0xf1,0xff,0x07,0xf1,0xff,0x07,0xf1,0xff,0x09,0x23,0xff,0x08,0xc3,0xff,0x08,0xa3,0xff,0x08,0xa3,0xff,0x08,0xa3,0xff,
    0x08,0xa3,0xff,0x08,0xc3,0xff,0x08,0xe3,0xff,0x09,0x23,0xff,0x07,0xf1,0xff,0x07,0xf1,0xff,0x07,0xf1,0xff,0x07,0xf1,0xff,
    0x07,0xf1,0xff,0x09,0x23,0xff,0x08,0xe3,0xff,0x08,0xc3,0xff,0x08,0xa3,0xff,0x08,0x82,0xff,0x08,0x82,0xff,0x08,0x82,0xff,
    0x08,0x82,0xff,0x08,0x83,0xff,0x08,0x83,0xff,0x08,0x83,0xff,0x08,0x82,0xff,0x08,0x82,0xff,0x08,0x83,0xff,0x08,0xa3,0xff,
    0x08,0xa3,0xff,0x08,0xc3,0xff,0x07,0xf1,0xff,0x07,0xf1,0xff,0x08,0xc3,0xff,0x08,0xc3,0xff,0x08,0xa3,0xff,0x08,0xa3,0xff,
    0x08,0x83,0xff,0x08,0x83,0xff,0x08,0x82,0xff,0x08,0x82,0xff,0x08,0x82,0xff,0x08,0x83,0xff,0x08,0x83,0xff,0x08,0x83,0xff,
    0x08,0x83,0xff,0x08,0x83,0xff,0x08,0x83,0xff,0x08,0x83,0xff,0x08,0x83,0xff,0x08,0x83,0xff,0x08,0x83,0xff,0x08,0x83,0xff,
    0x08,0x83,0xff,0x08,0x83,0xff,0x08,0x83,0xff,0x08,0x83,0xff,0x08,0x83,0xff,0x08,0x83,0xff,0x08,0x83,0xff,0x08,0x83,0xff,
    0x08,0x83,0xff,0x08,0x83,0xff,0x08,0x83,0xff,0x08,0x83,0xff,0x08,0x83,0xff,0x08,0x83,0xff,0x08,0x83,0xff,0x08,0x83,0xff,
    0x08,0x83,0xff,0x08,0x83,0xff,0x08,0x83,0xff,0x08,0x83,0xff,0x08,0x83,0xff,0x01,0xe4,0xc8,0x00,0x00,0x00,0x00,0x00,0x00,
    0x00,0x00,0x00,0x00,0x00,0x00,0x01,0xe4,0xc8,0x08,0x83,0xff,0x08,0x83,0xff,0x08,0x83,0xff,0x08,0x83,0xff,0x08,0x83,0xff,
    0x08,0x83,0xff,0x08,0x83,0xff,0x08,0x83,0xff,0x08,0x83,0xff,0x08,0x83,0xff,0x08,0x83,0xff,0x08,0x83,0xff,0x08,0x83,0xff,
    0x08,0x83,0xff,0x08,0x83,0xff,0x08,0x83,0xff,0x08,0x83,0xff,0x08,0x83,0xff,0x08,0x83,0xff,0x08,0x83,0xff,0x08,0x83,0xff,
    0x08,0x83,0xff,0x08,0x83,0xff,0x08,0x83,0xff,0x08,0x83,0xff,0x08,0x83,0xff,0x08,0x83,0xff,0x08,0x83,0xff,0x08,0x83,0xff,
    0x08,0x83,0xff,0x08,0x83,0xff,0x08,0x83,0xff,0x08,0x83,0xff,0x08,0x83,0xff,0x08,0x83,0xff,0x08,0x83,0xff,0x08,0x83,0xff,
    0x08,0x83,0xff,0x08,0x82,0xff,0x08,0x82,0xff,0x08,0x83,0xff,0x08,0xc3,0xff,0x09,0x03,0xff,0x07,0xf1,0xff,0x07,0xf1,0xff,
    0x07,0xf1,0xff,0x07,0xf1,0xff,0x07,0xf1,0xff,0x07,0xf1,0xff,0x07,0xf1,0xff,0x07,0xf1,0xff,0x07,0xf1,0xff,0x07,0xf1,0xff,
    0x07,0xf1,0xff,0x07,0xf1,0xff,0x07,0xf1,0xff,0x09,0x03,0xff,0x08,0xc3,0xff,0x08,0xa3,0xff,0x08,0x82,0xff,0x08,0x82,0xff,
    0x08,0x83,0xff,0x08,0xa3,0xff,0x08,0xa3,0xff,0x08,0xc3,0xff,0x08,0xe3,0xff,0x09,0x03,0xff,0x09,0x03,0xff,0x09,0x03,0xff,
    0x08,0xe3,0xff,0x08,0xc3,0xff,0x08,0xa3,0xff,0x08,0xa3,0xff,0x08,0x82,0xff,0x08,0x82,0xff,0x08,0x82,0xff,0x08,0x83,0xff,
    0x08,0x83,0xff,0x08,0x83,0xff,0x08,0x83,0xff,0x08,0x83,0xff,0x08,0x82,0xff,0x08,0x82,0xff,0x08,0x82,0xff,0x08,0x83,0xff,
    0x08,0xa3,0xff,0x08,0xa3,0xff,0x07,0xf1,0xff,0x07,0xf1,0xff,0x08,0xa3,0xff,0x08,0xa3,0xff,0x08,0x83,0xff,0x08,0x83,0xff,
    0x08,0x82,0xff,0x08,0x82,0xff,0x08,0x82,0xff,0x08,0x82,0xff,0x08,0x83,0xff,0x08,0x83,0xff,0x08,0x83,0xff,0x08,0x83,0xff,
    0x08,0x83,0xff,0x08,0x83,0xff,0x08,0x83,0xff,0x08,0x83,0xff,0x08,0x83,0xff,0x08,0x83,0xff,0x08,0x83,0xff,0x08,0x83,0xff,
    0x08,0x83,0xff,0x08,0x83,0xff,0x08,0x83,0xff,0x08,0x83,0xff,0x08,0x83,0xff,0x08,0x83,0xff,0x08,0x83,0xff,0x08,0x83,0xff,
    0x08,0x83,0xff,0x08,0x83,0xff,0x08,0x83,0xff,0x08,0x83,0xff,0x08,0x83,0xff,0x08,0x83,0xff,0x08,0x83,0xff,0x08,0x83,0xff,
    0x08,0x83,0xff,0x08,0x83,0xff,0x08,0x83,0xff,0x08,0x83,0xff,0x08,0x83,0xff,0x01,0xe4,0xc8,0x00,0x00,0x00,0x00,0x00,0x00,
    0x00,0x00,0x00,0x00,0x00,0x00,0x01,0xe4,0xc8,0x08,0x83,0xff,0x08,0x83,0xff,0x08,0x83,0xff,0x08,0x83,0xff,0x08,0x83,0xff,
    0x08,0x83,0xff,0x08,0x83,0xff,0x08,0x83,0xff,0x08,0x83,0xff,0x08,0x83,0xff,0x08,0x83,0xff,0x08,0x83,0xff,0x08,0x83,0xff,
    0x08,0x83,0xff,0x08,0x83,0xff,0x08,0x83,0xff,0x08,0x83,0xff,0x08,0x83,0xff,0x08,0x83,0xff,0x08,0x83,0xff,0x08,0x83,0xff,
    0x08,0x83,0xff,0x08,0x83,0xff,0x08,0x83,0xff,0x08,0x83,0xff,0x08,0x83,0xff,0x08,0x83,0xff,0x08,0x83,0xff,0x08,0x83,0xff,
    0x08,0x83,0xff,0x08,0x83,0xff,0x08,0x83,0xff,0x08,0x83,0xff,0x08,0x83,0xff,0x08,0x83,0xff,0x08,0x83,0xff,0x08,0x83,0xff,
    0x08,0x83,0xff,0x08,0x82,0xff,0x08,0x82,0xff,0x08,0x83,0xff,0x08,0xa3,0xff,0x08,0xe3,0xff,0x07,0xf1,0xff,0x07,0xf1,0xff,
    0x07,0xf1,0xff,0x07,0xf1,0xff,0x07,0xf1,0xff,0x07,0xf1,0xff,0x07,0xf1,0xff,0x07,0xf1,0xff,0x07,0xf1,0xff,0x07,0xf1,0xff,
    0x07,0xf1,0xff,0x07,0xf1,0xff,0x07,0xf1,0xff,0x08,0xe3,0xff,0x08,0xa3,0xff,0x08,0xa3,0xff,0x08,0x82,0xff,0x08,0x82,0xff,
    0x08,0x82,0xff,0x08,0x82,0xff,0x08,0x83,0xff,0x08,0xa3,0xff,0x08,0xa3,0xff,0x08,0xc3,0xff,0x08,0xc3,0xff,0x08,0xc3,0xff,
    0x08,0xa3,0xff,0x08,0xa3,0xff,0x08,0x83,0xff,0x08,0x82,0xff,0x08,0x82,0xff,0x08,0x82,0xff,0x08,0x83,0xff,0x08,0x83,0xff,
    0x08,0x83,0xff,0x08,0x83,0xff,0x08,0x83,0xff,0x08,0x83,0xff,0x08,0x83,0xff,0x08,0x82,0xff,0x08,0x82,0xff,0x08,0x82,0xff,
    0x08,0x83,0xff,0x08,0x83,0xff,0x08,0xa3,0xff,0x08,0xa3,0xff,0x08,0x83,0xff,0x08,0x83,0xff,0x08,0x82,0xff,0x08,0x82,0xff,
    0x08,0x82,0xff,0x08,0x82,0xff,0x08,0x83,0xff,0x08,0x83,0xff,0x08,0x83,0xff,0x08,0x83,0xff,0x08,0x83,0xff,0x08,0x83,0xff,
    0x08,0x83,0xff,0x08,0x83,0xff,0x08,0x83,0xff,0x08,0x83,0xff,0x08,0x83,0xff,0x08,0x83,0xff,0x08,0x83,0xff,0x08,0x83,0xff,
    0x08,0x83,0xff,0x08,0x83,0xff,0x08,0x83,0xff,0x08,0x83,0xff,0x08,0x83,0xff,0x08,0x83,0xff,0x08,0x83,0xff,0x08,0x83,0xff,
    0x08,0x83,0xff,0x08,0x83,0xff,0x08,0x83,0xff,0x08,0x83,0xff,0x08,0x83,0xff,0x08,0x83,0xff,0x08,0x83,0xff,0x08,0x83,0xff,
    0x08,0x83,0xff,0x08,0x83,0xff,0x08,0x83,0xff,0x08,0x83,0xff,0x08,0x83,0xff,0x01,0xe4,0xc8,0x00,0x00,0x00,0x00,0x00,0x00,
    0x00,0x00,0x00,0x00,0x00,0x00,0x01,0xe4,0xc8,0x08,0x83,0xff,0x08,0x83,0xff,0x08,0x83,0xff,0x08,0x83,0xff,0x08,0x83,0xff,
    0x08,0x83,0xff,0x08,0x83,0xff,0x08,0x83,0xff,0x08,0x83,0xff,0x08,0x83,0xff,0x08,0x83,0xff,0x08,0x83,0xff,0x08,0x83,0xff,
    0x08,0x83,0xff,0x08,0x83,0xff,0x08,0x83,0xff,0x08,0x83,0xff,0x08,0x83,0xff,0x08,0x83,0xff,0x08,0x83,0xff,0x08,0x83,0xff,
    0x08,0x83,0xff,0x08,0x83,0xff,0x08,0x83,0xff,0x08,0x83,0xff,0x08,0x83,0xff,0x08,0x83,0xff,0x08,0x83,0xff,0x08,0x83,0xff,
    0x08,0x83,0xff,0x08,0x83,0xff,0x08,0x83,0xff,0x08,0x83,0xff,0x08,0x83,0xff,0x08,0x83,0xff,0x08,0x83,0xff,0x08,0x83,0xff,
    0x08,0x83,0xff,0x08,0x83,0xff,0x08,0x82,0xff,0x08,0x82,0xff,0x08,0xa3,0xff,0x08,0xc3,0xff,0x09,0x23,0xff,0x07,0xf1,0xff,
    0x07,0xf1,0xff,0x07,0xf1,0xff,0x07,0xf1,0xff,0x07,0xf1,0xff,0x07,0xf1,0xff,0x07,0xf1,0xff,0x07,0xf1,0xff,0x07,0xf1,0xff,
    0x07,0xf1,0xff,0x07,0xf1,0xff,0x09,0x23,0xff,0x08,0xc3,0xff,0x08,0xa3,0xff,0x08,0x82,0xff,0x08,0x82,0xff,0x08,0x82,0xff,
    0x08,0x82,0xff,0x08,0x82,0xff,0x08,0x82,0xff,0x08,0x82,0xff,0x08,0x82,0xff,0x08,0x83,0xff,0x08,0x83,0xff,0x08,0x83,0xff,
    0x08,0x82,0xff,0x08,0x82,0xff,0x08,0x82,0xff,0x08,0x82,0xff,0x08,0x82,0xff,0x08,0x83,0xff,0x08,0x83,0xff,0x08,0x83,0xff,
    0x08,0x83,0xff,0x08,0x83,0xff,0x08,0x83,0xff,0x08,0x83,0xff,0x08,0x83,0xff,0x08,0x83,0xff,0x08,0x82,0xff,0x08,0x82,0xff,
    0x08,0x82,0xff,0x08,0x82,0xff,0x08,0x82,0xff,0x08,0x82,0xff,0x08,0x82,0xff,0x08,0x82,0xff,0x08,0x82,0xff,0x08,0x82,0xff,
    0x08,0x83,0xff,0x08,0x83,0xff,0x08,0x83,0xff,0x08,0x83,0xff,0x08,0x83,0xff,0x08,0x83,0xff,0x08,0x83,0xff,0x08,0x83,0xff,
    0x08,0x83,0xff,0x08,0x83,0xff,0x08,0x83,0xff,0x08,0x83,0xff,0x08,0x83,0xff,0x08,0x83,0xff,0x08,0x83,0xff,0x08,0x83,0xff,
    0x08,0x83,0xff,0x08,0x83,0xff,0x08,0x83,0xff,0x08,0x83,0xff,0x08,0x83,0xff,0x08,0x83,0xff,0x08,0x83,0xff,0x08,0x83,0xff,
    0x08,0x83,0xff,0x08,0x83,0xff,0x08,0x83,0xff,0x08,0x83,0xff,0x08,0x83,0xff,0x08,0x83,0xff,0x08,0x83,0xff,0x08,0x83,0xff,
    0x08,0x83,0xff,0x08,0x83,0xff,0x08,0x83,0xff,0x08,0x83,0xff,0x08,0x83,0xff,0x01,0xe4,0xc8,0x00,0x00,0x00,0x00,0x00,0x00,
    0x00,0x00,0x00,0x00,0x00,0x00,0x01,0xe4,0xc8,0x08,0x83,0xff,0x08,0x83,0xff,0x08,0x83,0xff,0x08,0x83,0xff,0x08,0x83,0xff,
    0x08,0x83,0xff,0x08,0x83,0xff,0x08,0x83,0xff,0x08,0x83,0xff,0x08,0x83,0xff,0x08,0x83,0xff,0x08,0x83,0xff,0x08,0x83,0xff,
    0x08,0x83,0xff,0x08,0x83,0xff,0x08,0x83,0xff,0x08,0x83,0xff,0x08,0x83,0xff,0x08,0x83,0xff,0x08,0x83,0xff,0x08,0x83,0xff,
    0x08,0x83,0xff,0x08,0x83,0xff,0x08,0x83,0xff,0x08,0x83,0xff,0x08,0x83,0xff,0x08,0x83,0xff,0x08,0x83,0xff,0x08,0x83,0xff,
    0x08,0x83,0xff,0x08,0x83,0xff,0x08,0x83,0xff,0x08,0x83,0xff,0x08,0x83,0xff,0x08,0x83,0xff,0x08,0x83,0xff,0x08,0x83,0xff,
    0x08,0x83,0xff,0x08,0x83,0xff,0x08,0x82,0xff,0x08,0x82,0xff,0x08,0x83,0xff,0x08,0xa3,0xff,0x08,0xe3,0xff,0x09,0x44,0xff,
    0x07,0xf1,0xff,0x07,0xf1,0xff,0x07,0xf1,0xff,0x07,0xf1,0xff,0x07,0xf1,0xff,0x07,0xf1,0xff,0x07,0xf1,0xff,0x07,0xf1,0xff,
    0x07,0xf1,0xff,0x09,0x44,0xff,0x08,0xe3,0xff,0x08,0xa3,0xff,0x08,0x83,0xff,0x08,0x82,0xff,0x08,0x82,0xff,0x08,0x82,0xff,
    0x08,0x82,0xff,0x08,0x82,0xff,0x08,0x82,0xff,0x08,0x82,0xff,0x08,0x82,0xff,0x08,0x82,0xff,0x08,0x82,0xff,0x08,0x82,0xff,
    0x08,0x82,0xff,0x08,0x82,0xff,0x08,0x82,0xff,0x08,0x82,0xff,0x08,0x83,0xff,0x08,0x83,0xff,0x08,0x83,0xff,0x08,0x83,0xff,
    0x08,0x83,0xff,0x08,0x83,0xff,0x08,0x83,0xff,0x08,0x83,0xff,0x08,0x83,0xff,0x08,0x83,0xff,0x08,0x83,0xff,0x08,0x82,0xff,
    0x08,0x82,0xff,0x08,0x82,0xff,0x08,0x82,0xff,0x08,0x82,0xff,0x08,0x82,0xff,0x08,0x82,0xff,0x08,0x83,0xff,0x08,0x83,0xff,
    0x08,0x83,0xff,0x08,0x83,0xff,0x08,0x83,0xff,0x08,0x83,0xff,0x08,0x83,0xff,0x08,0x83,0xff,0x08,0x83,0xff,0x08,0x83,0xff,
    0x08,0x83,0xff,0x08,0x83,0xff,0x08,0x83,0xff,0x08,0x83,0xff,0x08,0x83,0xff,0x08,0x83,0xff,0x08,0x83,0xff,0x08,0x83,0xff,
    0x08,0x83,0xff,0x08,0x83,0xff,0x08,0x83,0xff,0x08,0x83,0xff,0x08,0x83,0xff,0x08,0x83,0xff,0x08,0x83,0xff,0x08,0x83,0xff,
    0x08,0x83,0xff,0x08,0x83,0xff,0x08,0x83,0xff,0x08,0x83,0xff,0x08,0x83,0xff,0x08,0x83,0xff,0x08,0x83,0xff,0x08,0x83,0xff,
    0x08,0x83,0xff,0x08,0x83,0xff,0x08,0x83,0xff,0x08,0x83,0xff,0x08,0x83,0xff,0x01,0xe4,0xc8,0x00,0x00,0x00,0x00,0x00,0x00,
    0x00,0x00,0x00,0x00,0x00,0x00,0x01,0xe4,0xc8,0x08,0x83,0xff,0x08,0x83,0xff,0x08,0x83,0xff,0x08,0x83,0xff,0x08,0x83,0xff,
    0x08,0x83,0xff,0x08,0x83,0xff,0x08,0x83,0xff,0x08,0x83,0xff,0x08,0x83,0xff,0x08,0x83,0xff,0x08,0x83,0xff,0x08,0x83,0xff,
    0x08,0x83,0xff,0x08,0x83,0xff,0x08,0x83,0xff,0x08,0x83,0xff,0x08,0x83,0xff,0x08,0x83,0xff,0x08,0x83,0xff,0x08,0x83,0xff,
    0x08,0x83,0xff,0x08,0x83,0xff,0x08,0x83,0xff,0x08,0x83,0xff,0x08,0x83,0xff,0x08,0x83,0xff,0x08,0x83,0xff,0x08,0x83,0xff,
    0x08,0x83,0xff,0x08,0x83,0xff,0x08,0x83,0xff,0x08,0x83,0xff,0x08,0x83,0xff,0x08,0x83,0xff,0x08,0x83,0xff,0x08,0x83,0xff,
    0x08,0x83,0xff,0x08,0x83,0xff,0x08,0x83,0xff,0x08,0x82,0xff,0x08,0x82,0xff,0x08,0xa3,0xff,0x08,0xc3,0xff,0x09,0x03,0xff,
    0x09,0x44,0xff,0x07,0xf1,0xff,0x07,0xf1,0xff,0x07,0xf1,0xff,0x07,0xf1,0xff,0x07,0xf1,0xff,0x07,0xf1,0xff,0x07,0xf1,0xff,
    0x09,0x44,0xff,0x09,0x03,0xff,0x08,0xc3,0xff,0x08,0xa3,0xff,0x08,0x82,0xff,0x08,0x82,0xff,0x08,0x82,0xff,0x08,0x83,0xff,
    0x08,0x83,0xff,0x08,0x83,0xff,0x08,0x83,0xff,0x08,0x83,0xff,0x08,0x82,0xff,0x08,0x82,0xff,0x08,0x82,0xff,0x08,0x82,0xff,
    0x08,0x82,0xff,0x08,0x83,0xff,0x08,0x83,0xff,0x08,0x83,0xff,0x08,0x83,0xff,0x08,0x83,0xff,0x08,0x83,0xff,0x08,0x83,0xff,
    0x08,0x83,0xff,0x08,0x83,0xff,0x08,0x83,0xff,0x08,0x83,0xff,0x08,0x83,0xff,0x08,0x83,0xff,0x08,0x83,0xff,0x08,0x83,0xff,
    0x08,0x83,0xff,0x08,0x83,0xff,0x08,0x83,0xff,0x08,0x83,0xff,0x08,0x83,0xff,0x08,0x83,0xff,0x08,0x83,0xff,0x08,0x83,0xff,
    0x08,0x83,0xff,0x08,0x83,0xff,0x08,0x83,0xff,0x08,0x83,0xff,0x08,0x83,0xff,0x08,0x83,0xff,0x08,0x83,0xff,0x08,0x83,0xff,
    0x08,0x83,0xff,0x08,0x83,0xff,0x08,0x83,0xff,0x08,0x83,0xff,0x08,0x83,0xff,0x08,0x83,0xff,0x08,0x83,0xff,0x08,0x83,0xff,
    0x08,0x83,0xff,0x08,0x83,0xff,0x08,0x83,0xff,0x08,0x83,0xff,0x08,0x83,0xff,0x08,0x83,0xff,0x08,0x83,0xff,0x08,0x83,0xff,
    0x08,0x83,0xff,0x08,0x83,0xff,0x08,0x83,0xff,0x08,0x83,0xff,0x08,0x83,0xff,0x08,0x83,0xff,0x08,0x83,0xff,0x08,0x83,0xff,
    0x08,0x83,0xff,0x08,0x83,0xff,0x08,0x83,0xff,0x08,0x83,0xff,0x08,0x83,0xff,0x01,0xe4,0xc8,0x00,0x00,0x00,0x00,0x00,0x00,
    0x00,0x00,0x00,0x00,0x00,0x00,0x01,0xe4,0xc8,0x08,0x83,0xff,0x08,0x83,0xff,0x08,0x83,0xff,0x08,0x83,0xff,0x08,0x83,0xff,
    0x08,0x83,0xff,0x08,0x83,0xff,0x08,0x83,0xff,0x08,0x83,0xff,0x08,0x83,0xff,0x08,0x83,0xff,0x08,0x83,0xff,0x08,0x83,0xff,
    0x08,0x83,0xff,0x08,0x83,0xff,0x08,0x83,0xff,0x08,0x83,0xff,0x08,0x83,0xff,0x08,0x83,0xff,0x08,0x83,0xff,0x08,0x83,0xff,
    0x08,0x83,0xff,0x08,0x83,0xff,0x08,0x83,0xff,0x08,0x83,0xff,0x08,0x83,0xff,0x08,0x83,0xff,0x08,0x83,0xff,0x08,0x83,0xff,
    0x08,0x83,0xff,0x08,0x83,0xff,0x08,0x83,0xff,0x08,0x83,0xff,0x08,0x83,0xff,0x08,0x83,0xff,0x08,0x83,0xff,0x08,0x83,0xff,
    0x08,0x83,0xff,0x08,0x83,0xff,0x08,0x83,0xff,0x08,0x82,0xff,0x08,0x82,0xff,0x08,0x82,0xff,0x08,0xa3,0xff,0x08,0xc3,0xff,
    0x08,0xe3,0xff,0x09,0x23,0xff,0x07,0xf1,0xff,0x07,0xf1,0xff,0x07,0xf1,0xff,0x07,0xf1,0xff,0x07,0xf1,0xff,0x09,0x23,0xff,
    0x08,0xe3,0xff,0x08,0xc3,0xff,0x08,0xa3,0xff,0x08,0x82,0xff,0x08,0x82,0xff,0x08,0x82,0xff,0x08,0x83,0xff,0x08,0x83,0xff,
    0x08,0x83,0xff,0x08,0x83,0xff,0x08,0x83,0xff,0x08,0x83,0xff,0x08,0x83,0xff,0x08,0x83,0xff,0x08,0x83,0xff,0x08,0x83,0xff,
    0x08,0x83,0xff,0x08,0x83,0xff,0x08,0x83,0xff,0x08,0x83,0xff,0x08,0x83,0xff,0x08,0x83,0xff,0x08,0x83,0xff,0x08,0x83,0xff,
    0x08,0x83,0xff,0x08,0x83,0xff,0x08,0x83,0xff,0x08,0x83,0xff,0x08,0x83,0xff,0x08,0x83,0xff,0x08,0x83,0xff,0x08,0x83,0xff,
    0x08,0x83,0xff,0x08,0x83,0xff,0x08,0x83,0xff,0x08,0x83,0xff,0x08,0x83,0xff,0x08,0x83,0xff,0x08,0x83,0xff,0x08,0x83,0xff,
    0x08,0x83,0xff,0x08,0x83,0xff,0x08,0x83,0xff,0x08,0x83,0xff,0x08,0x83,0xff,0x08,0x83,0xff,0x08,0x83,0xff,0x08,0x83,0xff,
    0x08,0x83,0xff,0x08,0x83,0xff,0x08,0x83,0xff,0x08,0x83,0xff,0x08,0x83,0xff,0x08,0x83,0xff,0x08,0x83,0xff,0x08,0x83,0xff,
    0x08,0x83,0xff,0x08,0x83,0xff,0x08,0x83,0xff,0x08,0x83,0xff,0x08,0x83,0xff,0x08,0x83,0xff,0x08,0x83,0xff,0x08,0x83,0xff,
    0x08,0x83,0xff,0x08,0x83,0xff,0x08,0x83,0xff,0x08,0x83,0xff,0x08,0x83,0xff,0x08,0x83,0xff,0x08,0x83,0xff,0x08,0x83,0xff,
    0x08,0x83,0xff,0x08,0x83,0xff,0x08,0x83,0xff,0x08,0x83,0xff,0x08,0x83,0xff,0x01,0xe4,0xc8,0x00,0x00,0x00,0x00,0x00,0x00,
    0x00,0x00,0x00,0x00,0x00,0x00,0x01,0xe4,0xc8,0x08,0x83,0xff,0x08,0x83,0xff,0x08,0x83,0xff,0x08,0x83,0xff,0x08,0x83,0xff,
    0x08,0x83,0xff,0x08,0x83,0xff,0x08,0x83,0xff,0x08,0x83,0xff,0x08,0x83,0xff,0x08,0x83,0xff,0x08,0x83,0xff,0x08,0x83,0xff,
    0x08,0x83,0xff,0x08,0x83,0xff,0x08,0x83,0xff,0x08,0x83,0xff,0x08,0x83,0xff,0x08,0x83,0xff,0x08,0x83,0xff,0x08,0x83,0xff,
    0x08,0x83,0xff,0x08,0x83,0xff,0x08,0x83,0xff,0x08,0x83,0xff,0x08,0x83,0xff,0x08,0x83,0xff,0x08,0x83,0xff,0x08,0x83,0xff,
    0x08,0x83,0xff,0x08,0x83,0xff,0x08,0x83,0xff,0x08,0x83,0xff,0x08,0x83,0xff,0x08,0x83,0xff,0x08,0x83,0xff,0x08,0x83,0xff,
    0x08,0x83,0xff,0x08,0x83,0xff,0x08,0x83,0xff,0x08,0x83,0xff,0x08,0x82,0xff,0x08,0x82,0xff,0x08,0x82,0xff,0x08,0xa3,0xff,
    0x08,0xa3,0xff,0x08,0xc3,0xff,0x08,0xe3,0xff,0x09,0x03,0xff,0x09,0x03,0xff,0x09,0x03,0xff,0x08,0xe3,0xff,0x08,0xc3,0xff,
    0x08,0xa3,0xff,0x08,0xa3,0xff,0x08,0x82,0xff,0x08,0x82,0xff,0x08,0x82,0xff,0x08,0x83,0xff,0x08,0x83,0xff,0x08,0x83,0xff,
    0x08,0x83,0xff,0x08,0x83,0xff,0x08,0x83,0xff,0x08,0x83,0xff,0x08,0x83,0xff,0x08,0x83,0xff,0x08,0x83,0xff,0x08,0x83,0xff,
    0x08,0x83,0xff,0x08,0x83,0xff,0x08,0x83,0xff,0x08,0x83,0xff,0x08,0x83,0xff,0x08,0x83,0xff,0x08,0x83,0xff,0x08,0x83,0xff,
    0x08,0x83,0xff,0x08,0x83,0xff,0x08,0x83,0xff,0x08,0x83,0xff,0x08,0x83,0xff,0x08,0x83,0xff,0x08,0x83,0xff,0x08,0x83,0xff,
    0x08,0x83,0xff,0x08,0x83,0xff,0x08,0x83,0xff,0x08,0x83,0xff,0x08,0x83,0xff,0x08,0x83,0xff,0x08,0x83,0xff,0x08,0x83,0xff,
    0x08,0x83,0xff,0x08,0x83,0xff,0x08,0x83,0xff,0x08,0x83,0xff,0x08,0x83,0xff,0x08,0x83,0xff,0x08,0x83,0xff,0x08,0x83,0xff,
    0x08,0x83,0xff,0x08,0x83,0xff,0x08,0x83,0xff,0x08,0x83,0xff,0x08,0x83,0xff,0x08,0x83,0xff,0x08,0x83,0xff,0x08,0x83,0xff,
    0x08,0x83,0xff,0x08,0x83,0xff,0x08,0x83,0xff,0x08,0x83,0xff,0x08,0x83,0xff,0x08,0x83,0xff,0x08,0x83,0xff,0x08,0x83,0xff,
    0x08,0x83,0xff,0x08,0x83,0xff,0x08,0x83,0xff,0x08,0x83,0xff,0x08,0x83,0xff,0x08,0x83,0xff,0x08,0x83,0xff,0x08,0x83,0xff,
    0x08,0x83,0xff,0x08,0x83,0xff,0x08,0x83,0xff,0x08,0x83,0xff,0x08,0x83,0xff,0x01,0xe4,0xc8,0x00,0x00,0x00,0x00,0x00,0x00,
    0x00,0x00,0x00,0x00,0x00,0x00,0x01,0xe4,0xc8,0x08,0x83,0xff,0x08,0x83,0xff,0x08,0x83,0xff,0x08,0x83,0xff,0x08,0x83,0xff,
    0x08,0x83,0xff,0x08,0x83,0xff,0x08,0x83,0xff,0x08,0x83,0xff,0x08,0x83,0xff,0x08,0x83,0xff,0x08,0x83,0xff,0x08,0x83,0xff,
    0x08,0x83,0xff,0x08,0x83,0xff,0x08,0x83,0xff,0x08,0x83,0xff,0x08,0x83,0xff,0x08,0x83,0xff,0x08,0x83,0xff,0x08,0x83,0xff,
    0x08,0x83,0xff,0x08,0x83,0xff,0x08,0x83,0xff,0x08,0x83,0xff,0x08,0x83,0xff,0x08,0x83,0xff,0x08,0x83,0xff,0x08,0x83,0xff,
    0x08,0x83,0xff,0x08,0x83,0xff,0x08,0x83,0xff,0x08,0x83,0xff,0x08,0x83,0xff,0x08,0x83,0xff,0x08,0x83,0xff,0x08,0x83,0xff,
    0x08,0x83,0xff,0x08,0x83,0xff,0x08,0x83,0xff,0x08,0x83,0xff,0x08,0x83,0xff,0x08,0x82,0xff,0x08,0x82,0xff,0x08,0x82,0xff,
    0x08,0x83,0xff,0x08,0xa3,0xff,0x08,0xa3,0xff,0x08,0xc3,0xff,0x08,0xc3,0xff,0x08,0xc3,0xff,0x08,0xa3,0xff,0x08,0xa3,0xff,
    0x08,0x83,0xff,0x08,0x82,0xff,0x08,0x82,0xff,0x08,0x82,0xff,0x08,0x83,0xff,0x08,0x83,0xff,0x08,0x83,0xff,0x08,0x83,0xff,
    0x08,0x83,0xff,0x08,0x83,0xff,0x08,0x83,0xff,0x08,0x83,0xff,0x08,0x83,0xff,0x08,0x83,0xff,0x08,0x83,0xff,0x08,0x83,0xff,
    0x08,0x83,0xff,0x08,0x83,0xff,0x08,0x83,0xff,0x08,0x83,0xff,0x08,0x83,0xff,0x08,0x83,0xff,0x08,0x83,0xff,0x08,0x83,0xff,
    0x08,0x83,0xff,0x08,0x83,0xff,0x08,0x83,0xff,0x08,0x83,0xff,0x08,0x83,0xff,0x08,0x83,0xff,0x08,0x83,0xff,0x08,0x83,0xff,
    0x08,0x83,0xff,0x08,0x83,0xff,0x08,0x83,0xff,0x08,0x83,0xff,0x08,0x83,0xff,0x08,0x83,0xff,0x08,0x83,0xff,0x08,0x83,0xff,
    0x08,0x83,0xff,0x08,0x83,0xff,0x08,0x83,0xff,0x08,0x83,0xff,0x08,0x83,0xff,0x08,0x83,0xff,0x08,0x83,0xff,0x08,0x83,0xff,
    0x08,0x83,0xff,0x08,0x83,0xff,0x08,0x83,0xff,0x08,0x83,0xff,0x08,0x83,0xff,0x08,0x83,0xff,0x08,0x83,0xff,0x08,0x83,0xff,
    0x08,0x83,0xff,0x08,0x83,0xff,0x08,0x83,0xff,0x08,0x83,0xff,0x08,0x83,0xff,0x08,0x83,0xff,0x08,0x83,0xff,0x08,0x83,0xff,
    0x08,0x83,0xff,0x08,0x83,0xff,0x08,0x83,0xff,0x08,0x83,0xff,0x08,0x83,0xff,0x08,0x83,0xff,0x08,0x83,0xff,0x08,0x83,0xff,
    0x08,0x83,0xff,0x08,0x83,0xff,0x08,0x83,0xff,0x08,0x83,0xff,0x08,0x83,0xff,0x01,0xe4,0xc8,0x00,0x00,0x00,0x00,0x00,0x00,
    0x00,0x00,0x00,0x00,0x00,0x00,0x01,0xe4,0xc8,0x08,0x83,0xff,0x08,0x83,0xff,0x08,0x83,0xff,0x08,0x83,0xff,0x08,0x83,0xff,
    0x08,0x83,0xff,0x08,0x83,0xff,0x08,0x83,0xff,0x08,0x83,0xff,0x08,0x83,0xff,0x08,0x83,0xff,0x08,0x83,0xff,0x08,0x83,0xff,
    0x08,0x83,0xff,0x08,0x83,0xff,0x08,0x83,0xff,0x08,0x83,0xff,0x08,0x83,0xff,0x08,0x83,0xff,0x08,0x83,0xff,0x08,0x83,0xff,
    0x08,0x83,0xff,0x08,0x83,0xff,0x08,0x83,0xff,0x08,0x83,0xff,0x08,0x83,0xff,0x08,0x83,0xff,0x08,0x83,0xff,0x08,0x83,0xff,
    0x08,0x83,0xff,0x08,0x83,0xff,0x08,0x83,0xff,0x08,0x83,0xff,0x08,0x83,0xff,0x08,0x83,0xff,0x08,0x83,0xff,0x08,0x83,0xff,
    0x08,0x83,0xff,0x08,0x83,0xff,0x08,0x83,0xff,0x08,0x83,0xff,0x08,0x83,0xff,0x08,0x83,0xff,0x08,0x82,0xff,0x08,0x82,0xff,
    0x08,0x82,0xff,0x08,0x82,0xff,0x08,0x82,0xff,0x08,0x83,0xff,0x08,0x83,0xff,0x08,0x83,0xff,0x08,0x82,0xff,0x08,0x82,0xff,
    0x08,0x82,0xff,0x08,0x82,0xff,0x08,0x82,0xff,0x08,0x83,0xff,0x08,0x83,0xff,0x08,0x83,0xff,0x08,0x83,0xff,0x08,0x83,0xff,
    0x08,0x83,0xff,0x08,0x83,0xff,0x08,0x83,0xff,0x08,0x83,0xff,0x08,0x83,0xff,0x08,0x83,0xff,0x08,0x83,0xff,0x08,0x83,0xff,
    0x08,0x83,0xff,0x08,0x83,0xff,0x08,0x83,0xff,0x08,0x83,0xff,0x08,0x83,0xff,0x08,0x83,0xff,0x08,0x83,0xff,0x08,0x83,0xff,
    0x08,0x83,0xff,0x08,0x83,0xff,0x08,0x83,0xff,0x08,0x83,0xff,0x08,0x83,0xff,0x08,0x83,0xff,0x08,0x83,0xff,0x08,0x83,0xff,
    0x08,0x83,0xff,0x08,0x83,0xff,0x08,0x83,0xff,0x08,0x83,0xff,0x08,0x83,0xff,0x08,0x83,0xff,0x08,0x83,0xff,0x08,0x83,0xff,
    0x08,0x83,0xff,0x08,0x83,0xff,0x08,0x83,0xff,0x08,0x83,0xff,0x08,0x83,0xff,0x08,0x83,0xff,0x08,0x83,0xff,0x08,0x83,0xff,
    0x08,0x83,0xff,0x08,0x83,0xff,0x08,0x83,0xff,0x08,0x83,0xff,0x08,0x83,0xff,0x08,0x83,0xff,0x08,0x83,0xff,0x08,0x83,0xff,
    0x08,0x83,0xff,0x08,0x83,0xff,0x08,0x83,0xff,0x08,0x83,0xff,0x08,0x83,0xff,0x08,0x83,0xff,0x08,0x83,0xff,0x08,0x83,0xff,
    0x08,0x83,0xff,0x08,0x83,0xff,0x08,0x83,0xff,0x08,0x83,0xff,0x08,0x83,0xff,0x08,0x83,0xff,0x08,0x83,0xff,0x08,0x83,0xff,
    0x08,0x83,0xff,0x08,0x83,0xff,0x08,0x83,0xff,0x08,0x83,0xff,0x08,0x83,0xff,0x01,0xe4,0xc8,0x00,0x00,0x00,0x00,0x00,0x00,
    0x00,0x00,0x00,0x00,0x00,0x00,0x01,0xe4,0xc8,0x08,0x83,0xff,0x08,0x83,0xff,0x08,0x83,0xff,0x08,0x83,0xff,0x08,0x83,0xff,
    0x08,0x83,0xff,0x08,0x83,0xff,0x08,0x83,0xff,0x08,0x83,0xff,0x08,0x83,0xff,0x08,0x83,0xff,0x08,0x83,0xff,0x08,0x83,0xff,
    0x08,0x83,0xff,0x08,0x83,0xff,0x08,0x83,0xff,0x08,0x83,0xff,0x08,0x83,0xff,0x08,0x83,0xff,0x08,0x83,0xff,0x08,0x83,0xff,
    0x08,0x83,0xff,0x08,0x83,0xff,0x08,0x83,0xff,0x08,0x83,0xff,0x08,0x83,0xff,0x08,0x83,0xff,0x08,0x83,0xff,0x08,0x83,0xff,
    0x08,0x83,0xff,0x08,0x83,0xff,0x08,0x83,0xff,0x08,0x83,0xff,0x08,0x83,0xff,0x08,0x83,0xff,0x08,0x83,0xff,0x08,0x83,0xff,
    0x08,0x83,0xff,0x08,0x83,0xff,0x08,0x83,0xff,0x08,0x83,0xff,0x08,0x83,0xff,0x08,0x83,0xff,0x08,0x83,0xff,0x08,0x82,0xff,
    0x08,0x82,0xff,0x08,0x82,0xff,0x08,0x82,0xff,0x08,0x82,0xff,0x08,0x82,0xff,0x08,0x82,0xff,0x08,0x82,0xff,0x08,0x82,0xff,
    0x08,0x82,0xff,0x08,0x82,0xff,0x08,0x83,0xff,0x08,0x83,0xff,0x08,0x83,0xff,0x08,0x83,0xff,0x08,0x83,0xff,0x08,0x83,0xff,
    0x08,0x83,0xff,0x08,0x83,0xff,0x08,0x83,0xff,0x08,0x83,0xff,0x08,0x83,0xff,0x08,0x83,0xff,0x08,0x83,0xff,0x08,0x83,0xff,
    0x08,0x83,0xff,0x08,0x83,0xff,0x08,0x83,0xff,0x08,0x83,0xff,0x08,0x83,0xff,0x08,0x83,0xff,0x08,0x83,0xff,0x08,0x83,0xff,
    0x08,0x83,0xff,0x08,0x83,0xff,0x08,0x83,0xff,0x08,0x83,0xff,0x08,0x83,0xff,0x08,0x83,0xff,0x08,0x83,0xff,0x08,0x83,0xff,
    0x08,0x83,0xff,0x08,0x83,0xff,0x08,0x83,0xff,0x08,0x83,0xff,0x08,0x83,0xff,0x08,0x83,0xff,0x08,0x83,0xff,0x08,0x83,0xff,
    0x08,0x83,0xff,0x08,0x83,0xff,0x08,0x83,0xff,0x08,0x83,0xff,0x08,0x83,0xff,0x08,0x83,0xff,0x08,0x83,0xff,0x08,0x83,0xff,
    0x08,0x83,0xff,0x08,0x83,0xff,0x08,0x83,0xff,0x08,0x83,0xff,0x08,0x83,0xff,0x08,0x83,0xff,0x08,0x83,0xff,0x08,0x83,0xff,
    0x08,0x83,0xff,0x08,0x83,0xff,0x08,0x83,0xff,0x08,0x83,0xff,0x08,0x83,0xff,0x08,0x83,0xff,0x08,0x83,0xff,0x08,0x83,0xff,
    0x08,0x83,0xff,0x08,0x83,0xff,0x08,0x83,0xff,0x08,0x83,0xff,0x08,0x83,0xff,0x08,0x83,0xff,0x08,0x83,0xff,0x08,0x83,0xff,
    0x08,0x83,0xff,0x08,0x83,0xff,0x08,0x83,0xff,0x08,0x83,0xff,0x08,0x83,0xff,0x01,0xe4,0xc8,0x00,0x00,0x00,0x00,0x00,0x00,
    0x00,0x00,0x00,0x00,0x00,0x00,0x01,0xe4,0xc8,0x08,0x83,0xff,0x08,0x83,0xff,0x08,0x83,0xff,0x08,0x83,0xff,0x08,0x83,0xff,
    0x08,0x83,0xff,0x08,0x83,0xff,0x08,0x83,0xff,0x08,0x83,0xff,0x08,0x83,0xff,0x08,0x83,0xff,0x08,0x83,0xff,0x08,0x83,0xff,
    0x08,0x83,0xff,0x08,0x83,0xff,0x08,0x83,0xff,0x08,0x83,0xff,0x08,0x83,0xff,0x08,0x83,0xff,0x08,0x83,0xff,0x08,0x83,0xff,
    0x08,0x83,0xff,0x08,0x83,0xff,0x08,0x83,0xff,0x08,0x83,0xff,0x08,0x83,0xff,0x08,0x83,0xff,0x08,0x83,0xff,0x08,0x83,0xff,
    0x08,0x83,0xff,0x08,0x83,0xff,0x08,0x83,0xff,0x08,0x83,0xff,0x08,0x83,0xff,0x08,0x83,0xff,0x08,0x83,0xff,0x08,0x83,0xff,
    0x08,0x83,0xff,0x08,0x83,0xff,0x08,0x83,0xff,0x08,0x83,0xff,0x08,0x83,0xff,0x08,0x83,0xff,0x08,0x83,0xff,0x08,0x83,0xff,
    0x08,0x83,0xff,0x08,0x83,0xff,0x08,0x82,0xff,0x08,0x82,0xff,0x08,0x82,0xff,0x08,0x82,0xff,0x08,0x82,0xff,0x08,0x83,0xff,
    0x08,0x83,0xff,0x08,0x83,0xff,0x08,0x83,0xff,0x08,0x83,0xff,0x08,0x83,0xff,0x08,0x83,0xff,0x08,0x83,0xff,0x08,0x83,0xff,
    0x08,0x83,0xff,0x08,0x83,0xff,0x08,0x83,0xff,0x08,0x83,0xff,0x08,0x83,0xff,0x08,0x83,0xff,0x08,0x83,0xff,0x08,0x83,0xff,
    0x08,0x83,0xff,0x08,0x83,0xff,0x08,0x83,0xff,0x08,0x83,0xff,0x08,0x83,0xff,0x08,0x83,0xff,0x08,0x83,0xff,0x08,0x83,0xff,
    0x08,0x83,0xff,0x08,0x83,0xff,0x08,0x83,0xff,0x08,0x83,0xff,0x08,0x83,0xff,0x08,0x83,0xff,0x08,0x83,0xff,0x08,0x83,0xff,
    0x08,0x83,0xff,0x08,0x83,0xff,0x08,0x83,0xff,0x08,0x83,0xff,0x08,0x83,0xff,0x08,0x83,0xff,0x08,0x83,0xff,0x08,0x83,0xff,
    0x08,0x83,0xff,0x08,0x83,0xff,0x08,0x83,0xff,0x08,0x83,0xff,0x08,0x83,0xff,0x08,0x83,0xff,0x08,0x83,0xff,0x08,0x83,0xff,
    0x08,0x83,0xff,0x08,0x83,0xff,0x08,0x83,0xff,0x08,0x83,0xff,0x08,0x83,0xff,0x08,0x83,0xff,0x08,0x83,0xff,0x08,0x83,0xff,
    0x08,0x83,0xff,0x08,0x83,0xff,0x08,0x83,0xff,0x08,0x83,0xff,0x08,0x83,0xff,0x08,0x83,0xff,0x08,0x83,0xff,0x08,0x83,0xff,
    0x08,0x83,0xff,0x08,0x83,0xff,0x08,0x83,0xff,0x08,0x83,0xff,0x08,0x83,0xff,0x08,0x83,0xff,0x08,0x83,0xff,0x08,0x83,0xff,
    0x08,0x83,0xff,0x08,0x83,0xff,0x08,0x83,0xff,0x08,0x83,0xff,0x08,0x83,0xff,0x01,0xe4,0xc8,0x00,0x00,0x00,0x00,0x00,0x00,
    0x00,0x00,0x00,0x00,0x00,0x00,0x01,0xe4,0xc8,0x08,0x83,0xff,0x08,0x83,0xff,0x08,0x83,0xff,0x08,0x83,0xff,0x08,0x83,0xff,
    0x08,0x83,0xff,0x08,0x83,0xff,0x08,0x83,0xff,0x08,0x83,0xff,0x08,0x83,0xff,0x08,0x83,0xff,0x08,0x83,0xff,0x08,0x83,0xff,
    0x08,0x83,0xff,0x08,0x83,0xff,0x08,0x83,0xff,0x08,0x83,0xff,0x08,0x83,0xff,0x08,0x83,0xff,0x08,0x83,0xff,0x08,0x83,0xff,
    0x08,0x83,0xff,0x08,0x83,0xff,0x08,0x83,0xff,0x08,0x83,0xff,0x08,0x83,0xff,0x08,0x83,0xff,0x08,0x83,0xff,0x08,0x83,0xff,
    0x08,0x83,0xff,0x08,0x83,0xff,0x08,0x83,0xff,0x08,0x83,0xff,0x08,0x83,0xff,0x08,0x83,0xff,0x08,0x83,0xff,0x08,0x83,0xff,
    0x08,0x83,0xff,0x08,0x83,0xff,0x08,0x83,0xff,0x08,0x83,0xff,0x08,0x83,0xff,0x08,0x83,0xff,0x08,0x83,0xff,0x08,0x83,0xff,
    0x08,0x83,0xff,0x08,0x83,0xff,0x08,0x83,0xff,0x08,0x83,0xff,0x08,0x83,0xff,0x08,0x83,0xff,0x08,0x83,0xff,0x08,0x83,0xff,
    0x08,0x83,0xff,0x08,0x83,0xff,0x08,0x83,0xff,0x08,0x83,0xff,0x08,0x83,0xff,0x08,0x83,0xff,0x08,0x83,0xff,0x08,0x83,0xff,
    0x08,0x83,0xff,0x08,0x83,0xff,0x08,0x83,0xff,0x08,0x83,0xff,0x08,0x83,0xff,0x08,0x83,0xff,0x08,0x83,0xff,0x08,0x83,0xff,
    0x08,0x83,0xff,0x08,0x83,0xff,0x08,0x83,0xff,0x08,0x83,0xff,0x08,0x83,0xff,0x08,0x83,0xff,0x08,0x83,0xff,0x08,0x83,0xff,
    0x08,0x83,0xff,0x08,0x83,0xff,0x08,0x83,0xff,0x08,0x83,0xff,0x08,0x83,0xff,0x08,0x83,0xff,0x08,0x83,0xff,0x08,0x83,0xff,
    0x08,0x83,0xff,0x08,0x83,0xff,0x08,0x83,0xff,0x08,0x83,0xff,0x08,0x83,0xff,0x08,0x83,0xff,0x08,0x83,0xff,0x08,0x83,0xff,
    0x08,0x83,0xff,0x08,0x83,0xff,0x08,0x83,0xff,0x08,0x83,0xff,0x08,0x83,0xff,0x08,0x83,0xff,0x08,0x83,0xff,0x08,0x83,0xff,
    0x08,0x83,0xff,0x08,0x83,0xff,0x08,0x83,0xff,0x08,0x83,0xff,0x08,0x83,0xff,0x08,0x83,0xff,0x08,0x83,0xff,0x08,0x83,0xff,
    0x08,0x83,0xff,0x08,0x83,0xff,0x08,0x83,0xff,0x08,0x83,0xff,0x08,0x83,0xff,0x08,0x83,0xff,0x08,0x83,0xff,0x08,0x83,0xff,
    0x08,0x83,0xff,0x08,0x83,0xff,0x08,0x83,0xff,0x08,0x83,0xff,0x08,0x83,0xff,0x08,0x83,0xff,0x08,0x83,0xff,0x08,0x83,0xff,
    0x08,0x83,0xff,0x08,0x83,0xff,0x08,0x83,0xff,0x08,0x83,0xff,0x08,0x83,0xff,0x01,0xe4,0xc8,0x00,0x00,0x00,0x00,0x00,0x00,
    0x00,0x00,0x00,0x00,0x00,0x00,0x01,0xe4,0xc8,0x08,0x83,0xff,0x08,0x83,0xff,0x08,0x83,0xff,0x08,0x83,0xff,0x08,0x83,0xff,
    0x08,0x83,0xff,0x08,0x83,0xff,0x08,0x83,0xff,0x08,0x83,0xff,0x08,0x83,0xff,0x08,0x83,0xff,0x08,0x83,0xff,0x08,0x83,0xff,
    0x08,0x83,0xff,0x08,0x83,0xff,0x08,0x83,0xff,0x08,0x83,0xff,0x08,0x83,0xff,0x08,0x83,0xff,0x08,0x83,0xff,0x08,0x83,0xff,
    0x08,0x83,0xff,0x08,0x83,0xff,0x08,0x83,0xff,0x08,0x83,0xff,0x08,0x83,0xff,0x08,0x83,0xff,0x08,0x83,0xff,0x08,0x83,0xff,
    0x08,0x83,0xff,0x08,0x83,0xff,0x08,0x83,0xff,0x08,0x83,0xff,0x08,0x83,0xff,0x08,0x83,0xff,0x08,0x83,0xff,0x08,0x83,0xff,
    0x08,0x83,0xff,0x08,0x83,0xff,0x08,0x83,0xff,0x08,0x83,0xff,0x08,0x83,0xff,0x08,0x83,0xff,0x08,0x83,0xff,0x08,0x83,0xff,
    0x08,0x83,0xff,0x08,0x83,0xff,0x08,0x83,0xff,0x08,0x83,0xff,0x08,0x83,0xff,0x08,0x83,0xff,0x08,0x83,0xff,0x08,0x83,0xff,
    0x08,0x83,0xff,0x08,0x83,0xff,0x08,0x83,0xff,0x08,0x83,0xff,0x08,0x83,0xff,0x08,0x83,0xff,0x08,0x83,0xff,0x08,0x83,0xff,
    0x08,0x83,0xff,0x08,0x83,0xff,0x08,0x83,0xff,0x08,0x83,0xff,0x08,0x83,0xff,0x08,0x83,0xff,0x08,0x83,0xff,0x08,0x83,0xff,
    0x08,0x83,0xff,0x08,0x83,0xff,0x08,0x83,0xff,0x08,0x83,0xff,0x08,0x83,0xff,0x08,0x83,0xff,0x08,0x83,0xff,0x08,0x83,0xff,
    0x08,0x83,0xff,0x08,0x83,0xff,0x08,0x83,0xff,0x08,0x83,0xff,0x08,0x83,0xff,0x08,0x83,0xff,0x08,0x83,0xff,0x08,0x83,0xff,
    0x08,0x83,0xff,0x08,0x83,0xff,0x08,0x83,0xff,0x08,0x83,0xff,0x08,0x83,0xff,0x08,0x83,0xff,0x08,0x83,0xff,0x08,0x83,0xff,
    0x08,0x83,0xff,0x08,0x83,0xff,0x08,0x83,0xff,0x08,0x83,0xff,0x08,0x83,0xff,0x08,0x83,0xff,0x08,0x83,0xff,0x08,0x83,0xff,
    0x08,0x83,0xff,0x08,0x83,0xff,0x08,0x83,0xff,0x08,0x83,0xff,0x08,0x83,0xff,0x08,0x83,0xff,0x08,0x83,0xff,0x08,0x83,0xff,
    0x08,0x83,0xff,0x08,0x83,0xff,0x08,0x83,0xff,0x08,0x83,0xff,0x08,0x83,0xff,0x08,0x83,0xff,0x08,0x83,0xff,0x08,0x83,0xff,
    0x08,0x83,0xff,0x08,0x83,0xff,0x08,0x83,0xff,0x08,0x83,0xff,0x08,0x83,0xff,0x08,0x83,0xff,0x08,0x83,0xff,0x08,0x83,0xff,
    0x08,0x83,0xff,0x08,0x83,0xff,0x08,0x83,0xff,0x08,0x83,0xff,0x08,0x83,0xff,0x01,0xe4,0xc8,0x00,0x00,0x00,0x00,0x00,0x00,
    0x00,0x00,0x00,0x00,0x00,0x00,0x01,0xe4,0xc8,0x08,0x83,0xff,0x08,0x83,0xff,0x08,0x83,0xff,0x08,0x83,0xff,0x08,0x83,0xff,
    0x08,0x83,0xff,0x08,0x83,0xff,0x08,0x83,0xff,0x08,0x83,0xff,0x08,0x83,0xff,0x08,0x83,0xff,0x08,0x83,0xff,0x08,0x83,0xff,
    0x08,0x83,0xff,0x08,0x83,0xff,0x08,0x83,0xff,0x08,0x83,0xff,0x08,0x83,0xff,0x08,0x83,0xff,0x08,0x83,0xff,0x08,0x83,0xff,
    0x08,0x83,0xff,0x08,0x83,0xff,0x08,0x83,0xff,0x08,0x83,0xff,0x08,0x83,0xff,0x08,0x83,0xff,0x08,0x83,0xff,0x08,0x83,0xff,
    0x08,0x83,0xff,0x08,0x83,0xff,0x08,0x83,0xff,0x08,0x83,0xff,0x08,0x83,0xff,0x08,0x83,0xff,0x08,0x83,0xff,0x08,0x83,0xff,
    0x08,0x83,0xff,0x08,0x83,0xff,0x08,0x83,0xff,0x08,0x83,0xff,0x08,0x83,0xff,0x08,0x83,0xff,0x08,0x83,0xff,0x08,0x83,0xff,
    0x08,0x83,0xff,0x08,0x83,0xff,0x08,0x83,0xff,0x08,0x83,0xff,0x08,0x83,0xff,0x08,0x83,0xff,0x08,0x83,0xff,0x08,0x83,0xff,
    0x08,0x83,0xff,0x08,0x83,0xff,0x08,0x83,0xff,0x08,0x83,0xff,0x08,0x83,0xff,0x08,0x83,0xff,0x08,0x83,0xff,0x08,0x83,0xff,
    0x08,0x83,0xff,0x08,0x83,0xff,0x08,0x83,0xff,0x08,0x83,0xff,0x08,0x83,0xff,0x08,0x83,0xff,0x08,0x83,0xff,0x08,0x83,0xff,
    0x08,0x83,0xff,0x08,0x83,0xff,0x08,0x83,0xff,0x08,0x83,0xff,0x08,0x83,0xff,0x08,0x83,0xff,0x08,0x83,0xff,0x08,0x83,0xff,
    0x08,0x83,0xff,0x08,0x83,0xff,0x08,0x83,0xff,0x08,0x83,0xff,0x08,0x83,0xff,0x08,0x83,0xff,0x08,0x83,0xff,0x08,0x83,0xff,
    0x08,0x83,0xff,0x08,0x83,0xff,0x08,0x83,0xff,0x08,0x83,0xff,0x08,0x83,0xff,0x08,0x83,0xff,0x08,0x83,0xff,0x08,0x83,0xff,
    0x08,0x83,0xff,0x08,0x83,0xff,0x08,0x83,0xff,0x08,0x83,0xff,0x08,0x83,0xff,0x08,0x83,0xff,0x08,0x83,0xff,0x08,0x83,0xff,
    0x08,0x83,0xff,0x08,0x83,0xff,0x08,0x83,0xff,0x08,0x83,0xff,0x08,0x83,0xff,0x08,0x83,0xff,0x08,0x83,0xff,0x08,0x83,0xff,
    0x08,0x83,0xff,0x08,0x83,0xff,0x08,0x83,0xff,0x08,0x83,0xff,0x08,0x83,0xff,0x08,0x83,0xff,0x08,0x83,0xff,0x08,0x83,0xff,
    0x08,0x83,0xff,0x08,0x83,0xff,0x08,0x83,0xff,0x08,0x83,0xff,0x08,0x83,0xff,0x08,0x83,0xff,0x08,0x83,0xff,0x08,0x83,0xff,
    0x08,0x83,0xff,0x08,0x83,0xff,0x08,0x83,0xff,0x08,0x83,0xff,0x08,0x83,0xff,0x01,0xe4,0xc8,0x00,0x00,0x00,0x00,0x00,0x00,
    0x00,0x00,0x00,0x00,0x00,0x00,0x01,0xe4,0xc8,0x08,0x83,0xff,0x08,0x83,0xff,0x08,0x83,0xff,0x08,0x83,0xff,0x08,0x83,0xff,
    0x08,0x83,0xff,0x08,0x83,0xff,0x08,0x83,0xff,0x08,0x83,0xff,0x08,0x83,0xff,0x08,0x83,0xff,0x08,0x83,0xff,0x08,0x83,0xff,
    0x08,0x83,0xff,0x08,0x83,0xff,0x08,0x83,0xff,0x08,0x83,0xff,0x08,0x83,0xff,0x08,0x83,0xff,0x08,0x83,0xff,0x08,0x83,0xff,
    0x08,0x83,0xff,0x08,0x83,0xff,0x08,0x83,0xff,0x08,0x83,0xff,0x08,0x83,0xff,0x08,0x83,0xff,0x08,0x83,0xff,0x08,0x83,0xff,
    0x08,0x83,0xff,0x08,0x83,0xff,0x08,0x83,0xff,0x08,0x83,0xff,0x08,0x83,0xff,0x08,0x83,0xff,0x08,0x83,0xff,0x08,0x83,0xff,
    0x08,0x83,0xff,0x08,0x83,0xff,0x08,0x83,0xff,0x08,0x83,0xff,0x08,0x83,0xff,0x08,0x83,0xff,0x08,0x83,0xff,0x08,0x83,0xff,
    0x08,0x83,0xff,0x08,0x83,0xff,0x08,0x83,0xff,0x08,0x83,0xff,0x08,0x83,0xff,0x08,0x83,0xff,0x08,0x83,0xff,0x08,0x83,0xff,
    0x08,0x83,0xff,0x08,0x83,0xff,0x08,0x83,0xff,0x08,0x83,0xff,0x08,0x83,0xff,0x08,0x83,0xff,0x08,0x83,0xff,0x08,0x83,0xff,
    0x08,0x83,0xff,0x08,0x83,0xff,0x08,0x83,0xff,0x08,0x83,0xff,0x08,0x83,0xff,0x08,0x83,0xff,0x08,0x83,0xff,0x08,0x83,0xff,
    0x08,0x83,0xff,0x08,0x83,0xff,0x08,0x83,0xff,0x08,0x83,0xff,0x08,0x83,0xff,0x08,0x83,0xff,0x08,0x83,0xff,0x08,0x83,0xff,
    0x08,0x83,0xff,0x08,0x83,0xff,0x08,0x83,0xff,0x08,0x83,0xff,0x08,0x83,0xff,0x08,0x83,0xff,0x08,0x83,0xff,0x08,0x83,0xff,
    0x08,0x83,0xff,0x08,0x83,0xff,0x08,0x83,0xff,0x08,0x83,0xff,0x08,0x83,0xff,0x08,0x83,0xff,0x08,0x83,0xff,0x08,0x83,0xff,
    0x08,0x83,0xff,0x08,0x83,0xff,0x08,0x83,0xff,0x08,0x83,0xff,0x08,0x83,0xff,0x08,0x83,0xff,0x08,0x83,0xff,0x08,0x83,0xff,
    0x08,0x83,0xff,0x08,0x83,0xff,0x08,0x83,0xff,0x08,0x83,0xff,0x08,0x83,0xff,0x08,0x83,0xff,0x08,0x83,0xff,0x08,0x83,0xff,
    0x08,0x83,0xff,0x08,0x83,0xff,0x08,0x83,0xff,0x08,0x83,0xff,0x08,0x83,0xff,0x08,0x83,0xff,0x08,0x83,0xff,0x08,0x83,0xff,
    0x08,0x83,0xff,0x08,0x83,0xff,0x08,0x83,0xff,0x08,0x83,0xff,0x08,0x83,0xff,0x08,0x83,0xff,0x08,0x83,0xff,0x08,0x83,0xff,
    0x08,0x83,0xff,0x08,0x83,0xff,0x08,0x83,0xff,0x08,0x83,0xff,0x08,0x83,0xff,0x01,0xe4,0xc8,0x00,0x00,0x00,0x00,0x00,0x00,
    0x00,0x00,0x00,0x00,0x00,0x00,0x01,0xe4,0xc8,0x08,0x83,0xff,0x08,0x83,0xff,0x08,0x83,0xff,0x08,0x83,0xff,0x08,0x83,0xff,
    0x08,0x83,0xff,0x08,0x83,0xff,0x08,0x83,0xff,0x08,0x83,0xff,0x08,0x83,0xff,0x08,0x83,0xff,0x08,0x83,0xff,0x08,0x83,0xff,
    0x08,0x83,0xff,0x08,0x83,0xff,0x08,0x83,0xff,0x08,0x83,0xff,0x08,0x83,0xff,0x08,0x83,0xff,0x08,0x83,0xff,0x08,0x83,0xff,
    0x08,0x83,0xff,0x08,0x83,0xff,0x08,0x83,0xff,0x08,0x83,0xff,0x08,0x83,0xff,0x08,0x83,0xff,0x08,0x83,0xff,0x08,0x83,0xff,
    0x08,0x83,0xff,0x08,0x83,0xff,0x08,0x83,0xff,0x08,0x83,0xff,0x08,0x83,0xff,0x08,0x83,0xff,0x08,0x83,0xff,0x08,0x83,0xff,
    0x08,0x83,0xff,0x08,0x83,0xff,0x08,0x83,0xff,0x08,0x83,0xff,0x08,0x83,0xff,0x08,0x83,0xff,0x08,0x83,0xff,0x08,0x83,0xff,
    0x08,0x83,0xff,0x08,0x83,0xff,0x08,0x83,0xff,0x08,0x83,0xff,0x08,0x83,0xff,0x08,0x83,0xff,0x08,0x83,0xff,0x08,0x83,0xff,
    0x08,0x83,0xff,0x08,0x83,0xff,0x08,0x83,0xff,0x08,0x83,0xff,0x08,0x83,0xff,0x08,0x83,0xff,0x08,0x83,0xff,0x08,0x83,0xff,
    0x08,0x83,0xff,0x08,0x83,0xff,0x08,0x83,0xff,0x08,0x83,0xff,0x08,0x83,0xff,0x08,0x83,0xff,0x08,0x83,0xff,0x08,0x83,0xff,
    0x08,0x83,0xff,0x08,0x83,0xff,0x08,0x83,0xff,0x08,0x83,0xff,0x08,0x83,0xff,0x08,0x83,0xff,0x08,0x83,0xff,0x08,0x83,0xff,
    0x08,0x83,0xff,0x08,0x83,0xff,0x08,0x83,0xff,0x08,0x83,0xff,0x08,0x83,0xff,0x08,0x83,0xff,0x08,0x83,0xff,0x08,0x83,0xff,
    0x08,0x83,0xff,0x08,0x83,0xff,0x08,0x83,0xff,0x08,0x83,0xff,0x08,0x83,0xff,0x08,0x83,0xff,0x08,0x83,0xff,0x08,0x83,0xff,
    0x08,0x83,0xff,0x08,0x83,0xff,0x08,0x83,0xff,0x08,0x83,0xff,0x08,0x83,0xff,0x08,0x83,0xff,0x08,0x83,0xff,0x08,0x83,0xff,
    0x08,0x83,0xff,0x08,0x83,0xff,0x08,0x83,0xff,0x08,0x83,0xff,0x08,0x83,0xff,0x08,0x83,0xff,0x08,0x83,0xff,0x08,0x83,0xff,
    0x08,0x83,0xff,0x08,0x83,0xff,0x08,0x83,0xff,0x08,0x83,0xff,0x08,0x83,0xff,0x08,0x83,0xff,0x08,0x83,0xff,0x08,0x83,0xff,
    0x08,0x83,0xff,0x08,0x83,0xff,0x08,0x83,0xff,0x08,0x83,0xff,0x08,0x83,0xff,0x08,0x83,0xff,0x08,0x83,0xff,0x08,0x83,0xff,
    0x08,0x83,0xff,0x08,0x83,0xff,0x08,0x83,0xff,0x08,0x83,0xff,0x08,0x83,0xff,0x01,0xe4,0xc8,0x00,0x00,0x00,0x00,0x00,0x00,
    0x00,0x00,0x00,0x00,0x00,0x00,0x01,0xe4,0xc8,0x08,0x83,0xff,0x08,0x83,0xff,0x08,0x83,0xff,0x08,0x83,0xff,0x08,0x83,0xff,
    0x08,0x83,0xff,0x08,0x83,0xff,0x08,0x83,0xff,0x08,0x83,0xff,0x08,0x83,0xff,0x08,0x83,0xff,0x08,0x83,0xff,0x08,0x83,0xff,
    0x08,0x83,0xff,0x08,0x83,0xff,0x08,0x83,0xff,0x08,0x83,0xff,0x08,0x83,0xff,0x08,0x83,0xff,0x08,0x83,0xff,0x08,0x83,0xff,
    0x08,0x83,0xff,0x08,0x83,0xff,0x08,0x83,0xff,0x08,0x83,0xff,0x08,0x83,0xff,0x08,0x83,0xff,0x08,0x83,0xff,0x08,0x83,0xff,
    0x08,0x83,0xff,0x08,0x83,0xff,0x08,0x83,0xff,0x08,0x83,0xff,0x08,0x83,0xff,0x08,0x83,0xff,0x08,0x83,0xff,0x08,0x83,0xff,
    0x08,0x83,0xff,0x08,0x83,0xff,0x08,0x83,0xff,0x08,0x83,0xff,0x08,0x83,0xff,0x08,0x83,0xff,0x08,0x83,0xff,0x08,0x83,0xff,
    0x08,0x83,0xff,0x08,0x83,0xff,0x08,0x83,0xff,0x08,0x83,0xff,0x08,0x83,0xff,0x08,0x83,0xff,0x08,0x83,0xff,0x08,0x83,0xff,
    0x08,0x83,0xff,0x08,0x83,0xff,0x08,0x83,0xff,0x08,0x83,0xff,0x08,0x83,0xff,0x08,0x83,0xff,0x08,0x83,0xff,0x08,0x83,0xff,
    0x08,0x83,0xff,0x08,0x83,0xff,0x08,0x83,0xff,0x08,0x83,0xff,0x08,0x83,0xff,0x08,0x83,0xff,0x08,0x83,0xff,0x08,0x83,0xff,
    0x08,0x83,0xff,0x08,0x83,0xff,0x08,0x83,0xff,0x08,0x83,0xff,0x08,0x83,0xff,0x08,0x83,0xff,0x08,0x83,0xff,0x08,0x83,0xff,
    0x08,0x83,0xff,0x08,0x83,0xff,0x08,0x83,0xff,0x08,0x83,0xff,0x08,0x83,0xff,0x08,0x83,0xff,0x08,0x83,0xff,0x08,0x83,0xff,
    0x08,0x83,0xff,0x08,0x83,0xff,0x08,0x83,0xff,0x08,0x83,0xff,0x08,0x83,0xff,0x08,0x83,0xff,0x08,0x83,0xff,0x08,0x83,0xff,
    0x08,0x83,0xff,0x08,0x83,0xff,0x08,0x83,0xff,0x08,0x83,0xff,0x08,0x83,0xff,0x08,0x83,0xff,0x08,0x83,0xff,0x08,0x83,0xff,
    0x08,0x83,0xff,0x08,0x83,0xff,0x08,0x83,0xff,0x08,0x83,0xff,0x08,0x83,0xff,0x08,0x83,0xff,0x08,0x83,0xff,0x08,0x83,0xff,
    0x08,0x83,0xff,0x08,0x83,0xff,0x08,0x83,0xff,0x08,0x83,0xff,0x08,0x83,0xff,0x08,0x83,0xff,0x08,0x83,0xff,0x08,0x83,0xff,
    0x08,0x83,0xff,0x08,0x83,0xff,0x08,0x83,0xff,0x08,0x83,0xff,0x08,0x83,0xff,0x08,0x83,0xff,0x08,0x83,0xff,0x08,0x83,0xff,
    0x08,0x83,0xff,0x08,0x83,0xff,0x08,0x83,0xff,0x08,0x83,0xff,0x08,0x83,0xff,0x01,0xe4,0xc8,0x00,0x00,0x00,0x00,0x00,0x00,
    0x00,0x00,0x00,0x00,0x00,0x00,0x01,0xe4,0xc8,0x08,0x83,0xff,0x08,0x83,0xff,0x08,0x83,0xff,0x08,0x83,0xff,0x08,0x83,0xff,
    0x08,0x83,0xff,0x08,0x83,0xff,0x08,0x83,0xff,0x08,0x83,0xff,0x08,0x83,0xff,0x08,0x83,0xff,0x08,0x83,0xff,0x08,0x83,0xff,
    0x08,0x83,0xff,0x08,0x83,0xff,0x08,0x83,0xff,0x08,0x83,0xff,0x08,0x83,0xff,0x08,0x83,0xff,0x08,0x83,0xff,0x08,0x83,0xff,
    0x08,0x83,0xff,0x08,0x83,0xff,0x08,0x83,0xff,0x08,0x83,0xff,0x08,0x83,0xff,0x08,0x83,0xff,0x08,0x83,0xff,0x08,0x83,0xff,
    0x08,0x83,0xff,0x08,0x83,0xff,0x08,0x83,0xff,0x08,0x83,0xff,0x08,0x83,0xff,0x08,0x83,0xff,0x08,0x83,0xff,0x08,0x83,0xff,
    0x08,0x83,0xff,0x08,0x83,0xff,0x08,0x83,0xff,0x08,0x83,0xff,0x08,0x83,0xff,0x08,0x83,0xff,0x08,0x83,0xff,0x08,0x83,0xff,
    0x08,0x83,0xff,0x08,0x83,0xff,0x08,0x83,0xff,0x08,0x83,0xff,0x08,0x83,0xff,0x08,0x83,0xff,0x08,0x83,0xff,0x08,0x83,0xff,
    0x08,0x83,0xff,0x08,0x83,0xff,0x08,0x83,0xff,0x08,0x83,0xff,0x08,0x83,0xff,0x08,0x83,0xff,0x08,0x83,0xff,0x08,0x83,0xff,
    0x08,0x83,0xff,0x08,0x83,0xff,0x08,0x83,0xff,0x08,0x83,0xff,0x08,0x83,0xff,0x08,0x83,0xff,0x08,0x83,0xff,0x08,0x83,0xff,
    0x08,0x83,0xff,0x08,0x83,0xff,0x08,0x83,0xff,0x08,0x83,0xff,0x08,0x83,0xff,0x08,0x83,0xff,0x08,0x83,0xff,0x08,0x83,0xff,
    0x08,0x83,0xff,0x08,0x83,0xff,0x08,0x83,0xff,0x08,0x83,0xff,0x08,0x83,0xff,0x08,0x83,0xff,0x08,0x83,0xff,0x08,0x83,0xff,
    0x08,0x83,0xff,0x08,0x83,0xff,0x08,0x83,0xff,0x08,0x83,0xff,0x08,0x83,0xff,0x08,0x83,0xff,0x08,0x83,0xff,0x08,0x83,0xff,
    0x08,0x83,0xff,0x08,0x83,0xff,0x08,0x83,0xff,0x08,0x83,0xff,0x08,0x83,0xff,0x08,0x83,0xff,0x08,0x83,0xff,0x08,0x83,0xff,
    0x08,0x83,0xff,0x08,0x83,0xff,0x08,0x83,0xff,0x08,0x83,0xff,0x08,0x83,0xff,0x08,0x83,0xff,0x08,0x83,0xff,0x08,0x83,0xff,
    0x08,0x83,0xff,0x08,0x83,0xff,0x08,0x83,0xff,0x08,0x83,0xff,0x08,0x83,0xff,0x08,0x83,0xff,0x08,0x83,0xff,0x08,0x83,0xff,
    0x08,0x83,0xff,0x08,0x83,0xff,0x08,0x83,0xff,0x08,0x83,0xff,0x08,0x83,0xff,0x08,0x83,0xff,0x08,0x83,0xff,0x08,0x83,0xff,
    0x08,0x83,0xff,0x08,0x83,0xff,0x08,0x83,0xff,0x08,0x83,0xff,0x08,0x83,0xff,0x01,0xe4,0xc8,0x00,0x00,0x00,0x00,0x00,0x00,
    0x00,0x00,0x00,0x00,0x00,0x00,0x01,0xe4,0xc8,0x08,0x83,0xff,0x08,0x83,0xff,0x08,0x83,0xff,0x08,0x83,0xff,0x08,0x83,0xff,
    0x08,0x83,0xff,0x08,0x83,0xff,0x08,0x83,0xff,0x08,0x83,0xff,0x08,0x83,0xff,0x08,0x83,0xff,0x08,0x83,0xff,0x08,0x83,0xff,
    0x08,0x83,0xff,0x08,0x83,0xff,0x08,0x83,0xff,0x08,0x83,0xff,0x08,0x83,0xff,0x08,0x83,0xff,0x08,0x83,0xff,0x08,0x83,0xff,
    0x08,0x83,0xff,0x08,0x83,0xff,0x08,0x83,0xff,0x08,0x83,0xff,0x08,0x83,0xff,0x08,0x83,0xff,0x08,0x83,0xff,0x08,0x83,0xff,
    0x08,0x83,0xff,0x08,0x83,0xff,0x08,0x83,0xff,0x08,0x83,0xff,0x08,0x83,0xff,0x08,0x83,0xff,0x08,0x83,0xff,0x08,0x83,0xff,
    0x08,0x83,0xff,0x08,0x83,0xff,0x08,0x83,0xff,0x08,0x83,0xff,0x08,0x83,0xff,0x08,0x83,0xff,0x08,0x83,0xff,0x08,0x83,0xff,
    0x08,0x83,0xff,0x08,0x83,0xff,0x08,0x83,0xff,0x08,0x83,0xff,0x08,0x83,0xff,0x08,0x83,0xff,0x08,0x83,0xff,0x08,0x83,0xff,
    0x08,0x83,0xff,0x08,0x83,0xff,0x08,0x83,0xff,0x08,0x83,0xff,0x08,0x83,0xff,0x08,0x83,0xff,0x08,0x83,0xff,0x08,0x83,0xff,
    0x08,0x83,0xff,0x08,0x83,0xff,0x08,0x83,0xff,0x08,0x83,0xff,0x08,0x83,0xff,0x08,0x83,0xff,0x08,0x83,0xff,0x08,0x83,0xff,
    0x08,0x83,0xff,0x08,0x83,0xff,0x08,0x83,0xff,0x08,0x83,0xff,0x08,0x83,0xff,0x08,0x83,0xff,0x08,0x83,0xff,0x08,0x83,0xff,
    0x08,0x83,0xff,0x08,0x83,0xff,0x08,0x83,0xff,0x08,0x83,0xff,0x08,0x83,0xff,0x08,0x83,0xff,0x08,0x83,0xff,0x08,0x83,0xff,
    0x08,0x83,0xff,0x08,0x83,0xff,0x08,0x83,0xff,0x08,0x83,0xff,0x08,0x83,0xff,0x08,0x83,0xff,0x08,0x83,0xff,0x08,0x83,0xff,
    0x08,0x83,0xff,0x08,0x83,0xff,0x08,0x83,0xff,0x08,0x83,0xff,0x08,0x83,0xff,0x08,0x83,0xff,0x08,0x83,0xff,0x08,0x83,0xff,
    0x08,0x83,0xff,0x08,0x83,0xff,0x08,0x83,0xff,0x08,0x83,0xff,0x08,0x83,0xff,0x08,0x83,0xff,0x08,0x83,0xff,0x08,0x83,0xff,
    0x08,0x83,0xff,0x08,0x83,0xff,0x08,0x83,0xff,0x08,0x83,0xff,0x08,0x83,0xff,0x08,0x83,0xff,0x08,0x83,0xff,0x08,0x83,0xff,
    0x08,0x83,0xff,0x08,0x83,0xff,0x08,0x83,0xff,0x08,0x83,0xff,0x08,0x83,0xff,0x08,0x83,0xff,0x08,0x83,0xff,0x08,0x83,0xff,
    0x08,0x83,0xff,0x08,0x83,0xff,0x08,0x83,0xff,0x08,0x83,0xff,0x08,0x83,0xff,0x01,0xe4,0xc8,0x00,0x00,0x00,0x00,0x00,0x00,
    0x00,0x00,0x00,0x00,0x00,0x00,0x01,0xe4,0xc8,0x08,0x83,0xff,0x08,0x83,0xff,0x08,0x83,0xff,0x08,0x83,0xff,0x08,0x83,0xff,
    0x08,0x83,0xff,0x08,0x83,0xff,0x08,0x83,0xff,0x08,0x83,0xff,0x08,0x83,0xff,0x08,0x83,0xff,0x08,0x83,0xff,0x08,0x83,0xff,
    0x08,0x83,0xff,0x08,0x83,0xff,0x08,0x83,0xff,0x08,0x83,0xff,0x08,0x83,0xff,0x08,0x83,0xff,0x08,0x83,0xff,0x08,0x83,0xff,
    0x08,0x83,0xff,0x08,0x83,0xff,0x08,0x83,0xff,0x08,0x83,0xff,0x08,0x83,0xff,0x08,0x83,0xff,0x08,0x83,0xff,0x08,0x83,0xff,
    0x08,0x83,0xff,0x08,0x83,0xff,0x08,0x83,0xff,0x08,0x83,0xff,0x08,0x83,0xff,0x08,0x83,0xff,0x08,0x83,0xff,0x08,0x83,0xff,
    0x08,0x83,0xff,0x08,0x83,0xff,0x08,0x83,0xff,0x08,0x83,0xff,0x08,0x83,0xff,0x08,0x83,0xff,0x08,0x83,0xff,0x08,0x83,0xff,
    0x08,0x83,0xff,0x08,0x83,0xff,0x08,0x83,0xff,0x08,0x83,0xff,0x08,0x83,0xff,0x08,0x83,0xff,0x08,0x83,0xff,0x08,0x83,0xff,
    0x08,0x83,0xff,0x08,0x83,0xff,0x08,0x83,0xff,0x08,0x83,0xff,0x08,0x83,0xff,0x08,0x83,0xff,0x08,0x83,0xff,0x08,0x83,0xff,
    0x08,0x83,0xff,0x08,0x83,0xff,0x08,0x83,0xff,0x08,0x83,0xff,0x08,0x83,0xff,0x08,0x83,0xff,0x08,0x83,0xff,0x08,0x83,0xff,
    0x08,0x83,0xff,0x08,0x83,0xff,0x08,0x83,0xff,0x08,0x83,0xff,0x08,0x83,0xff,0x08,0x83,0xff,0x08,0x83,0xff,0x08,0x83,0xff,
    0x08,0x83,0xff,0x08,0x83,0xff,0x08,0x83,0xff,0x08,0x83,0xff,0x08,0x83,0xff,0x08,0x83,0xff,0x08,0x83,0xff,0x08,0x83,0xff,
    0x08,0x83,0xff,0x08,0x83,0xff,0x08,0x83,0xff,0x08,0x83,0xff,0x08,0x83,0xff,0x08,0x83,0xff,0x08,0x83,0xff,0x08,0x83,0xff,
    0x08,0x83,0xff,0x08,0x83,0xff,0x08,0x83,0xff,0x08,0x83,0xff,0x08,0x83,0xff,0x08,0x83,0xff,0x08,0x83,0xff,0x08,0x83,0xff,
    0x08,0x83,0xff,0x08,0x83,0xff,0x08,0x83,0xff,0x08,0x83,0xff,0x08,0x83,0xff,0x08,0x83,0xff,0x08,0x83,0xff,0x08,0x83,0xff,
    0x08,0x83,0xff,0x08,0x83,0xff,0x08,0x83,0xff,0x08,0x83,0xff,0x08,0x83,0xff,0x08,0x83,0xff,0x08,0x83,0xff,0x08,0x83,0xff,
    0x08,0x83,0xff,0x08,0x83,0xff,0x08,0x83,0xff,0x08,0x83,0xff,0x08,0x83,0xff,0x08,0x83,0xff,0x08,0x83,0xff,0x08,0x83,0xff,
    0x08,0x83,0xff,0x08,0x83,0xff,0x08,0x83,0xff,0x08,0x83,0xff,0x08,0x83,0xff,0x01,0xe4,0xc8,0x00,0x00,0x00,0x00,0x00,0x00,
    0x00,0x00,0x00,0x00,0x00,0x00,0x01,0xe4,0xc8,0x08,0x83,0xff,0x08,0x83,0xff,0x08,0x83,0xff,0x08,0x83,0xff,0x08,0x83,0xff,
    0x08,0x83,0xff,0x08,0x83,0xff,0x08,0x83,0xff,0x08,0x83,0xff,0x08,0x83,0xff,0x08,0x83,0xff,0x08,0x83,0xff,0x08,0x83,0xff,
    0x08,0x83,0xff,0x08,0x83,0xff,0x08,0x83,0xff,0x08,0x83,0xff,0x08,0x83,0xff,0x08,0x83,0xff,0x08,0x83,0xff,0x08,0x83,0xff,
    0x08,0x83,0xff,0x08,0x83,0xff,0x08,0x83,0xff,0x08,0x83,0xff,0x08,0x83,0xff,0x08,0x83,0xff,0x08,0x83,0xff,0x08,0x83,0xff,
    0x08,0x83,0xff,0x08,0x83,0xff,0x08,0x83,0xff,0x08,0x83,0xff,0x08,0x83,0xff,0x08,0x83,0xff,0x08,0x83,0xff,0x08,0x83,0xff,
    0x08,0x83,0xff,0x08,0x83,0xff,0x08,0x83,0xff,0x08,0x83,0xff,0x08,0x83,0xff,0x08,0x83,0xff,0x08,0x83,0xff,0x08,0x83,0xff,
    0x08,0x83,0xff,0x08,0x83,0xff,0x08,0x83,0xff,0x08,0x83,0xff,0x08,0x83,0xff,0x08,0x83,0xff,0x08,0x83,0xff,0x08,0x83,0xff,
    0x08,0x83,0xff,0x08,0x83,0xff,0x08,0x83,0xff,0x08,0x83,0xff,0x08,0x83,0xff,0x08,0x83,0xff,0x08,0x83,0xff,0x08,0x83,0xff,
    0x08,0x83,0xff,0x08,0x83,0xff,0x08,0x83,0xff,0x08,0x83,0xff,0x08,0x83,0xff,0x08,0x83,0xff,0x08,0x83,0xff,0x08,0x83,0xff,
    0x08,0x83,0xff,0x08,0x83,0xff,0x08,0x83,0xff,0x08,0x83,0xff,0x08,0x83,0xff,0x08,0x83,0xff,0x08,0x83,0xff,0x08,0x83,0xff,
    0x08,0x83,0xff,0x08,0x83,0xff,0x08,0x83,0xff,0x08,0x83,0xff,0x08,0x83,0xff,0x08,0x83,0xff,0x08,0x83,0xff,0x08,0x83,0xff,
    0x08,0x83,0xff,0x08,0x83,0xff,0x08,0x83,0xff,0x08,0x83,0xff,0x08,0x83,0xff,0x08,0x83,0xff,0x08,0x83,0xff,0x08,0x83,0xff,
    0x08,0x83,0xff,0x08,0x83,0xff,0x08,0x83,0xff,0x08,0x83,0xff,0x08,0x83,0xff,0x08,0x83,0xff,0x08,0x83,0xff,0x08,0x83,0xff,
    0x08,0x83,0xff,0x08,0x83,0xff,0x08,0x83,0xff,0x08,0x83,0xff,0x08,0x83,0xff,0x08,0x83,0xff,0x08,0x83,0xff,0x08,0x83,0xff,
    0x08,0x83,0xff,0x08,0x83,0xff,0x08,0x83,0xff,0x08,0x83,0xff,0x08,0x83,0xff,0x08,0x83,0xff,0x08,0x83,0xff,0x08,0x83,0xff,
    0x08,0x83,0xff,0x08,0x83,0xff,0x08,0x83,0xff,0x08,0x83,0xff,0x08,0x83,0xff,0x08,0x83,0xff,0x08,0x83,0xff,0x08,0x83,0xff,
    0x08,0x83,0xff,0x08,0x83,0xff,0x08,0x83,0xff,0x08,0x83,0xff,0x08,0x83,0xff,0x01,0xe4,0xc8,0x00,0x00,0x00,0x00,0x00,0x00,
    0x00,0x00,0x00,0x00,0x00,0x00,0x01,0xe4,0xc8,0x08,0x83,0xff,0x08,0x83,0xff,0x08,0x83,0xff,0x08,0x83,0xff,0x08,0x83,0xff,
    0x08,0x83,0xff,0x08,0x83,0xff,0x08,0x83,0xff,0x08,0x83,0xff,0x08,0x83,0xff,0x08,0x83,0xff,0x08,0x83,0xff,0x08,0x83,0xff,
    0x08,0x83,0xff,0x08,0x83,0xff,0x08,0x83,0xff,0x08,0x83,0xff,0x08,0x83,0xff,0x08,0x83,0xff,0x08,0x83,0xff,0x08,0x83,0xff,
    0x08,0x83,0xff,0x08,0x83,0xff,0x08,0x83,0xff,0x08,0x83,0xff,0x08,0x83,0xff,0x08,0x83,0xff,0x08,0x83,0xff,0x08,0x83,0xff,
    0x08,0x83,0xff,0x08,0x83,0xff,0x08,0x83,0xff,0x08,0x83,0xff,0x08,0x83,0xff,0x08,0x83,0xff,0x08,0x83,0xff,0x08,0x83,0xff,
    0x08,0x83,0xff,0x08,0x83,0xff,0x08,0x83,0xff,0x08,0x83,0xff,0x08,0x83,0xff,0x08,0x83,0xff,0x08,0x83,0xff,0x08,0x83,0xff,
    0x08,0x83,0xff,0x08,0x83,0xff,0x08,0x83,0xff,0x08,0x83,0xff,0x08,0x83,0xff,0x08,0x83,0xff,0x08,0x83,0xff,0x08,0x83,0xff,
    0x08,0x83,0xff,0x08,0x83,0xff,0x08,0x83,0xff,0x08,0x83,0xff,0x08,0x83,0xff,0x08,0x83,0xff,0x08,0x83,0xff,0x08,0x83,0xff,
    0x08,0x83,0xff,0x08,0x83,0xff,0x08,0x83,0xff,0x08,0x83,0xff,0x08,0x83,0xff,0x08,0x83,0xff,0x08,0x83,0xff,0x08,0x83,0xff,
    0x08,0x83,0xff,0x08,0x83,0xff,0x08,0x83,0xff,0x08,0x83,0xff,0x08,0x83,0xff,0x08,0x83,0xff,0x08,0x83,0xff,0x08,0x83,0xff,
    0x08,0x83,0xff,0x08,0x83,0xff,0x08,0x83,0xff,0x08,0x83,0xff,0x08,0x83,0xff,0x08,0x83,0xff,0x08,0x83,0xff,0x08,0x83,0xff,
    0x08,0x83,0xff,0x08,0x83,0xff,0x08,0x83,0xff,0x08,0x83,0xff,0x08,0x83,0xff,0x08,0x83,0xff,0x08,0x83,0xff,0x08,0x83,0xff,
    0x08,0x83,0xff,0x08,0x83,0xff,0x08,0x83,0xff,0x08,0x83,0xff,0x08,0x83,0xff,0x08,0x83,0xff,0x08,0x83,0xff,0x08,0x83,0xff,
    0x08,0x83,0xff,0x08,0x83,0xff,0x08,0x83,0xff,0x08,0x83,0xff,0x08,0x83,0xff,0x08,0x83,0xff,0x08,0x83,0xff,0x08,0x83,0xff,
    0x08,0x83,0xff,0x08,0x83,0xff,0x08,0x83,0xff,0x08,0x83,0xff,0x08,0x83,0xff,0x08,0x83,0xff,0x08,0x83,0xff,0x08,0x83,0xff,
    0x08,0x83,0xff,0x08,0x83,0xff,0x08,0x83,0xff,0x08,0x83,0xff,0x08,0x83,0xff,0x08,0x83,0xff,0x08,0x83,0xff,0x08,0x83,0xff,
    0x08,0x83,0xff,0x08,0x83,0xff,0x08,0x83,0xff,0x08,0x83,0xff,0x08,0x83,0xff,0x01,0xe4,0xc8,0x00,0x00,0x00,0x00,0x00,0x00,
    0x00,0x00,0x00,0x00,0x00,0x00,0x01,0xe4,0xc8,0x08,0x83,0xff,0x08,0x83,0xff,0x08,0x83,0xff,0x08,0x83,0xff,0x08,0x83,0xff,
    0x08,0x83,0xff,0x08,0x83,0xff,0x08,0x83,0xff,0x08,0x83,0xff,0x08,0x83,0xff,0x08,0x83,0xff,0x08,0x83,0xff,0x08,0x83,0xff,
    0x08,0x83,0xff,0x08,0x83,0xff,0x08,0x83,0xff,0x08,0x83,0xff,0x08,0x83,0xff,0x08,0x83,0xff,0x08,0x83,0xff,0x08,0x83,0xff,
    0x08,0x83,0xff,0x08,0x83,0xff,0x08,0x83,0xff,0x08,0x83,0xff,0x08,0x83,0xff,0x08,0x83,0xff,0x08,0x83,0xff,0x08,0x83,0xff,
    0x08,0x83,0xff,0x08,0x83,0xff,0x08,0x83,0xff,0x08,0x83,0xff,0x08,0x83,0xff,0x08,0x83,0xff,0x08,0x83,0xff,0x08,0x83,0xff,
    0x08,0x83,0xff,0x08,0x83,0xff,0x08,0x83,0xff,0x08,0x83,0xff,0x08,0x83,0xff,0x08,0x83,0xff,0x08,0x83,0xff,0x08,0x83,0xff,
    0x08,0x83,0xff,0x08,0x83,0xff,0x08,0x83,0xff,0x08,0x83,0xff,0x08,0x83,0xff,0x08,0x83,0xff,0x08,0x83,0xff,0x08,0x83,0xff,
    0x08,0x83,0xff,0x08,0x83,0xff,0x08,0x83,0xff,0x08,0x83,0xff,0x08,0x83,0xff,0x08,0x83,0xff,0x08,0x83,0xff,0x08,0x83,0xff,
    0x08,0x83,0xff,0x08,0x83,0xff,0x08,0x83,0xff,0x08,0x83,0xff,0x08,0x83,0xff,0x08,0x83,0xff,0x08,0x83,0xff,0x08,0x83,0xff,
    0x08,0x83,0xff,0x08,0x83,0xff,0x08,0x83,0xff,0x08,0x83,0xff,0x08,0x83,0xff,0x08,0x83,0xff,0x08,0x83,0xff,0x08,0x83,0xff,
    0x08,0x83,0xff,0x08,0x83,0xff,0x08,0x83,0xff,0x08,0x83,0xff,0x08,0x83,0xff,0x08,0x83,0xff,0x08,0x83,0xff,0x08,0x83,0xff,
    0x08,0x83,0xff,0x08,0x83,0xff,0x08,0x83,0xff,0x08,0x83,0xff,0x08,0x83,0xff,0x08,0x83,0xff,0x08,0x83,0xff,0x08,0x83,0xff,
    0x08,0x83,0xff,0x08,0x83,0xff,0x08,0x83,0xff,0x08,0x83,0xff,0x08,0x83,0xff,0x08,0x83,0xff,0x08,0x83,0xff,0x08,0x83,0xff,
    0x08,0x83,0xff,0x08,0x83,0xff,0x08,0x83,0xff,0x08,0x83,0xff,0x08,0x83,0xff,0x08,0x83,0xff,0x08,0x83,0xff,0x08,0x83,0xff,
    0x08,0x83,0xff,0x08,0x83,0xff,0x08,0x83,0xff,0x08,0x83,0xff,0x08,0x83,0xff,0x08,0x83,0xff,0x08,0x83,0xff,0x08,0x83,0xff,
    0x08,0x83,0xff,0x08,0x83,0xff,0x08,0x83,0xff,0x08,0x83,0xff,0x08,0x83,0xff,0x08,0x83,0xff,0x08,0x83,0xff,0x08,0x83,0xff,
    0x08,0x83,0xff,0x08,0x83,0xff,0x08,0x83,0xff,0x08,0x83,0xff,0x08,0x83,0xff,0x01,0xe4,0xc8,0x00,0x00,0x00,0x00,0x00,0x00,
    0x00,0x00,0x00,0x00,0x00,0x00,0x01,0xe4,0xc8,0x08,0x83,0xff,0x08,0x83,0xff,0x08,0x83,0xff,0x08,0x83,0xff,0x08,0x83,0xff,
    0x08,0x83,0xff,0x08,0x83,0xff,0x08,0x83,0xff,0x08,0x83,0xff,0x08,0x83,0xff,0x08,0x83,0xff,0x08,0x83,0xff,0x08,0x83,0xff,
    0x08,0x83,0xff,0x08,0x83,0xff,0x08,0x83,0xff,0x08,0x83,0xff,0x08,0x83,0xff,0x08,0x83,0xff,0x08,0x83,0xff,0x08,0x83,0xff,
    0x08,0x83,0xff,0x08,0x83,0xff,0x08,0x83,0xff,0x08,0x83,0xff,0x08,0x83,0xff,0x08,0x83,0xff,0x08,0x83,0xff,0x08,0x83,0xff,
    0x08,0x83,0xff,0x08,0x83,0xff,0x08,0x83,0xff,0x08,0x83,0xff,0x08,0x83,0xff,0x08,0x83,0xff,0x08,0x83,0xff,0x08,0x83,0xff,
    0x08,0x83,0xff,0x08,0x83,0xff,0x08,0x83,0xff,0x08,0x83,0xff,0x08,0x83,0xff,0x08,0x83,0xff,0x08,0x83,0xff,0x08,0x83,0xff,
    0x08,0x83,0xff,0x08,0x83,0xff,0x08,0x83,0xff,0x08,0x83,0xff,0x08,0x83,0xff,0x08,0x83,0xff,0x08,0x83,0xff,0x08,0x83,0xff,
    0x08,0x83,0xff,0x08,0x83,0xff,0x08,0x83,0xff,0x08,0x83,0xff,0x08,0x83,0xff,0x08,0x83,0xff,0x08,0x83,0xff,0x08,0x83,0xff,
    0x08,0x83,0xff,0x08,0x83,0xff,0x08,0x83,0xff,0x08,0x83,0xff,0x08,0x83,0xff,0x08,0x83,0xff,0x08,0x83,0xff,0x08,0x83,0xff,
    0x08,0x83,0xff,0x08,0x83,0xff,0x08,0x83,0xff,0x08,0x83,0xff,0x08,0x83,0xff,0x08,0x83,0xff,0x08,0x83,0xff,0x08,0x83,0xff,
    0x08,0x83,0xff,0x08,0x83,0xff,0x08,0x83,0xff,0x08,0x83,0xff,0x08,0x83,0xff,0x08,0x83,0xff,0x08,0x83,0xff,0x08,0x83,0xff,
    0x08,0x83,0xff,0x08,0x83,0xff,0x08,0x83,0xff,0x08,0x83,0xff,0x08,0x83,0xff,0x08,0x83,0xff,0x08,0x83,0xff,0x08,0x83,0xff,
    0x08,0x83,0xff,0x08,0x83,0xff,0x08,0x83,0xff,0x08,0x83,0xff,0x08,0x83,0xff,0x08,0x83,0xff,0x08,0x83,0xff,0x08,0x83,0xff,
    0x08,0x83,0xff,0x08,0x83,0xff,0x08,0x83,0xff,0x08,0x83,0xff,0x08,0x83,0xff,0x08,0x83,0xff,0x08,0x83,0xff,0x08,0x83,0xff,
    0x08,0x83,0xff,0x08,0x83,0xff,0x08,0x83,0xff,0x08,0x83,0xff,0x08,0x83,0xff,0x08,0x83,0xff,0x08,0x83,0xff,0x08,0x83,0xff,
    0x08,0x83,0xff,0x08,0x83,0xff,0x08,0x83,0xff,0x08,0x83,0xff,0x08,0x83,0xff,0x08,0x83,0xff,0x08,0x83,0xff,0x08,0x83,0xff,
    0x08,0x83,0xff,0x08,0x83,0xff,0x08,0x83,0xff,0x08,0x83,0xff,0x08,0x83,0xff,0x01,0xe4,0xc8,0x00,0x00,0x00,0x00,0x00,0x00,
    0x00,0x00,0x00,0x00,0x00,0x00,0x01,0xe4,0xc8,0x08,0x83,0xff,0x08,0x83,0xff,0x08,0x83,0xff,0x08,0x83,0xff,0x08,0x83,0xff,
    0x08,0x83,0xff,0x08,0x83,0xff,0x08,0x83,0xff,0x08,0x83,0xff,0x08,0x83,0xff,0x08,0x83,0xff,0x08,0x83,0xff,0x08,0x83,0xff,
    0x08,0x83,0xff,0x08,0x83,0xff,0x08,0x83,0xff,0x08,0x83,0xff,0x08,0x83,0xff,0x08,0x83,0xff,0x08,0x83,0xff,0x08,0x83,0xff,
    0x08,0x83,0xff,0x08,0x83,0xff,0x08,0x83,0xff,0x08,0x83,0xff,0x08,0x83,0xff,0x08,0x83,0xff,0x08,0x83,0xff,0x08,0x83,0xff,
    0x08,0x83,0xff,0x08,0x83,0xff,0x08,0x83,0xff,0x08,0x83,0xff,0x08,0x83,0xff,0x08,0x83,0xff,0x08,0x83,0xff,0x08,0x83,0xff,
    0x08,0x83,0xff,0x08,0x83,0xff,0x08,0x83,0xff,0x08,0x83,0xff,0x08,0x83,0xff,0x08,0x83,0xff,0x08,0x83,0xff,0x08,0x83,0xff,
    0x08,0x83,0xff,0x08,0x83,0xff,0x08,0x83,0xff,0x08,0x83,0xff,0x08,0x83,0xff,0x08,0x83,0xff,0x08,0x83,0xff,0x08,0x83,0xff,
    0x08,0x83,0xff,0x08,0x83,0xff,0x08,0x83,0xff,0x08,0x83,0xff,0x08,0x83,0xff,0x08,0x83,0xff,0x08,0x83,0xff,0x08,0x83,0xff,
    0x08,0x83,0xff,0x08,0x83,0xff,0x08,0x83,0xff,0x08,0x83,0xff,0x08,0x83,0xff,0x08,0x83,0xff,0x08,0x83,0xff,0x08,0x83,0xff,
    0x08,0x83,0xff,0x08,0x83,0xff,0x08,0x83,0xff,0x08,0x83,0xff,0x08,0x83,0xff,0x08,0x83,0xff,0x08,0x83,0xff,0x08,0x83,0xff,
    0x08,0x83,0xff,0x08,0x83,0xff,0x08,0x83,0xff,0x08,0x83,0xff,0x08,0x83,0xff,0x08,0x83,0xff,0x08,0x83,0xff,0x08,0x83,0xff,
    0x08,0x83,0xff,0x08,0x83,0xff,0x08,0x83,0xff,0x08,0x83,0xff,0x08,0x83,0xff,0x08,0x83,0xff,0x08,0x83,0xff,0x08,0x83,0xff,
    0x08,0x83,0xff,0x08,0x83,0xff,0x08,0x83,0xff,0x08,0x83,0xff,0x08,0x83,0xff,0x08,0x83,0xff,0x08,0x83,0xff,0x08,0x83,0xff,
    0x08,0x83,0xff,0x08,0x83,0xff,0x08,0x83,0xff,0x08,0x83,0xff,0x08,0x83,0xff,0x08,0x83,0xff,0x08,0x83,0xff,0x08,0x83,0xff,
    0x08,0x83,0xff,0x08,0x83,0xff,0x08,0x83,0xff,0x08,0x83,0xff,0x08,0x83,0xff,0x08,0x83,0xff,0x08,0x83,0xff,0x08,0x83,0xff,
    0x08,0x83,0xff,0x08,0x83,0xff,0x08,0x83,0xff,0x08,0x83,0xff,0x08,0x83,0xff,0x08,0x83,0xff,0x08,0x83,0xff,0x08,0x83,0xff,
    0x08,0x83,0xff,0x08,0x83,0xff,0x08,0x83,0xff,0x08,0x83,0xff,0x08,0x83,0xff,0x01,0xe4,0xc8,0x00,0x00,0x00,0x00,0x00,0x00,
    0x00,0x00,0x00,0x00,0x00,0x00,0x01,0xe4,0xc8,0x08,0x83,0xff,0x08,0x83,0xff,0x08,0x83,0xff,0x08,0x83,0xff,0x08,0x83,0xff,
    0x08,0x83,0xff,0x08,0x83,0xff,0x08,0x83,0xff,0x08,0x83,0xff,0x08,0x83,0xff,0x08,0x83,0xff,0x08,0x83,0xff,0x08,0x83,0xff,
    0x08,0x83,0xff,0x08,0x83,0xff,0x08,0x83,0xff,0x08,0x83,0xff,0x08,0x83,0xff,0x08,0x83,0xff,0x08,0x83,0xff,0x08,0x83,0xff,
    0x08,0x83,0xff,0x08,0x83,0xff,0x08,0x83,0xff,0x08,0x83,0xff,0x08,0x83,0xff,0x08,0x83,0xff,0x08,0x83,0xff,0x08,0x83,0xff,
    0x08,0x83,0xff,0x08,0x83,0xff,0x08,0x83,0xff,0x08,0x83,0xff,0x08,0x83,0xff,0x08,0x83,0xff,0x08,0x83,0xff,0x08,0x83,0xff,
    0x08,0x83,0xff,0x08,0x83,0xff,0x08,0x83,0xff,0x08,0x83,0xff,0x08,0x83,0xff,0x08,0x83,0xff,0x08,0x83,0xff,0x08,0x83,0xff,
    0x08,0x83,0xff,0x08,0x83,0xff,0x08,0x83,0xff,0x08,0x83,0xff,0x08,0x83,0xff,0x08,0x83,0xff,0x08,0x83,0xff,0x08,0x83,0xff,
    0x08,0x83,0xff,0x08,0x83,0xff,0x08,0x83,0xff,0x08,0x83,0xff,0x08,0x83,0xff,0x08,0x83,0xff,0x08,0x83,0xff,0x08,0x83,0xff,
    0x08,0x83,0xff,0x08,0x83,0xff,0x08,0x83,0xff,0x08,0x83,0xff,0x08,0x83,0xff,0x08,0x83,0xff,0x08,0x83,0xff,0x08,0x83,0xff,
    0x08,0x83,0xff,0x08,0x83,0xff,0x08,0x83,0xff,0x08,0x83,0xff,0x08,0x83,0xff,0x08,0x83,0xff,0x08,0x83,0xff,0x08,0x83,0xff,
    0x08,0x83,0xff,0x08,0x83,0xff,0x08,0x83,0xff,0x08,0x83,0xff,0x08,0x83,0xff,0x08,0x83,0xff,0x08,0x83,0xff,0x08,0x83,0xff,
    0x08,0x83,0xff,0x08,0x83,0xff,0x08,0x83,0xff,0x08,0x83,0xff,0x08,0x83,0xff,0x08,0x83,0xff,0x08,0x83,0xff,0x08,0x83,0xff,
    0x08,0x83,0xff,0x08,0x83,0xff,0x08,0x83,0xff,0x08,0x83,0xff,0x08,0x83,0xff,0x08,0x83,0xff,0x08,0x83,0xff,0x08,0x83,0xff,
    0x08,0x83,0xff,0x08,0x83,0xff,0x08,0x83,0xff,0x08,0x83,0xff,0x08,0x83,0xff,0x08,0x83,0xff,0x08,0x83,0xff,0x08,0x83,0xff,
    0x08,0x83,0xff,0x08,0x83,0xff,0x08,0x83,0xff,0x08,0x83,0xff,0x08,0x83,0xff,0x08,0x83,0xff,0x08,0x83,0xff,0x08,0x83,0xff,
    0x08,0x83,0xff,0x08,0x83,0xff,0x08,0x83,0xff,0x08,0x83,0xff,0x08,0x83,0xff,0x08,0x83,0xff,0x08,0x83,0xff,0x08,0x83,0xff,
    0x08,0x83,0xff,0x08,0x83,0xff,0x08,0x83,0xff,0x08,0x83,0xff,0x08,0x83,0xff,0x01,0xe4,0xc8,0x00,0x00,0x00,0x00,0x00,0x00,
    0x00,0x00,0x00,0x00,0x00,0x00,0x01,0xe4,0xc8,0x08,0x83,0xff,0x08,0x83,0xff,0x08,0x83,0xff,0x08,0x83,0xff,0x08,0x83,0xff,
    0x08,0x83,0xff,0x08,0x83,0xff,0x08,0x83,0xff,0x08,0x83,0xff,0x08,0x83,0xff,0x08,0x83,0xff,0x08,0x83,0xff,0x08,0x83,0xff,
    0x08,0x83,0xff,0x08,0x83,0xff,0x08,0x83,0xff,0x08,0x83,0xff,0x08,0x83,0xff,0x08,0x83,0xff,0x08,0x83,0xff,0x08,0x83,0xff,
    0x08,0x83,0xff,0x08,0x83,0xff,0x08,0x83,0xff,0x08,0x83,0xff,0x08,0x83,0xff,0x08,0x83,0xff,0x08,0x83,0xff,0x08,0x83,0xff,
    0x08,0x83,0xff,0x08,0x83,0xff,0x08,0x83,0xff,0x08,0x83,0xff,0x08,0x83,0xff,0x08,0x83,0xff,0x08,0x83,0xff,0x08,0x83,0xff,
    0x08,0x83,0xff,0x08,0x83,0xff,0x08,0x83,0xff,0x08,0x83,0xff,0x08,0x83,0xff,0x08,0x83,0xff,0x08,0x83,0xff,0x08,0x83,0xff,
    0x08,0x83,0xff,0x08,0x83,0xff,0x08,0x83,0xff,0x08,0x83,0xff,0x08,0x83,0xff,0x08,0x83,0xff,0x08,0x83,0xff,0x08,0x83,0xff,
    0x08,0x83,0xff,0x08,0x83,0xff,0x08,0x83,0xff,0x08,0x83,0xff,0x08,0x83,0xff,0x08,0x83,0xff,0x08,0x83,0xff,0x08,0x83,0xff,
    0x08,0x83,0xff,0x08,0x83,0xff,0x08,0x83,0xff,0x08,0x83,0xff,0x08,0x83,0xff,0x08,0x83,0xff,0x08,0x83,0xff,0x08,0x83,0xff,
    0x08,0x83,0xff,0x08,0x83,0xff,0x08,0x83,0xff,0x08,0x83,0xff,0x08,0x83,0xff,0x08,0x83,0xff,0x08,0x83,0xff,0x08,0x83,0xff,
    0x08,0x83,0xff,0x08,0x83,0xff,0x08,0x83,0xff,0x08,0x83,0xff,0x08,0x83,0xff,0x08,0x83,0xff,0x08,0x83,0xff,0x08,0x83,0xff,
    0x08,0x83,0xff,0x08,0x83,0xff,0x08,0x83,0xff,0x08,0x83,0xff,0x08,0x83,0xff,0x08,0x83,0xff,0x08,0x83,0xff,0x08,0x83,0xff,
    0x08,0x83,0xff,0x08,0x83,0xff,0x08,0x83,0xff,0x08,0x83,0xff,0x08,0x83,0xff,0x08,0x83,0xff,0x08,0x83,0xff,0x08,0x83,0xff,
    0x08,0x83,0xff,0x08,0x83,0xff,0x08,0x83,0xff,0x08,0x83,0xff,0x08,0x83,0xff,0x08,0x83,0xff,0x08,0x83,0xff,0x08,0x83,0xff,
    0x08,0x83,0xff,0x08,0x83,0xff,0x08,0x83,0xff,0x08,0x83,0xff,0x08,0x83,0xff,0x08,0x83,0xff,0x08,0x83,0xff,0x08,0x83,0xff,
    0x08,0x83,0xff,0x08,0x83,0xff,0x08,0x83,0xff,0x08,0x83,0xff,0x08,0x83,0xff,0x08,0x83,0xff,0x08,0x83,0xff,0x08,0x83,0xff,
    0x08,0x83,0xff,0x08,0x83,0xff,0x08,0x83,0xff,0x08,0x83,0xff,0x08,0x83,0xff,0x01,0xe4,0xc8,0x00,0x00,0x00,0x00,0x00,0x00,
    0x00,0x00,0x00,0x00,0x00,0x00,0x01,0xe4,0xc8,0x08,0x83,0xff,0x08,0x83,0xff,0x08,0x83,0xff,0x08,0x83,0xff,0x08,0x83,0xff,
    0x08,0x83,0xff,0x08,0x83,0xff,0x08,0x83,0xff,0x08,0x83,0xff,0x08,0x83,0xff,0x08,0x83,0xff,0x08,0x83,0xff,0x08,0x83,0xff,
    0x08,0x83,0xff,0x08,0x83,0xff,0x08,0x83,0xff,0x08,0x83,0xff,0x08,0x83,0xff,0x08,0x83,0xff,0x08,0x83,0xff,0x08,0x83,0xff,
    0x08,0x83,0xff,0x08,0x83,0xff,0x08,0x83,0xff,0x08,0x83,0xff,0x08,0x83,0xff,0x08,0x83,0xff,0x08,0x83,0xff,0x08,0x83,0xff,
    0x08,0x83,0xff,0x08,0x83,0xff,0x08,0x83,0xff,0x08,0x83,0xff,0x08,0x83,0xff,0x08,0x83,0xff,0x08,0x83,0xff,0x08,0x83,0xff,
    0x08,0x83,0xff,0x08,0x83,0xff,0x08,0x83,0xff,0x08,0x83,0xff,0x08,0x83,0xff,0x08,0x83,0xff,0x08,0x83,0xff,0x08,0x83,0xff,
    0x08,0x83,0xff,0x08,0x83,0xff,0x08,0x83,0xff,0x08,0x83,0xff,0x08,0x83,0xff,0x08,0x83,0xff,0x08,0x83,0xff,0x08,0x83,0xff,
    0x08,0x83,0xff,0x08,0x83,0xff,0x08,0x83,0xff,0x08,0x83,0xff,0x08,0x83,0xff,0x08,0x83,0xff,0x08,0x83,0xff,0x08,0x83,0xff,
    0x08,0x83,0xff,0x08,0x83,0xff,0x08,0x83,0xff,0x08,0x83,0xff,0x08,0x83,0xff,0x08,0x83,0xff,0x08,0x83,0xff,0x08,0x83,0xff,
    0x08,0x83,0xff,0x08,0x83,0xff,0x08,0x83,0xff,0x08,0x83,0xff,0x08,0x83,0xff,0x08,0x83,0xff,0x08,0x83,0xff,0x08,0x83,0xff,
    0x08,0x83,0xff,0x08,0x83,0xff,0x08,0x83,0xff,0x08,0x83,0xff,0x08,0x83,0xff,0x08,0x83,0xff,0x08,0x83,0xff,0x08,0x83,0xff,
    0x08,0x83,0xff,0x08,0x83,0xff,0x08,0x83,0xff,0x08,0x83,0xff,0x08,0x83,0xff,0x08,0x83,0xff,0x08,0x83,0xff,0x08,0x83,0xff,
    0x08,0x83,0xff,0x08,0x83,0xff,0x08,0x83,0xff,0x08,0x83,0xff,0x08,0x83,0xff,0x08,0x83,0xff,0x08,0x83,0xff,0x08,0x83,0xff,
    0x08,0x83,0xff,0x08,0x83,0xff,0x08,0x83,0xff,0x08,0x83,0xff,0x08,0x83,0xff,0x08,0x83,0xff,0x08,0x83,0xff,0x08,0x83,0xff,
    0x08,0x83,0xff,0x08,0x83,0xff,0x08,0x83,0xff,0x08,0x83,0xff,0x08,0x83,0xff,0x08,0x83,0xff,0x08,0x83,0xff,0x08,0x83,0xff,
    0x08,0x83,0xff,0x08,0x83,0xff,0x08,0x83,0xff,0x08,0x83,0xff,0x08,0x83,0xff,0x08,0x83,0xff,0x08,0x83,0xff,0x08,0x83,0xff,
    0x08,0x83,0xff,0x08,0x83,0xff,0x08,0x83,0xff,0x08,0x83,0xff,0x08,0x83,0xff,0x01,0xe4,0xc8,0x00,0x00,0x00,0x00,0x00,0x00,
    0x00,0x00,0x00,0x00,0x00,0x00,0x01,0xe4,0xc8,0x08,0x83,0xff,0x08,0x83,0xff,0x08,0x83,0xff,0x08,0x83,0xff,0x08,0x83,0xff,
    0x08,0x83,0xff,0x08,0x83,0xff,0x08,0x83,0xff,0x08,0x83,0xff,0x08,0x83,0xff,0x08,0x83,0xff,0x08,0x83,0xff,0x08,0x83,0xff,
    0x08,0x83,0xff,0x08,0x83,0xff,0x08,0x83,0xff,0x08,0x83,0xff,0x08,0x83,0xff,0x08,0x83,0xff,0x08,0x83,0xff,0x08,0x83,0xff,
    0x08,0x83,0xff,0x08,0x83,0xff,0x08,0x83,0xff,0x08,0x83,0xff,0x08,0x83,0xff,0x08,0x83,0xff,0x08,0x83,0xff,0x08,0x83,0xff,
    0x08,0x83,0xff,0x08,0x83,0xff,0x08,0x83,0xff,0x08,0x83,0xff,0x08,0x83,0xff,0x08,0x83,0xff,0x08,0x83,0xff,0x08,0x83,0xff,
    0x08,0x83,0xff,0x08,0x83,0xff,0x08,0x83,0xff,0x08,0x83,0xff,0x08,0x83,0xff,0x08,0x83,0xff,0x08,0x83,0xff,0x08,0x83,0xff,
    0x08,0x83,0xff,0x08,0x83,0xff,0x08,0x83,0xff,0x08,0x83,0xff,0x08,0x83,0xff,0x08,0x83,0xff,0x08,0x83,0xff,0x08,0x83,0xff,
    0x08,0x83,0xff,0x08,0x83,0xff,0x08,0x83,0xff,0x08,0x83,0xff,0x08,0x83,0xff,0x08,0x83,0xff,0x08,0x83,0xff,0x08,0x83,0xff,
    0x08,0x83,0xff,0x08,0x83,0xff,0x08,0x83,0xff,0x08,0x83,0xff,0x08,0x83,0xff,0x08,0x83,0xff,0x08,0x83,0xff,0x08,0x83,0xff,
    0x08,0x83,0xff,0x08,0x83,0xff,0x08,0x83,0xff,0x08,0x83,0xff,0x08,0x83,0xff,0x08,0x83,0xff,0x08,0x83,0xff,0x08,0x83,0xff,
    0x08,0x83,0xff,0x08,0x83,0xff,0x08,0x83,0xff,0x08,0x83,0xff,0x08,0x83,0xff,0x08,0x83,0xff,0x08,0x83,0xff,0x08,0x83,0xff,
    0x08,0x83,0xff,0x08,0x83,0xff,0x08,0x83,0xff,0x08,0x83,0xff,0x08,0x83,0xff,0x08,0x83,0xff,0x08,0x83,0xff,0x08,0x83,0xff,
    0x08,0x83,0xff,0x08,0x83,0xff,0x08,0x83,0xff,0x08,0x83,0xff,0x08,0x83,0xff,0x08,0x83,0xff,0x08,0x83,0xff,0x08,0x83,0xff,
    0x08,0x83,0xff,0x08,0x83,0xff,0x08,0x83,0xff,0x08,0x83,0xff,0x08,0x83,0xff,0x08,0x83,0xff,0x08,0x83,0xff,0x08,0x83,0xff,
    0x08,0x83,0xff,0x08,0x83,0xff,0x08,0x83,0xff,0x08,0x83,0xff,0x08,0x83,0xff,0x08,0x83,0xff,0x08,0x83,0xff,0x08,0x83,0xff,
    0x08,0x83,0xff,0x08,0x83,0xff,0x08,0x83,0xff,0x08,0x83,0xff,0x08,0x83,0xff,0x08,0x83,0xff,0x08,0x83,0xff,0x08,0x83,0xff,
    0x08,0x83,0xff,0x08,0x83,0xff,0x08,0x83,0xff,0x08,0x83,0xff,0x08,0x83,0xff,0x01,0xe4,0xc8,0x00,0x00,0x00,0x00,0x00,0x00,
    0x00,0x00,0x00,0x00,0x00,0x00,0x01,0xe4,0xc8,0x08,0x83,0xff,0x08,0x83,0xff,0x08,0x83,0xff,0x08,0x83,0xff,0x08,0x83,0xff,
    0x08,0x83,0xff,0x08,0x83,0xff,0x08,0x83,0xff,0x08,0x83,0xff,0x08,0x83,0xff,0x08,0x83,0xff,0x08,0x83,0xff,0x08,0x83,0xff,
    0x08,0x83,0xff,0x08,0x83,0xff,0x08,0x83,0xff,0x08,0x83,0xff,0x08,0x83,0xff,0x08,0x83,0xff,0x08,0x83,0xff,0x08,0x83,0xff,
    0x08,0x83,0xff,0x08,0x83,0xff,0x08,0x83,0xff,0x08,0x83,0xff,0x08,0x83,0xff,0x08,0x83,0xff,0x08,0x83,0xff,0x08,0x83,0xff,
    0x08,0x83,0xff,0x08,0x83,0xff,0x08,0x83,0xff,0x08,0x83,0xff,0x08,0x83,0xff,0x08,0x83,0xff,0x08,0x83,0xff,0x08,0x83,0xff,
    0x08,0x83,0xff,0x08,0x83,0xff,0x08,0x83,0xff,0x08,0x83,0xff,0x08,0x83,0xff,0x08,0x83,0xff,0x08,0x83,0xff,0x08,0x83,0xff,
    0x08,0x83,0xff,0x08,0x83,0xff,0x08,0x83,0xff,0x08,0x83,0xff,0x08,0x83,0xff,0x08,0x83,0xff,0x08,0x83,0xff,0x08,0x83,0xff,
    0x08,0x83,0xff,0x08,0x83,0xff,0x08,0x83,0xff,0x08,0x83,0xff,0x08,0x83,0xff,0x08,0x83,0xff,0x08,0x83,0xff,0x08,0x83,0xff,
    0x08,0x83,0xff,0x08,0x83,0xff,0x08,0x83,0xff,0x08,0x83,0xff,0x08,0x83,0xff,0x08,0x83,0xff,0x08,0x83,0xff,0x08,0x83,0xff,
    0x08,0x83,0xff,0x08,0x83,0xff,0x08,0x83,0xff,0x08,0x83,0xff,0x08,0x83,0xff,0x08,0x83,0xff,0x08,0x83,0xff,0x08,0x83,0xff,
    0x08,0x83,0xff,0x08,0x83,0xff,0x08,0x83,0xff,0x08,0x83,0xff,0x08,0x83,0xff,0x08,0x83,0xff,0x08,0x83,0xff,0x08,0x83,0xff,
    0x08,0x83,0xff,0x08,0x83,0xff,0x08,0x83,0xff,0x08,0x83,0xff,0x08,0x83,0xff,0x08,0x83,0xff,0x08,0x83,0xff,0x08,0x83,0xff,
    0x08,0x83,0xff,0x08,0x83,0xff,0x08,0x83,0xff,0x08,0x83,0xff,0x08,0x83,0xff,0x08,0x83,0xff,0x08,0x83,0xff,0x08,0x83,0xff,
    0x08,0x83,0xff,0x08,0x83,0xff,0x08,0x83,0xff,0x08,0x83,0xff,0x08,0x83,0xff,0x08,0x83,0xff,0x08,0x83,0xff,0x08,0x83,0xff,
    0x08,0x83,0xff,0x08,0x83,0xff,0x08,0x83,0xff,0x08,0x83,0xff,0x08,0x83,0xff,0x08,0x83,0xff,0x08,0x83,0xff,0x08,0x83,0xff,
    0x08,0x83,0xff,0x08,0x83,0xff,0x08,0x83,0xff,0x08,0x83,0xff,0x08,0x83,0xff,0x08,0x83,0xff,0x08,0x83,0xff,0x08,0x83,0xff,
    0x08,0x83,0xff,0x08,0x83,0xff,0x08,0x83,0xff,0x08,0x83,0xff,0x08,0x83,0xff,0x01,0xe4,0xc8,0x00,0x00,0x00,0x00,0x00,0x00,
    0x00,0x00,0x00,0x00,0x00,0x00,0x01,0xe4,0xc8,0x08,0x83,0xff,0x08,0x83,0xff,0x08,0x83,0xff,0x08,0x83,0xff,0x08,0x83,0xff,
    0x08,0x83,0xff,0x08,0x83,0xff,0x08,0x83,0xff,0x08,0x83,0xff,0x08,0x83,0xff,0x08,0x83,0xff,0x08,0x83,0xff,0x08,0x83,0xff,
    0x08,0x83,0xff,0x08,0x83,0xff,0x08,0x83,0xff,0x08,0x83,0xff,0x08,0x83,0xff,0x08,0x83,0xff,0x08,0x83,0xff,0x08,0x83,0xff,
    0x08,0x83,0xff,0x08,0x83,0xff,0x08,0x83,0xff,0x08,0x83,0xff,0x08,0x83,0xff,0x08,0x83,0xff,0x08,0x83,0xff,0x08,0x83,0xff,
    0x08,0x83,0xff,0x08,0x83,0xff,0x08,0x83,0xff,0x08,0x83,0xff,0x08,0x83,0xff,0x08,0x83,0xff,0x08,0x83,0xff,0x08,0x83,0xff,
    0x08,0x83,0xff,0x08,0x83,0xff,0x08,0x83,0xff,0x08,0x83,0xff,0x08,0x83,0xff,0x08,0x83,0xff,0x08,0x83,0xff,0x08,0x83,0xff,
    0x08,0x83,0xff,0x08,0x83,0xff,0x08,0x83,0xff,0x08,0x83,0xff,0x08,0x83,0xff,0x08,0x83,0xff,0x08,0x83,0xff,0x08,0x83,0xff,
    0x08,0x83,0xff,0x08,0x83,0xff,0x08,0x83,0xff,0x08,0x83,0xff,0x08,0x83,0xff,0x08,0x83,0xff,0x08,0x83,0xff,0x08,0x83,0xff,
    0x08,0x83,0xff,0x08,0x83,0xff,0x08,0x83,0xff,0x08,0x83,0xff,0x08,0x83,0xff,0x08,0x83,0xff,0x08,0x83,0xff,0x08,0x83,0xff,
    0x08,0x83,0xff,0x08,0x83,0xff,0x08,0x83,0xff,0x08,0x83,0xff,0x08,0x83,0xff,0x08,0x83,0xff,0x08,0x83,0xff,0x08,0x83,0xff,
    0x08,0x83,0xff,0x08,0x83,0xff,0x08,0x83,0xff,0x08,0x83,0xff,0x08,0x83,0xff,0x08,0x83,0xff,0x08,0x83,0xff,0x08,0x83,0xff,
    0x08,0x83,0xff,0x08,0x83,0xff,0x08,0x83,0xff,0x08,0x83,0xff,0x08,0x83,0xff,0x08,0x83,0xff,0x08,0x83,0xff,0x08,0x83,0xff,
    0x08,0x83,0xff,0x08,0x83,0xff,0x08,0x83,0xff,0x08,0x83,0xff,0x08,0x83,0xff,0x08,0x83,0xff,0x08,0x83,0xff,0x08,0x83,0xff,
    0x08,0x83,0xff,0x08,0x83,0xff,0x08,0x83,0xff,0x08,0x83,0xff,0x08,0x83,0xff,0x08,0x83,0xff,0x08,0x83,0xff,0x08,0x83,0xff,
    0x08,0x83,0xff,0x08,0x83,0xff,0x08,0x83,0xff,0x08,0x83,0xff,0x08,0x83,0xff,0x08,0x83,0xff,0x08,0x83,0xff,0x08,0x83,0xff,
    0x08,0x83,0xff,0x08,0x83,0xff,0x08,0x83,0xff,0x08,0x83,0xff,0x08,0x83,0xff,0x08,0x83,0xff,0x08,0x83,0xff,0x08,0x83,0xff,
    0x08,0x83,0xff,0x08,0x83,0xff,0x08,0x83,0xff,0x08,0x83,0xff,0x08,0x83,0xff,0x01,0xe4,0xc8,0x00,0x00,0x00,0x00,0x00,0x00,
    0x00,0x00,0x00,0x00,0x00,0x00,0x01,0xe4,0xc8,0x08,0x83,0xff,0x08,0x83,0xff,0x08,0x83,0xff,0x08,0x83,0xff,0x08,0x83,0xff,
    0x08,0x83,0xff,0x08,0x83,0xff,0x08,0x83,0xff,0x08,0x83,0xff,0x08,0x83,0xff,0x08,0x83,0xff,0x08,0x83,0xff,0x08,0x83,0xff,
    0x08,0x83,0xff,0x08,0x83,0xff,0x08,0x83,0xff,0x08,0x83,0xff,0x08,0x83,0xff,0x08,0x83,0xff,0x08,0x83,0xff,0x08,0x83,0xff,
    0x08,0x83,0xff,0x08,0x83,0xff,0x08,0x83,0xff,0x08,0x83,0xff,0x08,0x83,0xff,0x08,0x83,0xff,0x08,0x83,0xff,0x08,0x83,0xff,
    0x08,0x83,0xff,0x08,0x83,0xff,0x08,0x83,0xff,0x08,0x83,0xff,0x08,0x83,0xff,0x08,0x83,0xff,0x08,0x83,0xff,0x08,0x83,0xff,
    0x08,0x83,0xff,0x08,0x83,0xff,0x08,0x83,0xff,0x08,0x83,0xff,0x08,0x83,0xff,0x08,0x83,0xff,0x08,0x83,0xff,0x08,0x83,0xff,
    0x08,0x83,0xff,0x08,0x83,0xff,0x08,0x83,0xff,0x08,0x83,0xff,0x08,0x83,0xff,0x08,0x83,0xff,0x08,0x83,0xff,0x08,0x83,0xff,
    0x08,0x83,0xff,0x08,0x83,0xff,0x08,0x83,0xff,0x08,0x83,0xff,0x08,0x83,0xff,0x08,0x83,0xff,0x08,0x83,0xff,0x08,0x83,0xff,
    0x08,0x83,0xff,0x08,0x83,0xff,0x08,0x83,0xff,0x08,0x83,0xff,0x08,0x83,0xff,0x08,0x83,0xff,0x08,0x83,0xff,0x08,0x83,0xff,
    0x08,0x83,0xff,0x08,0x83,0xff,0x08,0x83,0xff,0x08,0x83,0xff,0x08,0x83,0xff,0x08,0x83,0xff,0x08,0x83,0xff,0x08,0x83,0xff,
    0x08,0x83,0xff,0x08,0x83,0xff,0x08,0x83,0xff,0x08,0x83,0xff,0x08,0x83,0xff,0x08,0x83,0xff,0x08,0x83,0xff,0x08,0x83,0xff,
    0x08,0x83,0xff,0x08,0x83,0xff,0x08,0x83,0xff,0x08,0x83,0xff,0x08,0x83,0xff,0x08,0x83,0xff,0x08,0x83,0xff,0x08,0x83,0xff,
    0x08,0x83,0xff,0x08,0x83,0xff,0x08,0x83,0xff,0x08,0x83,0xff,0x08,0x83,0xff,0x08,0x83,0xff,0x08,0x83,0xff,0x08,0x83,0xff,
    0x08,0x83,0xff,0x08,0x83,0xff,0x08,0x83,0xff,0x08,0x83,0xff,0x08,0x83,0xff,0x08,0x83,0xff,0x08,0x83,0xff,0x08,0x83,0xff,
    0x08,0x83,0xff,0x08,0x83,0xff,0x08,0x83,0xff,0x08,0x83,0xff,0x08,0x83,0xff,0x08,0x83,0xff,0x08,0x83,0xff,0x08,0x83,0xff,
    0x08,0x83,0xff,0x08,0x83,0xff,0x08,0x83,0xff,0x08,0x83,0xff,0x08,0x83,0xff,0x08,0x83,0xff,0x08,0x83,0xff,0x08,0x83,0xff,
    0x08,0x83,0xff,0x08,0x83,0xff,0x08,0x83,0xff,0x08,0x83,0xff,0x08,0x83,0xff,0x01,0xe4,0xc8,0x00,0x00,0x00,0x00,0x00,0x00,
    0x00,0x00,0x00,0x00,0x00,0x00,0x01,0xe4,0xc8,0x08,0x83,0xff,0x08,0x83,0xff,0x08,0x83,0xff,0x08,0x83,0xff,0x08,0x83,0xff,
    0x08,0x83,0xff,0x08,0x83,0xff,0x08,0x83,0xff,0x08,0x83,0xff,0x08,0x83,0xff,0x08,0x83,0xff,0x08,0x83,0xff,0x08,0x83,0xff,
    0x08,0x83,0xff,0x08,0x83,0xff,0x08,0x83,0xff,0x08,0x83,0xff,0x08,0x83,0xff,0x08,0x83,0xff,0x08,0x83,0xff,0x08,0x83,0xff,
    0x08,0x83,0xff,0x08,0x83,0xff,0x08,0x83,0xff,0x08,0x83,0xff,0x08,0x83,0xff,0x08,0x83,0xff,0x08,0x83,0xff,0x08,0x83,0xff,
    0x08,0x83,0xff,0x08,0x83,0xff,0x08,0x83,0xff,0x08,0x83,0xff,0x08,0x83,0xff,0x08,0x83,0xff,0x08,0x83,0xff,0x08,0x83,0xff,
    0x08,0x83,0xff,0x08,0x83,0xff,0x08,0x83,0xff,0x08,0x83,0xff,0x08,0x83,0xff,0x08,0x83,0xff,0x08,0x83,0xff,0x08,0x83,0xff,
    0x08,0x83,0xff,0x08,0x83,0xff,0x08,0x83,0xff,0x08,0x83,0xff,0x08,0x83,0xff,0x08,0x83,0xff,0x08,0x83,0xff,0x08,0x83,0xff,
    0x08,0x83,0xff,0x08,0x83,0xff,0x08,0x83,0xff,0x08,0x83,0xff,0x08,0x83,0xff,0x08,0x83,0xff,0x08,0x83,0xff,0x08,0x83,0xff,
    0x08,0x83,0xff,0x08,0x83,0xff,0x08,0x83,0xff,0x08,0x83,0xff,0x08,0x83,0xff,0x08,0x83,0xff,0x08,0x83,0xff,0x08,0x83,0xff,
    0x08,0x83,0xff,0x08,0x83,0xff,0x08,0x83,0xff,0x08,0x83,0xff,0x08,0x83,0xff,0x08,0x83,0xff,0x08,0x83,0xff,0x08,0x83,0xff,
    0x08,0x83,0xff,0x08,0x83,0xff,0x08,0x83,0xff,0x08,0x83,0xff,0x08,0x83,0xff,0x08,0x83,0xff,0x08,0x83,0xff,0x08,0x83,0xff,
    0x08,0x83,0xff,0x08,0x83,0xff,0x08,0x83,0xff,0x08,0x83,0xff,0x08,0x83,0xff,0x08,0x83,0xff,0x08,0x83,0xff,0x08,0x83,0xff,
    0x08,0x83,0xff,0x08,0x83,0xff,0x08,0x83,0xff,0x08,0x83,0xff,0x08,0x83,0xff,0x08,0x83,0xff,0x08,0x83,0xff,0x08,0x83,0xff,
    0x08,0x83,0xff,0x08,0x83,0xff,0x08,0x83,0xff,0x08,0x83,0xff,0x08,0x83,0xff,0x08,0x83,0xff,0x08,0x83,0xff,0x08,0x83,0xff,
    0x08,0x83,0xff,0x08,0x83,0xff,0x08,0x83,0xff,0x08,0x83,0xff,0x08,0x83,0xff,0x08,0x83,0xff,0x08,0x83,0xff,0x08,0x83,0xff,
    0x08,0x83,0xff,0x08,0x83,0xff,0x08,0x83,0xff,0x08,0x83,0xff,0x08,0x83,0xff,0x08,0x83,0xff,0x08,0x83,0xff,0x08,0x83,0xff,
    0x08,0x83,0xff,0x08,0x83,0xff,0x08,0x83,0xff,0x08,0x83,0xff,0x08,0x83,0xff,0x01,0xe4,0xc8,0x00,0x00,0x00,0x00,0x00,0x00,
    0x00,0x00,0x00,0x00,0x00,0x00,0x01,0xe4,0xc8,0x08,0x83,0xff,0x08,0x83,0xff,0x08,0x83,0xff,0x08,0x83,0xff,0x08,0x83,0xff,
    0x08,0x83,0xff,0x08,0x83,0xff,0x08,0x83,0xff,0x08,0x83,0xff,0x08,0x83,0xff,0x08,0x83,0xff,0x08,0x83,0xff,0x08,0x83,0xff,
    0x08,0x83,0xff,0x08,0x83,0xff,0x08,0x83,0xff,0x08,0x83,0xff,0x08,0x83,0xff,0x08,0x83,0xff,0x08,0x83,0xff,0x08,0x83,0xff,
    0x08,0x83,0xff,0x08,0x83,0xff,0x08,0x83,0xff,0x08,0x83,0xff,0x08,0x83,0xff,0x08,0x83,0xff,0x08,0x83,0xff,0x08,0x83,0xff,
    0x08,0x83,0xff,0x08,0x83,0xff,0x08,0x83,0xff,0x08,0x83,0xff,0x08,0x83,0xff,0x08,0x83,0xff,0x08,0x83,0xff,0x08,0x83,0xff,
    0x08,0x83,0xff,0x08,0x83,0xff,0x08,0x83,0xff,0x08,0x83,0xff,0x08,0x83,0xff,0x08,0x83,0xff,0x08,0x83,0xff,0x08,0x83,0xff,
    0x08,0x83,0xff,0x08,0x83,0xff,0x08,0x83,0xff,0x08,0x83,0xff,0x08,0x83,0xff,0x08,0x83,0xff,0x08,0x83,0xff,0x08,0x83,0xff,
    0x08,0x83,0xff,0x08,0x83,0xff,0x08,0x83,0xff,0x08,0x83,0xff,0x08,0x83,0xff,0x08,0x83,0xff,0x08,0x83,0xff,0x08,0x83,0xff,
    0x08,0x83,0xff,0x08,0x83,0xff,0x08,0x83,0xff,0x08,0x83,0xff,0x08,0x83,0xff,0x08,0x83,0xff,0x08,0x83,0xff,0x08,0x83,0xff,
    0x08,0x83,0xff,0x08,0x83,0xff,0x08,0x83,0xff,0x08,0x83,0xff,0x08,0x83,0xff,0x08,0x83,0xff,0x08,0x83,0xff,0x08,0x83,0xff,
    0x08,0x83,0xff,0x08,0x83,0xff,0x08,0x83,0xff,0x08,0x83,0xff,0x08,0x83,0xff,0x08,0x83,0xff,0x08,0x83,0xff,0x08,0x83,0xff,
    0x08,0x83,0xff,0x08,0x83,0xff,0x08,0x83,0xff,0x08,0x83,0xff,0x08,0x83,0xff,0x08,0x83,0xff,0x08,0x83,0xff,0x08,0x83,0xff,
    0x08,0x83,0xff,0x08,0x83,0xff,0x08,0x83,0xff,0x08,0x83,0xff,0x08,0x83,0xff,0x08,0x83,0xff,0x08,0x83,0xff,0x08,0x83,0xff,
    0x08,0x83,0xff,0x08,0x83,0xff,0x08,0x83,0xff,0x08,0x83,0xff,0x08,0x83,0xff,0x08,0x83,0xff,0x08,0x83,0xff,0x08,0x83,0xff,
    0x08,0x83,0xff,0x08,0x83,0xff,0x08,0x83,0xff,0x08,0x83,0xff,0x08,0x83,0xff,0x08,0x83,0xff,0x08,0x83,0xff,0x08,0x83,0xff,
    0x08,0x83,0xff,0x08,0x83,0xff,0x08,0x83,0xff,0x08,0x83,0xff,0x08,0x83,0xff,0x08,0x83,0xff,0x08,0x83,0xff,0x08,0x83,0xff,
    0x08,0x83,0xff,0x08,0x83,0xff,0x08,0x83,0xff,0x08,0x83,0xff,0x08,0x83,0xff,0x01,0xe4,0xc8,0x00,0x00,0x00,0x00,0x00,0x00,
    0x00,0x00,0x00,0x00,0x00,0x00,0x01,0xe4,0xc8,0x08,0x83,0xff,0x08,0x83,0xff,0x08,0x83,0xff,0x08,0x83,0xff,0x08,0x83,0xff,
    0x08,0x83,0xff,0x08,0x83,0xff,0x08,0x83,0xff,0x08,0x83,0xff,0x08,0x83,0xff,0x08,0x83,0xff,0x08,0x83,0xff,0x08,0x83,0xff,
    0x08,0x83,0xff,0x08,0x83,0xff,0x08,0x83,0xff,0x08,0x83,0xff,0x08,0x83,0xff,0x08,0x83,0xff,0x08,0x83,0xff,0x08,0x83,0xff,
    0x08,0x83,0xff,0x08,0x83,0xff,0x08,0x83,0xff,0x08,0x83,0xff,0x08,0x83,0xff,0x08,0x83,0xff,0x08,0x83,0xff,0x08,0x83,0xff,
    0x08,0x83,0xff,0x08,0x83,0xff,0x08,0x83,0xff,0x08,0x83,0xff,0x08,0x83,0xff,0x08,0x83,0xff,0x08,0x83,0xff,0x08,0x83,0xff,
    0x08,0x83,0xff,0x08,0x83,0xff,0x08,0x83,0xff,0x08,0x83,0xff,0x08,0x83,0xff,0x08,0x83,0xff,0x08,0x83,0xff,0x08,0x83,0xff,
    0x08,0x83,0xff,0x08,0x83,0xff,0x08,0x83,0xff,0x08,0x83,0xff,0x08,0x83,0xff,0x08,0x83,0xff,0x08,0x83,0xff,0x08,0x83,0xff,
    0x08,0x83,0xff,0x08,0x83,0xff,0x08,0x83,0xff,0x08,0x83,0xff,0x08,0x83,0xff,0x08,0x83,0xff,0x08,0x83,0xff,0x08,0x83,0xff,
    0x08,0x83,0xff,0x08,0x83,0xff,0x08,0x83,0xff,0x08,0x83,0xff,0x08,0x83,0xff,0x08,0x83,0xff,0x08,0x83,0xff,0x08,0x83,0xff,
    0x08,0x83,0xff,0x08,0x83,0xff,0x08,0x83,0xff,0x08,0x83,0xff,0x08,0x83,0xff,0x08,0x83,0xff,0x08,0x83,0xff,0x08,0x83,0xff,
    0x08,0x83,0xff,0x08,0x83,0xff,0x08,0x83,0xff,0x08,0x83,0xff,0x08,0x83,0xff,0x08,0x83,0xff,0x08,0x83,0xff,0x08,0x83,0xff,
    0x08,0x83,0xff,0x08,0x83,0xff,0x08,0x83,0xff,0x08,0x83,0xff,0x08,0x83,0xff,0x08,0x83,0xff,0x08,0x83,0xff,0x08,0x83,0xff,
    0x08,0x83,0xff,0x08,0x83,0xff,0x08,0x83,0xff,0x08,0x83,0xff,0x08,0x83,0xff,0x08,0x83,0xff,0x08,0x83,0xff,0x08,0x83,0xff,
    0x08,0x83,0xff,0x08,0x83,0xff,0x08,0x83,0xff,0x08,0x83,0xff,0x08,0x83,0xff,0x08,0x83,0xff,0x08,0x83,0xff,0x08,0x83,0xff,
    0x08,0x83,0xff,0x08,0x83,0xff,0x08,0x83,0xff,0x08,0x83,0xff,0x08,0x83,0xff,0x08,0x83,0xff,0x08,0x83,0xff,0x08,0x83,0xff,
    0x08,0x83,0xff,0x08,0x83,0xff,0x08,0x83,0xff,0x08,0x83,0xff,0x08,0x83,0xff,0x08,0x83,0xff,0x08,0x83,0xff,0x08,0x83,0xff,
    0x08,0x83,0xff,0x08,0x83,0xff,0x08,0x83,0xff,0x08,0x83,0xff,0x08,0x83,0xff,0x01,0xe4,0xc8,0x00,0x00,0x00,0x00,0x00,0x00,
    0x00,0x00,0x00,0x00,0x00,0x00,0x01,0xe4,0xc8,0x08,0x83,0xff,0x08,0x83,0xff,0x08,0x83,0xff,0x08,0x83,0xff,0x08,0x83,0xff,
    0x08,0x83,0xff,0x08,0x83,0xff,0x08,0x83,0xff,0x08,0x83,0xff,0x08,0x83,0xff,0x08,0x83,0xff,0x08,0x83,0xff,0x08,0x83,0xff,
    0x08,0x83,0xff,0x08,0x83,0xff,0x08,0x83,0xff,0x08,0x83,0xff,0x08,0x83,0xff,0x08,0x83,0xff,0x08,0x83,0xff,0x08,0x83,0xff,
    0x08,0x83,0xff,0x08,0x83,0xff,0x08,0x83,0xff,0x08,0x83,0xff,0x08,0x83,0xff,0x08,0x83,0xff,0x08,0x83,0xff,0x08,0x83,0xff,
    0x08,0x83,0xff,0x08,0x83,0xff,0x08,0x83,0xff,0x08,0x83,0xff,0x08,0x83,0xff,0x08,0x83,0xff,0x08,0x83,0xff,0x08,0x83,0xff,
    0x08,0x83,0xff,0x08,0x83,0xff,0x08,0x83,0xff,0x08,0x83,0xff,0x08,0x83,0xff,0x08,0x83,0xff,0x08,0x83,0xff,0x08,0x83,0xff,
    0x08,0x83,0xff,0x08,0x83,0xff,0x08,0x83,0xff,0x08,0x83,0xff,0x08,0x83,0xff,0x08,0x83,0xff,0x08,0x83,0xff,0x08,0x83,0xff,
    0x08,0x83,0xff,0x08,0x83,0xff,0x08,0x83,0xff,0x08,0x83,0xff,0x08,0x83,0xff,0x08,0x83,0xff,0x08,0x83,0xff,0x08,0x83,0xff,
    0x08,0x83,0xff,0x08,0x83,0xff,0x08,0x83,0xff,0x08,0x83,0xff,0x08,0x83,0xff,0x08,0x83,0xff,0x08,0x83,0xff,0x08,0x83,0xff,
    0x08,0x83,0xff,0x08,0x83,0xff,0x08,0x83,0xff,0x08,0x83,0xff,0x08,0x83,0xff,0x08,0x83,0xff,0x08,0x83,0xff,0x08,0x83,0xff,
    0x08,0x83,0xff,0x08,0x83,0xff,0x08,0x83,0xff,0x08,0x83,0xff,0x08,0x83,0xff,0x08,0x83,0xff,0x08,0x83,0xff,0x08,0x83,0xff,
    0x08,0x83,0xff,0x08,0x83,0xff,0x08,0x83,0xff,0x08,0x83,0xff,0x08,0x83,0xff,0x08,0x83,0xff,0x08,0x83,0xff,0x08,0x83,0xff,
    0x08,0x83,0xff,0x08,0x83,0xff,0x08,0x83,0xff,0x08,0x83,0xff,0x08,0x83,0xff,0x08,0x83,0xff,0x08,0x83,0xff,0x08,0x83,0xff,
    0x08,0x83,0xff,0x08,0x83,0xff,0x08,0x83,0xff,0x08,0x83,0xff,0x08,0x83,0xff,0x08,0x83,0xff,0x08,0x83,0xff,0x08,0x83,0xff,
    0x08,0x83,0xff,0x08,0x83,0xff,0x08,0x83,0xff,0x08,0x83,0xff,0x08,0x83,0xff,0x08,0x83,0xff,0x08,0x83,0xff,0x08,0x83,0xff,
    0x08,0x83,0xff,0x08,0x83,0xff,0x08,0x83,0xff,0x08,0x83,0xff,0x08,0x83,0xff,0x08,0x83,0xff,0x08,0x83,0xff,0x08,0x83,0xff,
    0x08,0x83,0xff,0x08,0x83,0xff,0x08,0x83,0xff,0x08,0x83,0xff,0x08,0x83,0xff,0x01,0xe4,0xc8,0x00,0x00,0x00,0x00,0x00,0x00,
    0x00,0x00,0x00,0x00,0x00,0x00,0x01,0xe4,0xc8,0x08,0x83,0xff,0x08,0x83,0xff,0x08,0x83,0xff,0x08,0x83,0xff,0x08,0x83,0xff,
    0x08,0x83,0xff,0x08,0x83,0xff,0x08,0x83,0xff,0x08,0x83,0xff,0x08,0x83,0xff,0x08,0x83,0xff,0x08,0x83,0xff,0x08,0x83,0xff,
    0x08,0x83,0xff,0x08,0x83,0xff,0x08,0x83,0xff,0x08,0x83,0xff,0x08,0x83,0xff,0x08,0x83,0xff,0x08,0x83,0xff,0x08,0x83,0xff,
    0x08,0x83,0xff,0x08,0x83,0xff,0x08,0x83,0xff,0x08,0x83,0xff,0x08,0x83,0xff,0x08,0x83,0xff,0x08,0x83,0xff,0x08,0x83,0xff,
    0x08,0x83,0xff,0x08,0x83,0xff,0x08,0x83,0xff,0x08,0x83,0xff,0x08,0x83,0xff,0x08,0x83,0xff,0x08,0x83,0xff,0x08,0x83,0xff,
    0x08,0x83,0xff,0x08,0x83,0xff,0x08,0x83,0xff,0x08,0x83,0xff,0x08,0x83,0xff,0x08,0x83,0xff,0x08,0x83,0xff,0x08,0x83,0xff,
    0x08,0x83,0xff,0x08,0x83,0xff,0x08,0x83,0xff,0x08,0x83,0xff,0x08,0x83,0xff,0x08,0x83,0xff,0x08,0x83,0xff,0x08,0x83,0xff,
    0x08,0x83,0xff,0x08,0x83,0xff,0x08,0x83,0xff,0x08,0x83,0xff,0x08,0x83,0xff,0x08,0x83,0xff,0x08,0x83,0xff,0x08,0x83,0xff,
    0x08,0x83,0xff,0x08,0x83,0xff,0x08,0x83,0xff,0x08,0x83,0xff,0x08,0x83,0xff,0x08,0x83,0xff,0x08,0x83,0xff,0x08,0x83,0xff,
    0x08,0x83,0xff,0x08,0x83,0xff,0x08,0x83,0xff,0x08,0x83,0xff,0x08,0x83,0xff,0x08,0x83,0xff,0x08,0x83,0xff,0x08,0x83,0xff,
    0x08,0x83,0xff,0x08,0x83,0xff,0x08,0x83,0xff,0x08,0x83,0xff,0x08,0x83,0xff,0x08,0x83,0xff,0x08,0x83,0xff,0x08,0x83,0xff,
    0x08,0x83,0xff,0x08,0x83,0xff,0x08,0x83,0xff,0x08,0x83,0xff,0x08,0x83,0xff,0x08,0x83,0xff,0x08,0x83,0xff,0x08,0x83,0xff,
    0x08,0x83,0xff,0x08,0x83,0xff,0x08,0x83,0xff,0x08,0x83,0xff,0x08,0x83,0xff,0x08,0x83,0xff,0x08,0x83,0xff,0x08,0x83,0xff,
    0x08,0x83,0xff,0x08,0x83,0xff,0x08,0x83,0xff,0x08,0x83,0xff,0x08,0x83,0xff,0x08,0x83,0xff,0x08,0x83,0xff,0x08,0x83,0xff,
    0x08,0x83,0xff,0x08,0x83,0xff,0x08,0x83,0xff,0x08,0x83,0xff,0x08,0x83,0xff,0x08,0x83,0xff,0x08,0x83,0xff,0x08,0x83,0xff,
    0x08,0x83,0xff,0x08,0x83,0xff,0x08,0x83,0xff,0x08,0x83,0xff,0x08,0x83,0xff,0x08,0x83,0xff,0x08,0x83,0xff,0x08,0x83,0xff,
    0x08,0x83,0xff,0x08,0x83,0xff,0x08,0x83,0xff,0x08,0x83,0xff,0x08,0x83,0xff,0x01,0xe4,0xc8,0x00,0x00,0x00,0x00,0x00,0x00,
    0x00,0x00,0x00,0x00,0x00,0x00,0x01,0xe4,0xc8,0x08,0x83,0xff,0x08,0x83,0xff,0x08,0x83,0xff,0x08,0x83,0xff,0x08,0x83,0xff,
    0x08,0x83,0xff,0x08,0x83,0xff,0x08,0x83,0xff,0x08,0x83,0xff,0x08,0x83,0xff,0x08,0x83,0xff,0x08,0x83,0xff,0x08,0x83,0xff,
    0x08,0x83,0xff,0x08,0x83,0xff,0x08,0x83,0xff,0x08,0x83,0xff,0x08,0x83,0xff,0x08,0x83,0xff,0x08,0x83,0xff,0x08,0x83,0xff,
    0x08,0x83,0xff,0x08,0x83,0xff,0x08,0x83,0xff,0x08,0x83,0xff,0x08,0x83,0xff,0x08,0x83,0xff,0x08,0x83,0xff,0x08,0x83,0xff,
    0x08,0x83,0xff,0x08,0x83,0xff,0x08,0x83,0xff,0x08,0x83,0xff,0x08,0x83,0xff,0x08,0x83,0xff,0x08,0x83,0xff,0x08,0x83,0xff,
    0x08,0x83,0xff,0x08,0x83,0xff,0x08,0x83,0xff,0x08,0x83,0xff,0x08,0x83,0xff,0x08,0x83,0xff,0x08,0x83,0xff,0x08,0x83,0xff,
    0x08,0x83,0xff,0x08,0x83,0xff,0x08,0x83,0xff,0x08,0x83,0xff,0x08,0x83,0xff,0x08,0x83,0xff,0x08,0x83,0xff,0x08,0x83,0xff,
    0x08,0x83,0xff,0x08,0x83,0xff,0x08,0x83,0xff,0x08,0x83,0xff,0x08,0x83,0xff,0x08,0x83,0xff,0x08,0x83,0xff,0x08,0x83,0xff,
    0x08,0x83,0xff,0x08,0x83,0xff,0x08,0x83,0xff,0x08,0x83,0xff,0x08,0x83,0xff,0x08,0x83,0xff,0x08,0x83,0xff,0x08,0x83,0xff,
    0x08,0x83,0xff,0x08,0x83,0xff,0x08,0x83,0xff,0x08,0x83,0xff,0x08,0x83,0xff,0x08,0x83,0xff,0x08,0x83,0xff,0x08,0x83,0xff,
    0x08,0x83,0xff,0x08,0x83,0xff,0x08,0x83,0xff,0x08,0x83,0xff,0x08,0x83,0xff,0x08,0x83,0xff,0x08,0x83,0xff,0x08,0x83,0xff,
    0x08,0x83,0xff,0x08,0x83,0xff,0x08,0x83,0xff,0x08,0x83,0xff,0x08,0x83,0xff,0x08,0x83,0xff,0x08,0x83,0xff,0x08,0x83,0xff,
    0x08,0x83,0xff,0x08,0x83,0xff,0x08,0x83,0xff,0x08,0x83,0xff,0x08,0x83,0xff,0x08,0x83,0xff,0x08,0x83,0xff,0x08,0x83,0xff,
    0x08,0x83,0xff,0x08,0x83,0xff,0x08,0x83,0xff,0x08,0x83,0xff,0x08,0x83,0xff,0x08,0x83,0xff,0x08,0x83,0xff,0x08,0x83,0xff,
    0x08,0x83,0xff,0x08,0x83,0xff,0x08,0x83,0xff,0x08,0x83,0xff,0x08,0x83,0xff,0x08,0x83,0xff,0x08,0x83,0xff,0x08,0x83,0xff,
    0x08,0x83,0xff,0x08,0x83,0xff,0x08,0x83,0xff,0x08,0x83,0xff,0x08,0x83,0xff,0x08,0x83,0xff,0x08,0x83,0xff,0x08,0x83,0xff,
    0x08,0x83,0xff,0x08,0x83,0xff,0x08,0x83,0xff,0x08,0x83,0xff,0x08,0x83,0xff,0x01,0xe4,0xc8,0x00,0x00,0x00,0x00,0x00,0x00,
    0x00,0x00,0x00,0x00,0x00,0x00,0x01,0xe4,0xc8,0x08,0x83,0xff,0x08,0x83,0xff,0x08,0x83,0xff,0x08,0x83,0xff,0x08,0x83,0xff,
    0x08,0x83,0xff,0x08,0x83,0xff,0x08,0x83,0xff,0x08,0x83,0xff,0x08,0x83,0xff,0x08,0x83,0xff,0x08,0x83,0xff,0x08,0x83,0xff,
    0x08,0x83,0xff,0x08,0x83,0xff,0x08,0x83,0xff,0x08,0x83,0xff,0x08,0x83,0xff,0x08,0x83,0xff,0x08,0x83,0xff,0x08,0x83,0xff,
    0x08,0x83,0xff,0x08,0x83,0xff,0x08,0x83,0xff,0x08,0x83,0xff,0x08,0x83,0xff,0x08,0x83,0xff,0x08,0x83,0xff,0x08,0x83,0xff,
    0x08,0x83,0xff,0x08,0x83,0xff,0x08,0x83,0xff,0x08,0x83,0xff,0x08,0x83,0xff,0x08,0x83,0xff,0x08,0x83,0xff,0x08,0x83,0xff,
    0x08,0x83,0xff,0x08,0x83,0xff,0x08,0x83,0xff,0x08,0x83,0xff,0x08,0x83,0xff,0x08,0x83,0xff,0x08,0x83,0xff,0x08,0x83,0xff,
    0x08,0x83,0xff,0x08,0x83,0xff,0x08,0x83,0xff,0x08,0x83,0xff,0x08,0x83,0xff,0x08,0x83,0xff,0x08,0x83,0xff,0x08,0x83,0xff,
    0x08,0x83,0xff,0x08,0x83,0xff,0x08,0x83,0xff,0x08,0x83,0xff,0x08,0x83,0xff,0x08,0x83,0xff,0x08,0x83,0xff,0x08,0x83,0xff,
    0x08,0x83,0xff,0x08,0x83,0xff,0x08,0x83,0xff,0x08,0x83,0xff,0x08,0x83,0xff,0x08,0x83,0xff,0x08,0x83,0xff,0x08,0x83,0xff,
    0x08,0x83,0xff,0x08,0x83,0xff,0x08,0x83,0xff,0x08,0x83,0xff,0x08,0x83,0xff,0x08,0x83,0xff,0x08,0x83,0xff,0x08,0x83,0xff,
    0x08,0x83,0xff,0x08,0x83,0xff,0x08,0x83,0xff,0x08,0x83,0xff,0x08,0x83,0xff,0x08,0x83,0xff,0x08,0x83,0xff,0x08,0x83,0xff,
    0x08,0x83,0xff,0x08,0x83,0xff,0x08,0x83,0xff,0x08,0x83,0xff,0x08,0x83,0xff,0x08,0x83,0xff,0x08,0x83,0xff,0x08,0x83,0xff,
    0x08,0x83,0xff,0x08,0x83,0xff,0x08,0x83,0xff,0x08,0x83,0xff,0x08,0x83,0xff,0x08,0x83,0xff,0x08,0x83,0xff,0x08,0x83,0xff,
    0x08,0x83,0xff,0x08,0x83,0xff,0x08,0x83,0xff,0x08,0x83,0xff,0x08,0x83,0xff,0x08,0x83,0xff,0x08,0x83,0xff,0x08,0x83,0xff,
    0x08,0x83,0xff,0x08,0x83,0xff,0x08,0x83,0xff,0x08,0x83,0xff,0x08,0x83,0xff,0x08,0x83,0xff,0x08,0x83,0xff,0x08,0x83,0xff,
    0x08,0x83,0xff,0x08,0x83,0xff,0x08,0x83,0xff,0x08,0x83,0xff,0x08,0x83,0xff,0x08,0x83,0xff,0x08,0x83,0xff,0x08,0x83,0xff,
    0x08,0x83,0xff,0x08,0x83,0xff,0x08,0x83,0xff,0x08,0x83,0xff,0x08,0x83,0xff,0x01,0xe4,0xc8,0x00,0x00,0x00,0x00,0x00,0x00,
    0x00,0x00,0x00,0x00,0x00,0x00,0x01,0xe4,0xc8,0x08,0x83,0xff,0x08,0x83,0xff,0x08,0x83,0xff,0x08,0x83,0xff,0x08,0x83,0xff,
    0x08,0x83,0xff,0x08,0x83,0xff,0x08,0x83,0xff,0x08,0x83,0xff,0x08,0x83,0xff,0x08,0x83,0xff,0x08,0x83,0xff,0x08,0x83,0xff,
    0x08,0x83,0xff,0x08,0x83,0xff,0x08,0x83,0xff,0x08,0x83,0xff,0x08,0x83,0xff,0x08,0x83,0xff,0x08,0x83,0xff,0x08,0x83,0xff,
    0x08,0x83,0xff,0x08,0x83,0xff,0x08,0x83,0xff,0x08,0x83,0xff,0x08,0x83,0xff,0x08,0x83,0xff,0x08,0x83,0xff,0x08,0x83,0xff,
    0x08,0x83,0xff,0x08,0x83,0xff,0x08,0x83,0xff,0x08,0x83,0xff,0x08,0x83,0xff,0x08,0x83,0xff,0x08,0x83,0xff,0x08,0x83,0xff,
    0x08,0x83,0xff,0x08,0x83,0xff,0x08,0x83,0xff,0x08,0x83,0xff,0x08,0x83,0xff,0x08,0x83,0xff,0x08,0x83,0xff,0x08,0x83,0xff,
    0x08,0x83,0xff,0x08,0x83,0xff,0x08,0x83,0xff,0x08,0x83,0xff,0x08,0x83,0xff,0x08,0x83,0xff,0x08,0x83,0xff,0x08,0x83,0xff,
    0x08,0x83,0xff,0x08,0x83,0xff,0x08,0x83,0xff,0x08,0x83,0xff,0x08,0x83,0xff,0x08,0x83,0xff,0x08,0x83,0xff,0x08,0x83,0xff,
    0x08,0x83,0xff,0x08,0x83,0xff,0x08,0x83,0xff,0x08,0x83,0xff,0x08,0x83,0xff,0x08,0x83,0xff,0x08,0x83,0xff,0x08,0x83,0xff,
    0x08,0x83,0xff,0x08,0x83,0xff,0x08,0x83,0xff,0x08,0x83,0xff,0x08,0x83,0xff,0x08,0x83,0xff,0x08,0x83,0xff,0x08,0x83,0xff,
    0x08,0x83,0xff,0x08,0x83,0xff,0x08,0x83,0xff,0x08,0x83,0xff,0x08,0x83,0xff,0x08,0x83,0xff,0x08,0x83,0xff,0x08,0x83,0xff,
    0x08,0x83,0xff,0x08,0x83,0xff,0x08,0x83,0xff,0x08,0x83,0xff,0x08,0x83,0xff,0x08,0x83,0xff,0x08,0x83,0xff,0x08,0x83,0xff,
    0x08,0x83,0xff,0x08,0x83,0xff,0x08,0x83,0xff,0x08,0x83,0xff,0x08,0x83,0xff,0x08,0x83,0xff,0x08,0x83,0xff,0x08,0x83,0xff,
    0x08,0x83,0xff,0x08,0x83,0xff,0x08,0x83,0xff,0x08,0x83,0xff,0x08,0x83,0xff,0x08,0x83,0xff,0x08,0x83,0xff,0x08,0x83,0xff,
    0x08,0x83,0xff,0x08,0x83,0xff,0x08,0x83,0xff,0x08,0x83,0xff,0x08,0x83,0xff,0x08,0x83,0xff,0x08,0x83,0xff,0x08,0x83,0xff,
    0x08,0x83,0xff,0x08,0x83,0xff,0x08,0x83,0xff,0x08,0x83,0xff,0x08,0x83,0xff,0x08,0x83,0xff,0x08,0x83,0xff,0x08,0x83,0xff,
    0x08,0x83,0xff,0x08,0x83,0xff,0x08,0x83,0xff,0x08,0x83,0xff,0x08,0x83,0xff,0x01,0xe4,0xc8,0x00,0x00,0x00,0x00,0x00,0x00,
    0x00,0x00,0x00,0x00,0x00,0x00,0x01,0xe4,0xc8,0x08,0x83,0xff,0x08,0x83,0xff,0x08,0x83,0xff,0x08,0x83,0xff,0x08,0x83,0xff,
    0x08,0x83,0xff,0x08,0x83,0xff,0x08,0x83,0xff,0x08,0x83,0xff,0x08,0x83,0xff,0x08,0x83,0xff,0x08,0x83,0xff,0x08,0x83,0xff,
    0x08,0x83,0xff,0x08,0x83,0xff,0x08,0x83,0xff,0x08,0x83,0xff,0x08,0x83,0xff,0x08,0x83,0xff,0x08,0x83,0xff,0x08,0x83,0xff,
    0x08,0x83,0xff,0x08,0x83,0xff,0x08,0x83,0xff,0x08,0x83,0xff,0x08,0x83,0xff,0x08,0x83,0xff,0x08,0x83,0xff,0x08,0x83,0xff,
    0x08,0x83,0xff,0x08,0x83,0xff,0x08,0x83,0xff,0x08,0x83,0xff,0x08,0x83,0xff,0x08,0x83,0xff,0x08,0x83,0xff,0x08,0x83,0xff,
    0x08,0x83,0xff,0x08,0x83,0xff,0x08,0x83,0xff,0x08,0x83,0xff,0x08,0x83,0xff,0x08,0x83,0xff,0x08,0x83,0xff,0x08,0x83,0xff,
    0x08,0x83,0xff,0x08,0x83,0xff,0x08,0x83,0xff,0x08,0x83,0xff,0x08,0x83,0xff,0x08,0x83,0xff,0x08,0x83,0xff,0x08,0x83,0xff,
    0x08,0x83,0xff,0x08,0x83,0xff,0x08,0x83,0xff,0x08,0x83,0xff,0x08,0x83,0xff,0x08,0x83,0xff,0x08,0x83,0xff,0x08,0x83,0xff,
    0x08,0x83,0xff,0x08,0x83,0xff,0x08,0x83,0xff,0x08,0x83,0xff,0x08,0x83,0xff,0x08,0x83,0xff,0x08,0x83,0xff,0x08,0x83,0xff,
    0x08,0x83,0xff,0x08,0x83,0xff,0x08,0x83,0xff,0x08,0x83,0xff,0x08,0x83,0xff,0x08,0x83,0xff,0x08,0x83,0xff,0x08,0x83,0xff,
    0x08,0x83,0xff,0x08,0x83,0xff,0x08,0x83,0xff,0x08,0x83,0xff,0x08,0x83,0xff,0x08,0x83,0xff,0x08,0x83,0xff,0x08,0x83,0xff,
    0x08,0x83,0xff,0x08,0x83,0xff,0x08,0x83,0xff,0x08,0x83,0xff,0x08,0x83,0xff,0x08,0x83,0xff,0x08,0x83,0xff,0x08,0x83,0xff,
    0x08,0x83,0xff,0x08,0x83,0xff,0x08,0x83,0xff,0x08,0x83,0xff,0x08,0x83,0xff,0x08,0x83,0xff,0x08,0x83,0xff,0x08,0x83,0xff,
    0x08,0x83,0xff,0x08,0x83,0xff,0x08,0x83,0xff,0x08,0x83,0xff,0x08,0x83,0xff,0x08,0x83,0xff,0x08,0x83,0xff,0x08,0x83,0xff,
    0x08,0x83,0xff,0x08,0x83,0xff,0x08,0x83,0xff,0x08,0x83,0xff,0x08,0x83,0xff,0x08,0x83,0xff,0x08,0x83,0xff,0x08,0x83,0xff,
    0x08,0x83,0xff,0x08,0x83,0xff,0x08,0x83,0xff,0x08,0x83,0xff,0x08,0x83,0xff,0x08,0x83,0xff,0x08,0x83,0xff,0x08,0x83,0xff,
    0x08,0x83,0xff,0x08,0x83,0xff,0x08,0x83,0xff,0x08,0x83,0xff,0x08,0x83,0xff,0x01,0xe4,0xc8,0x00,0x00,0x00,0x00,0x00,0x00,
    0x00,0x00,0x00,0x00,0x00,0x00,0x01,0xe4,0xc8,0x08,0x83,0xff,0x08,0x83,0xff,0x08,0x83,0xff,0x08,0x83,0xff,0x08,0x83,0xff,
    0x08,0x83,0xff,0x08,0x83,0xff,0x08,0x83,0xff,0x08,0x83,0xff,0x08,0x83,0xff,0x08,0x83,0xff,0x08,0x83,0xff,0x08,0x83,0xff,
    0x08,0x83,0xff,0x08,0x83,0xff,0x08,0x83,0xff,0x08,0x83,0xff,0x08,0x83,0xff,0x08,0x83,0xff,0x08,0x83,0xff,0x08,0x83,0xff,
    0x08,0x83,0xff,0x08,0x83,0xff,0x08,0x83,0xff,0x08,0x83,0xff,0x08,0x83,0xff,0x08,0x83,0xff,0x08,0x83,0xff,0x08,0x83,0xff,
    0x08,0x83,0xff,0x08,0x83,0xff,0x08,0x83,0xff,0x08,0x83,0xff,0x08,0x83,0xff,0x08,0x83,0xff,0x08,0x83,0xff,0x08,0x83,0xff,
    0x08,0x83,0xff,0x08,0x83,0xff,0x08,0x83,0xff,0x08,0x83,0xff,0x08,0x83,0xff,0x08,0x83,0xff,0x08,0x83,0xff,0x08,0x83,0xff,
    0x08,0x83,0xff,0x08,0x83,0xff,0x08,0x83,0xff,0x08,0x83,0xff,0x08,0x83,0xff,0x08,0x83,0xff,0x08,0x83,0xff,0x08,0x83,0xff,
    0x08,0x83,0xff,0x08,0x83,0xff,0x08,0x83,0xff,0x08,0x83,0xff,0x08,0x83,0xff,0x08,0x83,0xff,0x08,0x83,0xff,0x08,0x83,0xff,
    0x08,0x83,0xff,0x08,0x83,0xff,0x08,0x83,0xff,0x08,0x83,0xff,0x08,0x83,0xff,0x08,0x83,0xff,0x08,0x83,0xff,0x08,0x83,0xff,
    0x08,0x83,0xff,0x08,0x83,0xff,0x08,0x83,0xff,0x08,0x83,0xff,0x08,0x83,0xff,0x08,0x83,0xff,0x08,0x83,0xff,0x08,0x83,0xff,
    0x08,0x83,0xff,0x08,0x83,0xff,0x08,0x83,0xff,0x08,0x83,0xff,0x08,0x83,0xff,0x08,0x83,0xff,0x08,0x83,0xff,0x08,0x83,0xff,
    0x08,0x83,0xff,0x08,0x83,0xff,0x08,0x83,0xff,0x08,0x83,0xff,0x08,0x83,0xff,0x08,0x83,0xff,0x08,0x83,0xff,0x08,0x83,0xff,
    0x08,0x83,0xff,0x08,0x83,0xff,0x08,0x83,0xff,0x08,0x83,0xff,0x08,0x83,0xff,0x08,0x83,0xff,0x08,0x83,0xff,0x08,0x83,0xff,
    0x08,0x83,0xff,0x08,0x83,0xff,0x08,0x83,0xff,0x08,0x83,0xff,0x08,0x83,0xff,0x08,0x83,0xff,0x08,0x83,0xff,0x08,0x83,0xff,
    0x08,0x83,0xff,0x08,0x83,0xff,0x08,0x83,0xff,0x08,0x83,0xff,0x08,0x83,0xff,0x08,0x83,0xff,0x08,0x83,0xff,0x08,0x83,0xff,
    0x08,0x83,0xff,0x08,0x83,0xff,0x08,0x83,0xff,0x08,0x83,0xff,0x08,0x83,0xff,0x08,0x83,0xff,0x08,0x83,0xff,0x08,0x83,0xff,
    0x08,0x83,0xff,0x08,0x83,0xff,0x08,0x83,0xff,0x08,0x83,0xff,0x08,0x83,0xff,0x01,0xe4,0xc8,0x00,0x00,0x00,0x00,0x00,0x00,
    0x00,0x00,0x00,0x00,0x00,0x00,0x01,0xe4,0xc8,0x08,0x83,0xff,0x08,0x83,0xff,0x08,0x83,0xff,0x08,0x83,0xff,0x08,0x83,0xff,
    0x08,0x83,0xff,0x08,0x83,0xff,0x08,0x83,0xff,0x08,0x83,0xff,0x08,0x83,0xff,0x08,0x83,0xff,0x08,0x83,0xff,0x08,0x83,0xff,
    0x08,0x83,0xff,0x08,0x83,0xff,0x08,0x83,0xff,0x08,0x83,0xff,0x08,0x83,0xff,0x08,0x83,0xff,0x08,0x83,0xff,0x08,0x83,0xff,
    0x08,0x83,0xff,0x08,0x83,0xff,0x08,0x83,0xff,0x08,0x83,0xff,0x08,0x83,0xff,0x08,0x83,0xff,0x08,0x83,0xff,0x08,0x83,0xff,
    0x08,0x83,0xff,0x08,0x83,0xff,0x08,0x83,0xff,0x08,0x83,0xff,0x08,0x83,0xff,0x08,0x83,0xff,0x08,0x83,0xff,0x08,0x83,0xff,
    0x08,0x83,0xff,0x08,0x83,0xff,0x08,0x83,0xff,0x08,0x83,0xff,0x08,0x83,0xff,0x08,0x83,0xff,0x08,0x83,0xff,0x08,0x83,0xff,
    0x08,0x83,0xff,0x08,0x83,0xff,0x08,0x83,0xff,0x08,0x83,0xff,0x08,0x83,0xff,0x08,0x83,0xff,0x08,0x83,0xff,0x08,0x83,0xff,
    0x08,0x83,0xff,0x08,0x83,0xff,0x08,0x83,0xff,0x08,0x83,0xff,0x08,0x83,0xff,0x08,0x83,0xff,0x08,0x83,0xff,0x08,0x83,0xff,
    0x08,0x83,0xff,0x08,0x83,0xff,0x08,0x83,0xff,0x08,0x83,0xff,0x08,0x83,0xff,0x08,0x83,0xff,0x08,0x83,0xff,0x08,0x83,0xff,
    0x08,0x83,0xff,0x08,0x83,0xff,0x08,0x83,0xff,0x08,0x83,0xff,0x08,0x83,0xff,0x08,0x83,0xff,0x08,0x83,0xff,0x08,0x83,0xff,
    0x08,0x83,0xff,0x08,0x83,0xff,0x08,0x83,0xff,0x08,0x83,0xff,0x08,0x83,0xff,0x08,0x83,0xff,0x08,0x83,0xff,0x08,0x83,0xff,
    0x08,0x83,0xff,0x08,0x83,0xff,0x08,0x83,0xff,0x08,0x83,0xff,0x08,0x83,0xff,0x08,0x83,0xff,0x08,0x83,0xff,0x08,0x83,0xff,
    0x08,0x83,0xff,0x08,0x83,0xff,0x08,0x83,0xff,0x08,0x83,0xff,0x08,0x83,0xff,0x08,0x83,0xff,0x08,0x83,0xff,0x08,0x83,0xff,
    0x08,0x83,0xff,0x08,0x83,0xff,0x08,0x83,0xff,0x08,0x83,0xff,0x08,0x83,0xff,0x08,0x83,0xff,0x08,0x83,0xff,0x08,0x83,0xff,
    0x08,0x83,0xff,0x08,0x83,0xff,0x08,0x83,0xff,0x08,0x83,0xff,0x08,0x83,0xff,0x08,0x83,0xff,0x08,0x83,0xff,0x08,0x83,0xff,
    0x08,0x83,0xff,0x08,0x83,0xff,0x08,0x83,0xff,0x08,0x83,0xff,0x08,0x83,0xff,0x08,0x83,0xff,0x08,0x83,0xff,0x08,0x83,0xff,
    0x08,0x83,0xff,0x08,0x83,0xff,0x08,0x83,0xff,0x08,0x83,0xff,0x08,0x83,0xff,0x01,0xe4,0xc8,0x00,0x00,0x00,0x00,0x00,0x00,
    0x00,0x00,0x00,0x00,0x00,0x00,0x01,0xe4,0xc8,0x08,0x83,0xff,0x08,0x83,0xff,0x08,0x83,0xff,0x08,0x83,0xff,0x08,0x83,0xff,
    0x08,0x83,0xff,0x08,0x83,0xff,0x08,0x83,0xff,0x08,0x83,0xff,0x08,0x83,0xff,0x08,0x83,0xff,0x08,0x83,0xff,0x08,0x83,0xff,
    0x08,0x83,0xff,0x08,0x83,0xff,0x08,0x83,0xff,0x08,0x83,0xff,0x08,0x83,0xff,0x08,0x83,0xff,0x08,0x83,0xff,0x08,0x83,0xff,
    0x08,0x83,0xff,0x08,0x83,0xff,0x08,0x83,0xff,0x08,0x83,0xff,0x08,0x83,0xff,0x08,0x83,0xff,0x08,0x83,0xff,0x08,0x83,0xff,
    0x08,0x83,0xff,0x08,0x83,0xff,0x08,0x83,0xff,0x08,0x83,0xff,0x08,0x83,0xff,0x08,0x83,0xff,0x08,0x83,0xff,0x08,0x83,0xff,
    0x08,0x83,0xff,0x08,0x83,0xff,0x08,0x83,0xff,0x08,0x83,0xff,0x08,0x83,0xff,0x08,0x83,0xff,0x08,0x83,0xff,0x08,0x83,0xff,
    0x08,0x83,0xff,0x08,0x83,0xff,0x08,0x83,0xff,0x08,0x83,0xff,0x08,0x83,0xff,0x08,0x83,0xff,0x08,0x83,0xff,0x08,0x83,0xff,
    0x08,0x83,0xff,0x08,0x83,0xff,0x08,0x83,0xff,0x08,0x83,0xff,0x08,0x83,0xff,0x08,0x83,0xff,0x08,0x83,0xff,0x08,0x83,0xff,
    0x08,0x83,0xff,0x08,0x83,0xff,0x08,0x83,0xff,0x08,0x83,0xff,0x08,0x83,0xff,0x08,0x83,0xff,0x08,0x83,0xff,0x08,0x83,0xff,
    0x08,0x83,0xff,0x08,0x83,0xff,0x08,0x83,0xff,0x08,0x83,0xff,0x08,0x83,0xff,0x08,0x83,0xff,0x08,0x83,0xff,0x08,0x83,0xff,
    0x08,0x83,0xff,0x08,0x83,0xff,0x08,0x83,0xff,0x08,0x83,0xff,0x08,0x83,0xff,0x08,0x83,0xff,0x08,0x83,0xff,0x08,0x83,0xff,
    0x08,0x83,0xff,0x08,0x83,0xff,0x08,0x83,0xff,0x08,0x83,0xff,0x08,0x83,0xff,0x08,0x83,0xff,0x08,0x83,0xff,0x08,0x83,0xff,
    0x08,0x83,0xff,0x08,0x83,0xff,0x08,0x83,0xff,0x08,0x83,0xff,0x08,0x83,0xff,0x08,0x83,0xff,0x08,0x83,0xff,0x08,0x83,0xff,
    0x08,0x83,0xff,0x08,0x83,0xff,0x08,0x83,0xff,0x08,0x83,0xff,0x08,0x83,0xff,0x08,0x83,0xff,0x08,0x83,0xff,0x08,0x83,0xff,
    0x08,0x83,0xff,0x08,0x83,0xff,0x08,0x83,0xff,0x08,0x83,0xff,0x08,0x83,0xff,0x08,0x83,0xff,0x08,0x83,0xff,0x08,0x83,0xff,
    0x08,0x83,0xff,0x08,0x83,0xff,0x08,0x83,0xff,0x08,0x83,0xff,0x08,0x83,0xff,0x08,0x83,0xff,0x08,0x83,0xff,0x08,0x83,0xff,
    0x08,0x83,0xff,0x08,0x83,0xff,0x08,0x83,0xff,0x08,0x83,0xff,0x08,0x83,0xff,0x01,0xe4,0xc8,0x00,0x00,0x00,0x00,0x00,0x00,
    0x00,0x00,0x00,0x00,0x00,0x00,0x01,0xe4,0xc8,0x08,0x83,0xff,0x08,0x83,0xff,0x08,0x83,0xff,0x08,0x83,0xff,0x08,0x83,0xff,
    0x08,0x83,0xff,0x08,0x83,0xff,0x08,0x83,0xff,0x08,0x83,0xff,0x08,0x83,0xff,0x08,0x83,0xff,0x08,0x83,0xff,0x08,0x83,0xff,
    0x08,0x83,0xff,0x08,0x83,0xff,0x08,0x83,0xff,0x08,0x83,0xff,0x08,0x83,0xff,0x08,0x83,0xff,0x08,0x83,0xff,0x08,0x83,0xff,
    0x08,0x83,0xff,0x08,0x83,0xff,0x08,0x83,0xff,0x08,0x83,0xff,0x08,0x83,0xff,0x08,0x83,0xff,0x08,0x83,0xff,0x08,0x83,0xff,
    0x08,0x83,0xff,0x08,0x83,0xff,0x08,0x83,0xff,0x08,0x83,0xff,0x08,0x83,0xff,0x08,0x83,0xff,0x08,0x83,0xff,0x08,0x83,0xff,
    0x08,0x83,0xff,0x08,0x83,0xff,0x08,0x83,0xff,0x08,0x83,0xff,0x08,0x83,0xff,0x08,0x83,0xff,0x08,0x83,0xff,0x08,0x83,0xff,
    0x08,0x83,0xff,0x08,0x83,0xff,0x08,0x83,0xff,0x08,0x83,0xff,0x08,0x83,0xff,0x08,0x83,0xff,0x08,0x83,0xff,0x08,0x83,0xff,
    0x08,0x83,0xff,0x08,0x83,0xff,0x08,0x83,0xff,0x08,0x83,0xff,0x08,0x83,0xff,0x08,0x83,0xff,0x08,0x83,0xff,0x08,0x83,0xff,
    0x08,0x83,0xff,0x08,0x83,0xff,0x08,0x83,0xff,0x08,0x83,0xff,0x08,0x83,0xff,0x08,0x83,0xff,0x08,0x83,0xff,0x08,0x83,0xff,
    0x08,0x83,0xff,0x08,0x83,0xff,0x08,0x83,0xff,0x08,0x83,0xff,0x08,0x83,0xff,0x08,0x83,0xff,0x08,0x83,0xff,0x08,0x83,0xff,
    0x08,0x83,0xff,0x08,0x83,0xff,0x08,0x83,0xff,0x08,0x83,0xff,0x08,0x83,0xff,0x08,0x83,0xff,0x08,0x83,0xff,0x08,0x83,0xff,
    0x08,0x83,0xff,0x08,0x83,0xff,0x08,0x83,0xff,0x08,0x83,0xff,0x08,0x83,0xff,0x08,0x83,0xff,0x08,0x83,0xff,0x08,0x83,0xff,
    0x08,0x83,0xff,0x08,0x83,0xff,0x08,0x83,0xff,0x08,0x83,0xff,0x08,0x83,0xff,0x08,0x83,0xff,0x08,0x83,0xff,0x08,0x83,0xff,
    0x08,0x83,0xff,0x08,0x83,0xff,0x08,0x83,0xff,0x08,0x83,0xff,0x08,0x83,0xff,0x08,0x83,0xff,0x08,0x83,0xff,0x08,0x83,0xff,
    0x08,0x83,0xff,0x08,0x83,0xff,0x08,0x83,0xff,0x08,0x83,0xff,0x08,0x83,0xff,0x08,0x83,0xff,0x08,0x83,0xff,0x08,0x83,0xff,
    0x08,0x83,0xff,0x08,0x83,0xff,0x08,0x83,0xff,0x08,0x83,0xff,0x08,0x83,0xff,0x08,0x83,0xff,0x08,0x83,0xff,0x08,0x83,0xff,
    0x08,0x83,0xff,0x08,0x83,0xff,0x08,0x83,0xff,0x08,0x83,0xff,0x08,0x83,0xff,0x01,0xe4,0xc8,0x00,0x00,0x00,0x00,0x00,0x00,
    0x00,0x00,0x00,0x00,0x00,0x00,0x01,0xe4,0xc8,0x08,0x83,0xff,0x08,0x83,0xff,0x08,0x83,0xff,0x08,0x83,0xff,0x08,0x83,0xff,
    0x08,0x83,0xff,0x08,0x83,0xff,0x08,0x83,0xff,0x08,0x83,0xff,0x08,0x83,0xff,0x08,0x83,0xff,0x08,0x83,0xff,0x08,0x83,0xff,
    0x08,0x83,0xff,0x08,0x83,0xff,0x08,0x83,0xff,0x08,0x83,0xff,0x08,0x83,0xff,0x08,0x83,0xff,0x08,0x83,0xff,0x08,0x83,0xff,
    0x08,0x83,0xff,0x08,0x83,0xff,0x08,0x83,0xff,0x08,0x83,0xff,0x08,0x83,0xff,0x08,0x83,0xff,0x08,0x83,0xff,0x08,0x83,0xff,
    0x08,0x83,0xff,0x08,0x83,0xff,0x08,0x83,0xff,0x08,0x83,0xff,0x08,0x83,0xff,0x08,0x83,0xff,0x08,0x83,0xff,0x08,0x83,0xff,
    0x08,0x83,0xff,0x08,0x83,0xff,0x08,0x83,0xff,0x08,0x83,0xff,0x08,0x83,0xff,0x08,0x83,0xff,0x08,0x83,0xff,0x08,0x83,0xff,
    0x08,0x83,0xff,0x08,0x83,0xff,0x08,0x83,0xff,0x08,0x83,0xff,0x08,0x83,0xff,0x08,0x83,0xff,0x08,0x83,0xff,0x08,0x83,0xff,
    0x08,0x83,0xff,0x08,0x83,0xff,0x08,0x83,0xff,0x08,0x83,0xff,0x08,0x83,0xff,0x08,0x83,0xff,0x08,0x83,0xff,0x08,0x83,0xff,
    0x08,0x83,0xff,0x08,0x83,0xff,0x08,0x83,0xff,0x08,0x83,0xff,0x08,0x83,0xff,0x08,0x83,0xff,0x08,0x83,0xff,0x08,0x83,0xff,
    0x08,0x83,0xff,0x08,0x83,0xff,0x08,0x83,0xff,0x08,0x83,0xff,0x08,0x83,0xff,0x08,0x83,0xff,0x08,0x83,0xff,0x08,0x83,0xff,
    0x08,0x83,0xff,0x08,0x83,0xff,0x08,0x83,0xff,0x08,0x83,0xff,0x08,0x83,0xff,0x08,0x83,0xff,0x08,0x83,0xff,0x08,0x83,0xff,
    0x08,0x83,0xff,0x08,0x83,0xff,0x08,0x83,0xff,0x08,0x83,0xff,0x08,0x83,0xff,0x08,0x83,0xff,0x08,0x83,0xff,0x08,0x83,0xff,
    0x08,0x83,0xff,0x08,0x83,0xff,0x08,0x83,0xff,0x08,0x83,0xff,0x08,0x83,0xff,0x08,0x83,0xff,0x08,0x83,0xff,0x08,0x83,0xff,
    0x08,0x83,0xff,0x08,0x83,0xff,0x08,0x83,0xff,0x08,0x83,0xff,0x08,0x83,0xff,0x08,0x83,0xff,0x08,0x83,0xff,0x08,0x83,0xff,
    0x08,0x83,0xff,0x08,0x83,0xff,0x08,0x83,0xff,0x08,0x83,0xff,0x08,0x83,0xff,0x08,0x83,0xff,0x08,0x83,0xff,0x08,0x83,0xff,
    0x08,0x83,0xff,0x08,0x83,0xff,0x08,0x83,0xff,0x08,0x83,0xff,0x08,0x83,0xff,0x08,0x83,0xff,0x08,0x83,0xff,0x08,0x83,0xff,
    0x08,0x83,0xff,0x08,0x83,0xff,0x08,0x83,0xff,0x08,0x83,0xff,0x08,0x83,0xff,0x01,0xe4,0xc8,0x00,0x00,0x00,0x00,0x00,0x00,
    0x00,0x00,0x00,0x00,0x00,0x00,0x01,0xe4,0xc8,0x08,0x83,0xff,0x08,0x83,0xff,0x08,0x83,0xff,0x08,0x83,0xff,0x08,0x83,0xff,
    0x08,0x83,0xff,0x08,0x83,0xff,0x08,0x83,0xff,0x08,0x83,0xff,0x08,0x83,0xff,0x08,0x83,0xff,0x08,0x83,0xff,0x08,0x83,0xff,
    0x08,0x83,0xff,0x08,0x83,0xff,0x08,0x83,0xff,0x08,0x83,0xff,0x08,0x83,0xff,0x08,0x83,0xff,0x08,0x83,0xff,0x08,0x83,0xff,
    0x08,0x83,0xff,0x08,0x83,0xff,0x08,0x83,0xff,0x08,0x83,0xff,0x08,0x83,0xff,0x08,0x83,0xff,0x08,0x83,0xff,0x08,0x83,0xff,
    0x08,0x83,0xff,0x08,0x83,0xff,0x08,0x83,0xff,0x08,0x83,0xff,0x08,0x83,0xff,0x08,0x83,0xff,0x08,0x83,0xff,0x08,0x83,0xff,
    0x08,0x83,0xff,0x08,0x83,0xff,0x08,0x83,0xff,0x08,0x83,0xff,0x08,0x83,0xff,0x08,0x83,0xff,0x08,0x83,0xff,0x08,0x83,0xff,
    0x08,0x83,0xff,0x08,0x83,0xff,0x08,0x83,0xff,0x08,0x83,0xff,0x08,0x83,0xff,0x08,0x83,0xff,0x08,0x83,0xff,0x08,0x83,0xff,
    0x08,0x83,0xff,0x08,0x83,0xff,0x08,0x83,0xff,0x08,0x83,0xff,0x08,0x83,0xff,0x08,0x83,0xff,0x08,0x83,0xff,0x08,0x83,0xff,
    0x08,0x83,0xff,0x08,0x83,0xff,0x08,0x83,0xff,0x08,0x83,0xff,0x08,0x83,0xff,0x08,0x83,0xff,0x08,0x83,0xff,0x08,0x83,0xff,
    0x08,0x83,0xff,0x08,0x83,0xff,0x08,0x83,0xff,0x08,0x83,0xff,0x08,0x83,0xff,0x08,0x83,0xff,0x08,0x83,0xff,0x08,0x83,0xff,
    0x08,0x83,0xff,0x08,0x83,0xff,0x08,0x83,0xff,0x08,0x83,0xff,0x08,0x83,0xff,0x08,0x83,0xff,0x08,0x83,0xff,0x08,0x83,0xff,
    0x08,0x83,0xff,0x08,0x83,0xff,0x08,0x83,0xff,0x08,0x83,0xff,0x08,0x83,0xff,0x08,0x83,0xff,0x08,0x83,0xff,0x08,0x83,0xff,
    0x08,0x83,0xff,0x08,0x83,0xff,0x08,0x83,0xff,0x08,0x83,0xff,0x08,0x83,0xff,0x08,0x83,0xff,0x08,0x83,0xff,0x08,0x83,0xff,
    0x08,0x83,0xff,0x08,0x83,0xff,0x08,0x83,0xff,0x08,0x83,0xff,0x08,0x83,0xff,0x08,0x83,0xff,0x08,0x83,0xff,0x08,0x83,0xff,
    0x08,0x83,0xff,0x08,0x83,0xff,0x08,0x83,0xff,0x08,0x83,0xff,0x08,0x83,0xff,0x08,0x83,0xff,0x08,0x83,0xff,0x08,0x83,0xff,
    0x08,0x83,0xff,0x08,0x83,0xff,0x08,0x83,0xff,0x08,0x83,0xff,0x08,0x83,0xff,0x08,0x83,0xff,0x08,0x83,0xff,0x08,0x83,0xff,
    0x08,0x83,0xff,0x08,0x83,0xff,0x08,0x83,0xff,0x08,0x83,0xff,0x08,0x83,0xff,0x01,0xe4,0xc8,0x00,0x00,0x00,0x00,0x00,0x00,
    0x00,0x00,0x00,0x00,0x00,0x00,0x01,0xe4,0xc8,0x08,0x83,0xff,0x08,0x83,0xff,0x08,0x83,0xff,0x08,0x83,0xff,0x08,0x83,0xff,
    0x08,0x83,0xff,0x08,0x83,0xff,0x08,0x83,0xff,0x08,0x83,0xff,0x08,0x83,0xff,0x08,0x83,0xff,0x08,0x83,0xff,0x08,0x83,0xff,
    0x08,0x83,0xff,0x08,0x83,0xff,0x08,0x83,0xff,0x08,0x83,0xff,0x08,0x83,0xff,0x08,0x83,0xff,0x08,0x83,0xff,0x08,0x83,0xff,
    0x08,0x83,0xff,0x08,0x83,0xff,0x08,0x83,0xff,0x08,0x83,0xff,0x08,0x83,0xff,0x08,0x83,0xff,0x08,0x83,0xff,0x08,0x83,0xff,
    0x08,0x83,0xff,0x08,0x83,0xff,0x08,0x83,0xff,0x08,0x83,0xff,0x08,0x83,0xff,0x08,0x83,0xff,0x08,0x83,0xff,0x08,0x83,0xff,
    0x08,0x83,0xff,0x08,0x83,0xff,0x08,0x83,0xff,0x08,0x83,0xff,0x08,0x83,0xff,0x08,0x83,0xff,0x08,0x83,0xff,0x08,0x83,0xff,
    0x08,0x83,0xff,0x08,0x83,0xff,0x08,0x83,0xff,0x08,0x83,0xff,0x08,0x83,0xff,0x08,0x83,0xff,0x08,0x83,0xff,0x08,0x83,0xff,
    0x08,0x83,0xff,0x08,0x83,0xff,0x08,0x83,0xff,0x08,0x83,0xff,0x08,0x83,0xff,0x08,0x83,0xff,0x08,0x83,0xff,0x08,0x83,0xff,
    0x08,0x83,0xff,0x08,0x83,0xff,0x08,0x83,0xff,0x08,0x83,0xff,0x08,0x83,0xff,0x08,0x83,0xff,0x08,0x83,0xff,0x08,0x83,0xff,
    0x08,0x83,0xff,0x08,0x83,0xff,0x08,0x83,0xff,0x08,0x83,0xff,0x08,0x83,0xff,0x08,0x83,0xff,0x08,0x83,0xff,0x08,0x83,0xff,
    0x08,0x83,0xff,0x08,0x83,0xff,0x08,0x83,0xff,0x08,0x83,0xff,0x08,0x83,0xff,0x08,0x83,0xff,0x08,0x83,0xff,0x08,0x83,0xff,
    0x08,0x83,0xff,0x08,0x83,0xff,0x08,0x83,0xff,0x08,0x83,0xff,0x08,0x83,0xff,0x08,0x83,0xff,0x08,0x83,0xff,0x08,0x83,0xff,
    0x08,0x83,0xff,0x08,0x83,0xff,0x08,0x83,0xff,0x08,0x83,0xff,0x08,0x83,0xff,0x08,0x83,0xff,0x08,0x83,0xff,0x08,0x83,0xff,
    0x08,0x83,0xff,0x08,0x83,0xff,0x08,0x83,0xff,0x08,0x83,0xff,0x08,0x83,0xff,0x08,0x83,0xff,0x08,0x83,0xff,0x08,0x83,0xff,
    0x08,0x83,0xff,0x08,0x83,0xff,0x08,0x83,0xff,0x08,0x83,0xff,0x08,0x83,0xff,0x08,0x83,0xff,0x08,0x83,0xff,0x08,0x83,0xff,
    0x08,0x83,0xff,0x08,0x83,0xff,0x08,0x83,0xff,0x08,0x83,0xff,0x08,0x83,0xff,0x08,0x83,0xff,0x08,0x83,0xff,0x08,0x83,0xff,
    0x08,0x83,0xff,0x08,0x83,0xff,0x08,0x83,0xff,0x08,0x83,0xff,0x08,0x83,0xff,0x01,0xe4,0xc8,0x00,0x00,0x00,0x00,0x00,0x00,
    0x00,0x00,0x00,0x00,0x00,0x00,0x01,0xe4,0xc8,0x08,0x83,0xff,0x08,0x83,0xff,0x08,0x83,0xff,0x08,0x83,0xff,0x08,0x83,0xff,
    0x08,0x83,0xff,0x08,0x83,0xff,0x08,0x83,0xff,0x08,0x83,0xff,0x08,0x83,0xff,0x08,0x83,0xff,0x08,0x83,0xff,0x08,0x83,0xff,
    0x08,0x83,0xff,0x08,0x83,0xff,0x08,0x83,0xff,0x08,0x83,0xff,0x08,0x83,0xff,0x08,0x83,0xff,0x08,0x83,0xff,0x08,0x83,0xff,
    0x08,0x83,0xff,0x08,0x83,0xff,0x08,0x83,0xff,0x08,0x83,0xff,0x08,0x83,0xff,0x08,0x83,0xff,0x08,0x83,0xff,0x08,0x83,0xff,
    0x08,0x83,0xff,0x08,0x83,0xff,0x08,0x83,0xff,0x08,0x83,0xff,0x08,0x83,0xff,0x08,0x83,0xff,0x08,0x83,0xff,0x08,0x83,0xff,
    0x08,0x83,0xff,0x08,0x83,0xff,0x08,0x83,0xff,0x08,0x83,0xff,0x08,0x83,0xff,0x08,0x83,0xff,0x08,0x83,0xff,0x08,0x83,0xff,
    0x08,0x83,0xff,0x08,0x83,0xff,0x08,0x83,0xff,0x08,0x83,0xff,0x08,0x83,0xff,0x08,0x83,0xff,0x08,0x83,0xff,0x08,0x83,0xff,
    0x08,0x83,0xff,0x08,0x83,0xff,0x08,0x83,0xff,0x08,0x83,0xff,0x08,0x83,0xff,0x08,0x83,0xff,0x08,0x83,0xff,0x08,0x83,0xff,
    0x08,0x83,0xff,0x08,0x83,0xff,0x08,0x83,0xff,0x08,0x83,0xff,0x08,0x83,0xff,0x08,0x83,0xff,0x08,0x83,0xff,0x08,0x83,0xff,
    0x08,0x83,0xff,0x08,0x83,0xff,0x08,0x83,0xff,0x08,0x83,0xff,0x08,0x83,0xff,0x08,0x83,0xff,0x08,0x83,0xff,0x08,0x83,0xff,
    0x08,0x83,0xff,0x08,0x83,0xff,0x08,0x83,0xff,0x08,0x83,0xff,0x08,0x83,0xff,0x08,0x83,0xff,0x08,0x83,0xff,0x08,0x83,0xff,
    0x08,0x83,0xff,0x08,0x83,0xff,0x08,0x83,0xff,0x08,0x83,0xff,0x08,0x83,0xff,0x08,0x83,0xff,0x08,0x83,0xff,0x08,0x83,0xff,
    0x08,0x83,0xff,0x08,0x83,0xff,0x08,0x83,0xff,0x08,0x83,0xff,0x08,0x83,0xff,0x08,0x83,0xff,0x08,0x83,0xff,0x08,0x83,0xff,
    0x08,0x83,0xff,0x08,0x83,0xff,0x08,0x83,0xff,0x08,0x83,0xff,0x08,0x83,0xff,0x08,0x83,0xff,0x08,0x83,0xff,0x08,0x83,0xff,
    0x08,0x83,0xff,0x08,0x83,0xff,0x08,0x83,0xff,0x08,0x83,0xff,0x08,0x83,0xff,0x08,0x83,0xff,0x08,0x83,0xff,0x08,0x83,0xff,
    0x08,0x83,0xff,0x08,0x83,0xff,0x08,0x83,0xff,0x08,0x83,0xff,0x08,0x83,0xff,0x08,0x83,0xff,0x08,0x83,0xff,0x08,0x83,0xff,
    0x08,0x83,0xff,0x08,0x83,0xff,0x08,0x83,0xff,0x08,0x83,0xff,0x08,0x83,0xff,0x01,0xe4,0xc8,0x00,0x00,0x00,0x00,0x00,0x00,
    0x00,0x00,0x00,0x00,0x00,0x00,0x01,0xe4,0xc8,0x08,0x83,0xff,0x08,0x83,0xff,0x08,0x83,0xff,0x08,0x83,0xff,0x08,0x83,0xff,
    0x08,0x83,0xff,0x08,0x83,0xff,0x08,0x83,0xff,0x08,0x83,0xff,0x08,0x83,0xff,0x08,0x83,0xff,0x08,0x83,0xff,0x08,0x83,0xff,
    0x08,0x83,0xff,0x08,0x83,0xff,0x08,0x83,0xff,0x08,0x83,0xff,0x08,0x83,0xff,0x08,0x83,0xff,0x08,0x83,0xff,0x08,0x83,0xff,
    0x08,0x83,0xff,0x08,0x83,0xff,0x08,0x83,0xff,0x08,0x83,0xff,0x08,0x83,0xff,0x08,0x83,0xff,0x08,0x83,0xff,0x08,0x83,0xff,
    0x08,0x83,0xff,0x08,0x83,0xff,0x08,0x83,0xff,0x08,0x83,0xff,0x08,0x83,0xff,0x08,0x83,0xff,0x08,0x83,0xff,0x08,0x83,0xff,
    0x08,0x83,0xff,0x08,0x83,0xff,0x08,0x83,0xff,0x08,0x83,0xff,0x08,0x83,0xff,0x08,0x83,0xff,0x08,0x83,0xff,0x08,0x83,0xff,
    0x08,0x83,0xff,0x08,0x83,0xff,0x08,0x83,0xff,0x08,0x83,0xff,0x08,0x83,0xff,0x08,0x83,0xff,0x08,0x83,0xff,0x08,0x83,0xff,
    0x08,0x83,0xff,0x08,0x83,0xff,0x08,0x83,0xff,0x08,0x83,0xff,0x08,0x83,0xff,0x08,0x83,0xff,0x08,0x83,0xff,0x08,0x83,0xff,
    0x08,0x83,0xff,0x08,0x83,0xff,0x08,0x83,0xff,0x08,0x83,0xff,0x08,0x83,0xff,0x08,0x83,0xff,0x08,0x83,0xff,0x08,0x83,0xff,
    0x08,0x83,0xff,0x08,0x83,0xff,0x08,0x83,0xff,0x08,0x83,0xff,0x08,0x83,0xff,0x08,0x83,0xff,0x08,0x83,0xff,0x08,0x83,0xff,
    0x08,0x83,0xff,0x08,0x83,0xff,0x08,0x83,0xff,0x08,0x83,0xff,0x08,0x83,0xff,0x08,0x83,0xff,0x08,0x83,0xff,0x08,0x83,0xff,
    0x08,0x83,0xff,0x08,0x83,0xff,0x08,0x83,0xff,0x08,0x83,0xff,0x08,0x83,0xff,0x08,0x83,0xff,0x08,0x83,0xff,0x08,0x83,0xff,
    0x08,0x83,0xff,0x08,0x83,0xff,0x08,0x83,0xff,0x08,0x83,0xff,0x08,0x83,0xff,0x08,0x83,0xff,0x08,0x83,0xff,0x08,0x83,0xff,
    0x08,0x83,0xff,0x08,0x83,0xff,0x08,0x83,0xff,0x08,0x83,0xff,0x08,0x83,0xff,0x08,0x83,0xff,0x08,0x83,0xff,0x08,0x83,0xff,
    0x08,0x83,0xff,0x08,0x83,0xff,0x08,0x83,0xff,0x08,0x83,0xff,0x08,0x83,0xff,0x08,0x83,0xff,0x08,0x83,0xff,0x08,0x83,0xff,
    0x08,0x83,0xff,0x08,0x83,0xff,0x08,0x83,0xff,0x08,0x83,0xff,0x08,0x83,0xff,0x08,0x83,0xff,0x08,0x83,0xff,0x08,0x83,0xff,
    0x08,0x83,0xff,0x08,0x83,0xff,0x08,0x83,0xff,0x08,0x83,0xff,0x08,0x83,0xff,0x01,0xe4,0xc8,0x00,0x00,0x00,0x00,0x00,0x00,
    0x00,0x00,0x00,0x00,0x00,0x00,0x01,0xe4,0xc8,0x08,0x83,0xff,0x08,0x83,0xff,0x08,0x83,0xff,0x08,0x83,0xff,0x08,0x83,0xff,
    0x08,0x83,0xff,0x08,0x83,0xff,0x08,0x83,0xff,0x08,0x83,0xff,0x08,0x83,0xff,0x08,0x83,0xff,0x08,0x83,0xff,0x08,0x83,0xff,
    0x08,0x83,0xff,0x08,0x83,0xff,0x08,0x83,0xff,0x08,0x83,0xff,0x08,0x83,0xff,0x08,0x83,0xff,0x08,0x83,0xff,0x08,0x83,0xff,
    0x08,0x83,0xff,0x08,0x83,0xff,0x08,0x83,0xff,0x08,0x83,0xff,0x08,0x83,0xff,0x08,0x83,0xff,0x08,0x83,0xff,0x08,0x83,0xff,
    0x08,0x83,0xff,0x08,0x83,0xff,0x08,0x83,0xff,0x08,0x83,0xff,0x08,0x83,0xff,0x08,0x83,0xff,0x08,0x83,0xff,0x08,0x83,0xff,
    0x08,0x83,0xff,0x08,0x83,0xff,0x08,0x83,0xff,0x08,0x83,0xff,0x08,0x83,0xff,0x08,0x83,0xff,0x08,0x83,0xff,0x08,0x83,0xff,
    0x08,0x83,0xff,0x08,0x83,0xff,0x08,0x83,0xff,0x08,0x83,0xff,0x08,0x83,0xff,0x08,0x83,0xff,0x08,0x83,0xff,0x08,0x83,0xff,
    0x08,0x83,0xff,0x08,0x83,0xff,0x08,0x83,0xff,0x08,0x83,0xff,0x08,0x83,0xff,0x08,0x83,0xff,0x08,0x83,0xff,0x08,0x83,0xff,
    0x08,0x83,0xff,0x08,0x83,0xff,0x08,0x83,0xff,0x08,0x83,0xff,0x08,0x83,0xff,0x08,0x83,0xff,0x08,0x83,0xff,0x08,0x83,0xff,
    0x08,0x83,0xff,0x08,0x83,0xff,0x08,0x83,0xff,0x08,0x83,0xff,0x08,0x83,0xff,0x08,0x83,0xff,0x08,0x83,0xff,0x08,0x83,0xff,
    0x08,0x83,0xff,0x08,0x83,0xff,0x08,0x83,0xff,0x08,0x83,0xff,0x08,0x83,0xff,0x08,0x83,0xff,0x08,0x83,0xff,0x08,0x83,0xff,
    0x08,0x83,0xff,0x08,0x83,0xff,0x08,0x83,0xff,0x08,0x83,0xff,0x08,0x83,0xff,0x08,0x83,0xff,0x08,0x83,0xff,0x08,0x83,0xff,
    0x08,0x83,0xff,0x08,0x83,0xff,0x08,0x83,0xff,0x08,0x83,0xff,0x08,0x83,0xff,0x08,0x83,0xff,0x08,0x83,0xff,0x08,0x83,0xff,
    0x08,0x83,0xff,0x08,0x83,0xff,0x08,0x83,0xff,0x08,0x83,0xff,0x08,0x83,0xff,0x08,0x83,0xff,0x08,0x83,0xff,0x08,0x83,0xff,
    0x08,0x83,0xff,0x08,0x83,0xff,0x08,0x83,0xff,0x08,0x83,0xff,0x08,0x83,0xff,0x08,0x83,0xff,0x08,0x83,0xff,0x08,0x83,0xff,
    0x08,0x83,0xff,0x08,0x83,0xff,0x08,0x83,0xff,0x08,0x83,0xff,0x08,0x83,0xff,0x08,0x83,0xff,0x08,0x83,0xff,0x08,0x83,0xff,
    0x08,0x83,0xff,0x08,0x83,0xff,0x08,0x83,0xff,0x08,0x83,0xff,0x08,0x83,0xff,0x01,0xe4,0xc8,0x00,0x00,0x00,0x00,0x00,0x00,
    0x00,0x00,0x00,0x00,0x00,0x00,0x01,0xe4,0xc8,0x08,0x83,0xff,0x08,0x83,0xff,0x08,0x83,0xff,0x08,0x83,0xff,0x08,0x83,0xff,
    0x08,0x83,0xff,0x08,0x83,0xff,0x08,0x83,0xff,0x08,0x83,0xff,0x08,0x83,0xff,0x08,0x83,0xff,0x08,0x83,0xff,0x08,0x83,0xff,
    0x08,0x83,0xff,0x08,0x83,0xff,0x08,0x83,0xff,0x08,0x83,0xff,0x08,0x83,0xff,0x08,0x83,0xff,0x08,0x83,0xff,0x08,0x83,0xff,
    0x08,0x83,0xff,0x08,0x83,0xff,0x08,0x83,0xff,0x08,0x83,0xff,0x08,0x83,0xff,0x08,0x83,0xff,0x08,0x83,0xff,0x08,0x83,0xff,
    0x08,0x83,0xff,0x08,0x83,0xff,0x08,0x83,0xff,0x08,0x83,0xff,0x08,0x83,0xff,0x29,0x87,0xff,0xd6,0xfd,0xff,0x63,0x4e,0xff,
    0x08,0x83,0xff,0x08,0x83,0xff,0x08,0x83,0xff,0x08,0x83,0xff,0x08,0x83,0xff,0x08,0x83,0xff,0x21,0x66,0xff,0xce,0xfd,0xff,
    0xc6,0x7b,0xff,0x10,0xa3,0xff,0x08,0x83,0xff,0x08,0x83,0xff,0x31,0xa8,0xff,0xd6,0xfd,0xff,0x94,0xf5,0xff,0x08,0x83,0xff,
    0x08,0x83,0xff,0x5b,0x2d,0xff,0xd6,0xfd,0xff,0x18,0xe4,0xff,0x08,0x83,0xff,0x08,0x83,0xff,0x08,0x83,0xff,0x31,0xe8,0xff,
    0xd6,0xfd,0xff,0xd6,0xfd,0xff,0x42,0x6a,0xff,0x08,0x83,0xff,0x21,0x66,0xff,0xd6,0xfd,0xff,0xd6,0xfd,0xff,0x5b,0x0d,0xff,
    0x31,0xc8,0xff,0xd6,0xfd,0xff,0xd6,0xfd,0xff,0xd6,0xfd,0xff,0xd6,0xfd,0xff,0xd6,0xfd,0xff,0x8c,0xb4,0xff,0x31,0xc8,0xff,
    0xd6,0xfd,0xff,0xd6,0xfd,0xff,0xd6,0xfd,0xff,0xc6,0xbc,0xff,0x95,0x15,0xff,0x21,0x25,0xff,0x08,0x83,0xff,0x3a,0x29,0xff,
    0xd6,0xfd,0xff,0x52,0xcc,0xff,0x08,0x83,0xff,0x08,0x83,0xff,0x21,0x66,0xff,0xce,0xfd,0xff,0xc6,0x7b,0xff,0x10,0xa3,0xff,
    0x08,0x83,0xff,0x08,0x83,0xff,0x08,0x83,0xff,0x08,0x83,0xff,0x08,0x83,0xff,0x08,0x83,0xff,0x08,0x83,0xff,0x08,0x83,0xff,
    0x08,0x83,0xff,0x08,0x83,0xff,0x08,0x83,0xff,0x08,0x83,0xff,0x08,0x83,0xff,0x08,0x83,0xff,0x08,0x83,0xff,0x08,0x83,0xff,
    0x08,0x83,0xff,0x08,0x83,0xff,0x08,0x83,0xff,0x08,0x83,0xff,0x08,0x83,0xff,0x08,0x83,0xff,0x08,0x83,0xff,0x08,0x83,0xff,
    0x08,0x83,0xff,0x08,0x83,0xff,0x08,0x83,0xff,0x08,0x83,0xff,0x08,0x83,0xff,0x08,0x83,0xff,0x08,0x83,0xff,0x08,0x83,0xff,
    0x08,0x83,0xff,0x08,0x83,0xff,0x08,0x83,0xff,0x08,0x83,0xff,0x08,0x83,0xff,0x01,0xe4,0xc8,0x00,0x00,0x00,0x00,0x00,0x00,
    0x00,0x00,0x00,0x00,0x00,0x00,0x01,0xe4,0xc8,0x08,0x83,0xff,0x08,0x83,0xff,0x08,0x83,0xff,0x08,0x83,0xff,0x08,0x83,0xff,
    0x08,0x83,0xff,0x08,0x83,0xff,0x08,0x83,0xff,0x08,0x83,0xff,0x08,0x83,0xff,0x08,0x83,0xff,0x08,0x83,0xff,0x08,0x83,0xff,
    0x08,0x83,0xff,0x08,0x83,0xff,0x08,0x83,0xff,0x08,0x83,0xff,0x08,0x83,0xff,0x08,0x83,0xff,0x08,0x83,0xff,0x08,0x83,0xff,
    0x08,0x83,0xff,0x08,0x83,0xff,0x08,0x83,0xff,0x08,0x83,0xff,0x08,0x83,0xff,0x08,0x83,0xff,0x08,0x83,0xff,0x08,0x83,0xff,
    0x08,0x83,0xff,0x08,0x83,0xff,0x08,0x83,0xff,0x08,0x83,0xff,0x08,0x83,0xff,0x29,0x87,0xff,0xd6,0xfd,0xff,0x63,0x4e,0xff,
    0x08,0x83,0xff,0x08,0x83,0xff,0x08,0x83,0xff,0x08,0x83,0xff,0x08,0x83,0xff,0x08,0x83,0xff,0x73,0xd0,0xff,0xd6,0xfd,0xff,
    0xd6,0xfd,0xff,0x4a,0xac,0xff,0x08,0x83,0xff,0x08,0x83,0xff,0x31,0xa8,0xff,0xd6,0xfd,0xff,0xd6,0xfd,0xff,0x52,0xcc,0xff,
    0x08,0x83,0xff,0x5b,0x2d,0xff,0xd6,0xfd,0xff,0x18,0xe4,0xff,0x08,0x83,0xff,0x08,0x83,0xff,0x08,0x83,0xff,0x31,0xe8,0xff,
    0xd6,0xfd,0xff,0xce,0xfd,0xff,0x7c,0x11,0xff,0x08,0x83,0xff,0x5b,0x0d,0xff,0xce,0xfd,0xff,0xd6,0xfd,0xff,0x5b,0x0d,0xff,
    0x31,0xc8,0xff,0xd6,0xfd,0xff,0x5b,0x0d,0xff,0x08,0x83,0xff,0x08,0x83,0xff,0x08,0x83,0xff,0x08,0x83,0xff,0x31,0xc8,0xff,
    0xd6,0xfd,0xff,0x5b,0x0d,0xff,0x08,0xa3,0xff,0x31,0xa7,0xff,0xb6,0x3a,0xff,0x9d,0x36,0xff,0x08,0x83,0xff,0x3a,0x29,0xff,
    0xd6,0xfd,0xff,0x52,0xcc,0xff,0x08,0x83,0xff,0x08,0x83,0xff,0x73,0xd0,0xff,0xd6,0xfd,0xff,0xd6,0xfd,0xff,0x4a,0xac,0xff,
    0x08,0x83,0xff,0x08,0x83,0xff,0x08,0x83,0xff,0x08,0x83,0xff,0x08,0x83,0xff,0x08,0x83,0xff,0x08,0x83,0xff,0x08,0x83,0xff,
    0x08,0x83,0xff,0x08,0x83,0xff,0x08,0x83,0xff,0x08,0x83,0xff,0x08,0x83,0xff,0x08,0x83,0xff,0x08,0x83,0xff,0x08,0x83,0xff,
    0x08,0x83,0xff,0x08,0x83,0xff,0x08,0x83,0xff,0x08,0x83,0xff,0x08,0x83,0xff,0x08,0x83,0xff,0x08,0x83,0xff,0x08,0x83,0xff,
    0x08,0x83,0xff,0x08,0x83,0xff,0x08,0x83,0xff,0x08,0x83,0xff,0x08,0x83,0xff,0x08,0x83,0xff,0x08,0x83,0xff,0x08,0x83,0xff,
    0x08,0x83,0xff,0x08,0x83,0xff,0x08,0x83,0xff,0x08,0x83,0xff,0x08,0x83,0xff,0x01,0xe4,0xc8,0x00,0x00,0x00,0x00,0x00,0x00,
    0x00,0x00,0x00,0x00,0x00,0x00,0x01,0xe4,0xc8,0x08,0x83,0xff,0x08,0x83,0xff,0x08,0x83,0xff,0x08,0x83,0xff,0x08,0x83,0xff,
    0x08,0x83,0xff,0x08,0x83,0xff,0x08,0x83,0xff,0x08,0x83,0xff,0x08,0x83,0xff,0x08,0x83,0xff,0x08,0x83,0xff,0x08,0x83,0xff,
    0x08,0x83,0xff,0x08,0x83,0xff,0x08,0x83,0xff,0x08,0x83,0xff,0x08,0x83,0xff,0x08,0x83,0xff,0x08,0x83,0xff,0x08,0x83,0xff,
    0x08,0x83,0xff,0x08,0x83,0xff,0x08,0x83,0xff,0x08,0x83,0xff,0x08,0x83,0xff,0x08,0x83,0xff,0x08,0x83,0xff,0x08,0x83,0xff,
    0x08,0x83,0xff,0x08,0x83,0xff,0x08,0x83,0xff,0x08,0x83,0xff,0x08,0x83,0xff,0x29,0x87,0xff,0xd6,0xfd,0xff,0x63,0x4e,0xff,
    0x08,0x83,0xff,0x08,0x83,0xff,0x08,0x83,0xff,0x08,0x83,0xff,0x08,0x83,0xff,0x08,0x83,0xff,0xbe,0x3a,0xff,0x9d,0x36,0xff,
    0xbe,0x7b,0xff,0x9d,0x36,0xff,0x08,0x83,0xff,0x08,0x83,0xff,0x31,0xa8,0xff,0xd6,0xfd,0xff,0xd6,0xfd,0xff,0xc6,0x9b,0xff,
    0x19,0x25,0xff,0x5b,0x2d,0xff,0xd6,0xfd,0xff,0x18,0xe4,0xff,0x08,0x83,0xff,0x08,0x83,0xff,0x08,0x83,0xff,0x31,0xe8,0xff,
    0xd6,0xfd,0xff,0xad,0xb8,0xff,0xad,0xd8,0xff,0x08,0x83,0xff,0x8c,0xb4,0xff,0xad,0xb8,0xff,0xd6,0xfd,0xff,0x5b,0x0d,0xff,
    0x31,0xc8,0xff,0xd6,0xfd,0xff,0x5b,0x0d,0xff,0x08,0x83,0xff,0x08,0x83,0xff,0x08,0x83,0xff,0x08,0x83,0xff,0x31,0xc8,0xff,
    0xd6,0xfd,0xff,0x5b,0x0d,0xff,0x08,0x83,0xff,0x08,0x83,0xff,0x63,0x4e,0xff,0xd6,0xfd,0xff,0x31,0xa8,0xff,0x3a,0x29,0xff,
    0xd6,0xfd,0xff,0x52,0xcc,0xff,0x08,0x83,0xff,0x08,0x83,0xff,0xbe,0x3a,0xff,0x9d,0x36,0xff,0xbe,0x7b,0xff,0x9d,0x36,0xff,
    0x08,0x83,0xff,0x08,0x83,0xff,0x08,0x83,0xff,0x08,0x83,0xff,0x08,0x83,0xff,0x08,0x83,0xff,0x08,0x83,0xff,0x08,0x83,0xff,
    0x08,0x83,0xff,0x08,0x83,0xff,0x08,0x83,0xff,0x08,0x83,0xff,0x08,0x83,0xff,0x08,0x83,0xff,0x08,0x83,0xff,0x08,0x83,0xff,
    0x08,0x83,0xff,0x08,0x83,0xff,0x08,0x83,0xff,0x08,0x83,0xff,0x08,0x83,0xff,0x08,0x83,0xff,0x08,0x83,0xff,0x08,0x83,0xff,
    0x08,0x83,0xff,0x08,0x83,0xff,0x08,0x83,0xff,0x08,0x83,0xff,0x08,0x83,0xff,0x08,0x83,0xff,0x08,0x83,0xff,0x08,0x83,0xff,
    0x08,0x83,0xff,0x08,0x83,0xff,0x08,0x83,0xff,0x08,0x83,0xff,0x08,0x83,0xff,0x01,0xe4,0xc8,0x00,0x00,0x00,0x00,0x00,0x00,
    0x00,0x00,0x00,0x00,0x00,0x00,0x01,0xe4,0xc8,0x08,0x83,0xff,0x08,0x83,0xff,0x08,0x83,0xff,0x08,0x83,0xff,0x08,0x83,0xff,
    0x08,0x83,0xff,0x08,0x83,0xff,0x08,0x83,0xff,0x08,0x83,0xff,0x08,0x83,0xff,0x08,0x83,0xff,0x08,0x83,0xff,0x08,0x83,0xff,
    0x08,0x83,0xff,0x08,0x83,0xff,0x08,0x83,0xff,0x08,0x83,0xff,0x08,0x83,0xff,0x08,0x83,0xff,0x08,0x83,0xff,0x08,0x83,0xff,
    0x08,0x83,0xff,0x08,0x83,0xff,0x08,0x83,0xff,0x08,0x83,0xff,0x08,0x83,0xff,0x08,0x83,0xff,0x08,0x83,0xff,0x08,0x83,0xff,
    0x08,0x83,0xff,0x08,0x83,0xff,0x08,0x83,0xff,0x08,0x83,0xff,0x08,0x83,0xff,0x29,0x87,0xff,0xd6,0xfd,0xff,0x63,0x4e,0xff,
    0x08,0x83,0xff,0x08,0x83,0xff,0x08,0x83,0xff,0x08,0x83,0xff,0x08,0x83,0xff,0x42,0x4a,0xff,0xd6,0xfd,0xff,0x52,0xcc,0xff,
    0x7c,0x32,0xff,0xce,0xfd,0xff,0x21,0x66,0xff,0x08,0x83,0xff,0x31,0xa8,0xff,0xd6,0xfd,0xff,0xad,0xb8,0xff,0xd6,0xfd,0xff,
    0x94,0xf5,0xff,0x5b,0x2d,0xff,0xd6,0xfd,0xff,0x18,0xe4,0xff,0x08,0x83,0xff,0x08,0x83,0xff,0x08,0x83,0xff,0x31,0xe8,0xff,
    0xd6,0xfd,0xff,0x7c,0x31,0xff,0xce,0xfd,0xff,0x19,0x05,0xff,0xbe,0x5a,0xff,0x7c,0x11,0xff,0xd6,0xfd,0xff,0x5b,0x0d,0xff,
    0x31,0xc8,0xff,0xd6,0xfd,0xff,0xd6,0xfd,0xff,0xd6,0xfd,0xff,0xd6,0xfd,0xff,0xd6,0xfd,0xff,0x52,0xcc,0xff,0x31,0xc8,0xff,
    0xd6,0xfd,0xff,0x5b,0x0d,0xff,0x08,0x83,0xff,0x08,0x83,0xff,0x42,0x4a,0xff,0xd6,0xfd,0xff,0x52,0xcc,0xff,0x3a,0x29,0xff,
    0xd6,0xfd,0xff,0x52,0xcc,0xff,0x08,0x83,0xff,0x42,0x4a,0xff,0xd6,0xfd,0xff,0x52,0xcc,0xff,0x7c,0x32,0xff,0xce,0xfd,0xff,
    0x21,0x66,0xff,0x08,0x83,0xff,0x08,0x83,0xff,0x08,0x83,0xff,0x08,0x83,0xff,0x08,0x83,0xff,0x08,0x83,0xff,0x08,0x83,0xff,
    0x08,0x83,0xff,0x08,0x83,0xff,0x08,0x83,0xff,0x08,0x83,0xff,0x08,0x83,0xff,0x08,0x83,0xff,0x08,0x83,0xff,0x08,0x83,0xff,
    0x08,0x83,0xff,0x08,0x83,0xff,0x08,0x83,0xff,0x08,0x83,0xff,0x08,0x83,0xff,0x08,0x83,0xff,0x08,0x83,0xff,0x08,0x83,0xff,
    0x08,0x83,0xff,0x08,0x83,0xff,0x08,0x83,0xff,0x08,0x83,0xff,0x08,0x83,0xff,0x08,0x83,0xff,0x08,0x83,0xff,0x08,0x83,0xff,
    0x08,0x83,0xff,0x08,0x83,0xff,0x08,0x83,0xff,0x08,0x83,0xff,0x08,0x83,0xff,0x01,0xe4,0xc8,0x00,0x00,0x00,0x00,0x00,0x00,
    0x00,0x00,0x00,0x00,0x00,0x00,0x01,0xe4,0xc8,0x08,0x83,0xff,0x08,0x83,0xff,0x08,0x83,0xff,0x08,0x83,0xff,0x08,0x83,0xff,
    0x08,0x83,0xff,0x08,0x83,0xff,0x08,0x83,0xff,0x08,0x83,0xff,0x08,0x83,0xff,0x08,0x83,0xff,0x08,0x83,0xff,0x08,0x83,0xff,
    0x08,0x83,0xff,0x08,0x83,0xff,0x08,0x83,0xff,0x08,0x83,0xff,0x08,0x83,0xff,0x08,0x83,0xff,0x08,0x83,0xff,0x08,0x83,0xff,
    0x08,0x83,0xff,0x08,0x83,0xff,0x08,0x83,0xff,0x08,0x83,0xff,0x08,0x83,0xff,0x08,0x83,0xff,0x08,0x83,0xff,0x08,0x83,0xff,
    0x08,0x83,0xff,0x08,0x83,0xff,0x08,0x83,0xff,0x08,0x83,0xff,0x08,0x83,0xff,0x29,0x87,0xff,0xd6,0xfd,0xff,0x63,0x4e,0xff,
    0x08,0x83,0xff,0x08,0x83,0xff,0x08,0x83,0xff,0x08,0x83,0xff,0x08,0x83,0xff,0x8c,0xd4,0xff,0xce,0xbc,0xff,0x10,0xc4,0xff,
    0x31,0xe8,0xff,0xd6,0xfd,0xff,0x73,0xf0,0xff,0x08,0x83,0xff,0x31,0xa8,0xff,0xd6,0xfd,0xff,0x4a,0xab,0xff,0xad,0xf9,0xff,
    0xd6,0xfd,0xff,0xa5,0x77,0xff,0xd6,0xfd,0xff,0x18,0xe4,0xff,0x08,0x83,0xff,0x08,0x83,0xff,0x08,0x83,0xff,0x31,0xe8,0xff,
    0xd6,0xfd,0xff,0x4a,0x8b,0xff,0xce,0xfd,0xff,0x6b,0xd0,0xff,0xd6,0xfd,0xff,0x4a,0x6b,0xff,0xd6,0xfd,0xff,0x5b,0x0d,0xff,
    0x31,0xc8,0xff,0xd6,0xfd,0xff,0x5b,0x0d,0xff,0x08,0x83,0xff,0x08,0x83,0xff,0x08,0x83,0xff,0x08,0x83,0xff,0x31,0xc8,0xff,
    0xd6,0xfd,0xff,0x5b,0x0d,0xff,0x08,0x83,0xff,0x08,0x83,0xff,0x42,0x4a,0xff,0xd6,0xfd,0xff,0x52,0xcc,0xff,0x3a,0x29,0xff,
    0xd6,0xfd,0xff,0x52,0xcc,0xff,0x08,0x83,0xff,0x8c,0xd4,0xff,0xce,0xbc,0xff,0x10,0xc4,0xff,0x31,0xe8,0xff,0xd6,0xfd,0xff,
    0x73,0xf0,0xff,0x08,0x83,0xff,0x08,0x83,0xff,0x08,0x83,0xff,0x08,0x83,0xff,0x08,0x83,0xff,0x08,0x83,0xff,0x08,0x83,0xff,
    0x08,0x83,0xff,0x08,0x83,0xff,0x08,0x83,0xff,0x08,0x83,0xff,0x08,0x83,0xff,0x08,0x83,0xff,0x08,0x83,0xff,0x08,0x83,0xff,
    0x08,0x83,0xff,0x08,0x83,0xff,0x08,0x83,0xff,0x08,0x83,0xff,0x08,0x83,0xff,0x08,0x83,0xff,0x08,0x83,0xff,0x08,0x83,0xff,
    0x08,0x83,0xff,0x08,0x83,0xff,0x08,0x83,0xff,0x08,0x83,0xff,0x08,0x83,0xff,0x08,0x83,0xff,0x08,0x83,0xff,0x08,0x83,0xff,
    0x08,0x83,0xff,0x08,0x83,0xff,0x08,0x83,0xff,0x08,0x83,0xff,0x08,0x83,0xff,0x01,0xe4,0xc8,0x00,0x00,0x00,0x00,0x00,0x00,
    0x00,0x00,0x00,0x00,0x00,0x00,0x01,0xe4,0xc8,0x08,0x83,0xff,0x08,0x83,0xff,0x08,0x83,0xff,0x08,0x83,0xff,0x08,0x83,0xff,
    0x08,0x83,0xff,0x08,0x83,0xff,0x08,0x83,0xff,0x08,0x83,0xff,0x08,0x83,0xff,0x08,0x83,0xff,0x08,0x83,0xff,0x08,0x83,0xff,
    0x08,0x83,0xff,0x08,0x83,0xff,0x08,0x83,0xff,0x08,0x83,0xff,0x08,0x83,0xff,0x08,0x83,0xff,0x08,0x83,0xff,0x08,0x83,0xff,
    0x08,0x83,0xff,0x08,0x83,0xff,0x08,0x83,0xff,0x08,0x83,0xff,0x08,0x83,0xff,0x08,0x83,0xff,0x08,0x83,0xff,0x08,0x83,0xff,
    0x08,0x83,0xff,0x08,0x83,0xff,0x08,0x83,0xff,0x08,0x83,0xff,0x08,0x83,0xff,0x29,0x87,0xff,0xd6,0xfd,0xff,0x63,0x4e,0xff,
    0x08,0x83,0xff,0x08,0x83,0xff,0x08,0x83,0xff,0x08,0x83,0xff,0x19,0x04,0xff,0xce,0xdc,0xff,0xd6,0xfd,0xff,0xd6,0xfd,0xff,
    0xd6,0xfd,0xff,0xd6,0xfd,0xff,0xbe,0x5a,0xff,0x08,0xa3,0xff,0x31,0xa8,0xff,0xd6,0xfd,0xff,0x42,0x6b,0xff,0x31,0xe8,0xff,
    0xce,0xfd,0xff,0xd6,0xfd,0xff,0xd6,0xfd,0xff,0x18,0xe4,0xff,0x08,0x83,0xff,0x08,0x83,0xff,0x08,0x83,0xff,0x31,0xe8,0xff,
    0xd6,0xfd,0xff,0x3a,0x29,0xff,0xad,0xd8,0xff,0xc6,0xbc,0xff,0xc6,0xbc,0xff,0x21,0x25,0xff,0xd6,0xfd,0xff,0x5b,0x0d,0xff,
    0x31,0xc8,0xff,0xd6,0xfd,0xff,0x5b,0x0d,0xff,0x08,0x83,0xff,0x08,0x83,0xff,0x08,0x83,0xff,0x08,0x83,0xff,0x31,0xc8,0xff,
    0xd6,0xfd,0xff,0x5b,0x0d,0xff,0x08,0x83,0xff,0x08,0x83,0xff,0x5b,0x2d,0xff,0xd6,0xfd,0xff,0x31,0xe8,0xff,0x3a,0x29,0xff,
    0xd6,0xfd,0xff,0x52,0xcc,0xff,0x19,0x04,0xff,0xce,0xdc,0xff,0xd6,0xfd,0xff,0xd6,0xfd,0xff,0xd6,0xfd,0xff,0xd6,0xfd,0xff,
    0xbe,0x5a,0xff,0x08,0xa3,0xff,0x08,0x83,0xff,0x08,0x83,0xff,0x08,0x83,0xff,0x08,0x83,0xff,0x08,0x83,0xff,0x08,0x83,0xff,
    0x08,0x83,0xff,0x08,0x83,0xff,0x08,0x83,0xff,0x08,0x83,0xff,0x08,0x83,0xff,0x08,0x83,0xff,0x08,0x83,0xff,0x08,0x83,0xff,
    0x08,0x83,0xff,0x08,0x83,0xff,0x08,0x83,0xff,0x08,0x83,0xff,0x08,0x83,0xff,0x08,0x83,0xff,0x08,0x83,0xff,0x08,0x83,0xff,
    0x08,0x83,0xff,0x08,0x83,0xff,0x08,0x83,0xff,0x08,0x83,0xff,0x08,0x83,0xff,0x08,0x83,0xff,0x08,0x83,0xff,0x08,0x83,0xff,
    0x08,0x83,0xff,0x08,0x83,0xff,0x08,0x83,0xff,0x08,0x83,0xff,0x08,0x83,0xff,0x01,0xe4,0xc8,0x00,0x00,0x00,0x00,0x00,0x00,
    0x00,0x00,0x00,0x00,0x00,0x00,0x01,0xe4,0xc8,0x08,0x83,0xff,0x08,0x83,0xff,0x08,0x83,0xff,0x08,0x83,0xff,0x08,0x83,0xff,
    0x08,0x83,0xff,0x08,0x83,0xff,0x08,0x83,0xff,0x08,0x83,0xff,0x08,0x83,0xff,0x08,0x83,0xff,0x08,0x83,0xff,0x08,0x83,0xff,
    0x08,0x83,0xff,0x08,0x83,0xff,0x08,0x83,0xff,0x08,0x83,0xff,0x08,0x83,0xff,0x08,0x83,0xff,0x08,0x83,0xff,0x08,0x83,0xff,
    0x08,0x83,0xff,0x08,0x83,0xff,0x08,0x83,0xff,0x08,0x83,0xff,0x08,0x83,0xff,0x08,0x83,0xff,0x08,0x83,0xff,0x08,0x83,0xff,
    0x08,0x83,0xff,0x08,0x83,0xff,0x08,0x83,0xff,0x08,0x83,0xff,0x08,0x83,0xff,0x29,0x87,0xff,0xd6,0xfd,0xff,0x63,0x4e,0xff,
    0x08,0x83,0xff,0x08,0x83,0xff,0x08,0x83,0xff,0x08,0x83,0xff,0x63,0x4e,0xff,0xd6,0xfd,0xff,0x29,0xa7,0xff,0x08,0x83,0xff,
    0x08,0x83,0xff,0x52,0xcc,0xff,0xd6,0xfd,0xff,0x4a,0x8b,0xff,0x31,0xa8,0xff,0xd6,0xfd,0xff,0x42,0x6b,0xff,0x08,0x83,0xff,
    0x73,0xf1,0xff,0xd6,0xfd,0xff,0xd6,0xfd,0xff,0x18,0xe4,0xff,0x08,0x83,0xff,0x08,0x83,0xff,0x08,0x83,0xff,0x31,0xe8,0xff,
    0xd6,0xfd,0xff,0x3a,0x29,0xff,0x7c,0x32,0xff,0xd6,0xfd,0xff,0x9d,0x36,0xff,0x19,0x25,0xff,0xd6,0xfd,0xff,0x5b,0x0d,0xff,
    0x31,0xc8,0xff,0xd6,0xfd,0xff,0x5b,0x0d,0xff,0x08,0x83,0xff,0x08,0x83,0xff,0x08,0x83,0xff,0x08,0x83,0xff,0x31,0xc8,0xff,
    0xd6,0xfd,0xff,0x5b,0x0d,0xff,0x08,0x83,0xff,0x21,0x66,0xff,0xad,0xd8,0xff,0xad,0xb8,0xff,0x08,0x83,0xff,0x3a,0x29,0xff,
    0xd6,0xfd,0xff,0x52,0xcc,0xff,0x63,0x4e,0xff,0xd6,0xfd,0xff,0x29,0xa7,0xff,0x08,0x83,0xff,0x08,0x83,0xff,0x52,0xcc,0xff,
    0xd6,0xfd,0xff,0x4a,0x8b,0xff,0x08,0x83,0xff,0x08,0x83,0xff,0x08,0x83,0xff,0x08,0x83,0xff,0x08,0x83,0xff,0x08,0x83,0xff,
    0x08,0x83,0xff,0x08,0x83,0xff,0x08,0x83,0xff,0x08,0x83,0xff,0x08,0x83,0xff,0x08,0x83,0xff,0x08,0x83,0xff,0x08,0x83,0xff,
    0x08,0x83,0xff,0x08,0x83,0xff,0x08,0x83,0xff,0x08,0x83,0xff,0x08,0x83,0xff,0x08,0x83,0xff,0x08,0x83,0xff,0x08,0x83,0xff,
    0x08,0x83,0xff,0x08,0x83,0xff,0x08,0x83,0xff,0x08,0x83,0xff,0x08,0x83,0xff,0x08,0x83,0xff,0x08,0x83,0xff,0x08,0x83,0xff,
    0x08,0x83,0xff,0x08,0x83,0xff,0x08,0x83,0xff,0x08,0x83,0xff,0x08,0x83,0xff,0x01,0xe4,0xc8,0x00,0x00,0x00,0x00,0x00,0x00,
    0x00,0x00,0x00,0x00,0x00,0x00,0x01,0xe4,0xc8,0x08,0x83,0xff,0x08,0x83,0xff,0x08,0x83,0xff,0x08,0x83,0xff,0x08,0x83,0xff,
    0x08,0x83,0xff,0x08,0x83,0xff,0x08,0x83,0xff,0x08,0x83,0xff,0x08,0x83,0xff,0x08,0x83,0xff,0x08,0x83,0xff,0x08,0x83,0xff,
    0x08,0x83,0xff,0x08,0x83,0xff,0x08,0x83,0xff,0x08,0x83,0xff,0x08,0x83,0xff,0x08,0x83,0xff,0x08,0x83,0xff,0x08,0x83,0xff,
    0x08,0x83,0xff,0x08,0x83,0xff,0x08,0x83,0xff,0x08,0x83,0xff,0x08,0x83,0xff,0x08,0x83,0xff,0x08,0x83,0xff,0x08,0x83,0xff,
    0x08,0x83,0xff,0x08,0x83,0xff,0x08,0x83,0xff,0x08,0x83,0xff,0x08,0x83,0xff,0x29,0x87,0xff,0xd6,0xfd,0xff,0xd6,0xfd,0xff,
    0xd6,0xfd,0xff,0xd6,0xfd,0xff,0xd6,0xfd,0xff,0x5b,0x0d,0xff,0xad,0xd8,0xff,0xb6,0x19,0xff,0x08,0x83,0xff,0x08,0x83,0xff,
    0x08,0x83,0xff,0x10,0xc4,0xff,0xce,0xbc,0xff,0x95,0x15,0xff,0x31,0xa8,0xff,0xd6,0xfd,0xff,0x42,0x6b,0xff,0x08,0x83,0xff,
    0x10,0xa3,0xff,0xad,0xf9,0xff,0xd6,0xfd,0xff,0x18,0xe4,0xff,0x08,0x83,0xff,0x08,0x83,0xff,0x08,0x83,0xff,0x31,0xe8,0xff,
    0xd6,0xfd,0xff,0x3a,0x29,0xff,0x4a,0x8b,0xff,0xd6,0xfd,0xff,0x63,0x8f,0xff,0x19,0x25,0xff,0xd6,0xfd,0xff,0x5b,0x0d,0xff,
    0x31,0xc8,0xff,0xd6,0xfd,0xff,0xd6,0xfd,0xff,0xd6,0xfd,0xff,0xd6,0xfd,0xff,0xd6,0xfd,0xff,0xad,0xb8,0xff,0x31,0xc8,0xff,
    0xd6,0xfd,0xff,0xd6,0xfd,0xff,0xd6,0xfd,0xff,0xc6,0xbc,0xff,0x94,0xf5,0xff,0x21,0x25,0xff,0x08,0x83,0xff,0x3a,0x29,0xff,
    0xd6,0xfd,0xff,0x52,0xcc,0xff,0xad,0xd8,0xff,0xb6,0x19,0xff,0x08,0x83,0xff,0x08,0x83,0xff,0x08,0x83,0xff,0x10,0xc4,0xff,
    0xce,0xbc,0xff,0x95,0x15,0xff,0x08,0x83,0xff,0x08,0x83,0xff,0x08,0x83,0xff,0x08,0x83,0xff,0x08,0x83,0xff,0x08,0x83,0xff,
    0x08,0x83,0xff,0x08,0x83,0xff,0x08,0x83,0xff,0x08,0x83,0xff,0x08,0x83,0xff,0x08,0x83,0xff,0x08,0x83,0xff,0x08,0x83,0xff,
    0x08,0x83,0xff,0x08,0x83,0xff,0x08,0x83,0xff,0x08,0x83,0xff,0x08,0x83,0xff,0x08,0x83,0xff,0x08,0x83,0xff,0x08,0x83,0xff,
    0x08,0x83,0xff,0x08,0x83,0xff,0x08,0x83,0xff,0x08,0x83,0xff,0x08,0x83,0xff,0x08,0x83,0xff,0x08,0x83,0xff,0x08,0x83,0xff,
    0x08,0x83,0xff,0x08,0x83,0xff,0x08,0x83,0xff,0x08,0x83,0xff,0x08,0x83,0xff,0x01,0xe4,0xc8,0x00,0x00,0x00,0x00,0x00,0x00,
    0x00,0x00,0x00,0x00,0x00,0x00,0x01,0xe4,0xc8,0x08,0x83,0xff,0x08,0x83,0xff,0x08,0x83,0xff,0x08,0x83,0xff,0x08,0x83,0xff,
    0x08,0x83,0xff,0x08,0x83,0xff,0x08,0x83,0xff,0x08,0x83,0xff,0x08,0x83,0xff,0x08,0x83,0xff,0x08,0x83,0xff,0x08,0x83,0xff,
    0x08,0x83,0xff,0x08,0x83,0xff,0x08,0x83,0xff,0x08,0x83,0xff,0x08,0x83,0xff,0x08,0x83,0xff,0x08,0x83,0xff,0x08,0x83,0xff,
    0x08,0x83,0xff,0x08,0x83,0xff,0x08,0x83,0xff,0x08,0x83,0xff,0x08,0x83,0xff,0x08,0x83,0xff,0x08,0x83,0xff,0x08,0x83,0xff,
    0x08,0x83,0xff,0x08,0x83,0xff,0x08,0x83,0xff,0x08,0x83,0xff,0x08,0x83,0xff,0x08,0x83,0xff,0x08,0x83,0xff,0x08,0x83,0xff,
    0x08,0x83,0xff,0x08,0x83,0xff,0x08,0x83,0xff,0x08,0x83,0xff,0x08,0x83,0xff,0x08,0x83,0xff,0x08,0x83,0xff,0x08,0x83,0xff,
    0x08,0x83,0xff,0x08,0x83,0xff,0x08,0x83,0xff,0x08,0x83,0xff,0x08,0x83,0xff,0x08,0x83,0xff,0x08,0x83,0xff,0x08,0x83,0xff,
    0x08,0x83,0xff,0x08,0x83,0xff,0x08,0x83,0xff,0x08,0x83,0xff,0x08,0x83,0xff,0x08,0x83,0xff,0x08,0x83,0xff,0x08,0x83,0xff,
    0x08,0x83,0xff,0x08,0x83,0xff,0x08,0x83,0xff,0x08,0x83,0xff,0x08,0x83,0xff,0x08,0x83,0xff,0x08,0x83,0xff,0x08,0x83,0xff,
    0x08,0x83,0xff,0x08,0x83,0xff,0x08,0x83,0xff,0x08,0x83,0xff,0x08,0x83,0xff,0x08,0x83,0xff,0x08,0x83,0xff,0x08,0x83,0xff,
    0x08,0x83,0xff,0x08,0x83,0xff,0x08,0x83,0xff,0x08,0x83,0xff,0x08,0x83,0xff,0x08,0x83,0xff,0x08,0x83,0xff,0x08,0x83,0xff,
    0x08,0x83,0xff,0x08,0x83,0xff,0x08,0x83,0xff,0x08,0x83,0xff,0x08,0x83,0xff,0x08,0x83,0xff,0x08,0x83,0xff,0x08,0x83,0xff,
    0x08,0x83,0xff,0x08,0x83,0xff,0x08,0x83,0xff,0x08,0x83,0xff,0x08,0x83,0xff,0x08,0x83,0xff,0x08,0x83,0xff,0x08,0x83,0xff,
    0x08,0x83,0xff,0x08,0x83,0xff,0x08,0x83,0xff,0x08,0x83,0xff,0x08,0x83,0xff,0x08,0x83,0xff,0x08,0x83,0xff,0x08,0x83,0xff,
    0x08,0x83,0xff,0x08,0x83,0xff,0x08,0x83,0xff,0x08,0x83,0xff,0x08,0x83,0xff,0x08,0x83,0xff,0x08,0x83,0xff,0x08,0x83,0xff,
    0x08,0x83,0xff,0x08,0x83,0xff,0x08,0x83,0xff,0x08,0x83,0xff,0x08,0x83,0xff,0x08,0x83,0xff,0x08,0x83,0xff,0x08,0x83,0xff,
    0x08,0x83,0xff,0x08,0x83,0xff,0x08,0x83,0xff,0x08,0x83,0xff,0x08,0x83,0xff,0x01,0xe4,0xc8,0x00,0x00,0x00,0x00,0x00,0x00,
    0x00,0x00,0x00,0x00,0x00,0x00,0x01,0xe4,0xc8,0x08,0x83,0xff,0x08,0x83,0xff,0x08,0x83,0xff,0x08,0x83,0xff,0x08,0x83,0xff,
    0x08,0x83,0xff,0x08,0x83,0xff,0x08,0x83,0xff,0x08,0x83,0xff,0x08,0x83,0xff,0x08,0x83,0xff,0x08,0x83,0xff,0x08,0x83,0xff,
    0x08,0x83,0xff,0x08,0x83,0xff,0x08,0x83,0xff,0x08,0x83,0xff,0x08,0x83,0xff,0x08,0x83,0xff,0x08,0x83,0xff,0x08,0x83,0xff,
    0x08,0x83,0xff,0x08,0x83,0xff,0x08,0x83,0xff,0x08,0x83,0xff,0x08,0x83,0xff,0x08,0x83,0xff,0x08,0x83,0xff,0x08,0x83,0xff,
    0x08,0x83,0xff,0x08,0x83,0xff,0x08,0x83,0xff,0x08,0x83,0xff,0x08,0x83,0xff,0x08,0x83,0xff,0x08,0x83,0xff,0x08,0x83,0xff,
    0x08,0x83,0xff,0x08,0x83,0xff,0x08,0x83,0xff,0x08,0x83,0xff,0x08,0x83,0xff,0x08,0x83,0xff,0x08,0x83,0xff,0x08,0x83,0xff,
    0x08,0x83,0xff,0x08,0x83,0xff,0x08,0x83,0xff,0x08,0x83,0xff,0x08,0x83,0xff,0x08,0x83,0xff,0x08,0x83,0xff,0x08,0x83,0xff,
    0x08,0x83,0xff,0x08,0x83,0xff,0x08,0x83,0xff,0x08,0x83,0xff,0x08,0x83,0xff,0x08,0x83,0xff,0x08,0x83,0xff,0x08,0x83,0xff,
    0x08,0x83,0xff,0x08,0x83,0xff,0x08,0x83,0xff,0x08,0x83,0xff,0x08,0x83,0xff,0x08,0x83,0xff,0x08,0x83,0xff,0x08,0x83,0xff,
    0x08,0x83,0xff,0x08,0x83,0xff,0x08,0x83,0xff,0x08,0x83,0xff,0x08,0x83,0xff,0x08,0x83,0xff,0x08,0x83,0xff,0x08,0x83,0xff,
    0x08,0x83,0xff,0x08,0x83,0xff,0x08,0x83,0xff,0x08,0x83,0xff,0x08,0x83,0xff,0x08,0x83,0xff,0x08,0x83,0xff,0x08,0x83,0xff,
    0x08,0x83,0xff,0x08,0x83,0xff,0x08,0x83,0xff,0x08,0x83,0xff,0x08,0x83,0xff,0x08,0x83,0xff,0x08,0x83,0xff,0x08,0x83,0xff,
    0x08,0x83,0xff,0x08,0x83,0xff,0x08,0x83,0xff,0x08,0x83,0xff,0x08,0x83,0xff,0x08,0x83,0xff,0x08,0x83,0xff,0x08,0x83,0xff,
    0x08,0x83,0xff,0x08,0x83,0xff,0x08,0x83,0xff,0x08,0x83,0xff,0x08,0x83,0xff,0x08,0x83,0xff,0x08,0x83,0xff,0x08,0x83,0xff,
    0x08,0x83,0xff,0x08,0x83,0xff,0x08,0x83,0xff,0x08,0x83,0xff,0x08,0x83,0xff,0x08,0x83,0xff,0x08,0x83,0xff,0x08,0x83,0xff,
    0x08,0x83,0xff,0x08,0x83,0xff,0x08,0x83,0xff,0x08,0x83,0xff,0x08,0x83,0xff,0x08,0x83,0xff,0x08,0x83,0xff,0x08,0x83,0xff,
    0x08,0x83,0xff,0x08,0x83,0xff,0x08,0x83,0xff,0x08,0x83,0xff,0x08,0x83,0xff,0x01,0xe4,0xc8,0x00,0x00,0x00,0x00,0x00,0x00,
    0x00,0x00,0x00,0x00,0x00,0x00,0x01,0xe4,0xc8,0x08,0x83,0xff,0x08,0x83,0xff,0x08,0x83,0xff,0x08,0x83,0xff,0x08,0x83,0xff,
    0x08,0x83,0xff,0x08,0x83,0xff,0x08,0x83,0xff,0x08,0x83,0xff,0x08,0x83,0xff,0x08,0x83,0xff,0x08,0x83,0xff,0x08,0x83,0xff,
    0x08,0x83,0xff,0x08,0x83,0xff,0x08,0x83,0xff,0x08,0x83,0xff,0x08,0x83,0xff,0x08,0x83,0xff,0x08,0x83,0xff,0x08,0x83,0xff,
    0x08,0x83,0xff,0x08,0x83,0xff,0x08,0x83,0xff,0x08,0x83,0xff,0x08,0x83,0xff,0x08,0x83,0xff,0x08,0x83,0xff,0x08,0x83,0xff,
    0x08,0x83,0xff,0x08,0x83,0xff,0x08,0x83,0xff,0x08,0x83,0xff,0x08,0x83,0xff,0x08,0x83,0xff,0x08,0x83,0xff,0x08,0x83,0xff,
    0x08,0x83,0xff,0x08,0x83,0xff,0x08,0x83,0xff,0x08,0x83,0xff,0x08,0x83,0xff,0x08,0x83,0xff,0x08,0x83,0xff,0x08,0x83,0xff,
    0x08,0x83,0xff,0x08,0x83,0xff,0x08,0x83,0xff,0x08,0x83,0xff,0x08,0x83,0xff,0x08,0x83,0xff,0x08,0x83,0xff,0x08,0x83,0xff,
    0x08,0x83,0xff,0x08,0x83,0xff,0x08,0x83,0xff,0x08,0x83,0xff,0x08,0x83,0xff,0x08,0x83,0xff,0x08,0x83,0xff,0x08,0x83,0xff,
    0x08,0x83,0xff,0x08,0x83,0xff,0x08,0x83,0xff,0x08,0x83,0xff,0x08,0x83,0xff,0x08,0x83,0xff,0x08,0x83,0xff,0x08,0x83,0xff,
    0x08,0x83,0xff,0x08,0x83,0xff,0x08,0x83,0xff,0x08,0x83,0xff,0x08,0x83,0xff,0x08,0x83,0xff,0x08,0x83,0xff,0x08,0x83,0xff,
    0x08,0x83,0xff,0x08,0x83,0xff,0x08,0x83,0xff,0x08,0x83,0xff,0x08,0x83,0xff,0x08,0x83,0xff,0x08,0x83,0xff,0x08,0x83,0xff,
    0x08,0x83,0xff,0x08,0x83,0xff,0x08,0x83,0xff,0x08,0x83,0xff,0x08,0x83,0xff,0x08,0x83,0xff,0x08,0x83,0xff,0x08,0x83,0xff,
    0x08,0x83,0xff,0x08,0x83,0xff,0x08,0x83,0xff,0x08,0x83,0xff,0x08,0x83,0xff,0x08,0x83,0xff,0x08,0x83,0xff,0x08,0x83,0xff,
    0x08,0x83,0xff,0x08,0x83,0xff,0x08,0x83,0xff,0x08,0x83,0xff,0x08,0x83,0xff,0x08,0x83,0xff,0x08,0x83,0xff,0x08,0x83,0xff,
    0x08,0x83,0xff,0x08,0x83,0xff,0x08,0x83,0xff,0x08,0x83,0xff,0x08,0x83,0xff,0x08,0x83,0xff,0x08,0x83,0xff,0x08,0x83,0xff,
    0x08,0x83,0xff,0x08,0x83,0xff,0x08,0x83,0xff,0x08,0x83,0xff,0x08,0x83,0xff,0x08,0x83,0xff,0x08,0x83,0xff,0x08,0x83,0xff,
    0x08,0x83,0xff,0x08,0x83,0xff,0x08,0x83,0xff,0x08,0x83,0xff,0x08,0x83,0xff,0x01,0xe4,0xc8,0x00,0x00,0x00,0x00,0x00,0x00,
    0x00,0x00,0x00,0x00,0x00,0x00,0x01,0xe4,0xc8,0x08,0x83,0xff,0x08,0x83,0xff,0x08,0x83,0xff,0x08,0x83,0xff,0x08,0x83,0xff,
    0x08,0x83,0xff,0x08,0x83,0xff,0x08,0x83,0xff,0x08,0x83,0xff,0x08,0x83,0xff,0x08,0x83,0xff,0x08,0x83,0xff,0x08,0x83,0xff,
    0x08,0x83,0xff,0x08,0x83,0xff,0x08,0x83,0xff,0x08,0x83,0xff,0x08,0x83,0xff,0x08,0x83,0xff,0x08,0x83,0xff,0x08,0x83,0xff,
    0x08,0x83,0xff,0x08,0x83,0xff,0x08,0x83,0xff,0x08,0x83,0xff,0x08,0x83,0xff,0x08,0x83,0xff,0x08,0x83,0xff,0x08,0x83,0xff,
    0x08,0x83,0xff,0x08,0x83,0xff,0x08,0x83,0xff,0x08,0x83,0xff,0x08,0x83,0xff,0x08,0x83,0xff,0x08,0x83,0xff,0x08,0x83,0xff,
    0x08,0x83,0xff,0x08,0x83,0xff,0x08,0x83,0xff,0x08,0x83,0xff,0x08,0x83,0xff,0x08,0x83,0xff,0x08,0x83,0xff,0x08,0x83,0xff,
    0x08,0x83,0xff,0x08,0x83,0xff,0x08,0x83,0xff,0x08,0x83,0xff,0x08,0x83,0xff,0x08,0x83,0xff,0x08,0x83,0xff,0x08,0x83,0xff,
    0x08,0x83,0xff,0x08,0x83,0xff,0x08,0x83,0xff,0x08,0x83,0xff,0x08,0x83,0xff,0x08,0x83,0xff,0x08,0x83,0xff,0x08,0x83,0xff,
    0x08,0x83,0xff,0x08,0x83,0xff,0x08,0x83,0xff,0x08,0x83,0xff,0x08,0x83,0xff,0x08,0x83,0xff,0x08,0x83,0xff,0x08,0x83,0xff,
    0x08,0x83,0xff,0x08,0x83,0xff,0x08,0x83,0xff,0x08,0x83,0xff,0x08,0x83,0xff,0x08,0x83,0xff,0x08,0x83,0xff,0x08,0x83,0xff,
    0x08,0x83,0xff,0x08,0x83,0xff,0x08,0x83,0xff,0x08,0x83,0xff,0x08,0x83,0xff,0x08,0x83,0xff,0x08,0x83,0xff,0x08,0x83,0xff,
    0x08,0x83,0xff,0x08,0x83,0xff,0x08,0x83,0xff,0x08,0x83,0xff,0x08,0x83,0xff,0x08,0x83,0xff,0x08,0x83,0xff,0x08,0x83,0xff,
    0x08,0x83,0xff,0x08,0x83,0xff,0x08,0x83,0xff,0x08,0x83,0xff,0x08,0x83,0xff,0x08,0x83,0xff,0x08,0x83,0xff,0x08,0x83,0xff,
    0x08,0x83,0xff,0x08,0x83,0xff,0x08,0x83,0xff,0x08,0x83,0xff,0x08,0x83,0xff,0x08,0x83,0xff,0x08,0x83,0xff,0x08,0x83,0xff,
    0x08,0x83,0xff,0x08,0x83,0xff,0x08,0x83,0xff,0x08,0x83,0xff,0x08,0x83,0xff,0x08,0x83,0xff,0x08,0x83,0xff,0x08,0x83,0xff,
    0x08,0x83,0xff,0x08,0x83,0xff,0x08,0x83,0xff,0x08,0x83,0xff,0x08,0x83,0xff,0x08,0x83,0xff,0x08,0x83,0xff,0x08,0x83,0xff,
    0x08,0x83,0xff,0x08,0x83,0xff,0x08,0x83,0xff,0x08,0x83,0xff,0x08,0x83,0xff,0x01,0xe4,0xc8,0x00,0x00,0x00,0x00,0x00,0x00,
    0x00,0x00,0x00,0x00,0x00,0x00,0x01,0xe4,0xc8,0x08,0x83,0xff,0x08,0x83,0xff,0x08,0x83,0xff,0x08,0x83,0xff,0x08,0x83,0xff,
    0x08,0x83,0xff,0x08,0x83,0xff,0x08,0x83,0xff,0x08,0x83,0xff,0x08,0x83,0xff,0x08,0x83,0xff,0x08,0x83,0xff,0x08,0x83,0xff,
    0x08,0x83,0xff,0x08,0x83,0xff,0x08,0x83,0xff,0x08,0x83,0xff,0x08,0x83,0xff,0x08,0x83,0xff,0x08,0x83,0xff,0x08,0x83,0xff,
    0x08,0x83,0xff,0x08,0x83,0xff,0x08,0x83,0xff,0x08,0x83,0xff,0x08,0x83,0xff,0x08,0x83,0xff,0x08,0x83,0xff,0x08,0x83,0xff,
    0x08,0x83,0xff,0x08,0x83,0xff,0x08,0x83,0xff,0x08,0x83,0xff,0x08,0x83,0xff,0x08,0x83,0xff,0x08,0x83,0xff,0x08,0x83,0xff,
    0x08,0x83,0xff,0x08,0x83,0xff,0x08,0x83,0xff,0x08,0x83,0xff,0x08,0x83,0xff,0x08,0x83,0xff,0x08,0x83,0xff,0x08,0x83,0xff,
    0x08,0x83,0xff,0x08,0x83,0xff,0x08,0x83,0xff,0x08,0x83,0xff,0x08,0x83,0xff,0x08,0x83,0xff,0x08,0x83,0xff,0x08,0x83,0xff,
    0x08,0x83,0xff,0x08,0x83,0xff,0x08,0x83,0xff,0x08,0x83,0xff,0x08,0x83,0xff,0x08,0x83,0xff,0x08,0x83,0xff,0x08,0x83,0xff,
    0x08,0x83,0xff,0x08,0x83,0xff,0x08,0x83,0xff,0x08,0x83,0xff,0x08,0x83,0xff,0x08,0x83,0xff,0x08,0x83,0xff,0x08,0x83,0xff,
    0x08,0x83,0xff,0x08,0x83,0xff,0x08,0x83,0xff,0x08,0x83,0xff,0x08,0x83,0xff,0x08,0x83,0xff,0x08,0x83,0xff,0x08,0x83,0xff,
    0x08,0x83,0xff,0x08,0x83,0xff,0x08,0x83,0xff,0x08,0x83,0xff,0x08,0x83,0xff,0x08,0x83,0xff,0x08,0x83,0xff,0x08,0x83,0xff,
    0x08,0x83,0xff,0x08,0x83,0xff,0x08,0x83,0xff,0x08,0x83,0xff,0x08,0x83,0xff,0x08,0x83,0xff,0x08,0x83,0xff,0x08,0x83,0xff,
    0x08,0x83,0xff,0x08,0x83,0xff,0x08,0x83,0xff,0x08,0x83,0xff,0x08,0x83,0xff,0x08,0x83,0xff,0x08,0x83,0xff,0x08,0x83,0xff,
    0x08,0x83,0xff,0x08,0x83,0xff,0x08,0x83,0xff,0x08,0x83,0xff,0x08,0x83,0xff,0x08,0x83,0xff,0x08,0x83,0xff,0x08,0x83,0xff,
    0x08,0x83,0xff,0x08,0x83,0xff,0x08,0x83,0xff,0x08,0x83,0xff,0x08,0x83,0xff,0x08,0x83,0xff,0x08,0x83,0xff,0x08,0x83,0xff,
    0x08,0x83,0xff,0x08,0x83,0xff,0x08,0x83,0xff,0x08,0x83,0xff,0x08,0x83,0xff,0x08,0x83,0xff,0x08,0x83,0xff,0x08,0x83,0xff,
    0x08,0x83,0xff,0x08,0x83,0xff,0x08,0x83,0xff,0x08,0x83,0xff,0x08,0x83,0xff,0x01,0xe4,0xc8,0x00,0x00,0x00,0x00,0x00,0x00,
    0x00,0x00,0x00,0x00,0x00,0x00,0x00,0x00,0x00,0x01,0xe4,0xc8,0x08,0x83,0xff,0x08,0x83,0xff,0x08,0x83,0xff,0x08,0x83,0xff,
    0x08,0x83,0xff,0x08,0x83,0xff,0x08,0x83,0xff,0x08,0x83,0xff,0x08,0x83,0xff,0x08,0x83,0xff,0x08,0x83,0xff,0x08,0x83,0xff,
    0x08,0x83,0xff,0x08,0x83,0xff,0x08,0x83,0xff,0x08,0x83,0xff,0x08,0x83,0xff,0x08,0x83,0xff,0x08,0x83,0xff,0x08,0x83,0xff,
    0x08,0x83,0xff,0x08,0x83,0xff,0x08,0x83,0xff,0x08,0x83,0xff,0x08,0x83,0xff,0x08,0x83,0xff,0x08,0x83,0xff,0x08,0x83,0xff,
    0x08,0x83,0xff,0x08,0x83,0xff,0x08,0x83,0xff,0x08,0x83,0xff,0x08,0x83,0xff,0x08,0x83,0xff,0x08,0x83,0xff,0x08,0x83,0xff,
    0x08,0x83,0xff,0x08,0x83,0xff,0x08,0x83,0xff,0x08,0x83,0xff,0x08,0x83,0xff,0x08,0x83,0xff,0x08,0x83,0xff,0x08,0x83,0xff,
    0x08,0x83,0xff,0x08,0x83,0xff,0x08,0x83,0xff,0x08,0x83,0xff,0x08,0x83,0xff,0x08,0x83,0xff,0x08,0x83,0xff,0x08,0x83,0xff,
    0x08,0x83,0xff,0x08,0x83,0xff,0x08,0x83,0xff,0x08,0x83,0xff,0x08,0x83,0xff,0x08,0x83,0xff,0x08,0x83,0xff,0x08,0x83,0xff,
    0x08,0x83,0xff,0x08,0x83,0xff,0x08,0x83,0xff,0x08,0x83,0xff,0x08,0x83,0xff,0x08,0x83,0xff,0x08,0x83,0xff,0x08,0x83,0xff,
    0x08,0x83,0xff,0x08,0x83,0xff,0x08,0x83,0xff,0x08,0x83,0xff,0x08,0x83,0xff,0x08,0x83,0xff,0x08,0x83,0xff,0x08,0x83,0xff,
    0x08,0x83,0xff,0x08,0x83,0xff,0x08,0x83,0xff,0x08,0x83,0xff,0x08,0x83,0xff,0x08,0x83,0xff,0x08,0x83,0xff,0x08,0x83,0xff,
    0x08,0x83,0xff,0x08,0x83,0xff,0x08,0x83,0xff,0x08,0x83,0xff,0x08,0x83,0xff,0x08,0x83,0xff,0x08,0x83,0xff,0x08,0x83,0xff,
    0x08,0x83,0xff,0x08,0x83,0xff,0x08,0x83,0xff,0x08,0x83,0xff,0x08,0x83,0xff,0x08,0x83,0xff,0x08,0x83,0xff,0x08,0x83,0xff,
    0x08,0x83,0xff,0x08,0x83,0xff,0x08,0x83,0xff,0x08,0x83,0xff,0x08,0x83,0xff,0x08,0x83,0xff,0x08,0x83,0xff,0x08,0x83,0xff,
    0x08,0x83,0xff,0x08,0x83,0xff,0x08,0x83,0xff,0x08,0x83,0xff,0x08,0x83,0xff,0x08,0x83,0xff,0x08,0x83,0xff,0x08,0x83,0xff,
    0x08,0x83,0xff,0x08,0x83,0xff,0x08,0x83,0xff,0x08,0x83,0xff,0x08,0x83,0xff,0x08,0x83,0xff,0x08,0x83,0xff,0x08,0x83,0xff,
    0x08,0x83,0xff,0x08,0x83,0xff,0x08,0x83,0xff,0x08,0x83,0xff,0x01,0xe4,0xc8,0x00,0x00,0x00,0x00,0x00,0x00,0x00,0x00,0x00,
    0x00,0x00,0x00,0x00,0x00,0x00,0x00,0x00,0x00,0x01,0xe4,0xc8,0x08,0x83,0xff,0x08,0x83,0xff,0x08,0x83,0xff,0x08,0x83,0xff,
    0x08,0x83,0xff,0x08,0x83,0xff,0x08,0x83,0xff,0x08,0x83,0xff,0x08,0x83,0xff,0x08,0x83,0xff,0x08,0x83,0xff,0x08,0x83,0xff,
    0x08,0x83,0xff,0x08,0x83,0xff,0x08,0x83,0xff,0x08,0x83,0xff,0x08,0x83,0xff,0x08,0x83,0xff,0x08,0x83,0xff,0x08,0x83,0xff,
    0x08,0x83,0xff,0x08,0x83,0xff,0x08,0x83,0xff,0x08,0x83,0xff,0x08,0x83,0xff,0x08,0x83,0xff,0x08,0x83,0xff,0x08,0x83,0xff,
    0x08,0x83,0xff,0x08,0x83,0xff,0x08,0x83,0xff,0x08,0x83,0xff,0x08,0x83,0xff,0x08,0x83,0xff,0x08,0x83,0xff,0x08,0x83,0xff,
    0x08,0x83,0xff,0x08,0x83,0xff,0x08,0x83,0xff,0x08,0x83,0xff,0x08,0x83,0xff,0x08,0x83,0xff,0x08,0x83,0xff,0x08,0x83,0xff,
    0x08,0x83,0xff,0x08,0x83,0xff,0x08,0x83,0xff,0x08,0x83,0xff,0x08,0x83,0xff,0x08,0x83,0xff,0x08,0x83,0xff,0x08,0x83,0xff,
    0x08,0x83,0xff,0x08,0x83,0xff,0x08,0x83,0xff,0x08,0x83,0xff,0x08,0x83,0xff,0x08,0x83,0xff,0x08,0x83,0xff,0x08,0x83,0xff,
    0x08,0x83,0xff,0x08,0x83,0xff,0x08,0x83,0xff,0x08,0x83,0xff,0x08,0x83,0xff,0x08,0x83,0xff,0x08,0x83,0xff,0x08,0x83,0xff,
    0x08,0x83,0xff,0x08,0x83,0xff,0x08,0x83,0xff,0x08,0x83,0xff,0x08,0x83,0xff,0x08,0x83,0xff,0x08,0x83,0xff,0x08,0x83,0xff,
    0x08,0x83,0xff,0x08,0x83,0xff,0x08,0x83,0xff,0x08,0x83,0xff,0x08,0x83,0xff,0x08,0x83,0xff,0x08,0x83,0xff,0x08,0x83,0xff,
    0x08,0x83,0xff,0x08,0x83,0xff,0x08,0x83,0xff,0x08,0x83,0xff,0x08,0x83,0xff,0x08,0x83,0xff,0x08,0x83,0xff,0x08,0x83,0xff,
    0x08,0x83,0xff,0x08,0x83,0xff,0x08,0x83,0xff,0x08,0x83,0xff,0x08,0x83,0xff,0x08,0x83,0xff,0x08,0x83,0xff,0x08,0x83,0xff,
    0x08,0x83,0xff,0x08,0x83,0xff,0x08,0x83,0xff,0x08,0x83,0xff,0x08,0x83,0xff,0x08,0x83,0xff,0x08,0x83,0xff,0x08,0x83,0xff,
    0x08,0x83,0xff,0x08,0x83,0xff,0x08,0x83,0xff,0x08,0x83,0xff,0x08,0x83,0xff,0x08,0x83,0xff,0x08,0x83,0xff,0x08,0x83,0xff,
    0x08,0x83,0xff,0x08,0x83,0xff,0x08,0x83,0xff,0x08,0x83,0xff,0x08,0x83,0xff,0x08,0x83,0xff,0x08,0x83,0xff,0x08,0x83,0xff,
    0x08,0x83,0xff,0x08,0x83,0xff,0x08,0x83,0xff,0x08,0x83,0xff,0x01,0xe4,0xc8,0x00,0x00,0x00,0x00,0x00,0x00,0x00,0x00,0x00,
    0x00,0x00,0x00,0x00,0x00,0x00,0x00,0x00,0x00,0x01,0xe4,0xc8,0x08,0x83,0xff,0x08,0x83,0xff,0x08,0x83,0xff,0x08,0x83,0xff,
    0x08,0x83,0xff,0x08,0x83,0xff,0x08,0x83,0xff,0x08,0x83,0xff,0x08,0x83,0xff,0x08,0x83,0xff,0x08,0x83,0xff,0x08,0x83,0xff,
    0x08,0x83,0xff,0x08,0x83,0xff,0x08,0x83,0xff,0x08,0x83,0xff,0x08,0x83,0xff,0x08,0x83,0xff,0x08,0x83,0xff,0x08,0x83,0xff,
    0x08,0x83,0xff,0x08,0x83,0xff,0x08,0x83,0xff,0x08,0x83,0xff,0x08,0x83,0xff,0x08,0x83,0xff,0x08,0x83,0xff,0x08,0x83,0xff,
    0x08,0x83,0xff,0x08,0x83,0xff,0x08,0x83,0xff,0x08,0x83,0xff,0x08,0x83,0xff,0x08,0x83,0xff,0x08,0x83,0xff,0x08,0x83,0xff,
    0x08,0x83,0xff,0x08,0x83,0xff,0x08,0x83,0xff,0x08,0x83,0xff,0x08,0x83,0xff,0x08,0x83,0xff,0x08,0x83,0xff,0x08,0x83,0xff,
    0x08,0x83,0xff,0x08,0x83,0xff,0x08,0x83,0xff,0x08,0x83,0xff,0x08,0x83,0xff,0x08,0x83,0xff,0x08,0x83,0xff,0x08,0x83,0xff,
    0x08,0x83,0xff,0x08,0x83,0xff,0x08,0x83,0xff,0x08,0x83,0xff,0x08,0x83,0xff,0x08,0x83,0xff,0x08,0x83,0xff,0x08,0x83,0xff,
    0x08,0x83,0xff,0x08,0x83,0xff,0x08,0x83,0xff,0x08,0x83,0xff,0x08,0x83,0xff,0x08,0x83,0xff,0x08,0x83,0xff,0x08,0x83,0xff,
    0x08,0x83,0xff,0x08,0x83,0xff,0x08,0x83,0xff,0x08,0x83,0xff,0x08,0x83,0xff,0x08,0x83,0xff,0x08,0x83,0xff,0x08,0x83,0xff,
    0x08,0x83,0xff,0x08,0x83,0xff,0x08,0x83,0xff,0x08,0x83,0xff,0x08,0x83,0xff,0x08,0x83,0xff,0x08,0x83,0xff,0x08,0x83,0xff,
    0x08,0x83,0xff,0x08,0x83,0xff,0x08,0x83,0xff,0x08,0x83,0xff,0x08,0x83,0xff,0x08,0x83,0xff,0x08,0x83,0xff,0x08,0x83,0xff,
    0x08,0x83,0xff,0x08,0x83,0xff,0x08,0x83,0xff,0x08,0x83,0xff,0x08,0x83,0xff,0x08,0x83,0xff,0x08,0x83,0xff,0x08,0x83,0xff,
    0x08,0x83,0xff,0x08,0x83,0xff,0x08,0x83,0xff,0x08,0x83,0xff,0x08,0x83,0xff,0x08,0x83,0xff,0x08,0x83,0xff,0x08,0x83,0xff,
    0x08,0x83,0xff,0x08,0x83,0xff,0x08,0x83,0xff,0x08,0x83,0xff,0x08,0x83,0xff,0x08,0x83,0xff,0x08,0x83,0xff,0x08,0x83,0xff,
    0x08,0x83,0xff,0x08,0x83,0xff,0x08,0x83,0xff,0x08,0x83,0xff,0x08,0x83,0xff,0x08,0x83,0xff,0x08,0x83,0xff,0x08,0x83,0xff,
    0x08,0x83,0xff,0x08,0x83,0xff,0x08,0x83,0xff,0x08,0x83,0xff,0x01,0xe4,0xc8,0x00,0x00,0x00,0x00,0x00,0x00,0x00,0x00,0x00,
    0x00,0x00,0x00,0x00,0x00,0x00,0x00,0x00,0x00,0x00,0x00,0x00,0x01,0xe4,0xc8,0x08,0x83,0xff,0x08,0x83,0xff,0x08,0x83,0xff,
    0x08,0x83,0xff,0x08,0x83,0xff,0x08,0x83,0xff,0x08,0x83,0xff,0x08,0x83,0xff,0x08,0x83,0xff,0x08,0x83,0xff,0x08,0x83,0xff,
    0x08,0x83,0xff,0x08,0x83,0xff,0x08,0x83,0xff,0x08,0x83,0xff,0x08,0x83,0xff,0x08,0x83,0xff,0x08,0x83,0xff,0x08,0x83,0xff,
    0x08,0x83,0xff,0x08,0x83,0xff,0x08,0x83,0xff,0x08,0x83,0xff,0x08,0x83,0xff,0x08,0x83,0xff,0x08,0x83,0xff,0x08,0x83,0xff,
    0x08,0x83,0xff,0x08,0x83,0xff,0x08,0x83,0xff,0x08,0x83,0xff,0x08,0x83,0xff,0x08,0x83,0xff,0x08,0x83,0xff,0x08,0x83,0xff,
    0x08,0x83,0xff,0x08,0x83,0xff,0x08,0x83,0xff,0x08,0x83,0xff,0x08,0x83,0xff,0x08,0x83,0xff,0x08,0x83,0xff,0x08,0x83,0xff,
    0x08,0x83,0xff,0x08,0x83,0xff,0x08,0x83,0xff,0x08,0x83,0xff,0x08,0x83,0xff,0x08,0x83,0xff,0x08,0x83,0xff,0x08,0x83,0xff,
    0x08,0x83,0xff,0x08,0x83,0xff,0x08,0x83,0xff,0x08,0x83,0xff,0x08,0x83,0xff,0x08,0x83,0xff,0x08,0x83,0xff,0x08,0x83,0xff,
    0x08,0x83,0xff,0x08,0x83,0xff,0x08,0x83,0xff,0x08,0x83,0xff,0x08,0x83,0xff,0x08,0x83,0xff,0x08,0x83,0xff,0x08,0x83,0xff,
    0x08,0x83,0xff,0x08,0x83,0xff,0x08,0x83,0xff,0x08,0x83,0xff,0x08,0x83,0xff,0x08,0x83,0xff,0x08,0x83,0xff,0x08,0x83,0xff,
    0x08,0x83,0xff,0x08,0x83,0xff,0x08,0x83,0xff,0x08,0x83,0xff,0x08,0x83,0xff,0x08,0x83,0xff,0x08,0x83,0xff,0x08,0x83,0xff,
    0x08,0x83,0xff,0x08,0x83,0xff,0x08,0x83,0xff,0x08,0x83,0xff,0x08,0x83,0xff,0x08,0x83,0xff,0x08,0x83,0xff,0x08,0x83,0xff,
    0x08,0x83,0xff,0x08,0x83,0xff,0x08,0x83,0xff,0x08,0x83,0xff,0x08,0x83,0xff,0x08,0x83,0xff,0x08,0x83,0xff,0x08,0x83,0xff,
    0x08,0x83,0xff,0x08,0x83,0xff,0x08,0x83,0xff,0x08,0x83,0xff,0x08,0x83,0xff,0x08,0x83,0xff,0x08,0x83,0xff,0x08,0x83,0xff,
    0x08,0x83,0xff,0x08,0x83,0xff,0x08,0x83,0xff,0x08,0x83,0xff,0x08,0x83,0xff,0x08,0x83,0xff,0x08,0x83,0xff,0x08,0x83,0xff,
    0x08,0x83,0xff,0x08,0x83,0xff,0x08,0x83,0xff,0x08,0x83,0xff,0x08,0x83,0xff,0x08,0x83,0xff,0x08,0x83,0xff,0x08,0x83,0xff,
    0x08,0x83,0xff,0x08,0x83,0xff,0x08,0x83,0xff,0x01,0xe4,0xc8,0x00,0x00,0x00,0x00,0x00,0x00,0x00,0x00,0x00,0x00,0x00,0x00,
    0x00,0x00,0x00,0x00,0x00,0x00,0x00,0x00,0x00,0x00,0x00,0x00,0x00,0x00,0x00,0x01,0xe4,0xc8,0x08,0x83,0xff,0x08,0x83,0xff,
    0x08,0x83,0xff,0x08,0x83,0xff,0x08,0x83,0xff,0x08,0x83,0xff,0x08,0x83,0xff,0x08,0x83,0xff,0x08,0x83,0xff,0x08,0x83,0xff,
    0x08,0x83,0xff,0x08,0x83,0xff,0x08,0x83,0xff,0x08,0x83,0xff,0x08,0x83,0xff,0x08,0x83,0xff,0x08,0x83,0xff,0x08,0x83,0xff,
    0x08,0x83,0xff,0x08,0x83,0xff,0x08,0x83,0xff,0x08,0x83,0xff,0x08,0x83,0xff,0x08,0x83,0xff,0x08,0x83,0xff,0x08,0x83,0xff,
    0x08,0x83,0xff,0x08,0x83,0xff,0x08,0x83,0xff,0x08,0x83,0xff,0x08,0x83,0xff,0x08,0x83,0xff,0x08,0x83,0xff,0x08,0x83,0xff,
    0x08,0x83,0xff,0x08,0x83,0xff,0x08,0x83,0xff,0x08,0x83,0xff,0x08,0x83,0xff,0x08,0x83,0xff,0x08,0x83,0xff,0x08,0x83,0xff,
    0x08,0x83,0xff,0x08,0x83,0xff,0x08,0x83,0xff,0x08,0x83,0xff,0x08,0x83,0xff,0x08,0x83,0xff,0x08,0x83,0xff,0x08,0x83,0xff,
    0x08,0x83,0xff,0x08,0x83,0xff,0x08,0x83,0xff,0x08,0x83,0xff,0x08,0x83,0xff,0x08,0x83,0xff,0x08,0x83,0xff,0x08,0x83,0xff,
    0x08,0x83,0xff,0x08,0x83,0xff,0x08,0x83,0xff,0x08,0x83,0xff,0x08,0x83,0xff,0x08,0x83,0xff,0x08,0x83,0xff,0x08,0x83,0xff,
    0x08,0x83,0xff,0x08,0x83,0xff,0x08,0x83,0xff,0x08,0x83,0xff,0x08,0x83,0xff,0x08,0x83,0xff,0x08,0x83,0xff,0x08,0x83,0xff,
    0x08,0x83,0xff,0x08,0x83,0xff,0x08,0x83,0xff,0x08,0x83,0xff,0x08,0x83,0xff,0x08,0x83,0xff,0x08,0x83,0xff,0x08,0x83,0xff,
    0x08,0x83,0xff,0x08,0x83,0xff,0x08,0x83,0xff,0x08,0x83,0xff,0x08,0x83,0xff,0x08,0x83,0xff,0x08,0x83,0xff,0x08,0x83,0xff,
    0x08,0x83,0xff,0x08,0x83,0xff,0x08,0x83,0xff,0x08,0x83,0xff,0x08,0x83,0xff,0x08,0x83,0xff,0x08,0x83,0xff,0x08,0x83,0xff,
    0x08,0x83,0xff,0x08,0x83,0xff,0x08,0x83,0xff,0x08,0x83,0xff,0x08,0x83,0xff,0x08,0x83,0xff,0x08,0x83,0xff,0x08,0x83,0xff,
    0x08,0x83,0xff,0x08,0x83,0xff,0x08,0x83,0xff,0x08,0x83,0xff,0x08,0x83,0xff,0x08,0x83,0xff,0x08,0x83,0xff,0x08,0x83,0xff,
    0x08,0x83,0xff,0x08,0x83,0xff,0x08,0x83,0xff,0x08,0x83,0xff,0x08,0x83,0xff,0x08,0x83,0xff,0x08,0x83,0xff,0x08,0x83,0xff,
    0x08,0x83,0xff,0x08,0x83,0xff,0x01,0xe4,0xc8,0x00,0x00,0x00,0x00,0x00,0x00,0x00,0x00,0x00,0x00,0x00,0x00,0x00,0x00,0x00,
    0x00,0x00,0x00,0x00,0x00,0x00,0x00,0x00,0x00,0x00,0x00,0x00,0x00,0x00,0x00,0x01,0xe4,0xc8,0x08,0x83,0xff,0x08,0x83,0xff,
    0x08,0x83,0xff,0x08,0x83,0xff,0x08,0x83,0xff,0x08,0x83,0xff,0x08,0x83,0xff,0x08,0x83,0xff,0x08,0x83,0xff,0x08,0x83,0xff,
    0x08,0x83,0xff,0x08,0x83,0xff,0x08,0x83,0xff,0x08,0x83,0xff,0x08,0x83,0xff,0x08,0x83,0xff,0x08,0x83,0xff,0x08,0x83,0xff,
    0x08,0x83,0xff,0x08,0x83,0xff,0x08,0x83,0xff,0x08,0x83,0xff,0x08,0x83,0xff,0x08,0x83,0xff,0x08,0x83,0xff,0x08,0x83,0xff,
    0x08,0x83,0xff,0x08,0x83,0xff,0x08,0x83,0xff,0x08,0x83,0xff,0x08,0x83,0xff,0x08,0x83,0xff,0x08,0x83,0xff,0x08,0x83,0xff,
    0x08,0x83,0xff,0x08,0x83,0xff,0x08,0x83,0xff,0x08,0x83,0xff,0x08,0x83,0xff,0x08,0x83,0xff,0x08,0x83,0xff,0x08,0x83,0xff,
    0x08,0x83,0xff,0x08,0x83,0xff,0x08,0x83,0xff,0x08,0x83,0xff,0x08,0x83,0xff,0x08,0x83,0xff,0x08,0x83,0xff,0x08,0x83,0xff,
    0x08,0x83,0xff,0x08,0x83,0xff,0x08,0x83,0xff,0x08,0x83,0xff,0x08,0x83,0xff,0x08,0x83,0xff,0x08,0x83,0xff,0x08,0x83,0xff,
    0x08,0x83,0xff,0x08,0x83,0xff,0x08,0x83,0xff,0x08,0x83,0xff,0x08,0x83,0xff,0x08,0x83,0xff,0x08,0x83,0xff,0x08,0x83,0xff,
    0x08,0x83,0xff,0x08,0x83,0xff,0x08,0x83,0xff,0x08,0x83,0xff,0x08,0x83,0xff,0x08,0x83,0xff,0x08,0x83,0xff,0x08,0x83,0xff,
    0x08,0x83,0xff,0x08,0x83,0xff,0x08,0x83,0xff,0x08,0x83,0xff,0x08,0x83,0xff,0x08,0x83,0xff,0x08,0x83,0xff,0x08,0x83,0xff,
    0x08,0x83,0xff,0x08,0x83,0xff,0x08,0x83,0xff,0x08,0x83,0xff,0x08,0x83,0xff,0x08,0x83,0xff,0x08,0x83,0xff,0x08,0x83,0xff,
    0x08,0x83,0xff,0x08,0x83,0xff,0x08,0x83,0xff,0x08,0x83,0xff,0x08,0x83,0xff,0x08,0x83,0xff,0x08,0x83,0xff,0x08,0x83,0xff,
    0x08,0x83,0xff,0x08,0x83,0xff,0x08,0x83,0xff,0x08,0x83,0xff,0x08,0x83,0xff,0x08,0x83,0xff,0x08,0x83,0xff,0x08,0x83,0xff,
    0x08,0x83,0xff,0x08,0x83,0xff,0x08,0x83,0xff,0x08,0x83,0xff,0x08,0x83,0xff,0x08,0x83,0xff,0x08,0x83,0xff,0x08,0x83,0xff,
    0x08,0x83,0xff,0x08,0x83,0xff,0x08,0x83,0xff,0x08,0x83,0xff,0x08,0x83,0xff,0x08,0x83,0xff,0x08,0x83,0xff,0x08,0x83,0xff,
    0x08,0x83,0xff,0x08,0x83,0xff,0x01,0xe4,0xc8,0x00,0x00,0x00,0x00,0x00,0x00,0x00,0x00,0x00,0x00,0x00,0x00,0x00,0x00,0x00,
    0x00,0x00,0x00,0x00,0x00,0x00,0x00,0x00,0x00,0x00,0x00,0x00,0x00,0x00,0x00,0x00,0x00,0x00,0x01,0xe4,0xc8,0x08,0x83,0xff,
    0x08,0x83,0xff,0x08,0x83,0xff,0x08,0x83,0xff,0x08,0x83,0xff,0x08,0x83,0xff,0x08,0x83,0xff,0x08,0x83,0xff,0x08,0x83,0xff,
    0x08,0x83,0xff,0x08,0x83,0xff,0x08,0x83,0xff,0x08,0x83,0xff,0x08,0x83,0xff,0x08,0x83,0xff,0x08,0x83,0xff,0x08,0x83,0xff,
    0x08,0x83,0xff,0x08,0x83,0xff,0x08,0x83,0xff,0x08,0x83,0xff,0x08,0x83,0xff,0x08,0x83,0xff,0x08,0x83,0xff,0x08,0x83,0xff,
    0x08,0x83,0xff,0x08,0x83,0xff,0x08,0x83,0xff,0x08,0x83,0xff,0x08,0x83,0xff,0x08,0x83,0xff,0x08,0x83,0xff,0x08,0x83,0xff,
    0x08,0x83,0xff,0x08,0x83,0xff,0x08,0x83,0xff,0x08,0x83,0xff,0x08,0x83,0xff,0x08,0x83,0xff,0x08,0x83,0xff,0x08,0x83,0xff,
    0x08,0x83,0xff,0x08,0x83,0xff,0x08,0x83,0xff,0x08,0x83,0xff,0x08,0x83,0xff,0x08,0x83,0xff,0x08,0x83,0xff,0x08,0x83,0xff,
    0x08,0x83,0xff,0x08,0x83,0xff,0x08,0x83,0xff,0x08,0x83,0xff,0x08,0x83,0xff,0x08,0x83,0xff,0x08,0x83,0xff,0x08,0x83,0xff,
    0x08,0x83,0xff,0x08,0x83,0xff,0x08,0x83,0xff,0x08,0x83,0xff,0x08,0x83,0xff,0x08,0x83,0xff,0x08,0x83,0xff,0x08,0x83,0xff,
    0x08,0x83,0xff,0x08,0x83,0xff,0x08,0x83,0xff,0x08,0x83,0xff,0x08,0x83,0xff,0x08,0x83,0xff,0x08,0x83,0xff,0x08,0x83,0xff,
    0x08,0x83,0xff,0x08,0x83,0xff,0x08,0x83,0xff,0x08,0x83,0xff,0x08,0x83,0xff,0x08,0x83,0xff,0x08,0x83,0xff,0x08,0x83,0xff,
    0x08,0x83,0xff,0x08,0x83,0xff,0x08,0x83,0xff,0x08,0x83,0xff,0x08,0x83,0xff,0x08,0x83,0xff,0x08,0x83,0xff,0x08,0x83,0xff,
    0x08,0x83,0xff,0x08,0x83,0xff,0x08,0x83,0xff,0x08,0x83,0xff,0x08,0x83,0xff,0x08,0x83,0xff,0x08,0x83,0xff,0x08,0x83,0xff,
    0x08,0x83,0xff,0x08,0x83,0xff,0x08,0x83,0xff,0x08,0x83,0xff,0x08,0x83,0xff,0x08,0x83,0xff,0x08,0x83,0xff,0x08,0x83,0xff,
    0x08,0x83,0xff,0x08,0x83,0xff,0x08,0x83,0xff,0x08,0x83,0xff,0x08,0x83,0xff,0x08,0x83,0xff,0x08,0x83,0xff,0x08,0x83,0xff,
    0x08,0x83,0xff,0x08,0x83,0xff,0x08,0x83,0xff,0x08,0x83,0xff,0x08,0x83,0xff,0x08,0x83,0xff,0x08,0x83,0xff,0x08,0x83,0xff,
    0x08,0x83,0xff,0x01,0xe4,0xc8,0x00,0x00,0x00,0x00,0x00,0x00,0x00,0x00,0x00,0x00,0x00,0x00,0x00,0x00,0x00,0x00,0x00,0x00,
    0x00,0x00,0x00,0x00,0x00,0x00,0x00,0x00,0x00,0x00,0x00,0x00,0x00,0x00,0x00,0x00,0x00,0x00,0x00,0x00,0x00,0x01,0xe4,0xc8,
    0x01,0xe4,0xc8,0x08,0x83,0xff,0x08,0x83,0xff,0x08,0x83,0xff,0x08,0x83,0xff,0x08,0x83,0xff,0x08,0x83,0xff,0x08,0x83,0xff,
    0x08,0x83,0xff,0x08,0x83,0xff,0x08,0x83,0xff,0x08,0x83,0xff,0x08,0x83,0xff,0x08,0x83,0xff,0x08,0x83,0xff,0x08,0x83,0xff,
    0x08,0x83,0xff,0x08,0x83,0xff,0x08,0x83,0xff,0x08,0x83,0xff,0x08,0x83,0xff,0x08,0x83,0xff,0x08,0x83,0xff,0x08,0x83,0xff,
    0x08,0x83,0xff,0x08,0x83,0xff,0x08,0x83,0xff,0x08,0x83,0xff,0x08,0x83,0xff,0x08,0x83,0xff,0x08,0x83,0xff,0x08,0x83,0xff,
    0x08,0x83,0xff,0x08,0x83,0xff,0x08,0x83,0xff,0x08,0x83,0xff,0x08,0x83,0xff,0x08,0x83,0xff,0x08,0x83,0xff,0x08,0x83,0xff,
    0x08,0x83,0xff,0x08,0x83,0xff,0x08,0x83,0xff,0x08,0x83,0xff,0x08,0x83,0xff,0x08,0x83,0xff,0x08,0x83,0xff,0x08,0x83,0xff,
    0x08,0x83,0xff,0x08,0x83,0xff,0x08,0x83,0xff,0x08,0x83,0xff,0x08,0x83,0xff,0x08,0x83,0xff,0x08,0x83,0xff,0x08,0x83,0xff,
    0x08,0x83,0xff,0x08,0x83,0xff,0x08,0x83,0xff,0x08,0x83,0xff,0x08,0x83,0xff,0x08,0x83,0xff,0x08,0x83,0xff,0x08,0x83,0xff,
    0x08,0x83,0xff,0x08,0x83,0xff,0x08,0x83,0xff,0x08,0x83,0xff,0x08,0x83,0xff,0x08,0x83,0xff,0x08,0x83,0xff,0x08,0x83,0xff,
    0x08,0x83,0xff,0x08,0x83,0xff,0x08,0x83,0xff,0x08,0x83,0xff,0x08,0x83,0xff,0x08,0x83,0xff,0x08,0x83,0xff,0x08,0x83,0xff,
    0x08,0x83,0xff,0x08,0x83,0xff,0x08,0x83,0xff,0x08,0x83,0xff,0x08,0x83,0xff,0x08,0x83,0xff,0x08,0x83,0xff,0x08,0x83,0xff,
    0x08,0x83,0xff,0x08,0x83,0xff,0x08,0x83,0xff,0x08,0x83,0xff,0x08,0x83,0xff,0x08,0x83,0xff,0x08,0x83,0xff,0x08,0x83,0xff,
    0x08,0x83,0xff,0x08,0x83,0xff,0x08,0x83,0xff,0x08,0x83,0xff,0x08,0x83,0xff,0x08,0x83,0xff,0x08,0x83,0xff,0x08,0x83,0xff,
    0x08,0x83,0xff,0x08,0x83,0xff,0x08,0x83,0xff,0x08,0x83,0xff,0x08,0x83,0xff,0x08,0x83,0xff,0x08,0x83,0xff,0x08,0x83,0xff,
    0x08,0x83,0xff,0x08,0x83,0xff,0x08,0x83,0xff,0x08,0x83,0xff,0x08,0x83,0xff,0x08,0x83,0xff,0x08,0x83,0xff,0x01,0xe4,0xc8,
    0x01,0xe4,0xc8,0x00,0x00,0x00,0x00,0x00,0x00,0x00,0x00,0x00,0x00,0x00,0x00,0x00,0x00,0x00,0x00,0x00,0x00,0x00,0x00,0x00,
    0x00,0x00,0x00,0x00,0x00,0x00,0x00,0x00,0x00,0x00,0x00,0x00,0x00,0x00,0x00,0x00,0x00,0x00,0x00,0x00,0x00,0x00,0x00,0x00,
    0x00,0x00,0x00,0x01,0xe4,0xc8,0x08,0x83,0xff,0x08,0x83,0xff,0x08,0x83,0xff,0x08,0x83,0xff,0x08,0x83,0xff,0x08,0x83,0xff,
    0x08,0x83,0xff,0x08,0x83,0xff,0x08,0x83,0xff,0x08,0x83,0xff,0x08,0x83,0xff,0x08,0x83,0xff,0x08,0x83,0xff,0x08,0x83,0xff,
    0x08,0x83,0xff,0x08,0x83,0xff,0x08,0x83,0xff,0x08,0x83,0xff,0x08,0x83,0xff,0x08,0x83,0xff,0x08,0x83,0xff,0x08,0x83,0xff,
    0x08,0x83,0xff,0x08,0x83,0xff,0x08,0x83,0xff,0x08,0x83,0xff,0x08,0x83,0xff,0x08,0x83,0xff,0x08,0x83,0xff,0x08,0x83,0xff,
    0x08,0x83,0xff,0x08,0x83,0xff,0x08,0x83,0xff,0x08,0x83,0xff,0x08,0x83,0xff,0x08,0x83,0xff,0x08,0x83,0xff,0x08,0x83,0xff,
    0x08,0x83,0xff,0x08,0x83,0xff,0x08,0x83,0xff,0x08,0x83,0xff,0x08,0x83,0xff,0x08,0x83,0xff,0x08,0x83,0xff,0x08,0x83,0xff,
    0x08,0x83,0xff,0x08,0x83,0xff,0x08,0x83,0xff,0x08,0x83,0xff,0x08,0x83,0xff,0x08,0x83,0xff,0x08,0x83,0xff,0x08,0x83,0xff,
    0x08,0x83,0xff,0x08,0x83,0xff,0x08,0x83,0xff,0x08,0x83,0xff,0x08,0x83,0xff,0x08,0x83,0xff,0x08,0x83,0xff,0x08,0x83,0xff,
    0x08,0x83,0xff,0x08,0x83,0xff,0x08,0x83,0xff,0x08,0x83,0xff,0x08,0x83,0xff,0x08,0x83,0xff,0x08,0x83,0xff,0x08,0x83,0xff,
    0x08,0x83,0xff,0x08,0x83,0xff,0x08,0x83,0xff,0x08,0x83,0xff,0x08,0x83,0xff,0x08,0x83,0xff,0x08,0x83,0xff,0x08,0x83,0xff,
    0x08,0x83,0xff,0x08,0x83,0xff,0x08,0x83,0xff,0x08,0x83,0xff,0x08,0x83,0xff,0x08,0x83,0xff,0x08,0x83,0xff,0x08,0x83,0xff,
    0x08,0x83,0xff,0x08,0x83,0xff,0x08,0x83,0xff,0x08,0x83,0xff,0x08,0x83,0xff,0x08,0x83,0xff,0x08,0x83,0xff,0x08,0x83,0xff,
    0x08,0x83,0xff,0x08,0x83,0xff,0x08,0x83,0xff,0x08,0x83,0xff,0x08,0x83,0xff,0x08,0x83,0xff,0x08,0x83,0xff,0x08,0x83,0xff,
    0x08,0x83,0xff,0x08,0x83,0xff,0x08,0x83,0xff,0x08,0x83,0xff,0x08,0x83,0xff,0x08,0x83,0xff,0x08,0x83,0xff,0x08,0x83,0xff,
    0x08,0x83,0xff,0x08,0x83,0xff,0x08,0x83,0xff,0x08,0x83,0xff,0x08,0x83,0xff,0x08,0x83,0xff,0x01,0xe4,0xc8,0x00,0x00,0x00,
    0x00,0x00,0x00,0x00,0x00,0x00,0x00,0x00,0x00,0x00,0x00,0x00,0x00,0x00,0x00,0x00,0x00,0x00,0x00,0x00,0x00,0x00,0x00,0x00,
    0x00,0x00,0x00,0x00,0x00,0x00,0x00,0x00,0x00,0x00,0x00,0x00,0x00,0x00,0x00,0x00,0x00,0x00,0x00,0x00,0x00,0x00,0x00,0x00,
    0x00,0x00,0x00,0x00,0x00,0x00,0x01,0xe4,0xc8,0x01,0xe4,0xc8,0x01,0xe4,0xc8,0x08,0x83,0xff,0x08,0x83,0xff,0x08,0x83,0xff,
    0x08,0x83,0xff,0x08,0x83,0xff,0x08,0x83,0xff,0x08,0x83,0xff,0x08,0x83,0xff,0x08,0x83,0xff,0x08,0x83,0xff,0x08,0x83,0xff,
    0x08,0x83,0xff,0x08,0x83,0xff,0x08,0x83,0xff,0x08,0x83,0xff,0x08,0x83,0xff,0x08,0x83,0xff,0x08,0x83,0xff,0x08,0x83,0xff,
    0x08,0x83,0xff,0x08,0x83,0xff,0x08,0x83,0xff,0x08,0xa3,0xff,0x08,0xa3,0xff,0x08,0xa3,0xff,0x08,0xa3,0xff,0x08,0xa3,0xff,
    0x08,0xa3,0xff,0x08,0xa3,0xff,0x08,0xa3,0xff,0x08,0xa3,0xff,0x08,0xa3,0xff,0x08,0xa3,0xff,0x08,0xa3,0xff,0x08,0xa3,0xff,
    0x08,0xa3,0xff,0x08,0xa3,0xff,0x08,0xa3,0xff,0x08,0xa3,0xff,0x08,0xa3,0xff,0x08,0xa3,0xff,0x08,0xa3,0xff,0x08,0xa3,0xff,
    0x08,0xa3,0xff,0x08,0xa3,0xff,0x08,0xa3,0xff,0x08,0xa3,0xff,0x08,0xa3,0xff,0x08,0xa3,0xff,0x08,0xa3,0xff,0x08,0xa3,0xff,
    0x08,0xa3,0xff,0x08,0xa3,0xff,0x08,0xa3,0xff,0x08,0xa3,0xff,0x08,0xa3,0xff,0x08,0xa3,0xff,0x08,0xa3,0xff,0x08,0xa3,0xff,
    0x08,0xa3,0xff,0x08,0xa3,0xff,0x08,0xa3,0xff,0x08,0xa3,0xff,0x08,0xa3,0xff,0x08,0xa3,0xff,0x08,0xa3,0xff,0x08,0xa3,0xff,
    0x08,0xa3,0xff,0x08,0xa3,0xff,0x08,0xa3,0xff,0x08,0xa3,0xff,0x08,0xa3,0xff,0x08,0xa3,0xff,0x08,0xa3,0xff,0x08,0xa3,0xff,
    0x08,0xa3,0xff,0x08,0xa3,0xff,0x08,0xa3,0xff,0x08,0xa3,0xff,0x08,0xa3,0xff,0x08,0xa3,0xff,0x08,0xa3,0xff,0x08,0xa3,0xff,
    0x08,0xa3,0xff,0x08,0xa3,0xff,0x08,0xa3,0xff,0x08,0xa3,0xff,0x08,0xa3,0xff,0x08,0xa3,0xff,0x08,0x83,0xff,0x08,0x83,0xff,
    0x08,0x83,0xff,0x08,0x83,0xff,0x08,0x83,0xff,0x08,0x83,0xff,0x08,0x83,0xff,0x08,0x83,0xff,0x08,0x83,0xff,0x08,0x83,0xff,
    0x08,0x83,0xff,0x08,0x83,0xff,0x08,0x83,0xff,0x08,0x83,0xff,0x08,0x83,0xff,0x08,0x83,0xff,0x08,0x83,0xff,0x08,0x83,0xff,
    0x08,0x83,0xff,0x08,0x83,0xff,0x08,0x83,0xff,0x01,0xe4,0xc8,0x01,0xe4,0xc8,0x01,0xe4,0xc8,0x00,0x00,0x00,0x00,0x00,0x00,
    0x00,0x00,0x00,0x00,0x00,0x00,0x00,0x00,0x00,0x00,0x00,0x00,0x00,0x00,0x00,0x00,0x00,0x00,0x00,0x00,0x00,0x00,0x00,0x00,
    0x00,0x00,0x00,0x00,0x00,0x00,0x00,0x00,0x00,0x00,0x00,0x00,0x00,0x00,0x00,0x00,0x00,0x00,0x00,0x00,0x00,0x00,0x00,0x00,
    0x00,0x00,0x00,0x00,0x00,0x00,0x00,0x00,0x00,0x00,0x00,0x00,0x00,0x00,0x00,0x01,0xe4,0xc8,0x01,0xe4,0xc8,0x01,0xe4,0xc8,
    0x01,0xe4,0xc8,0x01,0xe4,0xc8,0x01,0xe4,0xc8,0x01,0xe4,0xc8,0x01,0xe4,0xc8,0x01,0xe4,0xc8,0x01,0xe4,0xc8,0x01,0xe4,0xc8,
    0x01,0xe4,0xc8,0x01,0xe4,0xc8,0x01,0xe4,0xc8,0x01,0xe4,0xc8,0x01,0xe4,0xc9,0x01,0xe4,0xc9,0x01,0xe4,0xca,0x01,0xe4,0xcb,
    0x06,0x6d,0xf0,0x06,0x6d,0xf0,0x06,0x6d,0xf0,0x06,0x6d,0xf0,0x06,0x6d,0xf1,0x06,0x6d,0xf1,0x06,0x6d,0xf1,0x06,0x6d,0xf1,
    0x06,0x6d,0xf1,0x06,0x6d,0xf1,0x06,0x6d,0xf1,0x06,0x6d,0xf1,0x06,0x6d,0xf1,0x06,0x6d,0xf1,0x06,0x6d,0xf1,0x06,0x6d,0xf1,
    0x06,0x6d,0xf1,0x06,0x6d,0xf1,0x06,0x6d,0xf1,0x06,0x6d,0xf1,0x06,0x6d,0xf1,0x06,0x6d,0xf1,0x06,0x6d,0xf1,0x06,0x6d,0xf1,
    0x06,0x6d,0xf1,0x06,0x6d,0xf1,0x06,0x6d,0xf1,0x06,0x6d,0xf1,0x06,0x6d,0xf1,0x06,0x6d,0xf1,0x06,0x6d,0xf1,0x06,0x6d,0xf1,
    0x06,0x6d,0xf1,0x06,0x6d,0xf1,0x06,0x6d,0xf1,0x06,0x6d,0xf1,0x06,0x6d,0xf1,0x06,0x6d,0xf1,0x06,0x6d,0xf1,0x06,0x6d,0xf1,
    0x06,0x6d,0xf1,0x06,0x6d,0xf1,0x06,0x6d,0xf1,0x06,0x6d,0xf1,0x06,0x6d,0xf1,0x06,0x6d,0xf1,0x06,0x6d,0xf1,0x06,0x6d,0xf1,
    0x06,0x6d,0xf1,0x06,0x6d,0xf1,0x06,0x6d,0xf1,0x06,0x6d,0xf1,0x06,0x6d,0xf1,0x06,0x6d,0xf1,0x06,0x6d,0xf1,0x06,0x6d,0xf1,
    0x06,0x6d,0xf1,0x06,0x6d,0xf1,0x06,0x6d,0xf1,0x06,0x6d,0xf1,0x06,0x6d,0xf1,0x06,0x6d,0xf1,0x06,0x6d,0xf1,0x06,0x6d,0xf1,
    0x06,0x6d,0xf1,0x06,0x6d,0xf1,0x06,0x6d,0xf1,0x06,0x6d,0xf1,0x06,0x6d,0xf1,0x06,0x6d,0xf0,0x06,0x6d,0xf0,0x06,0x6d,0xf0,
    0x06,0x6d,0xf0,0x01,0xe4,0xcb,0x01,0xe4,0xca,0x01,0xe4,0xc9,0x01,0xe4,0xc9,0x01,0xe4,0xc8,0x01,0xe4,0xc8,0x01,0xe4,0xc8,
    0x01,0xe4,0xc8,0x01,0xe4,0xc8,0x01,0xe4,0xc8,0x01,0xe4,0xc8,0x01,0xe4,0xc8,0x01,0xe4,0xc8,0x01,0xe4,0xc8,0x01,0xe4,0xc8,
    0x01,0xe4,0xc8,0x01,0xe4,0xc8,0x01,0xe4,0xc8,0x00,0x00,0x00,0x00,0x00,0x00,0x00,0x00,0x00,0x00,0x00,0x00,0x00,0x00,0x00,
    0x00,0x00,0x00,0x00,0x00,0x00,0x00,0x00,0x00,0x00,0x00,0x00,0x00,0x00,0x00,0x00,0x00,0x00,0x00,0x00,0x00,0x00,0x00,0x00,
    0x00,0x00,0x00,0x00,0x00,0x00,0x00,0x00,0x00,0x00,0x00,0x00,0x00,0x00,0x00,0x00,0x00,0x00,0x00,0x00,0x00,0x00,0x00,0x00,
    0x00,0x00,0x00,0x00,0x00,0x00,0x00,0x00,0x00,0x00,0x00,0x00,0x00,0x00,0x00,0x00,0x00,0x00,0x00,0x00,0x00,0x00,0x00,0x00,
    0x00,0x00,0x00,0x00,0x00,0x00,0x00,0x00,0x00,0x00,0x00,0x00,0x00,0x00,0x00,0x00,0x00,0x00,0x00,0x00,0x00,0x00,0x00,0x00,
    0x00,0x00,0x00,0x00,0x00,0x00,0x00,0x00,0x01,0x00,0x20,0x02,0x00,0x40,0x04,0x00,0x81,0x06,0x00,0xc1,0x0a,0x01,0x02,0x0e,
    0x01,0x62,0x11,0x01,0xa3,0x15,0x01,0xe4,0x18,0x02,0x24,0x1b,0x02,0x45,0x1d,0x02,0x65,0x1e,0x02,0x65,0x1f,0x02,0x65,0x1f,
    0x02,0x65,0x1f,0x02,0x65,0x1f,0x02,0x65,0x1f,0x02,0x65,0x1f,0x02,0x65,0x1f,0x02,0x65,0x1f,0x02,0x65,0x1f,0x02,0x65,0x1f,
    0x02,0x65,0x1f,0x02,0x65,0x1f,0x02,0x65,0x1f,0x02,0x65,0x1f,0x02,0x65,0x1f,0x02,0x65,0x1f,0x02,0x65,0x1f,0x02,0x65,0x1f,
    0x02,0x65,0x1f,0x02,0x65,0x1f,0x02,0x65,0x1f,0x02,0x65,0x1f,0x02,0x65,0x1f,0x02,0x65,0x1f,0x02,0x65,0x1f,0x02,0x65,0x1f,
    0x02,0x65,0x1f,0x02,0x65,0x1f,0x02,0x65,0x1f,0x02,0x65,0x1f,0x02,0x65,0x1f,0x02,0x65,0x1f,0x02,0x65,0x1f,0x02,0x65,0x1f,
    0x02,0x65,0x1f,0x02,0x65,0x1f,0x02,0x65,0x1f,0x02,0x65,0x1f,0x02,0x65,0x1f,0x02,0x65,0x1f,0x02,0x65,0x1f,0x02,0x65,0x1f,
    0x02,0x65,0x1f,0x02,0x65,0x1f,0x02,0x65,0x1f,0x02,0x65,0x1f,0x02,0x65,0x1f,0x02,0x65,0x1f,0x02,0x65,0x1f,0x02,0x65,0x1f,
    0x02,0x65,0x1f,0x02,0x65,0x1f,0x02,0x65,0x1f,0x02,0x65,0x1f,0x02,0x65,0x1f,0x02,0x65,0x1f,0x02,0x65,0x1f,0x02,0x65,0x1f,
    0x02,0x65,0x1f,0x02,0x65,0x1f,0x02,0x65,0x1f,0x02,0x65,0x1e,0x02,0x45,0x1d,0x02,0x24,0x1b,0x01,0xe4,0x18,0x01,0xa3,0x15,
    0x01,0x62,0x11,0x01,0x02,0x0e,0x00,0xc1,0x0a,0x00,0x81,0x06,0x00,0x40,0x04,0x00,0x20,0x02,0x00,0x00,0x01,0x00,0x00,0x00,
    0x00,0x00,0x00,0x00,0x00,0x00,0x00,0x00,0x00,0x00,0x00,0x00,0x00,0x00,0x00,0x00,0x00,0x00,0x00,0x00,0x00,0x00,0x00,0x00,
    0x00,0x00,0x00,0x00,0x00,0x00,0x00,0x00,0x00,0x00,0x00,0x00,0x00,0x00,0x00,0x00,0x00,0x00,0x00,0x00,0x00,0x00,0x00,0x00,
    0x00,0x00,0x00,0x00,0x00,0x00,0x00,0x00,0x00,0x00,0x00,0x00,0x00,0x00,0x00,0x00,0x00,0x00,0x00,0x00,0x00,0x00,0x00,0x00,
    0x00,0x00,0x00,0x00,0x00,0x00,0x00,0x00,0x00,0x00,0x00,0x00,0x00,0x00,0x00,0x00,0x00,0x00,0x00,0x00,0x00,0x00,0x00,0x00,
    0x00,0x00,0x00,0x00,0x00,0x00,0x00,0x00,0x00,0x00,0x00,0x00,0x00,0x00,0x00,0x00,0x00,0x00,0x00,0x00,0x00,0x00,0x00,0x00,
    0x00,0x00,0x00,0x00,0x00,0x00,0x00,0x00,0x00,0x00,0x00,0x00,0x00,0x00,0x00,0x00,0x00,0x00,0x00,0x00,0x00,0x00,0x00,0x00,
    0x00,0x00,0x00,0x00,0x00,0x00,0x00,0x00,0x01,0x00,0x20,0x02,0x00,0x40,0x04,0x00,0x81,0x07,0x00,0xc1,0x0b,0x01,0x22,0x0e,
    0x01,0x63,0x12,0x01,0xc3,0x16,0x02,0x04,0x1a,0x02,0x44,0x1d,0x02,0x65,0x1f,0x02,0x85,0x20,0x02,0x85,0x20,0x02,0xa5,0x20,
    0x02,0xa5,0x20,0x02,0xa5,0x20,0x02,0xa5,0x20,0x02,0xa5,0x20,0x02,0xa5,0x20,0x02,0xa5,0x20,0x02,0xa5,0x20,0x02,0xa5,0x20,
    0x02,0xa5,0x20,0x02,0xa5,0x20,0x02,0xa5,0x20,0x02,0xa5,0x20,0x02,0xa5,0x20,0x02,0xa5,0x20,0x02,0xa5,0x20,0x02,0xa5,0x20,
    0x02,0xa5,0x20,0x02,0xa5,0x20,0x02,0xa5,0x20,0x02,0xa5,0x20,0x02,0xa5,0x20,0x02,0xa5,0x20,0x02,0xa5,0x20,0x02,0xa5,0x20,
    0x02,0xa5,0x20,0x02,0xa5,0x20,0x02,0xa5,0x20,0x02,0xa5,0x20,0x02,0xa5,0x20,0x02,0xa5,0x20,0x02,0xa5,0x20,0x02,0xa5,0x20,
    0x02,0xa5,0x20,0x02,0xa5,0x20,0x02,0xa5,0x20,0x02,0xa5,0x20,0x02,0xa5,0x20,0x02,0xa5,0x20,0x02,0xa5,0x20,0x02,0xa5,0x20,
    0x02,0xa5,0x20,0x02,0xa5,0x20,0x02,0xa5,0x20,0x02,0xa5,0x20,0x02,0xa5,0x20,0x02,0xa5,0x20,0x02,0xa5,0x20,0x02,0xa5,0x20,
    0x02,0xa5,0x20,0x02,0xa5,0x20,0x02,0xa5,0x20,0x02,0xa5,0x20,0x02,0xa5,0x20,0x02,0xa5,0x20,0x02,0xa5,0x20,0x02,0xa5,0x20,
    0x02,0xa5,0x20,0x02,0xa5,0x20,0x02,0x85,0x20,0x02,0x85,0x20,0x02,0x65,0x1f,0x02,0x44,0x1d,0x02,0x04,0x1a,0x01,0xc3,0x16,
    0x01,0x63,0x12,0x01,0x22,0x0e,0x00,0xc1,0x0b,0x00,0x81,0x07,0x00,0x40,0x04,0x00,0x20,0x02,0x00,0x00,0x01,0x00,0x00,0x00,
    0x00,0x00,0x00,0x00,0x00,0x00,0x00,0x00,0x00,0x00,0x00,0x00,0x00,0x00,0x00,0x00,0x00,0x00,0x00,0x00,0x00,0x00,0x00,0x00,
    0x00,0x00,0x00,0x00,0x00,0x00,0x00,0x00,0x00,0x00,0x00,0x00,0x00,0x00,0x00,0x00,0x00,0x00,0x00,0x00,0x00,0x00,0x00,0x00,
    0x00,0x00,0x00,0x00,0x00,0x00,0x00,0x00,0x00,0x00,0x00,0x00,0x00,0x00,0x00,0x00,0x00,0x00,0x00,0x00,0x00,0x00,0x00,0x00
};
const lv_img_dsc_t ui_img_images_music_png = {
    .header.always_zero = 0,
    .header.w = 136,
    .header.h = 146,
    .data_size = sizeof(ui_img_images_music_png_data),
    .header.cf = LV_IMG_CF_TRUE_COLOR_ALPHA,
    .data = ui_img_images_music_png_data
};
