#include "../ui.h"

#ifndef LV_ATTRIBUTE_MEM_ALIGN
    #define LV_ATTRIBUTE_MEM_ALIGN
#endif

// IMAGE DATA: ui_img_images_assistant_png (136x146)
const LV_ATTRIBUTE_MEM_ALIGN uint8_t ui_img_images_assistant_png_data[] = {
    0x00,0x00,0x00,0x00,0x00,0x00,0x00,0x00,0x00,0x00,0x00,0x00,0x00,0x00,0x00,0x00,0x00,0x00,0x00,0x00,0x00,0x00,0x00,0x00,
    0x00,0x00,0x00,0x00,0x00,0x00,0x00,0x00,0x00,0x00,0x00,0x00,0x00,0x00,0x00,0x00,0x00,0x00,0x00,0x00,0x00,0x00,0x00,0x00,
    0x00,0x00,0x02,0x00,0x20,0x04,0x00,0x40,0x07,0x00,0x81,0x0c,0x00,0xc1,0x12,0x01,0x22,0x1a,0x01,0x83,0x21,0x01,0xc3,0x28,
    0x02,0x04,0x2f,0x02,0x44,0x33,0x02,0x65,0x37,0x02,0x85,0x3a,0x02,0xa5,0x3a,0x02,0xa5,0x3b,0x02,0xa5,0x3b,0x02,0xa5,0x3b,
    0x02,0xa5,0x3b,0x02,0xa5,0x3b,0x02,0xa5,0x3b,0x02,0xa5,0x3b,0x02,0xa5,0x3b,0x02,0xa5,0x3b,0x02,0xa5,0x3b,0x02,0xa5,0x3b,
    0x02,0xa5,0x3b,0x02,0xa5,0x3b,0x02,0xa5,0x3b,0x02,0xa5,0x3b,0x02,0xa5,0x3b,0x02,0xa5,0x3b,0x02,0xa5,0x3b,0x02,0xa5,0x3b,
    0x02,0xa5,0x3b,0x02,0xa5,0x3b,0x02,0xa5,0x3b,0x02,0xa5,0x3b,0x02,0xa5,0x3b,0x02,0xa5,0x3b,0x02,0xa5,0x3b,0x02,0xa5,0x3b,
    0x02,0xa5,0x3b,0x02,0xa5,0x3b,0x02,0xa5,0x3b,0x02,0xa5,0x3b,0x02,0xa5,0x3b,0x02,0xa5,0x3b,0x02,0xa5,0x3b,0x02,0xa5,0x3b,
    0x02,0xa5,0x3b,0x02,0xa5,0x3b,0x02,0xa5,0x3b,0x02,0xa5,0x3b,0x02,0xa5,0x3b,0x02,0xa5,0x3b,0x02,0xa5,0x3b,0x02,0xa5,0x3b,
    0x02,0xa5,0x3b,0x02,0xa5,0x3b,0x02,0xa5,0x3b,0x02,0xa5,0x3b,0x02,0xa5,0x3b,0x02,0xa5,0x3b,0x02,0xa5,0x3b,0x02,0xa5,0x3b,
    0x02,0xa5,0x3b,0x02,0xa5,0x3b,0x02,0xa5,0x3b,0x02,0xa5,0x3b,0x02,0xa5,0x3b,0x02,0xa5,0x3b,0x02,0xa5,0x3b,0x02,0xa5,0x3b,
    0x02,0xa5,0x3b,0x02,0xa5,0x3b,0x02,0xa5,0x3b,0x02,0xa5,0x3b,0x02,0xa5,0x3b,0x02,0xa5,0x3b,0x02,0xa5,0x3b,0x02,0xa5,0x3b,
    0x02,0xa5,0x3b,0x02,0xa5,0x3b,0x02,0xa5,0x3b,0x02,0xa5,0x3b,0x02,0xa5,0x3b,0x02,0xa5,0x3b,0x02,0xa5,0x3b,0x02,0xa5,0x3b,
    0x02,0xa5,0x3b,0x02,0xa5,0x3b,0x02,0xa5,0x3b,0x02,0xa5,0x3b,0x02,0xa5,0x3a,0x02,0x85,0x3a,0x02,0x65,0x37,0x02,0x44,0x33,
    0x02,0x04,0x2f,0x01,0xc3,0x28,0x01,0x83,0x21,0x01,0x22,0x1a,0x00,0xc1,0x12,0x00,0x81,0x0c,0x00,0x40,0x07,0x00,0x20,0x04,
    0x00,0x00,0x02,0x00,0x00,0x00,0x00,0x00,0x00,0x00,0x00,0x00,0x00,0x00,0x00,0x00,0x00,0x00,0x00,0x00,0x00,0x00,0x00,0x00,
    0x00,0x00,0x00,0x00,0x00,0x00,0x00,0x00,0x00,0x00,0x00,0x00,0x00,0x00,0x00,0x00,0x00,0x00,0x00,0x00,0x00,0x00,0x00,0x00,
    0x00,0x00,0x00,0x00,0x00,0x00,0x00,0x00,0x00,0x00,0x00,0x00,0x00,0x00,0x00,0x00,0x00,0x00,0x00,0x00,0x00,0x00,0x00,0x00,
    0x00,0x00,0x00,0x00,0x00,0x00,0x00,0x00,0x00,0x00,0x00,0x00,0x00,0x00,0x00,0x00,0x00,0x00,0x00,0x00,0x00,0x00,0x00,0x01,
    0x00,0x00,0x02,0x00,0x20,0x05,0x00,0x40,0x08,0x00,0x81,0x0d,0x00,0xe1,0x13,0x01,0x22,0x1b,0x01,0x83,0x22,0x01,0xe4,0x2a,
    0x02,0x24,0x31,0x02,0x65,0x36,0x02,0x85,0x39,0x02,0xa5,0x3c,0x02,0xa5,0x3c,0x02,0xc5,0x3d,0x02,0xc5,0x3d,0x02,0xc5,0x3d,
    0x02,0xc5,0x3d,0x02,0xc5,0x3d,0x02,0xc5,0x3d,0x02,0xc5,0x3d,0x02,0xc5,0x3d,0x02,0xc5,0x3d,0x02,0xc5,0x3d,0x02,0xc5,0x3d,
    0x02,0xc5,0x3d,0x02,0xc5,0x3d,0x02,0xc5,0x3d,0x02,0xc5,0x3d,0x02,0xc5,0x3d,0x02,0xc5,0x3d,0x02,0xc5,0x3d,0x02,0xc5,0x3d,
    0x02,0xc5,0x3d,0x02,0xc5,0x3d,0x02,0xc5,0x3d,0x02,0xc5,0x3d,0x02,0xc5,0x3d,0x02,0xc5,0x3d,0x02,0xc5,0x3d,0x02,0xc5,0x3d,
    0x02,0xc5,0x3d,0x02,0xc5,0x3d,0x02,0xc5,0x3d,0x02,0xc5,0x3d,0x02,0xc5,0x3d,0x02,0xc5,0x3d,0x02,0xc5,0x3d,0x02,0xc5,0x3d,
    0x02,0xc5,0x3d,0x02,0xc5,0x3d,0x02,0xc5,0x3d,0x02,0xc5,0x3d,0x02,0xc5,0x3d,0x02,0xc5,0x3d,0x02,0xc5,0x3d,0x02,0xc5,0x3d,
    0x02,0xc5,0x3d,0x02,0xc5,0x3d,0x02,0xc5,0x3d,0x02,0xc5,0x3d,0x02,0xc5,0x3d,0x02,0xc5,0x3d,0x02,0xc5,0x3d,0x02,0xc5,0x3d,
    0x02,0xc5,0x3d,0x02,0xc5,0x3d,0x02,0xc5,0x3d,0x02,0xc5,0x3d,0x02,0xc5,0x3d,0x02,0xc5,0x3d,0x02,0xc5,0x3d,0x02,0xc5,0x3d,
    0x02,0xc5,0x3d,0x02,0xc5,0x3d,0x02,0xc5,0x3d,0x02,0xc5,0x3d,0x02,0xc5,0x3d,0x02,0xc5,0x3d,0x02,0xc5,0x3d,0x02,0xc5,0x3d,
    0x02,0xc5,0x3d,0x02,0xc5,0x3d,0x02,0xc5,0x3d,0x02,0xc5,0x3d,0x02,0xc5,0x3d,0x02,0xc5,0x3d,0x02,0xc5,0x3d,0x02,0xc5,0x3d,
    0x02,0xc5,0x3d,0x02,0xc5,0x3d,0x02,0xc5,0x3d,0x02,0xc5,0x3d,0x02,0xa5,0x3c,0x02,0xa5,0x3c,0x02,0x85,0x39,0x02,0x65,0x36,
    0x02,0x24,0x31,0x01,0xe4,0x2a,0x01,0x83,0x22,0x01,0x22,0x1b,0x00,0xe1,0x13,0x00,0x81,0x0d,0x00,0x40,0x08,0x00,0x20,0x05,
    0x00,0x00,0x02,0x00,0x00,0x01,0x00,0x00,0x00,0x00,0x00,0x00,0x00,0x00,0x00,0x00,0x00,0x00,0x00,0x00,0x00,0x00,0x00,0x00,
    0x00,0x00,0x00,0x00,0x00,0x00,0x00,0x00,0x00,0x00,0x00,0x00,0x00,0x00,0x00,0x00,0x00,0x00,0x00,0x00,0x00,0x00,0x00,0x00,
    0x00,0x00,0x00,0x00,0x00,0x00,0x00,0x00,0x00,0x00,0x00,0x00,0x00,0x00,0x00,0x00,0x00,0x00,0x00,0x00,0x00,0x00,0x00,0x00,
    0x00,0x00,0x00,0x00,0x00,0x00,0x00,0x00,0x00,0x00,0x00,0x00,0x00,0x00,0x00,0x02,0x64,0xdc,0x02,0x64,0xdc,0x02,0x64,0xdc,
    0x02,0x44,0xdc,0x02,0x44,0xdd,0x02,0x44,0xdd,0x02,0x44,0xde,0x02,0x44,0xdf,0x02,0x24,0xe0,0x02,0x44,0xe1,0x02,0x44,0xe2,
    0x02,0x44,0xe3,0x02,0x64,0xe4,0x02,0x65,0xe4,0x02,0x65,0xe4,0x02,0x65,0xe4,0x02,0x85,0xe5,0x02,0x85,0xe5,0x02,0x85,0xe5,
    0x02,0x85,0xe5,0x02,0x85,0xe5,0x02,0x85,0xe5,0x02,0x85,0xe5,0x02,0x85,0xe5,0x02,0x85,0xe5,0x02,0x85,0xe5,0x02,0x85,0xe5,
    0x02,0x85,0xe5,0x02,0x85,0xe5,0x02,0x85,0xe5,0x02,0x85,0xe5,0x02,0x85,0xe5,0x02,0x85,0xe5,0x02,0x85,0xe5,0x02,0x85,0xe5,
    0x02,0x85,0xe5,0x02,0x85,0xe5,0x02,0x85,0xe5,0x02,0x85,0xe5,0x02,0x85,0xe5,0x02,0x85,0xe5,0x02,0x85,0xe5,0x02,0x85,0xe5,
    0x02,0x85,0xe5,0x02,0x85,0xe5,0x02,0x85,0xe5,0x02,0x85,0xe5,0x02,0x85,0xe5,0x02,0x85,0xe5,0x02,0x85,0xe5,0x02,0x85,0xe5,
    0x02,0x85,0xe5,0x02,0x85,0xe5,0x02,0x85,0xe5,0x02,0x85,0xe5,0x02,0x85,0xe5,0x02,0x85,0xe5,0x02,0x85,0xe5,0x02,0x85,0xe5,
    0x02,0x85,0xe5,0x02,0x85,0xe5,0x02,0x85,0xe5,0x02,0x85,0xe5,0x02,0x85,0xe5,0x02,0x85,0xe5,0x02,0x85,0xe5,0x02,0x85,0xe5,
    0x02,0x85,0xe5,0x02,0x85,0xe5,0x02,0x85,0xe5,0x02,0x85,0xe5,0x02,0x85,0xe5,0x02,0x85,0xe5,0x02,0x85,0xe5,0x02,0x85,0xe5,
    0x02,0x85,0xe5,0x02,0x85,0xe5,0x02,0x85,0xe5,0x02,0x85,0xe5,0x02,0x85,0xe5,0x02,0x85,0xe5,0x02,0x85,0xe5,0x02,0x85,0xe5,
    0x02,0x85,0xe5,0x02,0x85,0xe5,0x02,0x85,0xe5,0x02,0x85,0xe5,0x02,0x85,0xe5,0x02,0x85,0xe5,0x02,0x85,0xe5,0x02,0x85,0xe5,
    0x02,0x85,0xe5,0x02,0x85,0xe5,0x02,0x85,0xe5,0x02,0x85,0xe5,0x02,0x65,0xe4,0x02,0x65,0xe4,0x02,0x65,0xe4,0x02,0x64,0xe4,
    0x02,0x44,0xe3,0x02,0x44,0xe2,0x02,0x44,0xe1,0x02,0x24,0xe0,0x02,0x44,0xdf,0x02,0x44,0xde,0x02,0x44,0xdd,0x02,0x44,0xdd,
    0x02,0x44,0xdc,0x02,0x64,0xdc,0x02,0x64,0xdc,0x00,0x00,0x00,0x00,0x00,0x00,0x00,0x00,0x00,0x00,0x00,0x00,0x00,0x00,0x00,
    0x00,0x00,0x00,0x00,0x00,0x00,0x00,0x00,0x00,0x00,0x00,0x00,0x00,0x00,0x00,0x00,0x00,0x00,0x00,0x00,0x00,0x00,0x00,0x00,
    0x00,0x00,0x00,0x00,0x00,0x00,0x00,0x00,0x00,0x00,0x00,0x00,0x00,0x00,0x00,0x00,0x00,0x00,0x00,0x00,0x00,0x00,0x00,0x00,
    0x00,0x00,0x00,0x00,0x00,0x00,0x02,0x64,0xdc,0x02,0x64,0xdc,0x02,0x64,0xdc,0x08,0x83,0xff,0x08,0x83,0xff,0x08,0x83,0xff,
    0x08,0x83,0xff,0x08,0x83,0xff,0x08,0x82,0xff,0x08,0x82,0xff,0x08,0x82,0xff,0x08,0x83,0xff,0x07,0x2e,0xff,0x07,0x2e,0xff,
    0x07,0x2e,0xff,0x07,0x2e,0xff,0x07,0x2e,0xff,0x07,0x2e,0xff,0x07,0x2e,0xff,0x07,0x2e,0xff,0x07,0x2e,0xff,0x07,0x2e,0xff,
    0x07,0x2e,0xff,0x07,0x2e,0xff,0x07,0x2e,0xff,0x07,0x2e,0xff,0x07,0x2e,0xff,0x07,0x2e,0xff,0x07,0x2e,0xff,0x07,0x2e,0xff,
    0x07,0x2e,0xff,0x07,0x2e,0xff,0x07,0x2e,0xff,0x07,0x2e,0xff,0x07,0x2e,0xff,0x07,0x2e,0xff,0x07,0x2e,0xff,0x07,0x2e,0xff,
    0x07,0x2e,0xff,0x07,0x2e,0xff,0x07,0x2e,0xff,0x07,0x2e,0xff,0x07,0x2e,0xff,0x07,0x2e,0xff,0x07,0x2e,0xff,0x07,0x2e,0xff,
    0x07,0x2e,0xff,0x07,0x2e,0xff,0x07,0x2e,0xff,0x07,0x2e,0xff,0x07,0x2e,0xff,0x07,0x2e,0xff,0x07,0x2e,0xff,0x07,0x2e,0xff,
    0x07,0x2e,0xff,0x07,0x2e,0xff,0x07,0x2e,0xff,0x07,0x2e,0xff,0x07,0x2e,0xff,0x07,0x2e,0xff,0x07,0x2e,0xff,0x07,0x2e,0xff,
    0x07,0x2e,0xff,0x07,0x2e,0xff,0x07,0x2e,0xff,0x07,0x2e,0xff,0x07,0x2e,0xff,0x07,0x2e,0xff,0x07,0x2e,0xff,0x07,0x2e,0xff,
    0x07,0x2e,0xff,0x07,0x2e,0xff,0x07,0x2e,0xff,0x07,0x2e,0xff,0x07,0x2e,0xff,0x07,0x2e,0xff,0x07,0x2e,0xff,0x07,0x2e,0xff,
    0x07,0x2e,0xff,0x07,0x2e,0xff,0x07,0x2e,0xff,0x07,0x2e,0xff,0x07,0x2e,0xff,0x07,0x2e,0xff,0x07,0x2e,0xff,0x07,0x2e,0xff,
    0x07,0x2e,0xff,0x07,0x2e,0xff,0x07,0x2e,0xff,0x07,0x2e,0xff,0x07,0x2e,0xff,0x07,0x2e,0xff,0x07,0x2e,0xff,0x07,0x2e,0xff,
    0x07,0x2e,0xff,0x07,0x2e,0xff,0x07,0x2e,0xff,0x07,0x2e,0xff,0x07,0x2e,0xff,0x07,0x2e,0xff,0x07,0x2e,0xff,0x07,0x2e,0xff,
    0x07,0x2e,0xff,0x07,0x2e,0xff,0x07,0x2e,0xff,0x08,0x83,0xff,0x08,0x82,0xff,0x08,0x82,0xff,0x08,0x82,0xff,0x08,0x83,0xff,
    0x08,0x83,0xff,0x08,0x83,0xff,0x08,0x83,0xff,0x02,0x64,0xdc,0x02,0x64,0xdc,0x02,0x64,0xdc,0x00,0x00,0x00,0x00,0x00,0x00,
    0x00,0x00,0x00,0x00,0x00,0x00,0x00,0x00,0x00,0x00,0x00,0x00,0x00,0x00,0x00,0x00,0x00,0x00,0x00,0x00,0x00,0x00,0x00,0x00,
    0x00,0x00,0x00,0x00,0x00,0x00,0x00,0x00,0x00,0x00,0x00,0x00,0x00,0x00,0x00,0x00,0x00,0x00,0x00,0x00,0x00,0x00,0x00,0x00,
    0x00,0x00,0x00,0x02,0x64,0xdc,0x08,0x83,0xff,0x08,0x83,0xff,0x08,0x83,0xff,0x08,0x83,0xff,0x08,0x83,0xff,0x08,0x83,0xff,
    0x08,0x83,0xff,0x08,0x83,0xff,0x08,0x83,0xff,0x08,0x82,0xff,0x08,0x82,0xff,0x08,0x83,0xff,0x08,0xa3,0xff,0x08,0xa3,0xff,
    0x08,0xc3,0xff,0x08,0xe3,0xff,0x08,0xe3,0xff,0x08,0xe3,0xff,0x08,0xe3,0xff,0x09,0x03,0xff,0x09,0x03,0xff,0x09,0x03,0xff,
    0x09,0x03,0xff,0x09,0x03,0xff,0x09,0x03,0xff,0x09,0x03,0xff,0x09,0x03,0xff,0x09,0x03,0xff,0x09,0x03,0xff,0x09,0x03,0xff,
    0x09,0x03,0xff,0x09,0x03,0xff,0x09,0x03,0xff,0x09,0x03,0xff,0x09,0x03,0xff,0x09,0x03,0xff,0x09,0x03,0xff,0x09,0x03,0xff,
    0x09,0x03,0xff,0x09,0x03,0xff,0x09,0x03,0xff,0x09,0x03,0xff,0x09,0x03,0xff,0x09,0x03,0xff,0x09,0x03,0xff,0x09,0x03,0xff,
    0x09,0x03,0xff,0x09,0x03,0xff,0x09,0x03,0xff,0x09,0x03,0xff,0x09,0x03,0xff,0x09,0x03,0xff,0x09,0x03,0xff,0x09,0x03,0xff,
    0x09,0x03,0xff,0x09,0x03,0xff,0x09,0x03,0xff,0x09,0x03,0xff,0x09,0x03,0xff,0x09,0x03,0xff,0x09,0x03,0xff,0x09,0x03,0xff,
    0x09,0x03,0xff,0x09,0x03,0xff,0x09,0x03,0xff,0x09,0x03,0xff,0x09,0x03,0xff,0x09,0x03,0xff,0x09,0x03,0xff,0x09,0x03,0xff,
    0x09,0x03,0xff,0x09,0x03,0xff,0x09,0x03,0xff,0x09,0x03,0xff,0x09,0x03,0xff,0x09,0x03,0xff,0x09,0x03,0xff,0x09,0x03,0xff,
    0x09,0x03,0xff,0x09,0x03,0xff,0x09,0x03,0xff,0x09,0x03,0xff,0x09,0x03,0xff,0x09,0x03,0xff,0x09,0x03,0xff,0x09,0x03,0xff,
    0x09,0x03,0xff,0x09,0x03,0xff,0x09,0x03,0xff,0x09,0x03,0xff,0x09,0x03,0xff,0x09,0x03,0xff,0x09,0x03,0xff,0x09,0x03,0xff,
    0x09,0x03,0xff,0x09,0x03,0xff,0x09,0x03,0xff,0x09,0x03,0xff,0x08,0xe3,0xff,0x08,0xe3,0xff,0x08,0xe3,0xff,0x08,0xe3,0xff,
    0x08,0xc3,0xff,0x08,0xa3,0xff,0x08,0xa3,0xff,0x08,0x83,0xff,0x08,0x82,0xff,0x08,0x82,0xff,0x08,0x83,0xff,0x08,0x83,0xff,
    0x08,0x83,0xff,0x08,0x83,0xff,0x08,0x83,0xff,0x08,0x83,0xff,0x08,0x83,0xff,0x08,0x83,0xff,0x02,0x64,0xdc,0x00,0x00,0x00,
    0x00,0x00,0x00,0x00,0x00,0x00,0x00,0x00,0x00,0x00,0x00,0x00,0x00,0x00,0x00,0x00,0x00,0x00,0x00,0x00,0x00,0x00,0x00,0x00,
    0x00,0x00,0x00,0x00,0x00,0x00,0x00,0x00,0x00,0x00,0x00,0x00,0x00,0x00,0x00,0x00,0x00,0x00,0x00,0x00,0x00,0x02,0x64,0xdc,
    0x02,0x64,0xdc,0x08,0x83,0xff,0x08,0x83,0xff,0x08,0x83,0xff,0x08,0x83,0xff,0x08,0x83,0xff,0x08,0x83,0xff,0x08,0x83,0xff,
    0x08,0x83,0xff,0x08,0x83,0xff,0x08,0x83,0xff,0x08,0x82,0xff,0x08,0x82,0xff,0x08,0x82,0xff,0x08,0xa3,0xff,0x08,0xa3,0xff,
    0x08,0xa3,0xff,0x08,0xc3,0xff,0x08,0xc3,0xff,0x08,0xc3,0xff,0x08,0xc3,0xff,0x08,0xe3,0xff,0x08,0xe3,0xff,0x08,0xe3,0xff,
    0x08,0xe3,0xff,0x08,0xe3,0xff,0x08,0xe3,0xff,0x08,0xe3,0xff,0x08,0xe3,0xff,0x08,0xe3,0xff,0x08,0xe3,0xff,0x08,0xe3,0xff,
    0x08,0xe3,0xff,0x08,0xe3,0xff,0x08,0xe3,0xff,0x08,0xe3,0xff,0x08,0xe3,0xff,0x08,0xe3,0xff,0x08,0xe3,0xff,0x08,0xe3,0xff,
    0x08,0xe3,0xff,0x08,0xe3,0xff,0x08,0xe3,0xff,0x08,0xe3,0xff,0x08,0xe3,0xff,0x08,0xe3,0xff,0x08,0xe3,0xff,0x08,0xe3,0xff,
    0x08,0xe3,0xff,0x08,0xe3,0xff,0x08,0xe3,0xff,0x08,0xe3,0xff,0x08,0xe3,0xff,0x08,0xe3,0xff,0x08,0xe3,0xff,0x08,0xe3,0xff,
    0x08,0xe3,0xff,0x08,0xe3,0xff,0x08,0xe3,0xff,0x08,0xe3,0xff,0x08,0xe3,0xff,0x08,0xe3,0xff,0x08,0xe3,0xff,0x08,0xe3,0xff,
    0x08,0xe3,0xff,0x08,0xe3,0xff,0x08,0xe3,0xff,0x08,0xe3,0xff,0x08,0xe3,0xff,0x08,0xe3,0xff,0x08,0xe3,0xff,0x08,0xe3,0xff,
    0x08,0xe3,0xff,0x08,0xe3,0xff,0x08,0xe3,0xff,0x08,0xe3,0xff,0x08,0xe3,0xff,0x08,0xe3,0xff,0x08,0xe3,0xff,0x08,0xe3,0xff,
    0x08,0xe3,0xff,0x08,0xe3,0xff,0x08,0xe3,0xff,0x08,0xe3,0xff,0x08,0xe3,0xff,0x08,0xe3,0xff,0x08,0xe3,0xff,0x08,0xe3,0xff,
    0x08,0xe3,0xff,0x08,0xe3,0xff,0x08,0xe3,0xff,0x08,0xe3,0xff,0x08,0xe3,0xff,0x08,0xe3,0xff,0x08,0xe3,0xff,0x08,0xe3,0xff,
    0x08,0xe3,0xff,0x08,0xe3,0xff,0x08,0xe3,0xff,0x08,0xe3,0xff,0x08,0xc3,0xff,0x08,0xc3,0xff,0x08,0xc3,0xff,0x08,0xc3,0xff,
    0x08,0xa3,0xff,0x08,0xa3,0xff,0x08,0xa3,0xff,0x08,0x82,0xff,0x08,0x82,0xff,0x08,0x82,0xff,0x08,0x83,0xff,0x08,0x83,0xff,
    0x08,0x83,0xff,0x08,0x83,0xff,0x08,0x83,0xff,0x08,0x83,0xff,0x08,0x83,0xff,0x08,0x83,0xff,0x08,0x83,0xff,0x02,0x64,0xdc,
    0x02,0x64,0xdc,0x00,0x00,0x00,0x00,0x00,0x00,0x00,0x00,0x00,0x00,0x00,0x00,0x00,0x00,0x00,0x00,0x00,0x00,0x00,0x00,0x00,
    0x00,0x00,0x00,0x00,0x00,0x00,0x00,0x00,0x00,0x00,0x00,0x00,0x00,0x00,0x00,0x00,0x00,0x00,0x02,0x64,0xdc,0x08,0x83,0xff,
    0x08,0x83,0xff,0x08,0x83,0xff,0x08,0x83,0xff,0x08,0x83,0xff,0x08,0x83,0xff,0x08,0x83,0xff,0x08,0x83,0xff,0x08,0x83,0xff,
    0x08,0x83,0xff,0x08,0x83,0xff,0x08,0x83,0xff,0x08,0x82,0xff,0x08,0x82,0xff,0x08,0x82,0xff,0x08,0x82,0xff,0x08,0x83,0xff,
    0x08,0xa3,0xff,0x08,0xa3,0xff,0x08,0xa3,0xff,0x08,0xa3,0xff,0x08,0xa3,0xff,0x08,0xa3,0xff,0x08,0xa3,0xff,0x08,0xa3,0xff,
    0x08,0xa3,0xff,0x08,0xa3,0xff,0x08,0xa3,0xff,0x08,0xa3,0xff,0x08,0xa3,0xff,0x08,0xa3,0xff,0x08,0xa3,0xff,0x08,0xa3,0xff,
    0x08,0xa3,0xff,0x08,0xa3,0xff,0x08,0xa3,0xff,0x08,0xa3,0xff,0x08,0xa3,0xff,0x08,0xa3,0xff,0x08,0xa3,0xff,0x08,0xa3,0xff,
    0x08,0xa3,0xff,0x08,0xa3,0xff,0x08,0xa3,0xff,0x08,0xa3,0xff,0x08,0xa3,0xff,0x08,0xa3,0xff,0x08,0xa3,0xff,0x08,0xa3,0xff,
    0x08,0xa3,0xff,0x08,0xa3,0xff,0x08,0xa3,0xff,0x08,0xa3,0xff,0x08,0xa3,0xff,0x08,0xa3,0xff,0x08,0xa3,0xff,0x08,0xa3,0xff,
    0x08,0xa3,0xff,0x08,0xa3,0xff,0x08,0xa3,0xff,0x08,0xa3,0xff,0x08,0xa3,0xff,0x08,0xa3,0xff,0x08,0xa3,0xff,0x08,0xa3,0xff,
    0x08,0xa3,0xff,0x08,0xa3,0xff,0x08,0xa3,0xff,0x08,0xa3,0xff,0x08,0xa3,0xff,0x08,0xa3,0xff,0x08,0xa3,0xff,0x08,0xa3,0xff,
    0x08,0xa3,0xff,0x08,0xa3,0xff,0x08,0xa3,0xff,0x08,0xa3,0xff,0x08,0xa3,0xff,0x08,0xa3,0xff,0x08,0xa3,0xff,0x08,0xa3,0xff,
    0x08,0xa3,0xff,0x08,0xa3,0xff,0x08,0xa3,0xff,0x08,0xa3,0xff,0x08,0xa3,0xff,0x08,0xa3,0xff,0x08,0xa3,0xff,0x08,0xa3,0xff,
    0x08,0xa3,0xff,0x08,0xa3,0xff,0x08,0xa3,0xff,0x08,0xa3,0xff,0x08,0xa3,0xff,0x08,0xa3,0xff,0x08,0xa3,0xff,0x08,0xa3,0xff,
    0x08,0xa3,0xff,0x08,0xa3,0xff,0x08,0xa3,0xff,0x08,0xa3,0xff,0x08,0xa3,0xff,0x08,0xa3,0xff,0x08,0xa3,0xff,0x08,0xa3,0xff,
    0x08,0xa3,0xff,0x08,0x83,0xff,0x08,0x82,0xff,0x08,0x82,0xff,0x08,0x82,0xff,0x08,0x82,0xff,0x08,0x83,0xff,0x08,0x83,0xff,
    0x08,0x83,0xff,0x08,0x83,0xff,0x08,0x83,0xff,0x08,0x83,0xff,0x08,0x83,0xff,0x08,0x83,0xff,0x08,0x83,0xff,0x08,0x83,0xff,
    0x08,0x83,0xff,0x02,0x64,0xdc,0x00,0x00,0x00,0x00,0x00,0x00,0x00,0x00,0x00,0x00,0x00,0x00,0x00,0x00,0x00,0x00,0x00,0x00,
    0x00,0x00,0x00,0x00,0x00,0x00,0x00,0x00,0x00,0x00,0x00,0x00,0x00,0x00,0x00,0x02,0x64,0xdc,0x08,0x83,0xff,0x08,0x83,0xff,
    0x08,0x83,0xff,0x08,0x83,0xff,0x08,0x83,0xff,0x08,0x83,0xff,0x08,0x83,0xff,0x08,0x83,0xff,0x08,0x83,0xff,0x08,0x83,0xff,
    0x08,0x83,0xff,0x08,0x83,0xff,0x08,0x83,0xff,0x08,0x83,0xff,0x08,0x82,0xff,0x08,0x82,0xff,0x08,0x82,0xff,0x08,0x82,0xff,
    0x08,0x82,0xff,0x08,0x83,0xff,0x08,0x83,0xff,0x08,0xa3,0xff,0x08,0xa3,0xff,0x08,0xa3,0xff,0x08,0xa3,0xff,0x08,0xa3,0xff,
    0x08,0xa3,0xff,0x08,0xa3,0xff,0x08,0xa3,0xff,0x08,0xa3,0xff,0x08,0xa3,0xff,0x08,0xa3,0xff,0x08,0xa3,0xff,0x08,0xa3,0xff,
    0x08,0xa3,0xff,0x08,0xa3,0xff,0x08,0xa3,0xff,0x08,0xa3,0xff,0x08,0xa3,0xff,0x08,0xa3,0xff,0x08,0xa3,0xff,0x08,0xa3,0xff,
    0x08,0xa3,0xff,0x08,0xa3,0xff,0x08,0xa3,0xff,0x08,0xa3,0xff,0x08,0xa3,0xff,0x08,0xa3,0xff,0x08,0xa3,0xff,0x08,0xa3,0xff,
    0x08,0xa3,0xff,0x08,0xa3,0xff,0x08,0xa3,0xff,0x08,0xa3,0xff,0x08,0xa3,0xff,0x08,0xa3,0xff,0x08,0xa3,0xff,0x08,0xa3,0xff,
    0x08,0xa3,0xff,0x08,0xa3,0xff,0x08,0xa3,0xff,0x08,0xa3,0xff,0x08,0xa3,0xff,0x08,0xa3,0xff,0x08,0xa3,0xff,0x08,0xa3,0xff,
    0x08,0xa3,0xff,0x08,0xa3,0xff,0x08,0xa3,0xff,0x08,0xa3,0xff,0x08,0xa3,0xff,0x08,0xa3,0xff,0x08,0xa3,0xff,0x08,0xa3,0xff,
    0x08,0xa3,0xff,0x08,0xa3,0xff,0x08,0xa3,0xff,0x08,0xa3,0xff,0x08,0xa3,0xff,0x08,0xa3,0xff,0x08,0xa3,0xff,0x08,0xa3,0xff,
    0x08,0xa3,0xff,0x08,0xa3,0xff,0x08,0xa3,0xff,0x08,0xa3,0xff,0x08,0xa3,0xff,0x08,0xa3,0xff,0x08,0xa3,0xff,0x08,0xa3,0xff,
    0x08,0xa3,0xff,0x08,0xa3,0xff,0x08,0xa3,0xff,0x08,0xa3,0xff,0x08,0xa3,0xff,0x08,0xa3,0xff,0x08,0xa3,0xff,0x08,0xa3,0xff,
    0x08,0xa3,0xff,0x08,0xa3,0xff,0x08,0xa3,0xff,0x08,0xa3,0xff,0x08,0xa3,0xff,0x08,0xa3,0xff,0x08,0x83,0xff,0x08,0x83,0xff,
    0x08,0x82,0xff,0x08,0x82,0xff,0x08,0x82,0xff,0x08,0x82,0xff,0x08,0x82,0xff,0x08,0x83,0xff,0x08,0x83,0xff,0x08,0x83,0xff,
    0x08,0x83,0xff,0x08,0x83,0xff,0x08,0x83,0xff,0x08,0x83,0xff,0x08,0x83,0xff,0x08,0x83,0xff,0x08,0x83,0xff,0x08,0x83,0xff,
    0x08,0x83,0xff,0x08,0x83,0xff,0x02,0x64,0xdc,0x00,0x00,0x00,0x00,0x00,0x00,0x00,0x00,0x00,0x00,0x00,0x00,0x00,0x00,0x00,
    0x00,0x00,0x00,0x00,0x00,0x00,0x00,0x00,0x00,0x00,0x00,0x00,0x00,0x00,0x00,0x02,0x64,0xdc,0x08,0x83,0xff,0x08,0x83,0xff,
    0x08,0x83,0xff,0x08,0x83,0xff,0x08,0x83,0xff,0x08,0x83,0xff,0x08,0x83,0xff,0x08,0x83,0xff,0x08,0x83,0xff,0x08,0x83,0xff,
    0x08,0x83,0xff,0x08,0x83,0xff,0x08,0x83,0xff,0x08,0x83,0xff,0x08,0x83,0xff,0x08,0x82,0xff,0x08,0x82,0xff,0x08,0x82,0xff,
    0x08,0x82,0xff,0x08,0x82,0xff,0x08,0x82,0xff,0x08,0x82,0xff,0x08,0x82,0xff,0x08,0x82,0xff,0x08,0x82,0xff,0x08,0x82,0xff,
    0x08,0x82,0xff,0x08,0x82,0xff,0x08,0x82,0xff,0x08,0x82,0xff,0x08,0x82,0xff,0x08,0x82,0xff,0x08,0x82,0xff,0x08,0x82,0xff,
    0x08,0x82,0xff,0x08,0x82,0xff,0x08,0x82,0xff,0x08,0x82,0xff,0x08,0x82,0xff,0x08,0x82,0xff,0x08,0x82,0xff,0x08,0x82,0xff,
    0x08,0x82,0xff,0x08,0x82,0xff,0x08,0x82,0xff,0x08,0x82,0xff,0x08,0x82,0xff,0x08,0x82,0xff,0x08,0x82,0xff,0x08,0x82,0xff,
    0x08,0x82,0xff,0x08,0x82,0xff,0x08,0x82,0xff,0x08,0x82,0xff,0x08,0x82,0xff,0x08,0x82,0xff,0x08,0x82,0xff,0x08,0x82,0xff,
    0x08,0x82,0xff,0x08,0x82,0xff,0x08,0x82,0xff,0x08,0x82,0xff,0x08,0x82,0xff,0x08,0x82,0xff,0x08,0x82,0xff,0x08,0x82,0xff,
    0x08,0x82,0xff,0x08,0x82,0xff,0x08,0x82,0xff,0x08,0x82,0xff,0x08,0x82,0xff,0x08,0x82,0xff,0x08,0x82,0xff,0x08,0x82,0xff,
    0x08,0x82,0xff,0x08,0x82,0xff,0x08,0x82,0xff,0x08,0x82,0xff,0x08,0x82,0xff,0x08,0x82,0xff,0x08,0x82,0xff,0x08,0x82,0xff,
    0x08,0x82,0xff,0x08,0x82,0xff,0x08,0x82,0xff,0x08,0x82,0xff,0x08,0x82,0xff,0x08,0x82,0xff,0x08,0x82,0xff,0x08,0x82,0xff,
    0x08,0x82,0xff,0x08,0x82,0xff,0x08,0x82,0xff,0x08,0x82,0xff,0x08,0x82,0xff,0x08,0x82,0xff,0x08,0x82,0xff,0x08,0x82,0xff,
    0x08,0x82,0xff,0x08,0x82,0xff,0x08,0x82,0xff,0x08,0x82,0xff,0x08,0x82,0xff,0x08,0x82,0xff,0x08,0x82,0xff,0x08,0x82,0xff,
    0x08,0x82,0xff,0x08,0x82,0xff,0x08,0x82,0xff,0x08,0x82,0xff,0x08,0x83,0xff,0x08,0x83,0xff,0x08,0x83,0xff,0x08,0x83,0xff,
    0x08,0x83,0xff,0x08,0x83,0xff,0x08,0x83,0xff,0x08,0x83,0xff,0x08,0x83,0xff,0x08,0x83,0xff,0x08,0x83,0xff,0x08,0x83,0xff,
    0x08,0x83,0xff,0x08,0x83,0xff,0x02,0x64,0xdc,0x00,0x00,0x00,0x00,0x00,0x00,0x00,0x00,0x00,0x00,0x00,0x00,0x00,0x00,0x00,
    0x00,0x00,0x00,0x00,0x00,0x00,0x00,0x00,0x00,0x00,0x00,0x00,0x02,0x64,0xdc,0x08,0x83,0xff,0x08,0x83,0xff,0x08,0x83,0xff,
    0x08,0x83,0xff,0x08,0x83,0xff,0x08,0x83,0xff,0x08,0x83,0xff,0x08,0x83,0xff,0x08,0x83,0xff,0x08,0x83,0xff,0x08,0x83,0xff,
    0x08,0x83,0xff,0x08,0x83,0xff,0x08,0x83,0xff,0x08,0x83,0xff,0x08,0x83,0xff,0x08,0x83,0xff,0x08,0x83,0xff,0x08,0x82,0xff,
    0x08,0x82,0xff,0x08,0x82,0xff,0x08,0x82,0xff,0x08,0x82,0xff,0x08,0x82,0xff,0x08,0x82,0xff,0x08,0x82,0xff,0x08,0x82,0xff,
    0x08,0x82,0xff,0x08,0x82,0xff,0x08,0x82,0xff,0x08,0x82,0xff,0x08,0x82,0xff,0x08,0x82,0xff,0x08,0x82,0xff,0x08,0x82,0xff,
    0x08,0x82,0xff,0x08,0x82,0xff,0x08,0x82,0xff,0x08,0x82,0xff,0x08,0x82,0xff,0x08,0x82,0xff,0x08,0x82,0xff,0x08,0x82,0xff,
    0x08,0x82,0xff,0x08,0x82,0xff,0x08,0x82,0xff,0x08,0x82,0xff,0x08,0x82,0xff,0x08,0x82,0xff,0x08,0x82,0xff,0x08,0x82,0xff,
    0x08,0x82,0xff,0x08,0x82,0xff,0x08,0x82,0xff,0x08,0x82,0xff,0x08,0x82,0xff,0x08,0x82,0xff,0x08,0x82,0xff,0x08,0x82,0xff,
    0x08,0x82,0xff,0x08,0x82,0xff,0x08,0x82,0xff,0x08,0x82,0xff,0x08,0x82,0xff,0x08,0x82,0xff,0x08,0x82,0xff,0x08,0x82,0xff,
    0x08,0x82,0xff,0x08,0x82,0xff,0x08,0x82,0xff,0x08,0x82,0xff,0x08,0x82,0xff,0x08,0x82,0xff,0x08,0x82,0xff,0x08,0x82,0xff,
    0x08,0x82,0xff,0x08,0x82,0xff,0x08,0x82,0xff,0x08,0x82,0xff,0x08,0x82,0xff,0x08,0x82,0xff,0x08,0x82,0xff,0x08,0x82,0xff,
    0x08,0x82,0xff,0x08,0x82,0xff,0x08,0x82,0xff,0x08,0x82,0xff,0x08,0x82,0xff,0x08,0x82,0xff,0x08,0x82,0xff,0x08,0x82,0xff,
    0x08,0x82,0xff,0x08,0x82,0xff,0x08,0x82,0xff,0x08,0x82,0xff,0x08,0x82,0xff,0x08,0x82,0xff,0x08,0x82,0xff,0x08,0x82,0xff,
    0x08,0x82,0xff,0x08,0x82,0xff,0x08,0x82,0xff,0x08,0x82,0xff,0x08,0x82,0xff,0x08,0x82,0xff,0x08,0x82,0xff,0x08,0x82,0xff,
    0x08,0x82,0xff,0x08,0x82,0xff,0x08,0x83,0xff,0x08,0x83,0xff,0x08,0x83,0xff,0x08,0x83,0xff,0x08,0x83,0xff,0x08,0x83,0xff,
    0x08,0x83,0xff,0x08,0x83,0xff,0x08,0x83,0xff,0x08,0x83,0xff,0x08,0x83,0xff,0x08,0x83,0xff,0x08,0x83,0xff,0x08,0x83,0xff,
    0x08,0x83,0xff,0x08,0x83,0xff,0x08,0x83,0xff,0x02,0x64,0xdc,0x00,0x00,0x00,0x00,0x00,0x00,0x00,0x00,0x00,0x00,0x00,0x00,
    0x00,0x00,0x00,0x00,0x00,0x00,0x00,0x00,0x00,0x02,0x64,0xdc,0x08,0x83,0xff,0x08,0x83,0xff,0x08,0x83,0xff,0x08,0x83,0xff,
    0x08,0x83,0xff,0x08,0x83,0xff,0x08,0x83,0xff,0x08,0x83,0xff,0x08,0x83,0xff,0x08,0x83,0xff,0x08,0x83,0xff,0x08,0x83,0xff,
    0x08,0x83,0xff,0x08,0x83,0xff,0x08,0x83,0xff,0x08,0x83,0xff,0x08,0x83,0xff,0x08,0x83,0xff,0x08,0x83,0xff,0x08,0x83,0xff,
    0x08,0x83,0xff,0x08,0x83,0xff,0x08,0x83,0xff,0x08,0x83,0xff,0x08,0x83,0xff,0x08,0x83,0xff,0x08,0x83,0xff,0x08,0x83,0xff,
    0x08,0x83,0xff,0x08,0x83,0xff,0x08,0x83,0xff,0x08,0x83,0xff,0x08,0x83,0xff,0x08,0x83,0xff,0x08,0x83,0xff,0x08,0x83,0xff,
    0x08,0x83,0xff,0x08,0x83,0xff,0x08,0x83,0xff,0x08,0x83,0xff,0x08,0x83,0xff,0x08,0x83,0xff,0x08,0x83,0xff,0x08,0x83,0xff,
    0x08,0x83,0xff,0x08,0x83,0xff,0x08,0x83,0xff,0x08,0x83,0xff,0x08,0x83,0xff,0x08,0x83,0xff,0x08,0x83,0xff,0x08,0x83,0xff,
    0x08,0x83,0xff,0x08,0x83,0xff,0x08,0x83,0xff,0x08,0x83,0xff,0x08,0x83,0xff,0x08,0x83,0xff,0x08,0x83,0xff,0x08,0x83,0xff,
    0x08,0x83,0xff,0x08,0x83,0xff,0x08,0x83,0xff,0x08,0x83,0xff,0x08,0x83,0xff,0x08,0x83,0xff,0x08,0x83,0xff,0x08,0x83,0xff,
    0x08,0x83,0xff,0x08,0x83,0xff,0x08,0x83,0xff,0x08,0x83,0xff,0x08,0x83,0xff,0x08,0x83,0xff,0x08,0x83,0xff,0x08,0x83,0xff,
    0x08,0x83,0xff,0x08,0x83,0xff,0x08,0x83,0xff,0x08,0x83,0xff,0x08,0x83,0xff,0x08,0x83,0xff,0x08,0x83,0xff,0x08,0x83,0xff,
    0x08,0x83,0xff,0x08,0x83,0xff,0x08,0x83,0xff,0x08,0x83,0xff,0x08,0x83,0xff,0x08,0x83,0xff,0x08,0x83,0xff,0x08,0x83,0xff,
    0x08,0x83,0xff,0x08,0x83,0xff,0x08,0x83,0xff,0x08,0x83,0xff,0x08,0x83,0xff,0x08,0x83,0xff,0x08,0x83,0xff,0x08,0x83,0xff,
    0x08,0x83,0xff,0x08,0x83,0xff,0x08,0x83,0xff,0x08,0x83,0xff,0x08,0x83,0xff,0x08,0x83,0xff,0x08,0x83,0xff,0x08,0x83,0xff,
    0x08,0x83,0xff,0x08,0x83,0xff,0x08,0x83,0xff,0x08,0x83,0xff,0x08,0x83,0xff,0x08,0x83,0xff,0x08,0x83,0xff,0x08,0x83,0xff,
    0x08,0x83,0xff,0x08,0x83,0xff,0x08,0x83,0xff,0x08,0x83,0xff,0x08,0x83,0xff,0x08,0x83,0xff,0x08,0x83,0xff,0x08,0x83,0xff,
    0x08,0x83,0xff,0x08,0x83,0xff,0x08,0x83,0xff,0x08,0x83,0xff,0x02,0x64,0xdc,0x00,0x00,0x00,0x00,0x00,0x00,0x00,0x00,0x00,
    0x00,0x00,0x00,0x00,0x00,0x00,0x00,0x00,0x00,0x02,0x64,0xdc,0x08,0x83,0xff,0x08,0x83,0xff,0x08,0x83,0xff,0x08,0x83,0xff,
    0x08,0x83,0xff,0x08,0x83,0xff,0x08,0x83,0xff,0x08,0x83,0xff,0x08,0x83,0xff,0x08,0x83,0xff,0x08,0x83,0xff,0x08,0x83,0xff,
    0x08,0x83,0xff,0x08,0x83,0xff,0x08,0x83,0xff,0x08,0x83,0xff,0x08,0x83,0xff,0x08,0x83,0xff,0x08,0x83,0xff,0x08,0x83,0xff,
    0x08,0x83,0xff,0x08,0x83,0xff,0x08,0x83,0xff,0x08,0x83,0xff,0x08,0x83,0xff,0x08,0x83,0xff,0x08,0x83,0xff,0x08,0x83,0xff,
    0x08,0x83,0xff,0x08,0x83,0xff,0x08,0x83,0xff,0x08,0x83,0xff,0x08,0x83,0xff,0x08,0x83,0xff,0x08,0x83,0xff,0x08,0x83,0xff,
    0x08,0x83,0xff,0x08,0x83,0xff,0x08,0x83,0xff,0x08,0x83,0xff,0x08,0x83,0xff,0x08,0x83,0xff,0x08,0x83,0xff,0x08,0x83,0xff,
    0x08,0x83,0xff,0x08,0x83,0xff,0x08,0x83,0xff,0x08,0x83,0xff,0x08,0x83,0xff,0x08,0x83,0xff,0x08,0x83,0xff,0x08,0x83,0xff,
    0x08,0x83,0xff,0x08,0x83,0xff,0x08,0x83,0xff,0x08,0x83,0xff,0x08,0x83,0xff,0x08,0x83,0xff,0x08,0x83,0xff,0x08,0x83,0xff,
    0x08,0x83,0xff,0x08,0x83,0xff,0x08,0x83,0xff,0x08,0x83,0xff,0x08,0x83,0xff,0x08,0x83,0xff,0x08,0x83,0xff,0x08,0x83,0xff,
    0x08,0x83,0xff,0x08,0x83,0xff,0x08,0x83,0xff,0x08,0x83,0xff,0x08,0x83,0xff,0x08,0x83,0xff,0x08,0x83,0xff,0x08,0x83,0xff,
    0x08,0x83,0xff,0x08,0x83,0xff,0x08,0x83,0xff,0x08,0x83,0xff,0x08,0x83,0xff,0x08,0x83,0xff,0x08,0x83,0xff,0x08,0x83,0xff,
    0x08,0x83,0xff,0x08,0x83,0xff,0x08,0x83,0xff,0x08,0x83,0xff,0x08,0x83,0xff,0x08,0x83,0xff,0x08,0x83,0xff,0x08,0x83,0xff,
    0x08,0x83,0xff,0x08,0x83,0xff,0x08,0x83,0xff,0x08,0x83,0xff,0x08,0x83,0xff,0x08,0x83,0xff,0x08,0x83,0xff,0x08,0x83,0xff,
    0x08,0x83,0xff,0x08,0x83,0xff,0x08,0x83,0xff,0x08,0x83,0xff,0x08,0x83,0xff,0x08,0x83,0xff,0x08,0x83,0xff,0x08,0x83,0xff,
    0x08,0x83,0xff,0x08,0x83,0xff,0x08,0x83,0xff,0x08,0x83,0xff,0x08,0x83,0xff,0x08,0x83,0xff,0x08,0x83,0xff,0x08,0x83,0xff,
    0x08,0x83,0xff,0x08,0x83,0xff,0x08,0x83,0xff,0x08,0x83,0xff,0x08,0x83,0xff,0x08,0x83,0xff,0x08,0x83,0xff,0x08,0x83,0xff,
    0x08,0x83,0xff,0x08,0x83,0xff,0x08,0x83,0xff,0x08,0x83,0xff,0x02,0x64,0xdc,0x00,0x00,0x00,0x00,0x00,0x00,0x00,0x00,0x00,
    0x00,0x00,0x00,0x00,0x00,0x00,0x00,0x00,0x00,0x02,0x64,0xdc,0x08,0x83,0xff,0x08,0x83,0xff,0x08,0x83,0xff,0x08,0x83,0xff,
    0x08,0x83,0xff,0x08,0x83,0xff,0x08,0x83,0xff,0x08,0x83,0xff,0x08,0x83,0xff,0x08,0x83,0xff,0x08,0x83,0xff,0x08,0x83,0xff,
    0x08,0x83,0xff,0x08,0x83,0xff,0x08,0x83,0xff,0x08,0x83,0xff,0x08,0x83,0xff,0x08,0x83,0xff,0x08,0x83,0xff,0x08,0x83,0xff,
    0x08,0x83,0xff,0x08,0x83,0xff,0x08,0x83,0xff,0x08,0x83,0xff,0x08,0x83,0xff,0x08,0x83,0xff,0x08,0x83,0xff,0x08,0x83,0xff,
    0x08,0x83,0xff,0x08,0x83,0xff,0x08,0x83,0xff,0x08,0x83,0xff,0x08,0x83,0xff,0x08,0x83,0xff,0x08,0x83,0xff,0x08,0x83,0xff,
    0x08,0x83,0xff,0x08,0x83,0xff,0x08,0x83,0xff,0x08,0x83,0xff,0x08,0x83,0xff,0x08,0x83,0xff,0x08,0x83,0xff,0x08,0x83,0xff,
    0x08,0x83,0xff,0x08,0x83,0xff,0x08,0x83,0xff,0x08,0x83,0xff,0x08,0x83,0xff,0x08,0x83,0xff,0x08,0x83,0xff,0x08,0x83,0xff,
    0x08,0x83,0xff,0x08,0x83,0xff,0x08,0x83,0xff,0x08,0x83,0xff,0x08,0x83,0xff,0x08,0x83,0xff,0x08,0x83,0xff,0x08,0x83,0xff,
    0x08,0x83,0xff,0x08,0x83,0xff,0x08,0x83,0xff,0x08,0x83,0xff,0x08,0x83,0xff,0x08,0x83,0xff,0x08,0x83,0xff,0x08,0x83,0xff,
    0x08,0x83,0xff,0x08,0x83,0xff,0x08,0x83,0xff,0x08,0x83,0xff,0x08,0x83,0xff,0x08,0x83,0xff,0x08,0x83,0xff,0x08,0x83,0xff,
    0x08,0x83,0xff,0x08,0x83,0xff,0x08,0x83,0xff,0x08,0x83,0xff,0x08,0x83,0xff,0x08,0x83,0xff,0x08,0x83,0xff,0x08,0x83,0xff,
    0x08,0x83,0xff,0x08,0x83,0xff,0x08,0x83,0xff,0x08,0x83,0xff,0x08,0x83,0xff,0x08,0x83,0xff,0x08,0x83,0xff,0x08,0x83,0xff,
    0x08,0x83,0xff,0x08,0x83,0xff,0x08,0x83,0xff,0x08,0x83,0xff,0x08,0x83,0xff,0x08,0x83,0xff,0x08,0x83,0xff,0x08,0x83,0xff,
    0x08,0x83,0xff,0x08,0x83,0xff,0x08,0x83,0xff,0x08,0x83,0xff,0x08,0x83,0xff,0x08,0x83,0xff,0x08,0x83,0xff,0x08,0x83,0xff,
    0x08,0x83,0xff,0x08,0x83,0xff,0x08,0x83,0xff,0x08,0x83,0xff,0x08,0x83,0xff,0x08,0x83,0xff,0x08,0x83,0xff,0x08,0x83,0xff,
    0x08,0x83,0xff,0x08,0x83,0xff,0x08,0x83,0xff,0x08,0x83,0xff,0x08,0x83,0xff,0x08,0x83,0xff,0x08,0x83,0xff,0x08,0x83,0xff,
    0x08,0x83,0xff,0x08,0x83,0xff,0x08,0x83,0xff,0x08,0x83,0xff,0x02,0x64,0xdc,0x00,0x00,0x00,0x00,0x00,0x00,0x00,0x00,0x00,
    0x00,0x00,0x00,0x00,0x00,0x00,0x02,0x64,0xdc,0x08,0x83,0xff,0x08,0x83,0xff,0x08,0x83,0xff,0x08,0x83,0xff,0x08,0x83,0xff,
    0x08,0x83,0xff,0x08,0x83,0xff,0x08,0x83,0xff,0x08,0x83,0xff,0x08,0x83,0xff,0x08,0x83,0xff,0x08,0x83,0xff,0x08,0x83,0xff,
    0x08,0x83,0xff,0x08,0x83,0xff,0x08,0x83,0xff,0x08,0x83,0xff,0x08,0x83,0xff,0x08,0x83,0xff,0x08,0x83,0xff,0x08,0x83,0xff,
    0x08,0x83,0xff,0x08,0x83,0xff,0x08,0x83,0xff,0x08,0x83,0xff,0x08,0x83,0xff,0x08,0x83,0xff,0x08,0x83,0xff,0x08,0x83,0xff,
    0x08,0x83,0xff,0x08,0x83,0xff,0x08,0x83,0xff,0x08,0x83,0xff,0x08,0x83,0xff,0x08,0x83,0xff,0x08,0x83,0xff,0x08,0x83,0xff,
    0x08,0x83,0xff,0x08,0x83,0xff,0x08,0x83,0xff,0x08,0x83,0xff,0x08,0x83,0xff,0x08,0x83,0xff,0x08,0x83,0xff,0x08,0x83,0xff,
    0x08,0x83,0xff,0x08,0x83,0xff,0x08,0x83,0xff,0x08,0x83,0xff,0x08,0x83,0xff,0x08,0x83,0xff,0x08,0x83,0xff,0x08,0x83,0xff,
    0x08,0x83,0xff,0x08,0x83,0xff,0x08,0x83,0xff,0x08,0x83,0xff,0x08,0x83,0xff,0x08,0x83,0xff,0x08,0x83,0xff,0x08,0x83,0xff,
    0x08,0x83,0xff,0x08,0x83,0xff,0x08,0x83,0xff,0x08,0x83,0xff,0x08,0x83,0xff,0x08,0x83,0xff,0x08,0x83,0xff,0x08,0x83,0xff,
    0x08,0x83,0xff,0x08,0x83,0xff,0x08,0x83,0xff,0x08,0x83,0xff,0x08,0x83,0xff,0x08,0x83,0xff,0x08,0x83,0xff,0x08,0x83,0xff,
    0x08,0x83,0xff,0x08,0x83,0xff,0x08,0x83,0xff,0x08,0x83,0xff,0x08,0x83,0xff,0x08,0x83,0xff,0x08,0x83,0xff,0x08,0x83,0xff,
    0x08,0x83,0xff,0x08,0x83,0xff,0x08,0x83,0xff,0x08,0x83,0xff,0x08,0x83,0xff,0x08,0x83,0xff,0x08,0x83,0xff,0x08,0x83,0xff,
    0x08,0x83,0xff,0x08,0x83,0xff,0x08,0x83,0xff,0x08,0x83,0xff,0x08,0x83,0xff,0x08,0x83,0xff,0x08,0x83,0xff,0x08,0x83,0xff,
    0x08,0x83,0xff,0x08,0x83,0xff,0x08,0x83,0xff,0x08,0x83,0xff,0x08,0x83,0xff,0x08,0x83,0xff,0x08,0x83,0xff,0x08,0x83,0xff,
    0x08,0x83,0xff,0x08,0x83,0xff,0x08,0x83,0xff,0x08,0x83,0xff,0x08,0x83,0xff,0x08,0x83,0xff,0x08,0x83,0xff,0x08,0x83,0xff,
    0x08,0x83,0xff,0x08,0x83,0xff,0x08,0x83,0xff,0x08,0x83,0xff,0x08,0x83,0xff,0x08,0x83,0xff,0x08,0x83,0xff,0x08,0x83,0xff,
    0x08,0x83,0xff,0x08,0x83,0xff,0x08,0x83,0xff,0x08,0x83,0xff,0x08,0x83,0xff,0x02,0x64,0xdc,0x00,0x00,0x00,0x00,0x00,0x00,
    0x00,0x00,0x00,0x00,0x00,0x00,0x02,0x64,0xdc,0x08,0x83,0xff,0x08,0x83,0xff,0x08,0x83,0xff,0x08,0x83,0xff,0x08,0x83,0xff,
    0x08,0x83,0xff,0x08,0x83,0xff,0x08,0x83,0xff,0x08,0x83,0xff,0x08,0x83,0xff,0x08,0x83,0xff,0x08,0x83,0xff,0x08,0x83,0xff,
    0x08,0x83,0xff,0x08,0x83,0xff,0x08,0x83,0xff,0x08,0x83,0xff,0x08,0x83,0xff,0x08,0x83,0xff,0x08,0x83,0xff,0x08,0x83,0xff,
    0x08,0x83,0xff,0x08,0x83,0xff,0x08,0x83,0xff,0x08,0x83,0xff,0x08,0x83,0xff,0x08,0x83,0xff,0x08,0x83,0xff,0x08,0x83,0xff,
    0x08,0x83,0xff,0x08,0x83,0xff,0x08,0x83,0xff,0x08,0x83,0xff,0x08,0x83,0xff,0x08,0x83,0xff,0x08,0x83,0xff,0x08,0x83,0xff,
    0x08,0x83,0xff,0x08,0x83,0xff,0x08,0x83,0xff,0x08,0x83,0xff,0x08,0x83,0xff,0x08,0x83,0xff,0x08,0x83,0xff,0x08,0x83,0xff,
    0x08,0x83,0xff,0x08,0x83,0xff,0x08,0x83,0xff,0x08,0x83,0xff,0x08,0x83,0xff,0x08,0x83,0xff,0x08,0x83,0xff,0x08,0x83,0xff,
    0x08,0x83,0xff,0x08,0x83,0xff,0x08,0x83,0xff,0x08,0x83,0xff,0x08,0x83,0xff,0x08,0x83,0xff,0x08,0x83,0xff,0x08,0x83,0xff,
    0x08,0x83,0xff,0x08,0x83,0xff,0x08,0x83,0xff,0x08,0x83,0xff,0x08,0x83,0xff,0x08,0x83,0xff,0x08,0x83,0xff,0x08,0x83,0xff,
    0x08,0x83,0xff,0x08,0x83,0xff,0x08,0x83,0xff,0x08,0x83,0xff,0x08,0x83,0xff,0x08,0x83,0xff,0x08,0x83,0xff,0x08,0x83,0xff,
    0x08,0x83,0xff,0x08,0x83,0xff,0x08,0x83,0xff,0x08,0x83,0xff,0x08,0x83,0xff,0x08,0x83,0xff,0x08,0x83,0xff,0x08,0x83,0xff,
    0x08,0x83,0xff,0x08,0x83,0xff,0x08,0x83,0xff,0x08,0x83,0xff,0x08,0x83,0xff,0x08,0x83,0xff,0x08,0x83,0xff,0x08,0x83,0xff,
    0x08,0x83,0xff,0x08,0x83,0xff,0x08,0x83,0xff,0x08,0x83,0xff,0x08,0x83,0xff,0x08,0x83,0xff,0x08,0x83,0xff,0x08,0x83,0xff,
    0x08,0x83,0xff,0x08,0x83,0xff,0x08,0x83,0xff,0x08,0x83,0xff,0x08,0x83,0xff,0x08,0x83,0xff,0x08,0x83,0xff,0x08,0x83,0xff,
    0x08,0x83,0xff,0x08,0x83,0xff,0x08,0x83,0xff,0x08,0x83,0xff,0x08,0x83,0xff,0x08,0x83,0xff,0x08,0x83,0xff,0x08,0x83,0xff,
    0x08,0x83,0xff,0x08,0x83,0xff,0x08,0x83,0xff,0x08,0x83,0xff,0x08,0x83,0xff,0x08,0x83,0xff,0x08,0x83,0xff,0x08,0x83,0xff,
    0x08,0x83,0xff,0x08,0x83,0xff,0x08,0x83,0xff,0x08,0x83,0xff,0x08,0x83,0xff,0x02,0x64,0xdc,0x00,0x00,0x00,0x00,0x00,0x00,
    0x00,0x00,0x00,0x00,0x00,0x00,0x02,0x64,0xdc,0x08,0x83,0xff,0x08,0x83,0xff,0x08,0x83,0xff,0x08,0x83,0xff,0x08,0x83,0xff,
    0x08,0x83,0xff,0x08,0x83,0xff,0x08,0x83,0xff,0x08,0x83,0xff,0x08,0x83,0xff,0x08,0x83,0xff,0x08,0x83,0xff,0x08,0x83,0xff,
    0x08,0x83,0xff,0x08,0x83,0xff,0x08,0x83,0xff,0x08,0x83,0xff,0x08,0x83,0xff,0x08,0x83,0xff,0x08,0x83,0xff,0x08,0x83,0xff,
    0x08,0x83,0xff,0x08,0x83,0xff,0x08,0x83,0xff,0x08,0x83,0xff,0x08,0x83,0xff,0x08,0x83,0xff,0x08,0x83,0xff,0x08,0x83,0xff,
    0x08,0x83,0xff,0x08,0x83,0xff,0x08,0x83,0xff,0x08,0x83,0xff,0x08,0x83,0xff,0x08,0x83,0xff,0x08,0x83,0xff,0x08,0x83,0xff,
    0x08,0x83,0xff,0x08,0x83,0xff,0x08,0x83,0xff,0x08,0x83,0xff,0x08,0x83,0xff,0x08,0x83,0xff,0x08,0x83,0xff,0x08,0x83,0xff,
    0x08,0x83,0xff,0x08,0x83,0xff,0x08,0x83,0xff,0x08,0x83,0xff,0x08,0x83,0xff,0x08,0x83,0xff,0x08,0x83,0xff,0x08,0x83,0xff,
    0x08,0x83,0xff,0x08,0x83,0xff,0x08,0x83,0xff,0x08,0x83,0xff,0x08,0x83,0xff,0x08,0x83,0xff,0x08,0x83,0xff,0x08,0x83,0xff,
    0x08,0x83,0xff,0x08,0x83,0xff,0x08,0x83,0xff,0x08,0x83,0xff,0x08,0x83,0xff,0x08,0x83,0xff,0x08,0x83,0xff,0x08,0x83,0xff,
    0x08,0x83,0xff,0x08,0x83,0xff,0x08,0x83,0xff,0x08,0x83,0xff,0x08,0x83,0xff,0x08,0x83,0xff,0x08,0x83,0xff,0x08,0x83,0xff,
    0x08,0x83,0xff,0x08,0x83,0xff,0x08,0x83,0xff,0x08,0x83,0xff,0x08,0x83,0xff,0x08,0x83,0xff,0x08,0x83,0xff,0x08,0x83,0xff,
    0x08,0x83,0xff,0x08,0x83,0xff,0x08,0x83,0xff,0x08,0x83,0xff,0x08,0x83,0xff,0x08,0x83,0xff,0x08,0x83,0xff,0x08,0x83,0xff,
    0x08,0x83,0xff,0x08,0x83,0xff,0x08,0x83,0xff,0x08,0x83,0xff,0x08,0x83,0xff,0x08,0x83,0xff,0x08,0x83,0xff,0x08,0x83,0xff,
    0x08,0x83,0xff,0x08,0x83,0xff,0x08,0x83,0xff,0x08,0x83,0xff,0x08,0x83,0xff,0x08,0x83,0xff,0x08,0x83,0xff,0x08,0x83,0xff,
    0x08,0x83,0xff,0x08,0x83,0xff,0x08,0x83,0xff,0x08,0x83,0xff,0x08,0x83,0xff,0x08,0x83,0xff,0x08,0x83,0xff,0x08,0x83,0xff,
    0x08,0x83,0xff,0x08,0x83,0xff,0x08,0x83,0xff,0x08,0x83,0xff,0x08,0x83,0xff,0x08,0x83,0xff,0x08,0x83,0xff,0x08,0x83,0xff,
    0x08,0x83,0xff,0x08,0x83,0xff,0x08,0x83,0xff,0x08,0x83,0xff,0x08,0x83,0xff,0x02,0x64,0xdc,0x00,0x00,0x00,0x00,0x00,0x00,
    0x00,0x00,0x00,0x00,0x00,0x00,0x02,0x64,0xdc,0x08,0x83,0xff,0x08,0x83,0xff,0x08,0x83,0xff,0x08,0x83,0xff,0x08,0x83,0xff,
    0x08,0x83,0xff,0x08,0x83,0xff,0x08,0x83,0xff,0x08,0x83,0xff,0x08,0x83,0xff,0x08,0x83,0xff,0x08,0x83,0xff,0x08,0x83,0xff,
    0x08,0x83,0xff,0x08,0x83,0xff,0x08,0x83,0xff,0x08,0x83,0xff,0x08,0x83,0xff,0x08,0x83,0xff,0x08,0x83,0xff,0x08,0x83,0xff,
    0x08,0x83,0xff,0x08,0x83,0xff,0x08,0x83,0xff,0x08,0x83,0xff,0x08,0x83,0xff,0x08,0x83,0xff,0x08,0x83,0xff,0x08,0x83,0xff,
    0x08,0x83,0xff,0x08,0x83,0xff,0x08,0x83,0xff,0x08,0x83,0xff,0x08,0x83,0xff,0x08,0x83,0xff,0x08,0x83,0xff,0x08,0x83,0xff,
    0x08,0x83,0xff,0x08,0x83,0xff,0x08,0x83,0xff,0x08,0x83,0xff,0x08,0x83,0xff,0x08,0x83,0xff,0x08,0x83,0xff,0x08,0x83,0xff,
    0x08,0x83,0xff,0x08,0x83,0xff,0x08,0x83,0xff,0x08,0x83,0xff,0x08,0x83,0xff,0x08,0x83,0xff,0x08,0x83,0xff,0x08,0x83,0xff,
    0x08,0x83,0xff,0x08,0x83,0xff,0x08,0x83,0xff,0x08,0x83,0xff,0x08,0x83,0xff,0x08,0x83,0xff,0x08,0x83,0xff,0x08,0x83,0xff,
    0x08,0x83,0xff,0x08,0x83,0xff,0x08,0x83,0xff,0x08,0x83,0xff,0x08,0x83,0xff,0x08,0x83,0xff,0x08,0x83,0xff,0x08,0x83,0xff,
    0x08,0x83,0xff,0x08,0x83,0xff,0x08,0x83,0xff,0x08,0x83,0xff,0x08,0x83,0xff,0x08,0x83,0xff,0x08,0x83,0xff,0x08,0x83,0xff,
    0x08,0x83,0xff,0x08,0x83,0xff,0x08,0x83,0xff,0x08,0x83,0xff,0x08,0x83,0xff,0x08,0x83,0xff,0x08,0x83,0xff,0x08,0x83,0xff,
    0x08,0x83,0xff,0x08,0x83,0xff,0x08,0x83,0xff,0x08,0x83,0xff,0x08,0x83,0xff,0x08,0x83,0xff,0x08,0x83,0xff,0x08,0x83,0xff,
    0x08,0x83,0xff,0x08,0x83,0xff,0x08,0x83,0xff,0x08,0x83,0xff,0x08,0x83,0xff,0x08,0x83,0xff,0x08,0x83,0xff,0x08,0x83,0xff,
    0x08,0x83,0xff,0x08,0x83,0xff,0x08,0x83,0xff,0x08,0x83,0xff,0x08,0x83,0xff,0x08,0x83,0xff,0x08,0x83,0xff,0x08,0x83,0xff,
    0x08,0x83,0xff,0x08,0x83,0xff,0x08,0x83,0xff,0x08,0x83,0xff,0x08,0x83,0xff,0x08,0x83,0xff,0x08,0x83,0xff,0x08,0x83,0xff,
    0x08,0x83,0xff,0x08,0x83,0xff,0x08,0x83,0xff,0x08,0x83,0xff,0x08,0x83,0xff,0x08,0x83,0xff,0x08,0x83,0xff,0x08,0x83,0xff,
    0x08,0x83,0xff,0x08,0x83,0xff,0x08,0x83,0xff,0x08,0x83,0xff,0x08,0x83,0xff,0x02,0x64,0xdc,0x00,0x00,0x00,0x00,0x00,0x00,
    0x00,0x00,0x00,0x00,0x00,0x00,0x02,0x64,0xdc,0x08,0x83,0xff,0x08,0x83,0xff,0x08,0x83,0xff,0x08,0x83,0xff,0x08,0x83,0xff,
    0x08,0x83,0xff,0x08,0x83,0xff,0x08,0x83,0xff,0x08,0x83,0xff,0x08,0x83,0xff,0x08,0x83,0xff,0x08,0x83,0xff,0x08,0x83,0xff,
    0x08,0x83,0xff,0x08,0x83,0xff,0x08,0x83,0xff,0x08,0x83,0xff,0x08,0x83,0xff,0x08,0x83,0xff,0x08,0x83,0xff,0x08,0x83,0xff,
    0x08,0x83,0xff,0x08,0x83,0xff,0x08,0x83,0xff,0x08,0x83,0xff,0x08,0x83,0xff,0x08,0x83,0xff,0x08,0x83,0xff,0x08,0x83,0xff,
    0x08,0x83,0xff,0x08,0x83,0xff,0x08,0x83,0xff,0x08,0x83,0xff,0x08,0x83,0xff,0x08,0x83,0xff,0x08,0x83,0xff,0x08,0x83,0xff,
    0x08,0x83,0xff,0x08,0x83,0xff,0x08,0x83,0xff,0x08,0x83,0xff,0x08,0x83,0xff,0x08,0x83,0xff,0x08,0x83,0xff,0x08,0x83,0xff,
    0x08,0x83,0xff,0x08,0x83,0xff,0x08,0x83,0xff,0x08,0x83,0xff,0x08,0x83,0xff,0x08,0x83,0xff,0x08,0x83,0xff,0x08,0x83,0xff,
    0x08,0x83,0xff,0x08,0x83,0xff,0x08,0x83,0xff,0x08,0x83,0xff,0x08,0x83,0xff,0x08,0x83,0xff,0x08,0x83,0xff,0x08,0x83,0xff,
    0x08,0x83,0xff,0x08,0x83,0xff,0x08,0x83,0xff,0x08,0x83,0xff,0x08,0x83,0xff,0x08,0x83,0xff,0x08,0x83,0xff,0x08,0x83,0xff,
    0x08,0x83,0xff,0x08,0x83,0xff,0x08,0x83,0xff,0x08,0x83,0xff,0x08,0x83,0xff,0x08,0x83,0xff,0x08,0x83,0xff,0x08,0x83,0xff,
    0x08,0x83,0xff,0x08,0x83,0xff,0x08,0x83,0xff,0x08,0x83,0xff,0x08,0x83,0xff,0x08,0x83,0xff,0x08,0x83,0xff,0x08,0x83,0xff,
    0x08,0x83,0xff,0x08,0x83,0xff,0x08,0x83,0xff,0x08,0x83,0xff,0x08,0x83,0xff,0x08,0x83,0xff,0x08,0x83,0xff,0x08,0x83,0xff,
    0x08,0x83,0xff,0x08,0x83,0xff,0x08,0x83,0xff,0x08,0x83,0xff,0x08,0x83,0xff,0x08,0x83,0xff,0x08,0x83,0xff,0x08,0x83,0xff,
    0x08,0x83,0xff,0x08,0x83,0xff,0x08,0x83,0xff,0x08,0x83,0xff,0x08,0x83,0xff,0x08,0x83,0xff,0x08,0x83,0xff,0x08,0x83,0xff,
    0x08,0x83,0xff,0x08,0x83,0xff,0x08,0x83,0xff,0x08,0x83,0xff,0x08,0x83,0xff,0x08,0x83,0xff,0x08,0x83,0xff,0x08,0x83,0xff,
    0x08,0x83,0xff,0x08,0x83,0xff,0x08,0x83,0xff,0x08,0x83,0xff,0x08,0x83,0xff,0x08,0x83,0xff,0x08,0x83,0xff,0x08,0x83,0xff,
    0x08,0x83,0xff,0x08,0x83,0xff,0x08,0x83,0xff,0x08,0x83,0xff,0x08,0x83,0xff,0x02,0x64,0xdc,0x00,0x00,0x00,0x00,0x00,0x00,
    0x00,0x00,0x00,0x00,0x00,0x00,0x02,0x64,0xdc,0x08,0x83,0xff,0x08,0x83,0xff,0x08,0x83,0xff,0x08,0x83,0xff,0x08,0x83,0xff,
    0x08,0x83,0xff,0x08,0x83,0xff,0x08,0x83,0xff,0x08,0x83,0xff,0x08,0x83,0xff,0x08,0x83,0xff,0x08,0x83,0xff,0x08,0x83,0xff,
    0x08,0x83,0xff,0x08,0x83,0xff,0x08,0x83,0xff,0x08,0x83,0xff,0x08,0x83,0xff,0x08,0x83,0xff,0x08,0x83,0xff,0x08,0x83,0xff,
    0x08,0x83,0xff,0x08,0x83,0xff,0x08,0x83,0xff,0x08,0x83,0xff,0x08,0x83,0xff,0x08,0x83,0xff,0x08,0x83,0xff,0x08,0x83,0xff,
    0x08,0x83,0xff,0x08,0x83,0xff,0x08,0x83,0xff,0x08,0x83,0xff,0x08,0x83,0xff,0x08,0x83,0xff,0x08,0x83,0xff,0x08,0x83,0xff,
    0x08,0x83,0xff,0x08,0x83,0xff,0x08,0x83,0xff,0x08,0x83,0xff,0x08,0x83,0xff,0x08,0x83,0xff,0x08,0x83,0xff,0x08,0x83,0xff,
    0x08,0x83,0xff,0x08,0x83,0xff,0x08,0x83,0xff,0x08,0x83,0xff,0x08,0x83,0xff,0x08,0x83,0xff,0x08,0x83,0xff,0x08,0x83,0xff,
    0x08,0x83,0xff,0x08,0x83,0xff,0x08,0x83,0xff,0x08,0x83,0xff,0x08,0x83,0xff,0x08,0x83,0xff,0x08,0x83,0xff,0x08,0x83,0xff,
    0x08,0x83,0xff,0x08,0x83,0xff,0x08,0x83,0xff,0x08,0x83,0xff,0x08,0x83,0xff,0x08,0x83,0xff,0x08,0x83,0xff,0x08,0x83,0xff,
    0x08,0x83,0xff,0x08,0x83,0xff,0x08,0x83,0xff,0x08,0x83,0xff,0x08,0x83,0xff,0x08,0x83,0xff,0x08,0x83,0xff,0x08,0x83,0xff,
    0x08,0x83,0xff,0x08,0x83,0xff,0x08,0x83,0xff,0x08,0x83,0xff,0x08,0x83,0xff,0x08,0x83,0xff,0x08,0x83,0xff,0x08,0x83,0xff,
    0x08,0x83,0xff,0x08,0x83,0xff,0x08,0x83,0xff,0x08,0x83,0xff,0x08,0x83,0xff,0x08,0x83,0xff,0x08,0x83,0xff,0x08,0x83,0xff,
    0x08,0x83,0xff,0x08,0x83,0xff,0x08,0x83,0xff,0x08,0x83,0xff,0x08,0x83,0xff,0x08,0x83,0xff,0x08,0x83,0xff,0x08,0x83,0xff,
    0x08,0x83,0xff,0x08,0x83,0xff,0x08,0x83,0xff,0x08,0x83,0xff,0x08,0x83,0xff,0x08,0x83,0xff,0x08,0x83,0xff,0x08,0x83,0xff,
    0x08,0x83,0xff,0x08,0x83,0xff,0x08,0x83,0xff,0x08,0x83,0xff,0x08,0x83,0xff,0x08,0x83,0xff,0x08,0x83,0xff,0x08,0x83,0xff,
    0x08,0x83,0xff,0x08,0x83,0xff,0x08,0x83,0xff,0x08,0x83,0xff,0x08,0x83,0xff,0x08,0x83,0xff,0x08,0x83,0xff,0x08,0x83,0xff,
    0x08,0x83,0xff,0x08,0x83,0xff,0x08,0x83,0xff,0x08,0x83,0xff,0x08,0x83,0xff,0x02,0x64,0xdc,0x00,0x00,0x00,0x00,0x00,0x00,
    0x00,0x00,0x00,0x00,0x00,0x00,0x02,0x64,0xdc,0x08,0x83,0xff,0x08,0x83,0xff,0x08,0x83,0xff,0x08,0x83,0xff,0x08,0x83,0xff,
    0x08,0x83,0xff,0x08,0x83,0xff,0x08,0x83,0xff,0x08,0x83,0xff,0x08,0x83,0xff,0x08,0x83,0xff,0x08,0x83,0xff,0x08,0x83,0xff,
    0x08,0x83,0xff,0x08,0x83,0xff,0x08,0x83,0xff,0x08,0x83,0xff,0x08,0x83,0xff,0x08,0x83,0xff,0x08,0x83,0xff,0x08,0x83,0xff,
    0x08,0x83,0xff,0x08,0x83,0xff,0x08,0x83,0xff,0x08,0x83,0xff,0x08,0x83,0xff,0x08,0x83,0xff,0x08,0x83,0xff,0x08,0x83,0xff,
    0x08,0x83,0xff,0x08,0x83,0xff,0x08,0x83,0xff,0x08,0x83,0xff,0x08,0x83,0xff,0x08,0x83,0xff,0x08,0x83,0xff,0x08,0x83,0xff,
    0x08,0x83,0xff,0x08,0x83,0xff,0x08,0x83,0xff,0x08,0x83,0xff,0x08,0x83,0xff,0x08,0x83,0xff,0x08,0x83,0xff,0x08,0x83,0xff,
    0x08,0x83,0xff,0x08,0x83,0xff,0x08,0x83,0xff,0x08,0x83,0xff,0x08,0x83,0xff,0x08,0x83,0xff,0x08,0x83,0xff,0x08,0x83,0xff,
    0x08,0x83,0xff,0x08,0x83,0xff,0x08,0x83,0xff,0x08,0x83,0xff,0x08,0x83,0xff,0x08,0x83,0xff,0x08,0x83,0xff,0x08,0x83,0xff,
    0x08,0x83,0xff,0x08,0x83,0xff,0x08,0x83,0xff,0x08,0x83,0xff,0x08,0x83,0xff,0x08,0x83,0xff,0x08,0x83,0xff,0x08,0x83,0xff,
    0x08,0x83,0xff,0x08,0x83,0xff,0x08,0x83,0xff,0x08,0x83,0xff,0x08,0x83,0xff,0x08,0x83,0xff,0x08,0x83,0xff,0x08,0x83,0xff,
    0x08,0x83,0xff,0x08,0x83,0xff,0x08,0x83,0xff,0x08,0x83,0xff,0x08,0x83,0xff,0x08,0x83,0xff,0x08,0x83,0xff,0x08,0x83,0xff,
    0x08,0x83,0xff,0x08,0x83,0xff,0x08,0x83,0xff,0x08,0x83,0xff,0x08,0x83,0xff,0x08,0x83,0xff,0x08,0x83,0xff,0x08,0x83,0xff,
    0x08,0x83,0xff,0x08,0x83,0xff,0x08,0x83,0xff,0x08,0x83,0xff,0x08,0x83,0xff,0x08,0x83,0xff,0x08,0x83,0xff,0x08,0x83,0xff,
    0x08,0x83,0xff,0x08,0x83,0xff,0x08,0x83,0xff,0x08,0x83,0xff,0x08,0x83,0xff,0x08,0x83,0xff,0x08,0x83,0xff,0x08,0x83,0xff,
    0x08,0x83,0xff,0x08,0x83,0xff,0x08,0x83,0xff,0x08,0x83,0xff,0x08,0x83,0xff,0x08,0x83,0xff,0x08,0x83,0xff,0x08,0x83,0xff,
    0x08,0x83,0xff,0x08,0x83,0xff,0x08,0x83,0xff,0x08,0x83,0xff,0x08,0x83,0xff,0x08,0x83,0xff,0x08,0x83,0xff,0x08,0x83,0xff,
    0x08,0x83,0xff,0x08,0x83,0xff,0x08,0x83,0xff,0x08,0x83,0xff,0x08,0x83,0xff,0x02,0x64,0xdc,0x00,0x00,0x00,0x00,0x00,0x00,
    0x00,0x00,0x00,0x00,0x00,0x00,0x02,0x64,0xdc,0x08,0x83,0xff,0x08,0x83,0xff,0x08,0x83,0xff,0x08,0x83,0xff,0x08,0x83,0xff,
    0x08,0x83,0xff,0x08,0x83,0xff,0x08,0x83,0xff,0x08,0x83,0xff,0x08,0x83,0xff,0x08,0x83,0xff,0x08,0x83,0xff,0x08,0x83,0xff,
    0x08,0x83,0xff,0x08,0x83,0xff,0x08,0x83,0xff,0x08,0x83,0xff,0x08,0x83,0xff,0x08,0x83,0xff,0x08,0x83,0xff,0x08,0x83,0xff,
    0x08,0x83,0xff,0x08,0x83,0xff,0x08,0x83,0xff,0x08,0x83,0xff,0x08,0x83,0xff,0x08,0x83,0xff,0x08,0x83,0xff,0x08,0x83,0xff,
    0x08,0x83,0xff,0x08,0x83,0xff,0x08,0x83,0xff,0x08,0x83,0xff,0x08,0x83,0xff,0x08,0x83,0xff,0x08,0x83,0xff,0x08,0x83,0xff,
    0x08,0x83,0xff,0x08,0x83,0xff,0x08,0x83,0xff,0x08,0x83,0xff,0x08,0x83,0xff,0x08,0x83,0xff,0x08,0x83,0xff,0x08,0x83,0xff,
    0x08,0x83,0xff,0x08,0x83,0xff,0x08,0x83,0xff,0x08,0x83,0xff,0x08,0x83,0xff,0x08,0x83,0xff,0x08,0x83,0xff,0x08,0x83,0xff,
    0x08,0x83,0xff,0x08,0x83,0xff,0x08,0x83,0xff,0x08,0x83,0xff,0x08,0x83,0xff,0x08,0x83,0xff,0x08,0x83,0xff,0x08,0x83,0xff,
    0x08,0x83,0xff,0x08,0x83,0xff,0x08,0x83,0xff,0x08,0x83,0xff,0x08,0x83,0xff,0x08,0x83,0xff,0x08,0x83,0xff,0x08,0x83,0xff,
    0x08,0x83,0xff,0x08,0x83,0xff,0x08,0x83,0xff,0x08,0x83,0xff,0x08,0x83,0xff,0x08,0x83,0xff,0x08,0x83,0xff,0x08,0x83,0xff,
    0x08,0x83,0xff,0x08,0x83,0xff,0x08,0x83,0xff,0x08,0x83,0xff,0x08,0x83,0xff,0x08,0x83,0xff,0x08,0x83,0xff,0x08,0x83,0xff,
    0x08,0x83,0xff,0x08,0x83,0xff,0x08,0x83,0xff,0x08,0x83,0xff,0x08,0x83,0xff,0x08,0x83,0xff,0x08,0x83,0xff,0x08,0x83,0xff,
    0x08,0x83,0xff,0x08,0x83,0xff,0x08,0x83,0xff,0x08,0x83,0xff,0x08,0x83,0xff,0x08,0x83,0xff,0x08,0x83,0xff,0x08,0x83,0xff,
    0x08,0x83,0xff,0x08,0x83,0xff,0x08,0x83,0xff,0x08,0x83,0xff,0x08,0x83,0xff,0x08,0x83,0xff,0x08,0x83,0xff,0x08,0x83,0xff,
    0x08,0x83,0xff,0x08,0x83,0xff,0x08,0x83,0xff,0x08,0x83,0xff,0x08,0x83,0xff,0x08,0x83,0xff,0x08,0x83,0xff,0x08,0x83,0xff,
    0x08,0x83,0xff,0x08,0x83,0xff,0x08,0x83,0xff,0x08,0x83,0xff,0x08,0x83,0xff,0x08,0x83,0xff,0x08,0x83,0xff,0x08,0x83,0xff,
    0x08,0x83,0xff,0x08,0x83,0xff,0x08,0x83,0xff,0x08,0x83,0xff,0x08,0x83,0xff,0x02,0x64,0xdc,0x00,0x00,0x00,0x00,0x00,0x00,
    0x00,0x00,0x00,0x00,0x00,0x00,0x02,0x64,0xdc,0x08,0x83,0xff,0x08,0x83,0xff,0x08,0x83,0xff,0x08,0x83,0xff,0x08,0x83,0xff,
    0x08,0x83,0xff,0x08,0x83,0xff,0x08,0x83,0xff,0x08,0x83,0xff,0x08,0x83,0xff,0x08,0x83,0xff,0x08,0x83,0xff,0x08,0x83,0xff,
    0x08,0x83,0xff,0x08,0x83,0xff,0x08,0x83,0xff,0x08,0x83,0xff,0x08,0x83,0xff,0x08,0x83,0xff,0x08,0x83,0xff,0x08,0x83,0xff,
    0x08,0x83,0xff,0x08,0x83,0xff,0x08,0x83,0xff,0x08,0x83,0xff,0x08,0x83,0xff,0x08,0x83,0xff,0x08,0x83,0xff,0x08,0x83,0xff,
    0x08,0x83,0xff,0x08,0x83,0xff,0x08,0x83,0xff,0x08,0x83,0xff,0x08,0x83,0xff,0x08,0x83,0xff,0x08,0x83,0xff,0x08,0x83,0xff,
    0x08,0x83,0xff,0x08,0x83,0xff,0x08,0x83,0xff,0x08,0x83,0xff,0x08,0x83,0xff,0x08,0x83,0xff,0x08,0x83,0xff,0x08,0x83,0xff,
    0x08,0x83,0xff,0x08,0x83,0xff,0x08,0x83,0xff,0x08,0x83,0xff,0x08,0x83,0xff,0x08,0x83,0xff,0x08,0x83,0xff,0x08,0x83,0xff,
    0x08,0x83,0xff,0x08,0x83,0xff,0x08,0x83,0xff,0x08,0x83,0xff,0x08,0x83,0xff,0x08,0x83,0xff,0x08,0x83,0xff,0x08,0x83,0xff,
    0x08,0x83,0xff,0x08,0x83,0xff,0x08,0x83,0xff,0x08,0x83,0xff,0x08,0x83,0xff,0x08,0x83,0xff,0x08,0x83,0xff,0x08,0x83,0xff,
    0x08,0x83,0xff,0x08,0x83,0xff,0x08,0x83,0xff,0x08,0x83,0xff,0x08,0x83,0xff,0x08,0x83,0xff,0x08,0x83,0xff,0x08,0x83,0xff,
    0x08,0x83,0xff,0x08,0x83,0xff,0x08,0x83,0xff,0x08,0x83,0xff,0x08,0x83,0xff,0x08,0x83,0xff,0x08,0x83,0xff,0x08,0x83,0xff,
    0x08,0x83,0xff,0x08,0x83,0xff,0x08,0x83,0xff,0x08,0x83,0xff,0x08,0x83,0xff,0x08,0x83,0xff,0x08,0x83,0xff,0x08,0x83,0xff,
    0x08,0x83,0xff,0x08,0x83,0xff,0x08,0x83,0xff,0x08,0x83,0xff,0x08,0x83,0xff,0x08,0x83,0xff,0x08,0x83,0xff,0x08,0x83,0xff,
    0x08,0x83,0xff,0x08,0x83,0xff,0x08,0x83,0xff,0x08,0x83,0xff,0x08,0x83,0xff,0x08,0x83,0xff,0x08,0x83,0xff,0x08,0x83,0xff,
    0x08,0x83,0xff,0x08,0x83,0xff,0x08,0x83,0xff,0x08,0x83,0xff,0x08,0x83,0xff,0x08,0x83,0xff,0x08,0x83,0xff,0x08,0x83,0xff,
    0x08,0x83,0xff,0x08,0x83,0xff,0x08,0x83,0xff,0x08,0x83,0xff,0x08,0x83,0xff,0x08,0x83,0xff,0x08,0x83,0xff,0x08,0x83,0xff,
    0x08,0x83,0xff,0x08,0x83,0xff,0x08,0x83,0xff,0x08,0x83,0xff,0x08,0x83,0xff,0x02,0x64,0xdc,0x00,0x00,0x00,0x00,0x00,0x00,
    0x00,0x00,0x00,0x00,0x00,0x00,0x02,0x64,0xdc,0x08,0x83,0xff,0x08,0x83,0xff,0x08,0x83,0xff,0x08,0x83,0xff,0x08,0x83,0xff,
    0x08,0x83,0xff,0x08,0x83,0xff,0x08,0x83,0xff,0x08,0x83,0xff,0x08,0x83,0xff,0x08,0x83,0xff,0x08,0x83,0xff,0x08,0x83,0xff,
    0x08,0x83,0xff,0x08,0x83,0xff,0x08,0x83,0xff,0x08,0x83,0xff,0x08,0x83,0xff,0x08,0x83,0xff,0x08,0x83,0xff,0x08,0x83,0xff,
    0x08,0x83,0xff,0x08,0x83,0xff,0x08,0x83,0xff,0x08,0x83,0xff,0x08,0x83,0xff,0x08,0x83,0xff,0x08,0x83,0xff,0x08,0x83,0xff,
    0x08,0x83,0xff,0x08,0x83,0xff,0x08,0x83,0xff,0x08,0x83,0xff,0x08,0x83,0xff,0x08,0x83,0xff,0x08,0x83,0xff,0x08,0x83,0xff,
    0x08,0x83,0xff,0x08,0x83,0xff,0x08,0x83,0xff,0x08,0x83,0xff,0x08,0x83,0xff,0x08,0x83,0xff,0x08,0x83,0xff,0x08,0x83,0xff,
    0x08,0x83,0xff,0x08,0x83,0xff,0x08,0x83,0xff,0x08,0x83,0xff,0x08,0x83,0xff,0x08,0x83,0xff,0x08,0x83,0xff,0x08,0x83,0xff,
    0x08,0x83,0xff,0x08,0x83,0xff,0x08,0x83,0xff,0x08,0x83,0xff,0x08,0x83,0xff,0x08,0x83,0xff,0x08,0x83,0xff,0x08,0x83,0xff,
    0x08,0x83,0xff,0x08,0x83,0xff,0x08,0x83,0xff,0x08,0x83,0xff,0x08,0x83,0xff,0x08,0x83,0xff,0x08,0x83,0xff,0x08,0x83,0xff,
    0x08,0x83,0xff,0x08,0x83,0xff,0x08,0x83,0xff,0x08,0x83,0xff,0x08,0x83,0xff,0x08,0x83,0xff,0x08,0x83,0xff,0x08,0x83,0xff,
    0x08,0x83,0xff,0x08,0x83,0xff,0x08,0x83,0xff,0x08,0x83,0xff,0x08,0x83,0xff,0x08,0x83,0xff,0x08,0x83,0xff,0x08,0x83,0xff,
    0x08,0x83,0xff,0x08,0x83,0xff,0x08,0x83,0xff,0x08,0x83,0xff,0x08,0x83,0xff,0x08,0x83,0xff,0x08,0x83,0xff,0x08,0x83,0xff,
    0x08,0x83,0xff,0x08,0x83,0xff,0x08,0x83,0xff,0x08,0x83,0xff,0x08,0x83,0xff,0x08,0x83,0xff,0x08,0x83,0xff,0x08,0x83,0xff,
    0x08,0x83,0xff,0x08,0x83,0xff,0x08,0x83,0xff,0x08,0x83,0xff,0x08,0x83,0xff,0x08,0x83,0xff,0x08,0x83,0xff,0x08,0x83,0xff,
    0x08,0x83,0xff,0x08,0x83,0xff,0x08,0x83,0xff,0x08,0x83,0xff,0x08,0x83,0xff,0x08,0x83,0xff,0x08,0x83,0xff,0x08,0x83,0xff,
    0x08,0x83,0xff,0x08,0x83,0xff,0x08,0x83,0xff,0x08,0x83,0xff,0x08,0x83,0xff,0x08,0x83,0xff,0x08,0x83,0xff,0x08,0x83,0xff,
    0x08,0x83,0xff,0x08,0x83,0xff,0x08,0x83,0xff,0x08,0x83,0xff,0x08,0x83,0xff,0x02,0x64,0xdc,0x00,0x00,0x00,0x00,0x00,0x00,
    0x00,0x00,0x00,0x00,0x00,0x00,0x02,0x64,0xdc,0x08,0x83,0xff,0x08,0x83,0xff,0x08,0x83,0xff,0x08,0x83,0xff,0x08,0x83,0xff,
    0x08,0x83,0xff,0x08,0x83,0xff,0x08,0x83,0xff,0x08,0x83,0xff,0x08,0x83,0xff,0x08,0x83,0xff,0x08,0x83,0xff,0x08,0x83,0xff,
    0x08,0x83,0xff,0x08,0x83,0xff,0x08,0x83,0xff,0x08,0x83,0xff,0x08,0x83,0xff,0x08,0x83,0xff,0x08,0x83,0xff,0x08,0x83,0xff,
    0x08,0x83,0xff,0x08,0x83,0xff,0x08,0x83,0xff,0x08,0x83,0xff,0x08,0x83,0xff,0x08,0x83,0xff,0x08,0x83,0xff,0x08,0x83,0xff,
    0x08,0x83,0xff,0x08,0x83,0xff,0x08,0x83,0xff,0x08,0x83,0xff,0x08,0x83,0xff,0x08,0x83,0xff,0x08,0x83,0xff,0x08,0x83,0xff,
    0x08,0x83,0xff,0x08,0x83,0xff,0x08,0x83,0xff,0x08,0x83,0xff,0x08,0x83,0xff,0x08,0x83,0xff,0x08,0x83,0xff,0x08,0x83,0xff,
    0x08,0x83,0xff,0x08,0x83,0xff,0x08,0x83,0xff,0x08,0x83,0xff,0x08,0x83,0xff,0x08,0x83,0xff,0x08,0x83,0xff,0x08,0x83,0xff,
    0x08,0x83,0xff,0x08,0x83,0xff,0x08,0x83,0xff,0x08,0x83,0xff,0x08,0x83,0xff,0x08,0x83,0xff,0x08,0x83,0xff,0x08,0x83,0xff,
    0x08,0x83,0xff,0x08,0x83,0xff,0x08,0x83,0xff,0x08,0x83,0xff,0x08,0x83,0xff,0x08,0x83,0xff,0x08,0x83,0xff,0x08,0x83,0xff,
    0x08,0x83,0xff,0x08,0x83,0xff,0x08,0x83,0xff,0x08,0x83,0xff,0x08,0x83,0xff,0x08,0x83,0xff,0x08,0x83,0xff,0x08,0x83,0xff,
    0x08,0x83,0xff,0x08,0x83,0xff,0x08,0x83,0xff,0x08,0x83,0xff,0x08,0x83,0xff,0x08,0x83,0xff,0x08,0x83,0xff,0x08,0x83,0xff,
    0x08,0x83,0xff,0x08,0x83,0xff,0x08,0x83,0xff,0x08,0x83,0xff,0x08,0x83,0xff,0x08,0x83,0xff,0x08,0x83,0xff,0x08,0x83,0xff,
    0x08,0x83,0xff,0x08,0x83,0xff,0x08,0x83,0xff,0x08,0x83,0xff,0x08,0x83,0xff,0x08,0x83,0xff,0x08,0x83,0xff,0x08,0x83,0xff,
    0x08,0x83,0xff,0x08,0x83,0xff,0x08,0x83,0xff,0x08,0x83,0xff,0x08,0x83,0xff,0x08,0x83,0xff,0x08,0x83,0xff,0x08,0x83,0xff,
    0x08,0x83,0xff,0x08,0x83,0xff,0x08,0x83,0xff,0x08,0x83,0xff,0x08,0x83,0xff,0x08,0x83,0xff,0x08,0x83,0xff,0x08,0x83,0xff,
    0x08,0x83,0xff,0x08,0x83,0xff,0x08,0x83,0xff,0x08,0x83,0xff,0x08,0x83,0xff,0x08,0x83,0xff,0x08,0x83,0xff,0x08,0x83,0xff,
    0x08,0x83,0xff,0x08,0x83,0xff,0x08,0x83,0xff,0x08,0x83,0xff,0x08,0x83,0xff,0x02,0x64,0xdc,0x00,0x00,0x00,0x00,0x00,0x00,
    0x00,0x00,0x00,0x00,0x00,0x00,0x02,0x64,0xdc,0x08,0x83,0xff,0x08,0x83,0xff,0x08,0x83,0xff,0x08,0x83,0xff,0x08,0x83,0xff,
    0x08,0x83,0xff,0x08,0x83,0xff,0x08,0x83,0xff,0x08,0x83,0xff,0x08,0x83,0xff,0x08,0x83,0xff,0x08,0x83,0xff,0x08,0x83,0xff,
    0x08,0x83,0xff,0x08,0x83,0xff,0x08,0x83,0xff,0x08,0x83,0xff,0x08,0x83,0xff,0x08,0x83,0xff,0x08,0x83,0xff,0x08,0x83,0xff,
    0x08,0x83,0xff,0x08,0x83,0xff,0x08,0x83,0xff,0x08,0x83,0xff,0x08,0x83,0xff,0x08,0x83,0xff,0x08,0x83,0xff,0x08,0x83,0xff,
    0x08,0x83,0xff,0x08,0x83,0xff,0x08,0x83,0xff,0x08,0x83,0xff,0x08,0x83,0xff,0x08,0x83,0xff,0x08,0x83,0xff,0x08,0x83,0xff,
    0x08,0x83,0xff,0x08,0x83,0xff,0x08,0x83,0xff,0x08,0x83,0xff,0x08,0x83,0xff,0x08,0x83,0xff,0x08,0x83,0xff,0x08,0x83,0xff,
    0x08,0x83,0xff,0x08,0x83,0xff,0x08,0x83,0xff,0x08,0x83,0xff,0x08,0x83,0xff,0x08,0x83,0xff,0x08,0x83,0xff,0x08,0x83,0xff,
    0x08,0x83,0xff,0x08,0x83,0xff,0x08,0x83,0xff,0x08,0x83,0xff,0x08,0x83,0xff,0x08,0x83,0xff,0x08,0x83,0xff,0x08,0x83,0xff,
    0x08,0x83,0xff,0x08,0x83,0xff,0x08,0x83,0xff,0x08,0x83,0xff,0x08,0x83,0xff,0x08,0x83,0xff,0x08,0x83,0xff,0x08,0x83,0xff,
    0x08,0x83,0xff,0x08,0x83,0xff,0x08,0x83,0xff,0x08,0x83,0xff,0x08,0x83,0xff,0x08,0x83,0xff,0x08,0x83,0xff,0x08,0x83,0xff,
    0x08,0x83,0xff,0x08,0x83,0xff,0x08,0x83,0xff,0x08,0x83,0xff,0x08,0x83,0xff,0x08,0x83,0xff,0x08,0x83,0xff,0x08,0x83,0xff,
    0x08,0x83,0xff,0x08,0x83,0xff,0x08,0x83,0xff,0x08,0x83,0xff,0x08,0x83,0xff,0x08,0x83,0xff,0x08,0x83,0xff,0x08,0x83,0xff,
    0x08,0x83,0xff,0x08,0x83,0xff,0x08,0x83,0xff,0x08,0x83,0xff,0x08,0x83,0xff,0x08,0x83,0xff,0x08,0x83,0xff,0x08,0x83,0xff,
    0x08,0x83,0xff,0x08,0x83,0xff,0x08,0x83,0xff,0x08,0x83,0xff,0x08,0x83,0xff,0x08,0x83,0xff,0x08,0x83,0xff,0x08,0x83,0xff,
    0x08,0x83,0xff,0x08,0x83,0xff,0x08,0x83,0xff,0x08,0x83,0xff,0x08,0x83,0xff,0x08,0x83,0xff,0x08,0x83,0xff,0x08,0x83,0xff,
    0x08,0x83,0xff,0x08,0x83,0xff,0x08,0x83,0xff,0x08,0x83,0xff,0x08,0x83,0xff,0x08,0x83,0xff,0x08,0x83,0xff,0x08,0x83,0xff,
    0x08,0x83,0xff,0x08,0x83,0xff,0x08,0x83,0xff,0x08,0x83,0xff,0x08,0x83,0xff,0x02,0x64,0xdc,0x00,0x00,0x00,0x00,0x00,0x00,
    0x00,0x00,0x00,0x00,0x00,0x00,0x02,0x64,0xdc,0x08,0x83,0xff,0x08,0x83,0xff,0x08,0x83,0xff,0x08,0x83,0xff,0x08,0x83,0xff,
    0x08,0x83,0xff,0x08,0x83,0xff,0x08,0x83,0xff,0x08,0x83,0xff,0x08,0x83,0xff,0x08,0x83,0xff,0x08,0x83,0xff,0x08,0x83,0xff,
    0x08,0x83,0xff,0x08,0x83,0xff,0x08,0x83,0xff,0x08,0x83,0xff,0x08,0x83,0xff,0x08,0x83,0xff,0x08,0x83,0xff,0x08,0x83,0xff,
    0x08,0x83,0xff,0x08,0x83,0xff,0x08,0x83,0xff,0x08,0x83,0xff,0x08,0x83,0xff,0x08,0x83,0xff,0x08,0x83,0xff,0x08,0x83,0xff,
    0x08,0x83,0xff,0x08,0x83,0xff,0x08,0x83,0xff,0x08,0x83,0xff,0x08,0x83,0xff,0x08,0x83,0xff,0x08,0x83,0xff,0x08,0x83,0xff,
    0x08,0x83,0xff,0x08,0x83,0xff,0x08,0x83,0xff,0x08,0x83,0xff,0x08,0x83,0xff,0x08,0x83,0xff,0x08,0x83,0xff,0x08,0x83,0xff,
    0x08,0x83,0xff,0x08,0x83,0xff,0x08,0x83,0xff,0x08,0x83,0xff,0x08,0x83,0xff,0x08,0x83,0xff,0x08,0x83,0xff,0x08,0x83,0xff,
    0x08,0x83,0xff,0x08,0x83,0xff,0x08,0x83,0xff,0x08,0x83,0xff,0x08,0x83,0xff,0x08,0x83,0xff,0x08,0x83,0xff,0x08,0x83,0xff,
    0x08,0x83,0xff,0x08,0x83,0xff,0x08,0x83,0xff,0x08,0x83,0xff,0x08,0x83,0xff,0x08,0x83,0xff,0x08,0x83,0xff,0x08,0x83,0xff,
    0x08,0x83,0xff,0x08,0x83,0xff,0x08,0x83,0xff,0x08,0x83,0xff,0x08,0x83,0xff,0x08,0x83,0xff,0x08,0x83,0xff,0x08,0x83,0xff,
    0x08,0x83,0xff,0x08,0x83,0xff,0x08,0x83,0xff,0x08,0x83,0xff,0x08,0x83,0xff,0x08,0x83,0xff,0x08,0x83,0xff,0x08,0x83,0xff,
    0x08,0x83,0xff,0x08,0x83,0xff,0x08,0x83,0xff,0x08,0x83,0xff,0x08,0x83,0xff,0x08,0x83,0xff,0x08,0x83,0xff,0x08,0x83,0xff,
    0x08,0x83,0xff,0x08,0x83,0xff,0x08,0x83,0xff,0x08,0x83,0xff,0x08,0x83,0xff,0x08,0x83,0xff,0x08,0x83,0xff,0x08,0x83,0xff,
    0x08,0x83,0xff,0x08,0x83,0xff,0x08,0x83,0xff,0x08,0x83,0xff,0x08,0x83,0xff,0x08,0x83,0xff,0x08,0x83,0xff,0x08,0x83,0xff,
    0x08,0x83,0xff,0x08,0x83,0xff,0x08,0x83,0xff,0x08,0x83,0xff,0x08,0x83,0xff,0x08,0x83,0xff,0x08,0x83,0xff,0x08,0x83,0xff,
    0x08,0x83,0xff,0x08,0x83,0xff,0x08,0x83,0xff,0x08,0x83,0xff,0x08,0x83,0xff,0x08,0x83,0xff,0x08,0x83,0xff,0x08,0x83,0xff,
    0x08,0x83,0xff,0x08,0x83,0xff,0x08,0x83,0xff,0x08,0x83,0xff,0x08,0x83,0xff,0x02,0x64,0xdc,0x00,0x00,0x00,0x00,0x00,0x00,
    0x00,0x00,0x00,0x00,0x00,0x00,0x02,0x64,0xdc,0x08,0x83,0xff,0x08,0x83,0xff,0x08,0x83,0xff,0x08,0x83,0xff,0x08,0x83,0xff,
    0x08,0x83,0xff,0x08,0x83,0xff,0x08,0x83,0xff,0x08,0x83,0xff,0x08,0x83,0xff,0x08,0x83,0xff,0x08,0x83,0xff,0x08,0x83,0xff,
    0x08,0x83,0xff,0x08,0x83,0xff,0x08,0x83,0xff,0x08,0x83,0xff,0x08,0x83,0xff,0x08,0x83,0xff,0x08,0x83,0xff,0x08,0x83,0xff,
    0x08,0x83,0xff,0x08,0x83,0xff,0x08,0x83,0xff,0x08,0x83,0xff,0x08,0x83,0xff,0x08,0x83,0xff,0x08,0x83,0xff,0x08,0x83,0xff,
    0x08,0x83,0xff,0x08,0x83,0xff,0x08,0x83,0xff,0x08,0x83,0xff,0x08,0x83,0xff,0x08,0x83,0xff,0x08,0x83,0xff,0x08,0x83,0xff,
    0x08,0x83,0xff,0x08,0x83,0xff,0x08,0x83,0xff,0x08,0x83,0xff,0x08,0x83,0xff,0x08,0x83,0xff,0x08,0x83,0xff,0x08,0x83,0xff,
    0x08,0x83,0xff,0x08,0x83,0xff,0x08,0x83,0xff,0x08,0x83,0xff,0x08,0x83,0xff,0x08,0x83,0xff,0x08,0x83,0xff,0x08,0x83,0xff,
    0x08,0x83,0xff,0x08,0x83,0xff,0x08,0x83,0xff,0x08,0x83,0xff,0x08,0x83,0xff,0x08,0x83,0xff,0x08,0x83,0xff,0x08,0x83,0xff,
    0x08,0x83,0xff,0x08,0x83,0xff,0x08,0x83,0xff,0x08,0x83,0xff,0x08,0x83,0xff,0x08,0x83,0xff,0x08,0x83,0xff,0x08,0x83,0xff,
    0x08,0x83,0xff,0x08,0x83,0xff,0x08,0x83,0xff,0x08,0x83,0xff,0x08,0x83,0xff,0x08,0x83,0xff,0x08,0x83,0xff,0x08,0x83,0xff,
    0x08,0x83,0xff,0x08,0x83,0xff,0x08,0x83,0xff,0x08,0x83,0xff,0x08,0x83,0xff,0x08,0x83,0xff,0x08,0x83,0xff,0x08,0x83,0xff,
    0x08,0x83,0xff,0x08,0x83,0xff,0x08,0x83,0xff,0x08,0x83,0xff,0x08,0x83,0xff,0x08,0x83,0xff,0x08,0x83,0xff,0x08,0x83,0xff,
    0x08,0x83,0xff,0x08,0x83,0xff,0x08,0x83,0xff,0x08,0x83,0xff,0x08,0x83,0xff,0x08,0x83,0xff,0x08,0x83,0xff,0x08,0x83,0xff,
    0x08,0x83,0xff,0x08,0x83,0xff,0x08,0x83,0xff,0x08,0x83,0xff,0x08,0x83,0xff,0x08,0x83,0xff,0x08,0x83,0xff,0x08,0x83,0xff,
    0x08,0x83,0xff,0x08,0x83,0xff,0x08,0x83,0xff,0x08,0x83,0xff,0x08,0x83,0xff,0x08,0x83,0xff,0x08,0x83,0xff,0x08,0x83,0xff,
    0x08,0x83,0xff,0x08,0x83,0xff,0x08,0x83,0xff,0x08,0x83,0xff,0x08,0x83,0xff,0x08,0x83,0xff,0x08,0x83,0xff,0x08,0x83,0xff,
    0x08,0x83,0xff,0x08,0x83,0xff,0x08,0x83,0xff,0x08,0x83,0xff,0x08,0x83,0xff,0x02,0x64,0xdc,0x00,0x00,0x00,0x00,0x00,0x00,
    0x00,0x00,0x00,0x00,0x00,0x00,0x02,0x64,0xdc,0x08,0x83,0xff,0x08,0x83,0xff,0x08,0x83,0xff,0x08,0x83,0xff,0x08,0x83,0xff,
    0x08,0x83,0xff,0x08,0x83,0xff,0x08,0x83,0xff,0x08,0x83,0xff,0x08,0x83,0xff,0x08,0x83,0xff,0x08,0x83,0xff,0x08,0x83,0xff,
    0x08,0x83,0xff,0x08,0x83,0xff,0x08,0x83,0xff,0x08,0x83,0xff,0x08,0x83,0xff,0x08,0x83,0xff,0x08,0x83,0xff,0x08,0x83,0xff,
    0x08,0x83,0xff,0x08,0x83,0xff,0x08,0x83,0xff,0x08,0x83,0xff,0x08,0x83,0xff,0x08,0x83,0xff,0x08,0x83,0xff,0x08,0x83,0xff,
    0x08,0x83,0xff,0x08,0x83,0xff,0x08,0x83,0xff,0x08,0x83,0xff,0x08,0x83,0xff,0x08,0x83,0xff,0x08,0x83,0xff,0x08,0x83,0xff,
    0x08,0x83,0xff,0x08,0x83,0xff,0x08,0x83,0xff,0x08,0x83,0xff,0x08,0x83,0xff,0x08,0x83,0xff,0x08,0x83,0xff,0x08,0x83,0xff,
    0x08,0x83,0xff,0x08,0x83,0xff,0x08,0x83,0xff,0x08,0x83,0xff,0x08,0x83,0xff,0x08,0x83,0xff,0x08,0x83,0xff,0x08,0x83,0xff,
    0x08,0x83,0xff,0x08,0x83,0xff,0x08,0x83,0xff,0x08,0x83,0xff,0x08,0x83,0xff,0x08,0x83,0xff,0x08,0x83,0xff,0x08,0x83,0xff,
    0x08,0x83,0xff,0x08,0x83,0xff,0x08,0x83,0xff,0x08,0x83,0xff,0x08,0x83,0xff,0x08,0x83,0xff,0x08,0x83,0xff,0x08,0x83,0xff,
    0x08,0x83,0xff,0x08,0x83,0xff,0x08,0x83,0xff,0x08,0x83,0xff,0x08,0x83,0xff,0x08,0x83,0xff,0x08,0x83,0xff,0x08,0x83,0xff,
    0x08,0x83,0xff,0x08,0x83,0xff,0x08,0x83,0xff,0x08,0x83,0xff,0x08,0x83,0xff,0x08,0x83,0xff,0x08,0x83,0xff,0x08,0x83,0xff,
    0x08,0x83,0xff,0x08,0x83,0xff,0x08,0x83,0xff,0x08,0x83,0xff,0x08,0x83,0xff,0x08,0x83,0xff,0x08,0x83,0xff,0x08,0x83,0xff,
    0x08,0x83,0xff,0x08,0x83,0xff,0x08,0x83,0xff,0x08,0x83,0xff,0x08,0x83,0xff,0x08,0x83,0xff,0x08,0x83,0xff,0x08,0x83,0xff,
    0x08,0x83,0xff,0x08,0x83,0xff,0x08,0x83,0xff,0x08,0x83,0xff,0x08,0x83,0xff,0x08,0x83,0xff,0x08,0x83,0xff,0x08,0x83,0xff,
    0x08,0x83,0xff,0x08,0x83,0xff,0x08,0x83,0xff,0x08,0x83,0xff,0x08,0x83,0xff,0x08,0x83,0xff,0x08,0x83,0xff,0x08,0x83,0xff,
    0x08,0x83,0xff,0x08,0x83,0xff,0x08,0x83,0xff,0x08,0x83,0xff,0x08,0x83,0xff,0x08,0x83,0xff,0x08,0x83,0xff,0x08,0x83,0xff,
    0x08,0x83,0xff,0x08,0x83,0xff,0x08,0x83,0xff,0x08,0x83,0xff,0x08,0x83,0xff,0x02,0x64,0xdc,0x00,0x00,0x00,0x00,0x00,0x00,
    0x00,0x00,0x00,0x00,0x00,0x00,0x02,0x64,0xdc,0x08,0x83,0xff,0x08,0x83,0xff,0x08,0x83,0xff,0x08,0x83,0xff,0x08,0x83,0xff,
    0x08,0x83,0xff,0x08,0x83,0xff,0x08,0x83,0xff,0x08,0x83,0xff,0x08,0x83,0xff,0x08,0x83,0xff,0x08,0x83,0xff,0x08,0x83,0xff,
    0x08,0x83,0xff,0x08,0x83,0xff,0x08,0x83,0xff,0x08,0x83,0xff,0x08,0x83,0xff,0x08,0x83,0xff,0x08,0x83,0xff,0x08,0x83,0xff,
    0x08,0x83,0xff,0x08,0x83,0xff,0x08,0x83,0xff,0x08,0x83,0xff,0x08,0x83,0xff,0x08,0x83,0xff,0x08,0x83,0xff,0x08,0x83,0xff,
    0x08,0x83,0xff,0x08,0x83,0xff,0x08,0x83,0xff,0x08,0x83,0xff,0x08,0x83,0xff,0x08,0x83,0xff,0x08,0x83,0xff,0x08,0x83,0xff,
    0x08,0x83,0xff,0x08,0x83,0xff,0x08,0x83,0xff,0x08,0x83,0xff,0x08,0x83,0xff,0x08,0x83,0xff,0x08,0x83,0xff,0x08,0x83,0xff,
    0x08,0x83,0xff,0x08,0x83,0xff,0x08,0x83,0xff,0x08,0x83,0xff,0x08,0x83,0xff,0x08,0x83,0xff,0x08,0x83,0xff,0x08,0x83,0xff,
    0x08,0x83,0xff,0x08,0x83,0xff,0x08,0x83,0xff,0x08,0x83,0xff,0x08,0x83,0xff,0x08,0x83,0xff,0x08,0x83,0xff,0x08,0x83,0xff,
    0x08,0x83,0xff,0x08,0x83,0xff,0x08,0x83,0xff,0x08,0x83,0xff,0x08,0x83,0xff,0x08,0x83,0xff,0x08,0x83,0xff,0x08,0x83,0xff,
    0x08,0x83,0xff,0x08,0x83,0xff,0x08,0x83,0xff,0x08,0x83,0xff,0x08,0x83,0xff,0x08,0x83,0xff,0x08,0x83,0xff,0x08,0x83,0xff,
    0x08,0x83,0xff,0x08,0x83,0xff,0x08,0x83,0xff,0x08,0x83,0xff,0x08,0x83,0xff,0x08,0x83,0xff,0x08,0x83,0xff,0x08,0x83,0xff,
    0x08,0x83,0xff,0x08,0x83,0xff,0x08,0x83,0xff,0x08,0x83,0xff,0x08,0x83,0xff,0x08,0x83,0xff,0x08,0x83,0xff,0x08,0x83,0xff,
    0x08,0x83,0xff,0x08,0x83,0xff,0x08,0x83,0xff,0x08,0x83,0xff,0x08,0x83,0xff,0x08,0x83,0xff,0x08,0x83,0xff,0x08,0x83,0xff,
    0x08,0x83,0xff,0x08,0x83,0xff,0x08,0x83,0xff,0x08,0x83,0xff,0x08,0x83,0xff,0x08,0x83,0xff,0x08,0x83,0xff,0x08,0x83,0xff,
    0x08,0x83,0xff,0x08,0x83,0xff,0x08,0x83,0xff,0x08,0x83,0xff,0x08,0x83,0xff,0x08,0x83,0xff,0x08,0x83,0xff,0x08,0x83,0xff,
    0x08,0x83,0xff,0x08,0x83,0xff,0x08,0x83,0xff,0x08,0x83,0xff,0x08,0x83,0xff,0x08,0x83,0xff,0x08,0x83,0xff,0x08,0x83,0xff,
    0x08,0x83,0xff,0x08,0x83,0xff,0x08,0x83,0xff,0x08,0x83,0xff,0x08,0x83,0xff,0x02,0x64,0xdc,0x00,0x00,0x00,0x00,0x00,0x00,
    0x00,0x00,0x00,0x00,0x00,0x00,0x02,0x64,0xdc,0x08,0x83,0xff,0x08,0x83,0xff,0x08,0x83,0xff,0x08,0x83,0xff,0x08,0x83,0xff,
    0x08,0x83,0xff,0x08,0x83,0xff,0x08,0x83,0xff,0x08,0x83,0xff,0x08,0x83,0xff,0x08,0x83,0xff,0x08,0x83,0xff,0x08,0x83,0xff,
    0x08,0x83,0xff,0x08,0x83,0xff,0x08,0x83,0xff,0x08,0x83,0xff,0x08,0x83,0xff,0x08,0x83,0xff,0x08,0x83,0xff,0x08,0x83,0xff,
    0x08,0x83,0xff,0x08,0x83,0xff,0x08,0x83,0xff,0x08,0x83,0xff,0x08,0x83,0xff,0x08,0x83,0xff,0x08,0x83,0xff,0x08,0x83,0xff,
    0x08,0x83,0xff,0x08,0x83,0xff,0x08,0x83,0xff,0x08,0x83,0xff,0x08,0x83,0xff,0x08,0x83,0xff,0x08,0x83,0xff,0x08,0x83,0xff,
    0x08,0x83,0xff,0x08,0x83,0xff,0x08,0x83,0xff,0x08,0x83,0xff,0x08,0x83,0xff,0x08,0x83,0xff,0x08,0x83,0xff,0x08,0x83,0xff,
    0x08,0x83,0xff,0x08,0x83,0xff,0x08,0x83,0xff,0x08,0x83,0xff,0x08,0x83,0xff,0x08,0x83,0xff,0x08,0x83,0xff,0x08,0x83,0xff,
    0x08,0x83,0xff,0x08,0x83,0xff,0x08,0x83,0xff,0x08,0x83,0xff,0x08,0x83,0xff,0x08,0x83,0xff,0x08,0x83,0xff,0x08,0x83,0xff,
    0x08,0x83,0xff,0x08,0x83,0xff,0x08,0x83,0xff,0x08,0x83,0xff,0x08,0x83,0xff,0x08,0x83,0xff,0x08,0x83,0xff,0x08,0x83,0xff,
    0x08,0x83,0xff,0x08,0x83,0xff,0x08,0x83,0xff,0x08,0x83,0xff,0x08,0x83,0xff,0x08,0x83,0xff,0x08,0x83,0xff,0x08,0x83,0xff,
    0x08,0x83,0xff,0x08,0x83,0xff,0x08,0x83,0xff,0x08,0x83,0xff,0x08,0x83,0xff,0x08,0x83,0xff,0x08,0x83,0xff,0x08,0x83,0xff,
    0x08,0x83,0xff,0x08,0x83,0xff,0x08,0x83,0xff,0x08,0x83,0xff,0x08,0x83,0xff,0x08,0x83,0xff,0x08,0x83,0xff,0x08,0x83,0xff,
    0x08,0x83,0xff,0x08,0x83,0xff,0x08,0x83,0xff,0x08,0x83,0xff,0x08,0x83,0xff,0x08,0x83,0xff,0x08,0x83,0xff,0x08,0x83,0xff,
    0x08,0x83,0xff,0x08,0x83,0xff,0x08,0x83,0xff,0x08,0x83,0xff,0x08,0x83,0xff,0x08,0x83,0xff,0x08,0x83,0xff,0x08,0x83,0xff,
    0x08,0x83,0xff,0x08,0x83,0xff,0x08,0x83,0xff,0x08,0x83,0xff,0x08,0x83,0xff,0x08,0x83,0xff,0x08,0x83,0xff,0x08,0x83,0xff,
    0x08,0x83,0xff,0x08,0x83,0xff,0x08,0x83,0xff,0x08,0x83,0xff,0x08,0x83,0xff,0x08,0x83,0xff,0x08,0x83,0xff,0x08,0x83,0xff,
    0x08,0x83,0xff,0x08,0x83,0xff,0x08,0x83,0xff,0x08,0x83,0xff,0x08,0x83,0xff,0x02,0x64,0xdc,0x00,0x00,0x00,0x00,0x00,0x00,
    0x00,0x00,0x00,0x00,0x00,0x00,0x02,0x64,0xdc,0x08,0x83,0xff,0x08,0x83,0xff,0x08,0x83,0xff,0x08,0x83,0xff,0x08,0x83,0xff,
    0x08,0x83,0xff,0x08,0x83,0xff,0x08,0x83,0xff,0x08,0x83,0xff,0x08,0x83,0xff,0x08,0x83,0xff,0x08,0x83,0xff,0x08,0x83,0xff,
    0x08,0x83,0xff,0x08,0x83,0xff,0x08,0x83,0xff,0x08,0x83,0xff,0x08,0x83,0xff,0x08,0x83,0xff,0x08,0x83,0xff,0x08,0x83,0xff,
    0x08,0x83,0xff,0x08,0x83,0xff,0x08,0x83,0xff,0x08,0x83,0xff,0x08,0x83,0xff,0x08,0x83,0xff,0x08,0x83,0xff,0x08,0x83,0xff,
    0x08,0x83,0xff,0x08,0x83,0xff,0x08,0x83,0xff,0x08,0x83,0xff,0x08,0x83,0xff,0x08,0x83,0xff,0x08,0x83,0xff,0x08,0x83,0xff,
    0x08,0x83,0xff,0x08,0x83,0xff,0x08,0x83,0xff,0x08,0x83,0xff,0x08,0x83,0xff,0x08,0x83,0xff,0x08,0x83,0xff,0x08,0x83,0xff,
    0x08,0x83,0xff,0x08,0x83,0xff,0x08,0x83,0xff,0x08,0x83,0xff,0x08,0x83,0xff,0x08,0x83,0xff,0x08,0x83,0xff,0x08,0x83,0xff,
    0x08,0x83,0xff,0x08,0x83,0xff,0x08,0x83,0xff,0x08,0x83,0xff,0x08,0x83,0xff,0x08,0x83,0xff,0x08,0x83,0xff,0x08,0x83,0xff,
    0x08,0x83,0xff,0x08,0x83,0xff,0x08,0x83,0xff,0x08,0x83,0xff,0x08,0x83,0xff,0x08,0x83,0xff,0x08,0x83,0xff,0x08,0x83,0xff,
    0x08,0x83,0xff,0x08,0x83,0xff,0x08,0x83,0xff,0x08,0x83,0xff,0x08,0x83,0xff,0x08,0x83,0xff,0x08,0x83,0xff,0x08,0x83,0xff,
    0x08,0x83,0xff,0x08,0x83,0xff,0x08,0x83,0xff,0x08,0x83,0xff,0x08,0x83,0xff,0x08,0x83,0xff,0x08,0x83,0xff,0x08,0x83,0xff,
    0x08,0x83,0xff,0x08,0x83,0xff,0x08,0x83,0xff,0x08,0x83,0xff,0x08,0x83,0xff,0x08,0x83,0xff,0x08,0x83,0xff,0x08,0x83,0xff,
    0x08,0x83,0xff,0x08,0x83,0xff,0x08,0x83,0xff,0x08,0x83,0xff,0x08,0x83,0xff,0x08,0x83,0xff,0x08,0x83,0xff,0x08,0x83,0xff,
    0x08,0x83,0xff,0x08,0x83,0xff,0x08,0x83,0xff,0x08,0x83,0xff,0x08,0x83,0xff,0x08,0x83,0xff,0x08,0x83,0xff,0x08,0x83,0xff,
    0x08,0x83,0xff,0x08,0x83,0xff,0x08,0x83,0xff,0x08,0x83,0xff,0x08,0x83,0xff,0x08,0x83,0xff,0x08,0x83,0xff,0x08,0x83,0xff,
    0x08,0x83,0xff,0x08,0x83,0xff,0x08,0x83,0xff,0x08,0x83,0xff,0x08,0x83,0xff,0x08,0x83,0xff,0x08,0x83,0xff,0x08,0x83,0xff,
    0x08,0x83,0xff,0x08,0x83,0xff,0x08,0x83,0xff,0x08,0x83,0xff,0x08,0x83,0xff,0x02,0x64,0xdc,0x00,0x00,0x00,0x00,0x00,0x00,
    0x00,0x00,0x00,0x00,0x00,0x00,0x02,0x64,0xdc,0x08,0x83,0xff,0x08,0x83,0xff,0x08,0x83,0xff,0x08,0x83,0xff,0x08,0x83,0xff,
    0x08,0x83,0xff,0x08,0x83,0xff,0x08,0x83,0xff,0x08,0x83,0xff,0x08,0x83,0xff,0x08,0x83,0xff,0x08,0x83,0xff,0x08,0x83,0xff,
    0x08,0x83,0xff,0x08,0x83,0xff,0x08,0x83,0xff,0x08,0x83,0xff,0x08,0x83,0xff,0x08,0x83,0xff,0x08,0x83,0xff,0x08,0x83,0xff,
    0x08,0x83,0xff,0x08,0x83,0xff,0x08,0x83,0xff,0x08,0x83,0xff,0x08,0x83,0xff,0x08,0x83,0xff,0x08,0x83,0xff,0x08,0x83,0xff,
    0x08,0x83,0xff,0x08,0x83,0xff,0x08,0x83,0xff,0x08,0x83,0xff,0x08,0x83,0xff,0x08,0x83,0xff,0x08,0x83,0xff,0x08,0x83,0xff,
    0x08,0x83,0xff,0x08,0x83,0xff,0x08,0x83,0xff,0x08,0x83,0xff,0x08,0x83,0xff,0x08,0x83,0xff,0x08,0x83,0xff,0x08,0x83,0xff,
    0x08,0x83,0xff,0x08,0x83,0xff,0x08,0x83,0xff,0x08,0x83,0xff,0x08,0x83,0xff,0x08,0x83,0xff,0x08,0x83,0xff,0x08,0x83,0xff,
    0x08,0x83,0xff,0x08,0x83,0xff,0x08,0x83,0xff,0x08,0x83,0xff,0x08,0x83,0xff,0x08,0x83,0xff,0x08,0x83,0xff,0x08,0x83,0xff,
    0x08,0x83,0xff,0x08,0x83,0xff,0x08,0x83,0xff,0x08,0x83,0xff,0x08,0x83,0xff,0x08,0x83,0xff,0x08,0x83,0xff,0x08,0x83,0xff,
    0x08,0x83,0xff,0x08,0x83,0xff,0x08,0x83,0xff,0x08,0x83,0xff,0x08,0x83,0xff,0x08,0x83,0xff,0x08,0x83,0xff,0x08,0x83,0xff,
    0x08,0x83,0xff,0x08,0x83,0xff,0x08,0x83,0xff,0x08,0x83,0xff,0x08,0x83,0xff,0x08,0x83,0xff,0x08,0x83,0xff,0x08,0x83,0xff,
    0x08,0x83,0xff,0x08,0x83,0xff,0x08,0x83,0xff,0x08,0x83,0xff,0x08,0x83,0xff,0x08,0x83,0xff,0x08,0x83,0xff,0x08,0x83,0xff,
    0x08,0x83,0xff,0x08,0x83,0xff,0x08,0x83,0xff,0x08,0x83,0xff,0x08,0x83,0xff,0x08,0x83,0xff,0x08,0x83,0xff,0x08,0x83,0xff,
    0x08,0x83,0xff,0x08,0x83,0xff,0x08,0x83,0xff,0x08,0x83,0xff,0x08,0x83,0xff,0x08,0x83,0xff,0x08,0x83,0xff,0x08,0x83,0xff,
    0x08,0x83,0xff,0x08,0x83,0xff,0x08,0x83,0xff,0x08,0x83,0xff,0x08,0x83,0xff,0x08,0x83,0xff,0x08,0x83,0xff,0x08,0x83,0xff,
    0x08,0x83,0xff,0x08,0x83,0xff,0x08,0x83,0xff,0x08,0x83,0xff,0x08,0x83,0xff,0x08,0x83,0xff,0x08,0x83,0xff,0x08,0x83,0xff,
    0x08,0x83,0xff,0x08,0x83,0xff,0x08,0x83,0xff,0x08,0x83,0xff,0x08,0x83,0xff,0x02,0x64,0xdc,0x00,0x00,0x00,0x00,0x00,0x00,
    0x00,0x00,0x00,0x00,0x00,0x00,0x02,0x64,0xdc,0x08,0x83,0xff,0x08,0x83,0xff,0x08,0x83,0xff,0x08,0x83,0xff,0x08,0x83,0xff,
    0x08,0x83,0xff,0x08,0x83,0xff,0x08,0x83,0xff,0x08,0x83,0xff,0x08,0x83,0xff,0x08,0x83,0xff,0x08,0x83,0xff,0x08,0x83,0xff,
    0x08,0x83,0xff,0x08,0x83,0xff,0x08,0x83,0xff,0x08,0x83,0xff,0x08,0x83,0xff,0x08,0x83,0xff,0x08,0x83,0xff,0x08,0x83,0xff,
    0x08,0x83,0xff,0x08,0x83,0xff,0x08,0x83,0xff,0x08,0x83,0xff,0x08,0x83,0xff,0x08,0x83,0xff,0x08,0x83,0xff,0x08,0x83,0xff,
    0x08,0x83,0xff,0x08,0x83,0xff,0x08,0x83,0xff,0x08,0x83,0xff,0x08,0x83,0xff,0x08,0x83,0xff,0x08,0x83,0xff,0x08,0x83,0xff,
    0x08,0x83,0xff,0x08,0x83,0xff,0x08,0x83,0xff,0x08,0x83,0xff,0x08,0x83,0xff,0x08,0x83,0xff,0x08,0x83,0xff,0x08,0x83,0xff,
    0x08,0x83,0xff,0x08,0x83,0xff,0x08,0x83,0xff,0x08,0x83,0xff,0x08,0x83,0xff,0x08,0x83,0xff,0x08,0x83,0xff,0x08,0x83,0xff,
    0x08,0x83,0xff,0x08,0x83,0xff,0x08,0x83,0xff,0x08,0x83,0xff,0x08,0x83,0xff,0x08,0x83,0xff,0x08,0x83,0xff,0x08,0x83,0xff,
    0x08,0x83,0xff,0x08,0x83,0xff,0x08,0x83,0xff,0x08,0x83,0xff,0x08,0x83,0xff,0x08,0x83,0xff,0x08,0x83,0xff,0x08,0x83,0xff,
    0x08,0x83,0xff,0x08,0x83,0xff,0x08,0x83,0xff,0x08,0x83,0xff,0x08,0x83,0xff,0x08,0x83,0xff,0x08,0x83,0xff,0x08,0x83,0xff,
    0x08,0x83,0xff,0x08,0x83,0xff,0x08,0x83,0xff,0x08,0x83,0xff,0x08,0xa3,0xff,0x10,0xa3,0xff,0xff,0xff,0xff,0x10,0xa3,0xff,
    0x08,0xa3,0xff,0x08,0x83,0xff,0x08,0x83,0xff,0x08,0x83,0xff,0x08,0x83,0xff,0x08,0x83,0xff,0x08,0x83,0xff,0x08,0x83,0xff,
    0x08,0x83,0xff,0x08,0x83,0xff,0x08,0x83,0xff,0x08,0x83,0xff,0x08,0x83,0xff,0x08,0x83,0xff,0x08,0x83,0xff,0x08,0x83,0xff,
    0x08,0x83,0xff,0x08,0x83,0xff,0x08,0x83,0xff,0x08,0x83,0xff,0x08,0x83,0xff,0x08,0x83,0xff,0x08,0x83,0xff,0x08,0x83,0xff,
    0x08,0x83,0xff,0x08,0x83,0xff,0x08,0x83,0xff,0x08,0x83,0xff,0x08,0x83,0xff,0x08,0x83,0xff,0x08,0x83,0xff,0x08,0x83,0xff,
    0x08,0x83,0xff,0x08,0x83,0xff,0x08,0x83,0xff,0x08,0x83,0xff,0x08,0x83,0xff,0x08,0x83,0xff,0x08,0x83,0xff,0x08,0x83,0xff,
    0x08,0x83,0xff,0x08,0x83,0xff,0x08,0x83,0xff,0x08,0x83,0xff,0x08,0x83,0xff,0x02,0x64,0xdc,0x00,0x00,0x00,0x00,0x00,0x00,
    0x00,0x00,0x00,0x00,0x00,0x00,0x02,0x64,0xdc,0x08,0x83,0xff,0x08,0x83,0xff,0x08,0x83,0xff,0x08,0x83,0xff,0x08,0x83,0xff,
    0x08,0x83,0xff,0x08,0x83,0xff,0x08,0x83,0xff,0x08,0x83,0xff,0x08,0x83,0xff,0x08,0x83,0xff,0x08,0x83,0xff,0x08,0x83,0xff,
    0x08,0x83,0xff,0x08,0x83,0xff,0x08,0x83,0xff,0x08,0x83,0xff,0x08,0x83,0xff,0x08,0x83,0xff,0x08,0x83,0xff,0x08,0x83,0xff,
    0x08,0x83,0xff,0x08,0x83,0xff,0x08,0x83,0xff,0x08,0x83,0xff,0x08,0x83,0xff,0x08,0x83,0xff,0x08,0x83,0xff,0x08,0x83,0xff,
    0x08,0x83,0xff,0x08,0x83,0xff,0x08,0x83,0xff,0x08,0x83,0xff,0x08,0x83,0xff,0x08,0x83,0xff,0x08,0x83,0xff,0x08,0x83,0xff,
    0x08,0x83,0xff,0x08,0x83,0xff,0x08,0x83,0xff,0x08,0x83,0xff,0x08,0x83,0xff,0x08,0x83,0xff,0x08,0x83,0xff,0x08,0x83,0xff,
    0x08,0x83,0xff,0x08,0x83,0xff,0x08,0x83,0xff,0x08,0x83,0xff,0x08,0x83,0xff,0x08,0x83,0xff,0x08,0x83,0xff,0x08,0x83,0xff,
    0x08,0x83,0xff,0x08,0x83,0xff,0x08,0x83,0xff,0x08,0x83,0xff,0x08,0x83,0xff,0x08,0x83,0xff,0x08,0x83,0xff,0x08,0x83,0xff,
    0x08,0x83,0xff,0x08,0x82,0xff,0x08,0x82,0xff,0x08,0x82,0xff,0x08,0x82,0xff,0x08,0x82,0xff,0x08,0x82,0xff,0x08,0x82,0xff,
    0x08,0x83,0xff,0x08,0x83,0xff,0x08,0x83,0xff,0x08,0x83,0xff,0x08,0x83,0xff,0x08,0x83,0xff,0x08,0x83,0xff,0x08,0x83,0xff,
    0x08,0x83,0xff,0x08,0x83,0xff,0x08,0x83,0xff,0x10,0xa3,0xff,0x10,0xc3,0xff,0x10,0xc3,0xff,0xff,0xff,0xff,0x10,0xc3,0xff,
    0x10,0xc3,0xff,0x10,0xa3,0xff,0x08,0x83,0xff,0x08,0x83,0xff,0x08,0x83,0xff,0x08,0x83,0xff,0x08,0x83,0xff,0x08,0x83,0xff,
    0x08,0x83,0xff,0x08,0x83,0xff,0x08,0x83,0xff,0x08,0x83,0xff,0x08,0x83,0xff,0x08,0x83,0xff,0x08,0x83,0xff,0x08,0x83,0xff,
    0x08,0x83,0xff,0x08,0x83,0xff,0x08,0x83,0xff,0x08,0x83,0xff,0x08,0x83,0xff,0x08,0x83,0xff,0x08,0x83,0xff,0x08,0x83,0xff,
    0x08,0x83,0xff,0x08,0x83,0xff,0x08,0x83,0xff,0x08,0x83,0xff,0x08,0x83,0xff,0x08,0x83,0xff,0x08,0x83,0xff,0x08,0x83,0xff,
    0x08,0x83,0xff,0x08,0x83,0xff,0x08,0x83,0xff,0x08,0x83,0xff,0x08,0x83,0xff,0x08,0x83,0xff,0x08,0x83,0xff,0x08,0x83,0xff,
    0x08,0x83,0xff,0x08,0x83,0xff,0x08,0x83,0xff,0x08,0x83,0xff,0x08,0x83,0xff,0x02,0x64,0xdc,0x00,0x00,0x00,0x00,0x00,0x00,
    0x00,0x00,0x00,0x00,0x00,0x00,0x02,0x64,0xdc,0x08,0x83,0xff,0x08,0x83,0xff,0x08,0x83,0xff,0x08,0x83,0xff,0x08,0x83,0xff,
    0x08,0x83,0xff,0x08,0x83,0xff,0x08,0x83,0xff,0x08,0x83,0xff,0x08,0x83,0xff,0x08,0x83,0xff,0x08,0x83,0xff,0x08,0x83,0xff,
    0x08,0x83,0xff,0x08,0x83,0xff,0x08,0x83,0xff,0x08,0x83,0xff,0x08,0x83,0xff,0x08,0x83,0xff,0x08,0x83,0xff,0x08,0x83,0xff,
    0x08,0x83,0xff,0x08,0x83,0xff,0x08,0x83,0xff,0x08,0x83,0xff,0x08,0x83,0xff,0x08,0x83,0xff,0x08,0x83,0xff,0x08,0x83,0xff,
    0x08,0x83,0xff,0x08,0x83,0xff,0x08,0x83,0xff,0x08,0x83,0xff,0x08,0x83,0xff,0x08,0x83,0xff,0x08,0x83,0xff,0x08,0x83,0xff,
    0x08,0x83,0xff,0x08,0x83,0xff,0x08,0x83,0xff,0x08,0x83,0xff,0x08,0x83,0xff,0x08,0x83,0xff,0x08,0x83,0xff,0x08,0x83,0xff,
    0x08,0x83,0xff,0x08,0x83,0xff,0x08,0x83,0xff,0x08,0x83,0xff,0x08,0x83,0xff,0x08,0x83,0xff,0x08,0x83,0xff,0x08,0x83,0xff,
    0x08,0x83,0xff,0x08,0x83,0xff,0x08,0x83,0xff,0x08,0x83,0xff,0x08,0x83,0xff,0x08,0x83,0xff,0x08,0x82,0xff,0x08,0x82,0xff,
    0x08,0x82,0xff,0x08,0x82,0xff,0x08,0x82,0xff,0x08,0x82,0xff,0x08,0x82,0xff,0x08,0x82,0xff,0x08,0x82,0xff,0x08,0x82,0xff,
    0x08,0x82,0xff,0x08,0x82,0xff,0x08,0x82,0xff,0x08,0x83,0xff,0x08,0x83,0xff,0x08,0x83,0xff,0x08,0x83,0xff,0x08,0x83,0xff,
    0x08,0x83,0xff,0x08,0x83,0xff,0x10,0xa3,0xff,0x10,0xc3,0xff,0x18,0xe4,0xff,0xff,0xff,0xff,0xff,0xff,0xff,0xff,0xff,0xff,
    0x18,0xe4,0xff,0x10,0xc3,0xff,0x10,0xa3,0xff,0x08,0x83,0xff,0x08,0x83,0xff,0x08,0x83,0xff,0x08,0x83,0xff,0x08,0x83,0xff,
    0x08,0x83,0xff,0x08,0x83,0xff,0x08,0x83,0xff,0x08,0x83,0xff,0x08,0x83,0xff,0x08,0x83,0xff,0x08,0x83,0xff,0x08,0x83,0xff,
    0x08,0x83,0xff,0x08,0x83,0xff,0x08,0x83,0xff,0x08,0x83,0xff,0x08,0x83,0xff,0x08,0x83,0xff,0x08,0x83,0xff,0x08,0x83,0xff,
    0x08,0x83,0xff,0x08,0x83,0xff,0x08,0x83,0xff,0x08,0x83,0xff,0x08,0x83,0xff,0x08,0x83,0xff,0x08,0x83,0xff,0x08,0x83,0xff,
    0x08,0x83,0xff,0x08,0x83,0xff,0x08,0x83,0xff,0x08,0x83,0xff,0x08,0x83,0xff,0x08,0x83,0xff,0x08,0x83,0xff,0x08,0x83,0xff,
    0x08,0x83,0xff,0x08,0x83,0xff,0x08,0x83,0xff,0x08,0x83,0xff,0x08,0x83,0xff,0x02,0x64,0xdc,0x00,0x00,0x00,0x00,0x00,0x00,
    0x00,0x00,0x00,0x00,0x00,0x00,0x02,0x64,0xdc,0x08,0x83,0xff,0x08,0x83,0xff,0x08,0x83,0xff,0x08,0x83,0xff,0x08,0x83,0xff,
    0x08,0x83,0xff,0x08,0x83,0xff,0x08,0x83,0xff,0x08,0x83,0xff,0x08,0x83,0xff,0x08,0x83,0xff,0x08,0x83,0xff,0x08,0x83,0xff,
    0x08,0x83,0xff,0x08,0x83,0xff,0x08,0x83,0xff,0x08,0x83,0xff,0x08,0x83,0xff,0x08,0x83,0xff,0x08,0x83,0xff,0x08,0x83,0xff,
    0x08,0x83,0xff,0x08,0x83,0xff,0x08,0x83,0xff,0x08,0x83,0xff,0x08,0x83,0xff,0x08,0x83,0xff,0x08,0x83,0xff,0x08,0x83,0xff,
    0x08,0x83,0xff,0x08,0x83,0xff,0x08,0x83,0xff,0x08,0x83,0xff,0x08,0x83,0xff,0x08,0x83,0xff,0x08,0x83,0xff,0x08,0x83,0xff,
    0x08,0x83,0xff,0x08,0x83,0xff,0x08,0x83,0xff,0x08,0x83,0xff,0x08,0x83,0xff,0x08,0x83,0xff,0x08,0x83,0xff,0x08,0x83,0xff,
    0x08,0x83,0xff,0x08,0x83,0xff,0x08,0x83,0xff,0x08,0x83,0xff,0x08,0x83,0xff,0x08,0x83,0xff,0x08,0x83,0xff,0x08,0x83,0xff,
    0x08,0x83,0xff,0x08,0x83,0xff,0x08,0x83,0xff,0x08,0x83,0xff,0x08,0x83,0xff,0x08,0x82,0xff,0x08,0x82,0xff,0x08,0x82,0xff,
    0x08,0x82,0xff,0x08,0x82,0xff,0x08,0x82,0xff,0x08,0x82,0xff,0x08,0x82,0xff,0x08,0x82,0xff,0x08,0x82,0xff,0x08,0x82,0xff,
    0x08,0x82,0xff,0x08,0x82,0xff,0x08,0x82,0xff,0x08,0x82,0xff,0x08,0x82,0xff,0x08,0x82,0xff,0x08,0x83,0xff,0x08,0x83,0xff,
    0x08,0x83,0xff,0x10,0xa3,0xff,0x10,0xc4,0xff,0x19,0x04,0xff,0x21,0x45,0xff,0xff,0xff,0xff,0xff,0xff,0xff,0xff,0xff,0xff,
    0x21,0x45,0xff,0x19,0x04,0xff,0x10,0xc4,0xff,0x10,0xa3,0xff,0x08,0x83,0xff,0x08,0x83,0xff,0x08,0x83,0xff,0x08,0x83,0xff,
    0x08,0x83,0xff,0x08,0x83,0xff,0x08,0x83,0xff,0x08,0x83,0xff,0x08,0x83,0xff,0x08,0x83,0xff,0x08,0x83,0xff,0x08,0x83,0xff,
    0x08,0x83,0xff,0x08,0x83,0xff,0x08,0x83,0xff,0x08,0x83,0xff,0x08,0x83,0xff,0x08,0x83,0xff,0x08,0x83,0xff,0x08,0x83,0xff,
    0x08,0x83,0xff,0x08,0x83,0xff,0x08,0x83,0xff,0x08,0x83,0xff,0x08,0x83,0xff,0x08,0x83,0xff,0x08,0x83,0xff,0x08,0x83,0xff,
    0x08,0x83,0xff,0x08,0x83,0xff,0x08,0x83,0xff,0x08,0x83,0xff,0x08,0x83,0xff,0x08,0x83,0xff,0x08,0x83,0xff,0x08,0x83,0xff,
    0x08,0x83,0xff,0x08,0x83,0xff,0x08,0x83,0xff,0x08,0x83,0xff,0x08,0x83,0xff,0x02,0x64,0xdc,0x00,0x00,0x00,0x00,0x00,0x00,
    0x00,0x00,0x00,0x00,0x00,0x00,0x02,0x64,0xdc,0x08,0x83,0xff,0x08,0x83,0xff,0x08,0x83,0xff,0x08,0x83,0xff,0x08,0x83,0xff,
    0x08,0x83,0xff,0x08,0x83,0xff,0x08,0x83,0xff,0x08,0x83,0xff,0x08,0x83,0xff,0x08,0x83,0xff,0x08,0x83,0xff,0x08,0x83,0xff,
    0x08,0x83,0xff,0x08,0x83,0xff,0x08,0x83,0xff,0x08,0x83,0xff,0x08,0x83,0xff,0x08,0x83,0xff,0x08,0x83,0xff,0x08,0x83,0xff,
    0x08,0x83,0xff,0x08,0x83,0xff,0x08,0x83,0xff,0x08,0x83,0xff,0x08,0x83,0xff,0x08,0x83,0xff,0x08,0x83,0xff,0x08,0x83,0xff,
    0x08,0x83,0xff,0x08,0x83,0xff,0x08,0x83,0xff,0x08,0x83,0xff,0x08,0x83,0xff,0x08,0x83,0xff,0x08,0x83,0xff,0x08,0x83,0xff,
    0x08,0x83,0xff,0x08,0x83,0xff,0x08,0x83,0xff,0x08,0x83,0xff,0x08,0x83,0xff,0x08,0x83,0xff,0x08,0x83,0xff,0x08,0x83,0xff,
    0x08,0x83,0xff,0x08,0x83,0xff,0x08,0x83,0xff,0x08,0x83,0xff,0x08,0x83,0xff,0x08,0x83,0xff,0x08,0x83,0xff,0x08,0x83,0xff,
    0x08,0x83,0xff,0x08,0x83,0xff,0x08,0x83,0xff,0x08,0x82,0xff,0x08,0x82,0xff,0x08,0x82,0xff,0x08,0x82,0xff,0x08,0x82,0xff,
    0x08,0xa3,0xff,0x08,0xa3,0xff,0x08,0xa3,0xff,0x08,0xa3,0xff,0x08,0xa3,0xff,0x08,0xa3,0xff,0x08,0xa3,0xff,0x08,0xa3,0xff,
    0x08,0xa3,0xff,0x08,0x82,0xff,0x08,0x82,0xff,0x08,0x82,0xff,0x08,0x82,0xff,0x08,0x83,0xff,0x08,0x83,0xff,0x08,0x83,0xff,
    0x10,0xa3,0xff,0x10,0xc3,0xff,0x19,0x04,0xff,0x21,0x46,0xff,0xff,0xff,0xff,0xff,0xff,0xff,0xff,0xff,0xff,0xff,0xff,0xff,
    0xff,0xff,0xff,0x21,0x46,0xff,0x19,0x04,0xff,0x10,0xc3,0xff,0x10,0xa3,0xff,0x08,0x83,0xff,0x08,0x83,0xff,0x08,0x83,0xff,
    0x08,0x83,0xff,0x08,0x83,0xff,0x08,0x83,0xff,0x08,0x83,0xff,0x08,0x83,0xff,0x08,0x83,0xff,0x08,0x83,0xff,0x08,0x83,0xff,
    0x08,0x83,0xff,0x08,0x83,0xff,0x08,0x83,0xff,0x08,0x83,0xff,0x08,0x83,0xff,0x08,0x83,0xff,0x08,0x83,0xff,0x08,0x83,0xff,
    0x08,0x83,0xff,0x08,0x83,0xff,0x08,0x83,0xff,0x08,0x83,0xff,0x08,0x83,0xff,0x08,0x83,0xff,0x08,0x83,0xff,0x08,0x83,0xff,
    0x08,0x83,0xff,0x08,0x83,0xff,0x08,0x83,0xff,0x08,0x83,0xff,0x08,0x83,0xff,0x08,0x83,0xff,0x08,0x83,0xff,0x08,0x83,0xff,
    0x08,0x83,0xff,0x08,0x83,0xff,0x08,0x83,0xff,0x08,0x83,0xff,0x08,0x83,0xff,0x02,0x64,0xdc,0x00,0x00,0x00,0x00,0x00,0x00,
    0x00,0x00,0x00,0x00,0x00,0x00,0x02,0x64,0xdc,0x08,0x83,0xff,0x08,0x83,0xff,0x08,0x83,0xff,0x08,0x83,0xff,0x08,0x83,0xff,
    0x08,0x83,0xff,0x08,0x83,0xff,0x08,0x83,0xff,0x08,0x83,0xff,0x08,0x83,0xff,0x08,0x83,0xff,0x08,0x83,0xff,0x08,0x83,0xff,
    0x08,0x83,0xff,0x08,0x83,0xff,0x08,0x83,0xff,0x08,0x83,0xff,0x08,0x83,0xff,0x08,0x83,0xff,0x08,0x83,0xff,0x08,0x83,0xff,
    0x08,0x83,0xff,0x08,0x83,0xff,0x08,0x83,0xff,0x08,0x83,0xff,0x08,0x83,0xff,0x08,0x83,0xff,0x08,0x83,0xff,0x08,0x83,0xff,
    0x08,0x83,0xff,0x08,0x83,0xff,0x08,0x83,0xff,0x08,0x83,0xff,0x08,0x83,0xff,0x08,0x83,0xff,0x08,0x83,0xff,0x08,0x83,0xff,
    0x08,0x83,0xff,0x08,0x83,0xff,0x08,0x83,0xff,0x08,0x83,0xff,0x08,0x83,0xff,0x08,0x83,0xff,0x08,0x83,0xff,0x08,0x83,0xff,
    0x08,0x83,0xff,0x08,0x83,0xff,0x08,0x83,0xff,0x08,0x83,0xff,0x08,0x83,0xff,0x08,0x83,0xff,0x08,0x83,0xff,0x08,0x83,0xff,
    0x08,0x83,0xff,0x08,0x83,0xff,0x08,0x82,0xff,0x08,0x82,0xff,0x08,0x82,0xff,0x08,0x82,0xff,0x08,0xa3,0xff,0x08,0xa3,0xff,
    0x08,0xc3,0xff,0x08,0xc3,0xff,0x08,0xe3,0xff,0x08,0xe3,0xff,0x08,0xe3,0xff,0x08,0xe3,0xff,0x08,0xe3,0xff,0x08,0xc3,0xff,
    0x08,0xc3,0xff,0x08,0xa3,0xff,0x08,0xa3,0xff,0x08,0x83,0xff,0x08,0x83,0xff,0x08,0x83,0xff,0x08,0x83,0xff,0x10,0xa3,0xff,
    0x10,0xc3,0xff,0x18,0xe4,0xff,0x21,0x45,0xff,0x31,0xa7,0xff,0xff,0xff,0xff,0xff,0xff,0xff,0xff,0xff,0xff,0xff,0xff,0xff,
    0xff,0xff,0xff,0x31,0xa7,0xff,0x21,0x45,0xff,0x18,0xe4,0xff,0x10,0xc3,0xff,0x08,0xa3,0xff,0x08,0x83,0xff,0x08,0x83,0xff,
    0x08,0x83,0xff,0x08,0x83,0xff,0x08,0x83,0xff,0x08,0x83,0xff,0x08,0x83,0xff,0x08,0x83,0xff,0x08,0x83,0xff,0x08,0x83,0xff,
    0x08,0x83,0xff,0x08,0x83,0xff,0x08,0x83,0xff,0x08,0x83,0xff,0x08,0x83,0xff,0x08,0x83,0xff,0x08,0x83,0xff,0x08,0x83,0xff,
    0x08,0x83,0xff,0x08,0x83,0xff,0x08,0x83,0xff,0x08,0x83,0xff,0x08,0x83,0xff,0x08,0x83,0xff,0x08,0x83,0xff,0x08,0x83,0xff,
    0x08,0x83,0xff,0x08,0x83,0xff,0x08,0x83,0xff,0x08,0x83,0xff,0x08,0x83,0xff,0x08,0x83,0xff,0x08,0x83,0xff,0x08,0x83,0xff,
    0x08,0x83,0xff,0x08,0x83,0xff,0x08,0x83,0xff,0x08,0x83,0xff,0x08,0x83,0xff,0x02,0x64,0xdc,0x00,0x00,0x00,0x00,0x00,0x00,
    0x00,0x00,0x00,0x00,0x00,0x00,0x02,0x64,0xdc,0x08,0x83,0xff,0x08,0x83,0xff,0x08,0x83,0xff,0x08,0x83,0xff,0x08,0x83,0xff,
    0x08,0x83,0xff,0x08,0x83,0xff,0x08,0x83,0xff,0x08,0x83,0xff,0x08,0x83,0xff,0x08,0x83,0xff,0x08,0x83,0xff,0x08,0x83,0xff,
    0x08,0x83,0xff,0x08,0x83,0xff,0x08,0x83,0xff,0x08,0x83,0xff,0x08,0x83,0xff,0x08,0x83,0xff,0x08,0x83,0xff,0x08,0x83,0xff,
    0x08,0x83,0xff,0x08,0x83,0xff,0x08,0x83,0xff,0x08,0x83,0xff,0x08,0x83,0xff,0x08,0x83,0xff,0x08,0x83,0xff,0x08,0x83,0xff,
    0x08,0x83,0xff,0x08,0x83,0xff,0x08,0x83,0xff,0x08,0x83,0xff,0x08,0x83,0xff,0x08,0x83,0xff,0x08,0x83,0xff,0x08,0x83,0xff,
    0x08,0x83,0xff,0x08,0x83,0xff,0x08,0x83,0xff,0x08,0x83,0xff,0x08,0x83,0xff,0x08,0x83,0xff,0x08,0x83,0xff,0x08,0x83,0xff,
    0x08,0x83,0xff,0x08,0x83,0xff,0x08,0x83,0xff,0x08,0x83,0xff,0x08,0x83,0xff,0x08,0x83,0xff,0x08,0x83,0xff,0x08,0x83,0xff,
    0x08,0x83,0xff,0x08,0x82,0xff,0x08,0x82,0xff,0x08,0x82,0xff,0x08,0x82,0xff,0x08,0xa3,0xff,0x08,0xa3,0xff,0x08,0xc3,0xff,
    0x08,0xe3,0xff,0x09,0x03,0xff,0x07,0x2e,0xff,0x07,0x2e,0xff,0x07,0x2e,0xff,0x07,0x2e,0xff,0x07,0x2e,0xff,0x09,0x03,0xff,
    0x08,0xe3,0xff,0x08,0xc3,0xff,0x08,0xc3,0xff,0x08,0xa3,0xff,0x08,0xa3,0xff,0x08,0xa3,0xff,0x08,0xa3,0xff,0x10,0xc3,0xff,
    0x18,0xe4,0xff,0x21,0x25,0xff,0x29,0x86,0xff,0xff,0xff,0xff,0xff,0xff,0xff,0xff,0xff,0xff,0xff,0xff,0xff,0xff,0xff,0xff,
    0xff,0xff,0xff,0xff,0xff,0xff,0x29,0x86,0xff,0x21,0x25,0xff,0x10,0xc4,0xff,0x10,0xa3,0xff,0x08,0x83,0xff,0x08,0x83,0xff,
    0x08,0x83,0xff,0x08,0x83,0xff,0x08,0x83,0xff,0x08,0x83,0xff,0x08,0x83,0xff,0x08,0x83,0xff,0x08,0x83,0xff,0x08,0x83,0xff,
    0x08,0x83,0xff,0x08,0x83,0xff,0x08,0x83,0xff,0x08,0x83,0xff,0x08,0x83,0xff,0x08,0x83,0xff,0x08,0x83,0xff,0x08,0x83,0xff,
    0x08,0x83,0xff,0x08,0x83,0xff,0x08,0x83,0xff,0x08,0x83,0xff,0x08,0x83,0xff,0x08,0x83,0xff,0x08,0x83,0xff,0x08,0x83,0xff,
    0x08,0x83,0xff,0x08,0x83,0xff,0x08,0x83,0xff,0x08,0x83,0xff,0x08,0x83,0xff,0x08,0x83,0xff,0x08,0x83,0xff,0x08,0x83,0xff,
    0x08,0x83,0xff,0x08,0x83,0xff,0x08,0x83,0xff,0x08,0x83,0xff,0x08,0x83,0xff,0x02,0x64,0xdc,0x00,0x00,0x00,0x00,0x00,0x00,
    0x00,0x00,0x00,0x00,0x00,0x00,0x02,0x64,0xdc,0x08,0x83,0xff,0x08,0x83,0xff,0x08,0x83,0xff,0x08,0x83,0xff,0x08,0x83,0xff,
    0x08,0x83,0xff,0x08,0x83,0xff,0x08,0x83,0xff,0x08,0x83,0xff,0x08,0x83,0xff,0x08,0x83,0xff,0x08,0x83,0xff,0x08,0x83,0xff,
    0x08,0x83,0xff,0x08,0x83,0xff,0x08,0x83,0xff,0x08,0x83,0xff,0x08,0x83,0xff,0x08,0x83,0xff,0x08,0x83,0xff,0x08,0x83,0xff,
    0x08,0x83,0xff,0x08,0x83,0xff,0x08,0x83,0xff,0x08,0x83,0xff,0x08,0x83,0xff,0x08,0x83,0xff,0x08,0x83,0xff,0x08,0x83,0xff,
    0x08,0x83,0xff,0x08,0x83,0xff,0x08,0x83,0xff,0x08,0x83,0xff,0x08,0x83,0xff,0x08,0x83,0xff,0x08,0x83,0xff,0x08,0x83,0xff,
    0x08,0x83,0xff,0x08,0x83,0xff,0x08,0x83,0xff,0x08,0x83,0xff,0x08,0x83,0xff,0x08,0x83,0xff,0x08,0x83,0xff,0x08,0x83,0xff,
    0x08,0x83,0xff,0x08,0x83,0xff,0x08,0x83,0xff,0x08,0x83,0xff,0x08,0x83,0xff,0x08,0x83,0xff,0x08,0x83,0xff,0x08,0x83,0xff,
    0x08,0x83,0xff,0x08,0x82,0xff,0x08,0x82,0xff,0x08,0x82,0xff,0x08,0xa3,0xff,0x08,0xc3,0xff,0x08,0xe3,0xff,0x09,0x03,0xff,
    0x07,0x2e,0xff,0x07,0x2e,0xff,0x07,0x2e,0xff,0x07,0x2e,0xff,0x07,0x2e,0xff,0x07,0x2e,0xff,0x07,0x2e,0xff,0x07,0x2e,0xff,
    0x07,0x2e,0xff,0x09,0x03,0xff,0x08,0xe3,0xff,0x08,0xc3,0xff,0x08,0xc3,0xff,0x08,0xc3,0xff,0x10,0xc3,0xff,0x10,0xc3,0xff,
    0x19,0x04,0xff,0xff,0xff,0xff,0xff,0xff,0xff,0xff,0xff,0xff,0xff,0xff,0xff,0xff,0xff,0xff,0xff,0xff,0xff,0xff,0xff,0xff,
    0xff,0xff,0xff,0xff,0xff,0xff,0xff,0xff,0xff,0xff,0xff,0xff,0x18,0xe4,0xff,0x10,0xa3,0xff,0x08,0x83,0xff,0x08,0x83,0xff,
    0x08,0x83,0xff,0x08,0x83,0xff,0x08,0x83,0xff,0x08,0x83,0xff,0x08,0x83,0xff,0x08,0x83,0xff,0x08,0x83,0xff,0x08,0x83,0xff,
    0x08,0x83,0xff,0x08,0x83,0xff,0x08,0x83,0xff,0x08,0x83,0xff,0x08,0x83,0xff,0x08,0x83,0xff,0x08,0x83,0xff,0x08,0x83,0xff,
    0x08,0x83,0xff,0x08,0x83,0xff,0x08,0x83,0xff,0x08,0x83,0xff,0x08,0x83,0xff,0x08,0x83,0xff,0x08,0x83,0xff,0x08,0x83,0xff,
    0x08,0x83,0xff,0x08,0x83,0xff,0x08,0x83,0xff,0x08,0x83,0xff,0x08,0x83,0xff,0x08,0x83,0xff,0x08,0x83,0xff,0x08,0x83,0xff,
    0x08,0x83,0xff,0x08,0x83,0xff,0x08,0x83,0xff,0x08,0x83,0xff,0x08,0x83,0xff,0x02,0x64,0xdc,0x00,0x00,0x00,0x00,0x00,0x00,
    0x00,0x00,0x00,0x00,0x00,0x00,0x02,0x64,0xdc,0x08,0x83,0xff,0x08,0x83,0xff,0x08,0x83,0xff,0x08,0x83,0xff,0x08,0x83,0xff,
    0x08,0x83,0xff,0x08,0x83,0xff,0x08,0x83,0xff,0x08,0x83,0xff,0x08,0x83,0xff,0x08,0x83,0xff,0x08,0x83,0xff,0x08,0x83,0xff,
    0x08,0x83,0xff,0x08,0x83,0xff,0x08,0x83,0xff,0x08,0x83,0xff,0x08,0x83,0xff,0x08,0x83,0xff,0x08,0x83,0xff,0x08,0x83,0xff,
    0x08,0x83,0xff,0x08,0x83,0xff,0x08,0x83,0xff,0x08,0x83,0xff,0x08,0x83,0xff,0x08,0x83,0xff,0x08,0x83,0xff,0x08,0x83,0xff,
    0x08,0x83,0xff,0x08,0x83,0xff,0x08,0x83,0xff,0x08,0x83,0xff,0x08,0x83,0xff,0x08,0x83,0xff,0x08,0x83,0xff,0x08,0x83,0xff,
    0x08,0x83,0xff,0x08,0x83,0xff,0x08,0x83,0xff,0x08,0x83,0xff,0x08,0x83,0xff,0x08,0x83,0xff,0x08,0x83,0xff,0x08,0x83,0xff,
    0x08,0x83,0xff,0x08,0x83,0xff,0x08,0x83,0xff,0x08,0x83,0xff,0x08,0x83,0xff,0x08,0x83,0xff,0x08,0x83,0xff,0x08,0x83,0xff,
    0x08,0x82,0xff,0x08,0x82,0xff,0x08,0x82,0xff,0x08,0xa3,0xff,0x08,0xc3,0xff,0x08,0xe3,0xff,0x07,0x2e,0xff,0x07,0x2e,0xff,
    0x07,0x2e,0xff,0x07,0x2e,0xff,0x09,0x84,0xff,0x09,0x84,0xff,0x09,0x84,0xff,0x09,0x84,0xff,0x09,0x84,0xff,0x07,0x2e,0xff,
    0x07,0x2e,0xff,0x07,0x2e,0xff,0x07,0x2e,0xff,0x09,0x03,0xff,0x08,0xe3,0xff,0x08,0xe3,0xff,0xff,0xff,0xff,0xff,0xff,0xff,
    0xff,0xff,0xff,0xff,0xff,0xff,0xff,0xff,0xff,0xff,0xff,0xff,0xff,0xff,0xff,0xff,0xff,0xff,0xff,0xff,0xff,0xff,0xff,0xff,
    0xff,0xff,0xff,0xff,0xff,0xff,0xff,0xff,0xff,0xff,0xff,0xff,0xff,0xff,0xff,0xff,0xff,0xff,0xff,0xff,0xff,0x08,0x83,0xff,
    0x08,0x83,0xff,0x08,0x83,0xff,0x08,0x83,0xff,0x08,0x83,0xff,0x08,0x83,0xff,0x08,0x83,0xff,0x08,0x83,0xff,0x08,0x83,0xff,
    0x08,0x83,0xff,0x08,0x83,0xff,0x08,0x83,0xff,0x08,0x83,0xff,0x08,0x83,0xff,0x08,0x83,0xff,0x08,0x83,0xff,0x08,0x83,0xff,
    0x08,0x83,0xff,0x08,0x83,0xff,0x08,0x83,0xff,0x08,0x83,0xff,0x08,0x83,0xff,0x08,0x83,0xff,0x08,0x83,0xff,0x08,0x83,0xff,
    0x08,0x83,0xff,0x08,0x83,0xff,0x08,0x83,0xff,0x08,0x83,0xff,0x08,0x83,0xff,0x08,0x83,0xff,0x08,0x83,0xff,0x08,0x83,0xff,
    0x08,0x83,0xff,0x08,0x83,0xff,0x08,0x83,0xff,0x08,0x83,0xff,0x08,0x83,0xff,0x02,0x64,0xdc,0x00,0x00,0x00,0x00,0x00,0x00,
    0x00,0x00,0x00,0x00,0x00,0x00,0x02,0x64,0xdc,0x08,0x83,0xff,0x08,0x83,0xff,0x08,0x83,0xff,0x08,0x83,0xff,0x08,0x83,0xff,
    0x08,0x83,0xff,0x08,0x83,0xff,0x08,0x83,0xff,0x08,0x83,0xff,0x08,0x83,0xff,0x08,0x83,0xff,0x08,0x83,0xff,0x08,0x83,0xff,
    0x08,0x83,0xff,0x08,0x83,0xff,0x08,0x83,0xff,0x08,0x83,0xff,0x08,0x83,0xff,0x08,0x83,0xff,0x08,0x83,0xff,0x08,0x83,0xff,
    0x08,0x83,0xff,0x08,0x83,0xff,0x08,0x83,0xff,0x08,0x83,0xff,0x08,0x83,0xff,0x08,0x83,0xff,0x08,0x83,0xff,0x08,0x83,0xff,
    0x08,0x83,0xff,0x08,0x83,0xff,0x08,0x83,0xff,0x08,0x83,0xff,0x08,0x83,0xff,0x08,0x83,0xff,0x08,0x83,0xff,0x08,0x83,0xff,
    0x08,0x83,0xff,0x08,0x83,0xff,0x08,0x83,0xff,0x08,0x83,0xff,0x08,0x83,0xff,0x08,0x83,0xff,0x08,0x83,0xff,0x08,0x83,0xff,
    0x08,0x83,0xff,0x08,0x83,0xff,0x08,0x83,0xff,0x08,0x83,0xff,0x08,0x83,0xff,0x08,0x83,0xff,0x08,0x83,0xff,0x08,0x82,0xff,
    0x08,0x82,0xff,0x08,0x82,0xff,0x08,0xa3,0xff,0x08,0xa3,0xff,0x08,0xe3,0xff,0x07,0x2e,0xff,0x07,0x2e,0xff,0x07,0x2e,0xff,
    0x09,0x84,0xff,0x09,0x84,0xff,0x09,0x84,0xff,0x09,0x84,0xff,0x09,0x84,0xff,0x09,0x84,0xff,0x09,0x84,0xff,0x09,0x84,0xff,
    0x09,0x84,0xff,0x07,0x2e,0xff,0x07,0x2e,0xff,0x07,0x2e,0xff,0x09,0x03,0xff,0x09,0x03,0xff,0x10,0xe3,0xff,0x11,0x04,0xff,
    0x19,0x24,0xff,0xff,0xff,0xff,0xff,0xff,0xff,0xff,0xff,0xff,0xff,0xff,0xff,0xff,0xff,0xff,0xff,0xff,0xff,0xff,0xff,0xff,
    0xff,0xff,0xff,0xff,0xff,0xff,0xff,0xff,0xff,0xff,0xff,0xff,0x18,0xe4,0xff,0x10,0xa3,0xff,0x08,0x83,0xff,0x08,0x83,0xff,
    0x08,0x83,0xff,0x08,0x83,0xff,0x08,0x83,0xff,0x08,0x83,0xff,0x08,0x83,0xff,0x08,0x83,0xff,0x08,0x83,0xff,0x08,0x83,0xff,
    0x08,0x83,0xff,0x08,0x83,0xff,0x08,0x83,0xff,0x08,0x83,0xff,0x08,0x83,0xff,0x08,0x83,0xff,0x08,0x83,0xff,0x08,0x83,0xff,
    0x08,0x83,0xff,0x08,0x83,0xff,0x08,0x83,0xff,0x08,0x83,0xff,0x08,0x83,0xff,0x08,0x83,0xff,0x08,0x83,0xff,0x08,0x83,0xff,
    0x08,0x83,0xff,0x08,0x83,0xff,0x08,0x83,0xff,0x08,0x83,0xff,0x08,0x83,0xff,0x08,0x83,0xff,0x08,0x83,0xff,0x08,0x83,0xff,
    0x08,0x83,0xff,0x08,0x83,0xff,0x08,0x83,0xff,0x08,0x83,0xff,0x08,0x83,0xff,0x02,0x64,0xdc,0x00,0x00,0x00,0x00,0x00,0x00,
    0x00,0x00,0x00,0x00,0x00,0x00,0x02,0x64,0xdc,0x08,0x83,0xff,0x08,0x83,0xff,0x08,0x83,0xff,0x08,0x83,0xff,0x08,0x83,0xff,
    0x08,0x83,0xff,0x08,0x83,0xff,0x08,0x83,0xff,0x08,0x83,0xff,0x08,0x83,0xff,0x08,0x83,0xff,0x08,0x83,0xff,0x08,0x83,0xff,
    0x08,0x83,0xff,0x08,0x83,0xff,0x08,0x83,0xff,0x08,0x83,0xff,0x08,0x83,0xff,0x08,0x83,0xff,0x08,0x83,0xff,0x08,0x83,0xff,
    0x08,0x83,0xff,0x08,0x83,0xff,0x08,0x83,0xff,0x08,0x83,0xff,0x08,0x83,0xff,0x08,0x83,0xff,0x08,0x83,0xff,0x08,0x83,0xff,
    0x08,0x83,0xff,0x08,0x83,0xff,0x08,0x83,0xff,0x08,0x83,0xff,0x08,0x83,0xff,0x08,0x83,0xff,0x08,0x83,0xff,0x08,0x83,0xff,
    0x08,0x83,0xff,0x08,0x83,0xff,0x08,0x83,0xff,0x08,0x83,0xff,0x08,0x83,0xff,0x08,0x83,0xff,0x08,0x83,0xff,0x08,0x83,0xff,
    0x08,0x83,0xff,0x08,0x83,0xff,0x08,0x83,0xff,0x08,0x83,0xff,0x08,0x83,0xff,0x08,0x83,0xff,0x08,0x83,0xff,0x08,0x82,0xff,
    0x08,0x82,0xff,0x08,0x82,0xff,0x08,0xa3,0xff,0x08,0xc3,0xff,0x09,0x03,0xff,0x07,0x2e,0xff,0x07,0x2e,0xff,0x09,0x84,0xff,
    0x09,0x84,0xff,0x09,0x84,0xff,0x09,0x64,0xff,0x09,0x64,0xff,0x09,0x44,0xff,0x09,0x64,0xff,0x09,0x64,0xff,0x09,0x84,0xff,
    0x09,0x84,0xff,0x09,0x84,0xff,0x07,0x2e,0xff,0x07,0x2e,0xff,0x09,0x44,0xff,0x09,0x04,0xff,0x11,0x04,0xff,0x11,0x04,0xff,
    0x19,0x24,0xff,0x21,0x45,0xff,0x31,0xa7,0xff,0xff,0xff,0xff,0xff,0xff,0xff,0xff,0xff,0xff,0xff,0xff,0xff,0xff,0xff,0xff,
    0xff,0xff,0xff,0xff,0xff,0xff,0x29,0x86,0xff,0x21,0x25,0xff,0x10,0xc4,0xff,0x10,0xa3,0xff,0x08,0x83,0xff,0x08,0x83,0xff,
    0x08,0x83,0xff,0x08,0x83,0xff,0x08,0x83,0xff,0x08,0x83,0xff,0x08,0x83,0xff,0x08,0x83,0xff,0x08,0x83,0xff,0x08,0x83,0xff,
    0x08,0x83,0xff,0x08,0x83,0xff,0x08,0x83,0xff,0x08,0x83,0xff,0x08,0x83,0xff,0x08,0x83,0xff,0x08,0x83,0xff,0x08,0x83,0xff,
    0x08,0x83,0xff,0x08,0x83,0xff,0x08,0x83,0xff,0x08,0x83,0xff,0x08,0x83,0xff,0x08,0x83,0xff,0x08,0x83,0xff,0x08,0x83,0xff,
    0x08,0x83,0xff,0x08,0x83,0xff,0x08,0x83,0xff,0x08,0x83,0xff,0x08,0x83,0xff,0x08,0x83,0xff,0x08,0x83,0xff,0x08,0x83,0xff,
    0x08,0x83,0xff,0x08,0x83,0xff,0x08,0x83,0xff,0x08,0x83,0xff,0x08,0x83,0xff,0x02,0x64,0xdc,0x00,0x00,0x00,0x00,0x00,0x00,
    0x00,0x00,0x00,0x00,0x00,0x00,0x02,0x64,0xdc,0x08,0x83,0xff,0x08,0x83,0xff,0x08,0x83,0xff,0x08,0x83,0xff,0x08,0x83,0xff,
    0x08,0x83,0xff,0x08,0x83,0xff,0x08,0x83,0xff,0x08,0x83,0xff,0x08,0x83,0xff,0x08,0x83,0xff,0x08,0x83,0xff,0x08,0x83,0xff,
    0x08,0x83,0xff,0x08,0x83,0xff,0x08,0x83,0xff,0x08,0x83,0xff,0x08,0x83,0xff,0x08,0x83,0xff,0x08,0x83,0xff,0x08,0x83,0xff,
    0x08,0x83,0xff,0x08,0x83,0xff,0x08,0x83,0xff,0x08,0x83,0xff,0x08,0x83,0xff,0x08,0x83,0xff,0x08,0x83,0xff,0x08,0x83,0xff,
    0x08,0x83,0xff,0x08,0x83,0xff,0x08,0x83,0xff,0x08,0x83,0xff,0x08,0x83,0xff,0x08,0x83,0xff,0x08,0x83,0xff,0x08,0x83,0xff,
    0x08,0x83,0xff,0x08,0x83,0xff,0x08,0x83,0xff,0x08,0x83,0xff,0x08,0x83,0xff,0x08,0x83,0xff,0x08,0x83,0xff,0x08,0x83,0xff,
    0x08,0x83,0xff,0x08,0x83,0xff,0x08,0x83,0xff,0x08,0x83,0xff,0x08,0x83,0xff,0x08,0x83,0xff,0x08,0x83,0xff,0x08,0x82,0xff,
    0x08,0x82,0xff,0x08,0xa3,0xff,0x08,0xc3,0xff,0x08,0xe3,0xff,0x07,0x2e,0xff,0x07,0x2e,0xff,0x09,0x84,0xff,0x09,0x84,0xff,
    0x09,0x64,0xff,0x09,0x44,0xff,0x09,0x23,0xff,0x09,0x23,0xff,0x09,0x23,0xff,0x09,0x23,0xff,0x09,0x23,0xff,0x09,0x44,0xff,
    0x09,0x64,0xff,0x09,0x84,0xff,0x09,0x84,0xff,0x07,0x2e,0xff,0x07,0x2e,0xff,0x09,0x24,0xff,0x11,0x04,0xff,0x11,0x04,0xff,
    0x11,0x04,0xff,0x19,0x25,0xff,0x21,0x66,0xff,0x31,0xc7,0xff,0xff,0xff,0xff,0xff,0xff,0xff,0xff,0xff,0xff,0xff,0xff,0xff,
    0xff,0xff,0xff,0x31,0xa7,0xff,0x21,0x45,0xff,0x18,0xe4,0xff,0x10,0xc3,0xff,0x08,0xa3,0xff,0x08,0x83,0xff,0x08,0x83,0xff,
    0x08,0x83,0xff,0x08,0x83,0xff,0x08,0x83,0xff,0x08,0x83,0xff,0x08,0x83,0xff,0x08,0x83,0xff,0x08,0x83,0xff,0x08,0x83,0xff,
    0x08,0x83,0xff,0x08,0x83,0xff,0x08,0x83,0xff,0x08,0x83,0xff,0x08,0x83,0xff,0x08,0x83,0xff,0x08,0x83,0xff,0x08,0x83,0xff,
    0x08,0x83,0xff,0x08,0x83,0xff,0x08,0x83,0xff,0x08,0x83,0xff,0x08,0x83,0xff,0x08,0x83,0xff,0x08,0x83,0xff,0x08,0x83,0xff,
    0x08,0x83,0xff,0x08,0x83,0xff,0x08,0x83,0xff,0x08,0x83,0xff,0x08,0x83,0xff,0x08,0x83,0xff,0x08,0x83,0xff,0x08,0x83,0xff,
    0x08,0x83,0xff,0x08,0x83,0xff,0x08,0x83,0xff,0x08,0x83,0xff,0x08,0x83,0xff,0x02,0x64,0xdc,0x00,0x00,0x00,0x00,0x00,0x00,
    0x00,0x00,0x00,0x00,0x00,0x00,0x02,0x64,0xdc,0x08,0x83,0xff,0x08,0x83,0xff,0x08,0x83,0xff,0x08,0x83,0xff,0x08,0x83,0xff,
    0x08,0x83,0xff,0x08,0x83,0xff,0x08,0x83,0xff,0x08,0x83,0xff,0x08,0x83,0xff,0x08,0x83,0xff,0x08,0x83,0xff,0x08,0x83,0xff,
    0x08,0x83,0xff,0x08,0x83,0xff,0x08,0x83,0xff,0x08,0x83,0xff,0x08,0x83,0xff,0x08,0x83,0xff,0x08,0x83,0xff,0x08,0x83,0xff,
    0x08,0x83,0xff,0x08,0x83,0xff,0x08,0x83,0xff,0x08,0x83,0xff,0x08,0x83,0xff,0x08,0x83,0xff,0x08,0x83,0xff,0x08,0x83,0xff,
    0x08,0x83,0xff,0x08,0x83,0xff,0x08,0x83,0xff,0x08,0x83,0xff,0x08,0x83,0xff,0x08,0x83,0xff,0x08,0x83,0xff,0x08,0x83,0xff,
    0x08,0x83,0xff,0x08,0x83,0xff,0x08,0x83,0xff,0x08,0x83,0xff,0x08,0x83,0xff,0x08,0x83,0xff,0x08,0x83,0xff,0x08,0x83,0xff,
    0x08,0x83,0xff,0x08,0x83,0xff,0x08,0x83,0xff,0x08,0x83,0xff,0x08,0x83,0xff,0x08,0x83,0xff,0x08,0x82,0xff,0x08,0x82,0xff,
    0x08,0x82,0xff,0x08,0xa3,0xff,0x08,0xc3,0xff,0x09,0x03,0xff,0x07,0x2e,0xff,0x07,0x2e,0xff,0x09,0x84,0xff,0x09,0x64,0xff,
    0x09,0x44,0xff,0x09,0x23,0xff,0x09,0x03,0xff,0x08,0xe3,0xff,0x08,0xe3,0xff,0x08,0xe3,0xff,0x09,0x03,0xff,0x09,0x23,0xff,
    0x09,0x44,0xff,0x09,0x84,0xff,0x09,0x84,0xff,0x07,0x2e,0xff,0x07,0x2e,0xff,0x09,0x44,0xff,0x09,0x04,0xff,0x10,0xe3,0xff,
    0x10,0xe4,0xff,0x19,0x04,0xff,0x19,0x25,0xff,0x29,0x66,0xff,0xff,0xff,0xff,0xff,0xff,0xff,0xff,0xff,0xff,0xff,0xff,0xff,
    0xff,0xff,0xff,0x21,0x46,0xff,0x19,0x04,0xff,0x10,0xc3,0xff,0x10,0xa3,0xff,0x08,0x83,0xff,0x08,0x83,0xff,0x08,0x83,0xff,
    0x08,0x83,0xff,0x08,0x83,0xff,0x08,0x83,0xff,0x08,0x83,0xff,0x08,0x83,0xff,0x08,0x83,0xff,0x08,0x83,0xff,0x08,0x83,0xff,
    0x08,0x83,0xff,0x08,0x83,0xff,0x08,0x83,0xff,0x08,0x83,0xff,0x08,0x83,0xff,0x08,0x83,0xff,0x08,0x83,0xff,0x08,0x83,0xff,
    0x08,0x83,0xff,0x08,0x83,0xff,0x08,0x83,0xff,0x08,0x83,0xff,0x08,0x83,0xff,0x08,0x83,0xff,0x08,0x83,0xff,0x08,0x83,0xff,
    0x08,0x83,0xff,0x08,0x83,0xff,0x08,0x83,0xff,0x08,0x83,0xff,0x08,0x83,0xff,0x08,0x83,0xff,0x08,0x83,0xff,0x08,0x83,0xff,
    0x08,0x83,0xff,0x08,0x83,0xff,0x08,0x83,0xff,0x08,0x83,0xff,0x08,0x83,0xff,0x02,0x64,0xdc,0x00,0x00,0x00,0x00,0x00,0x00,
    0x00,0x00,0x00,0x00,0x00,0x00,0x02,0x64,0xdc,0x08,0x83,0xff,0x08,0x83,0xff,0x08,0x83,0xff,0x08,0x83,0xff,0x08,0x83,0xff,
    0x08,0x83,0xff,0x08,0x83,0xff,0x08,0x83,0xff,0x08,0x83,0xff,0x08,0x83,0xff,0x08,0x83,0xff,0x08,0x83,0xff,0x08,0x83,0xff,
    0x08,0x83,0xff,0x08,0x83,0xff,0x08,0x83,0xff,0x08,0x83,0xff,0x08,0x83,0xff,0x08,0x83,0xff,0x08,0x83,0xff,0x08,0x83,0xff,
    0x08,0x83,0xff,0x08,0x83,0xff,0x08,0x83,0xff,0x08,0x83,0xff,0x08,0x83,0xff,0x08,0x83,0xff,0x08,0x83,0xff,0x08,0x83,0xff,
    0x08,0x83,0xff,0x08,0x83,0xff,0x08,0x83,0xff,0x08,0x83,0xff,0x08,0x83,0xff,0x08,0x83,0xff,0x08,0x83,0xff,0x08,0x83,0xff,
    0x08,0x83,0xff,0x08,0x83,0xff,0x08,0x83,0xff,0x08,0x83,0xff,0x08,0x83,0xff,0x08,0x83,0xff,0x08,0x83,0xff,0x08,0x83,0xff,
    0x08,0x83,0xff,0x08,0x83,0xff,0x08,0x83,0xff,0x08,0x83,0xff,0x08,0x83,0xff,0x08,0x83,0xff,0x08,0x82,0xff,0x08,0x82,0xff,
    0x08,0x82,0xff,0x08,0xa3,0xff,0x08,0xe3,0xff,0x07,0x2e,0xff,0x07,0x2e,0xff,0x09,0x84,0xff,0x09,0x84,0xff,0x09,0x64,0xff,
    0x09,0x23,0xff,0x08,0xe3,0xff,0x08,0xc3,0xff,0x08,0xc3,0xff,0x08,0xa3,0xff,0x08,0xc3,0xff,0x08,0xc3,0xff,0x08,0xe3,0xff,
    0x09,0x23,0xff,0x09,0x64,0xff,0x09,0x84,0xff,0x09,0x84,0xff,0x07,0x2e,0xff,0x07,0x2e,0xff,0x09,0x03,0xff,0x08,0xe3,0xff,
    0x10,0xe3,0xff,0x10,0xe3,0xff,0x18,0xe4,0xff,0x19,0x05,0xff,0x21,0x45,0xff,0xff,0xff,0xff,0xff,0xff,0xff,0xff,0xff,0xff,
    0x21,0x45,0xff,0x19,0x04,0xff,0x10,0xc4,0xff,0x10,0xa3,0xff,0x08,0x83,0xff,0x08,0x83,0xff,0x08,0x83,0xff,0x08,0x83,0xff,
    0x08,0x83,0xff,0x08,0x83,0xff,0x08,0x83,0xff,0x08,0x83,0xff,0x08,0x83,0xff,0x08,0x83,0xff,0x08,0x83,0xff,0x08,0x83,0xff,
    0x08,0x83,0xff,0x08,0x83,0xff,0x08,0x83,0xff,0x08,0x83,0xff,0x08,0x83,0xff,0x08,0x83,0xff,0x08,0x83,0xff,0x08,0x83,0xff,
    0x08,0x83,0xff,0x08,0x83,0xff,0x08,0x83,0xff,0x08,0x83,0xff,0x08,0x83,0xff,0x08,0x83,0xff,0x08,0x83,0xff,0x08,0x83,0xff,
    0x08,0x83,0xff,0x08,0x83,0xff,0x08,0x83,0xff,0x08,0x83,0xff,0x08,0x83,0xff,0x08,0x83,0xff,0x08,0x83,0xff,0x08,0x83,0xff,
    0x08,0x83,0xff,0x08,0x83,0xff,0x08,0x83,0xff,0x08,0x83,0xff,0x08,0x83,0xff,0x02,0x64,0xdc,0x00,0x00,0x00,0x00,0x00,0x00,
    0x00,0x00,0x00,0x00,0x00,0x00,0x02,0x64,0xdc,0x08,0x83,0xff,0x08,0x83,0xff,0x08,0x83,0xff,0x08,0x83,0xff,0x08,0x83,0xff,
    0x08,0x83,0xff,0x08,0x83,0xff,0x08,0x83,0xff,0x08,0x83,0xff,0x08,0x83,0xff,0x08,0x83,0xff,0x08,0x83,0xff,0x08,0x83,0xff,
    0x08,0x83,0xff,0x08,0x83,0xff,0x08,0x83,0xff,0x08,0x83,0xff,0x08,0x83,0xff,0x08,0x83,0xff,0x08,0x83,0xff,0x08,0x83,0xff,
    0x08,0x83,0xff,0x08,0x83,0xff,0x08,0x83,0xff,0x08,0x83,0xff,0x08,0x83,0xff,0x08,0x83,0xff,0x08,0x83,0xff,0x08,0x83,0xff,
    0x08,0x83,0xff,0x08,0x83,0xff,0x08,0x83,0xff,0x08,0x83,0xff,0x08,0x83,0xff,0x08,0x83,0xff,0x08,0x83,0xff,0x08,0x83,0xff,
    0x08,0x83,0xff,0x08,0x83,0xff,0x08,0x83,0xff,0x08,0x83,0xff,0x08,0x83,0xff,0x08,0x83,0xff,0x08,0x83,0xff,0x08,0x83,0xff,
    0x08,0x83,0xff,0x08,0x83,0xff,0x08,0x83,0xff,0x08,0x83,0xff,0x08,0x83,0xff,0x08,0x83,0xff,0x08,0x82,0xff,0x08,0x82,0xff,
    0x08,0x82,0xff,0x08,0xc3,0xff,0x08,0xe3,0xff,0x07,0x2e,0xff,0x07,0x2e,0xff,0x09,0x84,0xff,0x05,0xec,0xff,0x05,0xec,0xff,
    0x05,0xec,0xff,0x05,0xcc,0xff,0x05,0xcc,0xff,0x05,0xcc,0xff,0x05,0xcc,0xff,0x05,0xcc,0xff,0x05,0xcc,0xff,0x05,0xcc,0xff,
    0x05,0xec,0xff,0x05,0xec,0xff,0x05,0xec,0xff,0x09,0x84,0xff,0x07,0x2e,0xff,0x07,0x2e,0xff,0x09,0x03,0xff,0x08,0xe3,0xff,
    0x08,0xc3,0xff,0x10,0xc3,0xff,0x10,0xc3,0xff,0x10,0xe4,0xff,0x18,0xe4,0xff,0xff,0xff,0xff,0xff,0xff,0xff,0xff,0xff,0xff,
    0x18,0xe4,0xff,0x10,0xc3,0xff,0x10,0xa3,0xff,0x08,0x83,0xff,0x08,0x83,0xff,0x08,0x83,0xff,0x08,0x83,0xff,0x08,0x83,0xff,
    0x08,0x83,0xff,0x08,0x83,0xff,0x08,0x83,0xff,0x08,0x83,0xff,0x08,0x83,0xff,0x08,0x83,0xff,0x08,0x83,0xff,0x08,0x83,0xff,
    0x08,0x83,0xff,0x08,0x83,0xff,0x08,0x83,0xff,0x08,0x83,0xff,0x08,0x83,0xff,0x08,0x83,0xff,0x08,0x83,0xff,0x08,0x83,0xff,
    0x08,0x83,0xff,0x08,0x83,0xff,0x08,0x83,0xff,0x08,0x83,0xff,0x08,0x83,0xff,0x08,0x83,0xff,0x08,0x83,0xff,0x08,0x83,0xff,
    0x08,0x83,0xff,0x08,0x83,0xff,0x08,0x83,0xff,0x08,0x83,0xff,0x08,0x83,0xff,0x08,0x83,0xff,0x08,0x83,0xff,0x08,0x83,0xff,
    0x08,0x83,0xff,0x08,0x83,0xff,0x08,0x83,0xff,0x08,0x83,0xff,0x08,0x83,0xff,0x02,0x64,0xdc,0x00,0x00,0x00,0x00,0x00,0x00,
    0x00,0x00,0x00,0x00,0x00,0x00,0x02,0x64,0xdc,0x08,0x83,0xff,0x08,0x83,0xff,0x08,0x83,0xff,0x08,0x83,0xff,0x08,0x83,0xff,
    0x08,0x83,0xff,0x08,0x83,0xff,0x08,0x83,0xff,0x08,0x83,0xff,0x08,0x83,0xff,0x08,0x83,0xff,0x08,0x83,0xff,0x08,0x83,0xff,
    0x08,0x83,0xff,0x08,0x83,0xff,0x08,0x83,0xff,0x08,0x83,0xff,0x08,0x83,0xff,0x08,0x83,0xff,0x08,0x83,0xff,0x08,0x83,0xff,
    0x08,0x83,0xff,0x08,0x83,0xff,0x08,0x83,0xff,0x08,0x83,0xff,0x08,0x83,0xff,0x08,0x83,0xff,0x08,0x83,0xff,0x08,0x83,0xff,
    0x08,0x83,0xff,0x08,0x83,0xff,0x08,0x83,0xff,0x08,0x83,0xff,0x08,0x83,0xff,0x08,0x83,0xff,0x08,0x83,0xff,0x08,0x83,0xff,
    0x08,0x83,0xff,0x08,0x83,0xff,0x08,0x83,0xff,0x08,0x83,0xff,0x08,0x83,0xff,0x08,0x83,0xff,0x08,0x83,0xff,0x08,0x83,0xff,
    0x08,0x83,0xff,0x08,0x83,0xff,0x08,0x83,0xff,0x08,0x83,0xff,0x08,0x83,0xff,0x08,0x83,0xff,0x08,0x82,0xff,0x08,0x82,0xff,
    0x08,0xa3,0xff,0x08,0xc3,0xff,0x09,0x03,0xff,0x07,0x2e,0xff,0x07,0x2e,0xff,0x09,0x84,0xff,0x09,0x64,0xff,0x09,0x23,0xff,
    0x08,0xe3,0xff,0x08,0xc3,0xff,0x08,0xa3,0xff,0x08,0x82,0xff,0x08,0x82,0xff,0x08,0x82,0xff,0x08,0xa3,0xff,0x08,0xc3,0xff,
    0x08,0xe3,0xff,0x09,0x23,0xff,0x09,0x64,0xff,0x09,0x84,0xff,0x07,0x2e,0xff,0x07,0x2e,0xff,0x09,0x03,0xff,0x08,0xe3,0xff,
    0x08,0xc3,0xff,0x08,0xa3,0xff,0x08,0xa3,0xff,0x10,0xa3,0xff,0x10,0xc3,0xff,0x10,0xc3,0xff,0xff,0xff,0xff,0x10,0xc3,0xff,
    0x10,0xc3,0xff,0x10,0xa3,0xff,0x08,0x83,0xff,0x08,0x83,0xff,0x08,0x83,0xff,0x08,0x83,0xff,0x08,0x83,0xff,0x08,0x83,0xff,
    0x08,0x83,0xff,0x08,0x83,0xff,0x08,0x83,0xff,0x08,0x83,0xff,0x08,0x83,0xff,0x08,0x83,0xff,0x08,0x83,0xff,0x08,0x83,0xff,
    0x08,0x83,0xff,0x08,0x83,0xff,0x08,0x83,0xff,0x08,0x83,0xff,0x08,0x83,0xff,0x08,0x83,0xff,0x08,0x83,0xff,0x08,0x83,0xff,
    0x08,0x83,0xff,0x08,0x83,0xff,0x08,0x83,0xff,0x08,0x83,0xff,0x08,0x83,0xff,0x08,0x83,0xff,0x08,0x83,0xff,0x08,0x83,0xff,
    0x08,0x83,0xff,0x08,0x83,0xff,0x08,0x83,0xff,0x08,0x83,0xff,0x08,0x83,0xff,0x08,0x83,0xff,0x08,0x83,0xff,0x08,0x83,0xff,
    0x08,0x83,0xff,0x08,0x83,0xff,0x08,0x83,0xff,0x08,0x83,0xff,0x08,0x83,0xff,0x02,0x64,0xdc,0x00,0x00,0x00,0x00,0x00,0x00,
    0x00,0x00,0x00,0x00,0x00,0x00,0x02,0x64,0xdc,0x08,0x83,0xff,0x08,0x83,0xff,0x08,0x83,0xff,0x08,0x83,0xff,0x08,0x83,0xff,
    0x08,0x83,0xff,0x08,0x83,0xff,0x08,0x83,0xff,0x08,0x83,0xff,0x08,0x83,0xff,0x08,0x83,0xff,0x08,0x83,0xff,0x08,0x83,0xff,
    0x08,0x83,0xff,0x08,0x83,0xff,0x08,0x83,0xff,0x08,0x83,0xff,0x08,0x83,0xff,0x08,0x83,0xff,0x08,0x83,0xff,0x08,0x83,0xff,
    0x08,0x83,0xff,0x08,0x83,0xff,0x08,0x83,0xff,0x08,0x83,0xff,0x08,0x83,0xff,0x08,0x83,0xff,0x08,0x83,0xff,0x08,0x83,0xff,
    0x08,0x83,0xff,0x08,0x83,0xff,0x08,0x83,0xff,0x08,0x83,0xff,0x08,0x83,0xff,0x08,0x83,0xff,0x08,0x83,0xff,0x08,0x83,0xff,
    0x08,0x83,0xff,0x08,0x83,0xff,0x08,0x83,0xff,0x08,0x83,0xff,0x08,0x83,0xff,0x08,0x83,0xff,0x08,0x83,0xff,0x08,0x83,0xff,
    0x08,0x83,0xff,0x08,0x83,0xff,0x08,0x83,0xff,0x08,0x83,0xff,0x08,0x83,0xff,0x08,0x83,0xff,0x08,0x82,0xff,0x08,0x82,0xff,
    0x08,0xa3,0xff,0x08,0xc3,0xff,0x09,0x03,0xff,0x07,0x2e,0xff,0x07,0x2e,0xff,0x09,0x84,0xff,0x09,0x64,0xff,0x09,0x23,0xff,
    0x08,0xe3,0xff,0x08,0xa3,0xff,0x08,0x82,0xff,0x08,0x82,0xff,0x08,0x82,0xff,0x08,0x82,0xff,0x08,0x82,0xff,0x08,0xa3,0xff,
    0x08,0xe3,0xff,0x09,0x23,0xff,0x09,0x64,0xff,0x09,0x84,0xff,0x07,0x2e,0xff,0x07,0x2e,0xff,0x09,0x03,0xff,0x08,0xe3,0xff,
    0x08,0xa3,0xff,0x08,0xa3,0xff,0x08,0xa3,0xff,0x08,0xa3,0xff,0x10,0xa3,0xff,0x10,0xa3,0xff,0xff,0xff,0xff,0x10,0xa3,0xff,
    0x08,0xa3,0xff,0x08,0x83,0xff,0x08,0x83,0xff,0x08,0x83,0xff,0x08,0x83,0xff,0x08,0x83,0xff,0x08,0x83,0xff,0x08,0x83,0xff,
    0x08,0x83,0xff,0x08,0x83,0xff,0x08,0x83,0xff,0x08,0x83,0xff,0x08,0x83,0xff,0x08,0x83,0xff,0x08,0x83,0xff,0x08,0x83,0xff,
    0x08,0x83,0xff,0x08,0x83,0xff,0x08,0x83,0xff,0x08,0x83,0xff,0x08,0x83,0xff,0x08,0x83,0xff,0x08,0x83,0xff,0x08,0x83,0xff,
    0x08,0x83,0xff,0x08,0x83,0xff,0x08,0x83,0xff,0x08,0x83,0xff,0x08,0x83,0xff,0x08,0x83,0xff,0x08,0x83,0xff,0x08,0x83,0xff,
    0x08,0x83,0xff,0x08,0x83,0xff,0x08,0x83,0xff,0x08,0x83,0xff,0x08,0x83,0xff,0x08,0x83,0xff,0x08,0x83,0xff,0x08,0x83,0xff,
    0x08,0x83,0xff,0x08,0x83,0xff,0x08,0x83,0xff,0x08,0x83,0xff,0x08,0x83,0xff,0x02,0x64,0xdc,0x00,0x00,0x00,0x00,0x00,0x00,
    0x00,0x00,0x00,0x00,0x00,0x00,0x02,0x64,0xdc,0x08,0x83,0xff,0x08,0x83,0xff,0x08,0x83,0xff,0x08,0x83,0xff,0x08,0x83,0xff,
    0x08,0x83,0xff,0x08,0x83,0xff,0x08,0x83,0xff,0x08,0x83,0xff,0x08,0x83,0xff,0x08,0x83,0xff,0x08,0x83,0xff,0x08,0x83,0xff,
    0x08,0x83,0xff,0x08,0x83,0xff,0x08,0x83,0xff,0x08,0x83,0xff,0x08,0x83,0xff,0x08,0x83,0xff,0x08,0x83,0xff,0x08,0x83,0xff,
    0x08,0x83,0xff,0x08,0x83,0xff,0x08,0x83,0xff,0x08,0x83,0xff,0x08,0x83,0xff,0x08,0x83,0xff,0x08,0x83,0xff,0x08,0x83,0xff,
    0x08,0x83,0xff,0x08,0x83,0xff,0x08,0x83,0xff,0x08,0x83,0xff,0x08,0x83,0xff,0x08,0x83,0xff,0x08,0x83,0xff,0x08,0x83,0xff,
    0x08,0x83,0xff,0x08,0x83,0xff,0x08,0x83,0xff,0x08,0x83,0xff,0x08,0x83,0xff,0x08,0x83,0xff,0x08,0x83,0xff,0x08,0x83,0xff,
    0x08,0x83,0xff,0x08,0x83,0xff,0x08,0x83,0xff,0x08,0x83,0xff,0x08,0x83,0xff,0x08,0x83,0xff,0x08,0x82,0xff,0x08,0x82,0xff,
    0x08,0xa3,0xff,0x08,0xc3,0xff,0x09,0x03,0xff,0x07,0x2e,0xff,0x07,0x2e,0xff,0x09,0x84,0xff,0x09,0x64,0xff,0x09,0x23,0xff,
    0x08,0xe3,0xff,0x08,0xa3,0xff,0x08,0x82,0xff,0x08,0x82,0xff,0x08,0x82,0xff,0x08,0x82,0xff,0x08,0x82,0xff,0x08,0xa3,0xff,
    0x08,0xe3,0xff,0x09,0x23,0xff,0x09,0x64,0xff,0x09,0x84,0xff,0x07,0x2e,0xff,0x07,0x2e,0xff,0x09,0x03,0xff,0x08,0xc3,0xff,
    0x08,0xa3,0xff,0x08,0x83,0xff,0x08,0x83,0xff,0x08,0x83,0xff,0x08,0x83,0xff,0x08,0x83,0xff,0x08,0x83,0xff,0x08,0x83,0xff,
    0x08,0x83,0xff,0x08,0x83,0xff,0x08,0x83,0xff,0x08,0x83,0xff,0x08,0x83,0xff,0x08,0x83,0xff,0x08,0x83,0xff,0x08,0x83,0xff,
    0x08,0x83,0xff,0x08,0x83,0xff,0x08,0x83,0xff,0x08,0x83,0xff,0x08,0x83,0xff,0x08,0x83,0xff,0x08,0x83,0xff,0x08,0x83,0xff,
    0x08,0x83,0xff,0x08,0x83,0xff,0x08,0x83,0xff,0x08,0x83,0xff,0x08,0x83,0xff,0x08,0x83,0xff,0x08,0x83,0xff,0x08,0x83,0xff,
    0x08,0x83,0xff,0x08,0x83,0xff,0x08,0x83,0xff,0x08,0x83,0xff,0x08,0x83,0xff,0x08,0x83,0xff,0x08,0x83,0xff,0x08,0x83,0xff,
    0x08,0x83,0xff,0x08,0x83,0xff,0x08,0x83,0xff,0x08,0x83,0xff,0x08,0x83,0xff,0x08,0x83,0xff,0x08,0x83,0xff,0x08,0x83,0xff,
    0x08,0x83,0xff,0x08,0x83,0xff,0x08,0x83,0xff,0x08,0x83,0xff,0x08,0x83,0xff,0x02,0x64,0xdc,0x00,0x00,0x00,0x00,0x00,0x00,
    0x00,0x00,0x00,0x00,0x00,0x00,0x02,0x64,0xdc,0x08,0x83,0xff,0x08,0x83,0xff,0x08,0x83,0xff,0x08,0x83,0xff,0x08,0x83,0xff,
    0x08,0x83,0xff,0x08,0x83,0xff,0x08,0x83,0xff,0x08,0x83,0xff,0x08,0x83,0xff,0x08,0x83,0xff,0x08,0x83,0xff,0x08,0x83,0xff,
    0x08,0x83,0xff,0x08,0x83,0xff,0x08,0x83,0xff,0x08,0x83,0xff,0x08,0x83,0xff,0x08,0x83,0xff,0x08,0x83,0xff,0x08,0x83,0xff,
    0x08,0x83,0xff,0x08,0x83,0xff,0x08,0x83,0xff,0x08,0x83,0xff,0x08,0x83,0xff,0x08,0x83,0xff,0x08,0x83,0xff,0x08,0x83,0xff,
    0x08,0x83,0xff,0x08,0x83,0xff,0x08,0x83,0xff,0x08,0x83,0xff,0x08,0x83,0xff,0x08,0x83,0xff,0x08,0x83,0xff,0x08,0x83,0xff,
    0x08,0x83,0xff,0x08,0x83,0xff,0x08,0x83,0xff,0x08,0x83,0xff,0x08,0x83,0xff,0x08,0x83,0xff,0x08,0x83,0xff,0x08,0x83,0xff,
    0x08,0x83,0xff,0x08,0x83,0xff,0x08,0x83,0xff,0x08,0x83,0xff,0x08,0x83,0xff,0x08,0x83,0xff,0x08,0x82,0xff,0x08,0x82,0xff,
    0x08,0xa3,0xff,0x08,0xc3,0xff,0x09,0x03,0xff,0x07,0x2e,0xff,0x07,0x2e,0xff,0x09,0x84,0xff,0x09,0x44,0xff,0x09,0x23,0xff,
    0x08,0xc3,0xff,0x08,0xa3,0xff,0x08,0x82,0xff,0x08,0x82,0xff,0x08,0x82,0xff,0x08,0x82,0xff,0x08,0x82,0xff,0x08,0xa3,0xff,
    0x08,0xc3,0xff,0x09,0x23,0xff,0x09,0x44,0xff,0x09,0x84,0xff,0x07,0x2e,0xff,0x07,0x2e,0xff,0x09,0x03,0xff,0x08,0xc3,0xff,
    0x08,0xa3,0xff,0x08,0x83,0xff,0x08,0x82,0xff,0x08,0x83,0xff,0x08,0x83,0xff,0x08,0x83,0xff,0x08,0x83,0xff,0x08,0x83,0xff,
    0x08,0x83,0xff,0x08,0x83,0xff,0x08,0x83,0xff,0x08,0x83,0xff,0x08,0x83,0xff,0x08,0x83,0xff,0x08,0x83,0xff,0x08,0x83,0xff,
    0x08,0x83,0xff,0x08,0x83,0xff,0x08,0x83,0xff,0x08,0x83,0xff,0x08,0x83,0xff,0x08,0x83,0xff,0x08,0x83,0xff,0x08,0x83,0xff,
    0x08,0x83,0xff,0x08,0x83,0xff,0x08,0x83,0xff,0x08,0x83,0xff,0x08,0x83,0xff,0x08,0x83,0xff,0x08,0x83,0xff,0x08,0x83,0xff,
    0x08,0x83,0xff,0x08,0x83,0xff,0x08,0x83,0xff,0x08,0x83,0xff,0x08,0x83,0xff,0x08,0x83,0xff,0x08,0x83,0xff,0x08,0x83,0xff,
    0x08,0x83,0xff,0x08,0x83,0xff,0x08,0x83,0xff,0x08,0x83,0xff,0x08,0x83,0xff,0x08,0x83,0xff,0x08,0x83,0xff,0x08,0x83,0xff,
    0x08,0x83,0xff,0x08,0x83,0xff,0x08,0x83,0xff,0x08,0x83,0xff,0x08,0x83,0xff,0x02,0x64,0xdc,0x00,0x00,0x00,0x00,0x00,0x00,
    0x00,0x00,0x00,0x00,0x00,0x00,0x02,0x64,0xdc,0x08,0x83,0xff,0x08,0x83,0xff,0x08,0x83,0xff,0x08,0x83,0xff,0x08,0x83,0xff,
    0x08,0x83,0xff,0x08,0x83,0xff,0x08,0x83,0xff,0x08,0x83,0xff,0x08,0x83,0xff,0x08,0x83,0xff,0x08,0x83,0xff,0x08,0x83,0xff,
    0x08,0x83,0xff,0x08,0x83,0xff,0x08,0x83,0xff,0x08,0x83,0xff,0x08,0x83,0xff,0x08,0x83,0xff,0x08,0x83,0xff,0x08,0x83,0xff,
    0x08,0x83,0xff,0x08,0x83,0xff,0x08,0x83,0xff,0x08,0x83,0xff,0x08,0x83,0xff,0x08,0x83,0xff,0x08,0x83,0xff,0x08,0x83,0xff,
    0x08,0x83,0xff,0x08,0x83,0xff,0x08,0x83,0xff,0x08,0x83,0xff,0x08,0x83,0xff,0x08,0x83,0xff,0x08,0x83,0xff,0x08,0x83,0xff,
    0x08,0x83,0xff,0x08,0x83,0xff,0x08,0x83,0xff,0x08,0x83,0xff,0x08,0x83,0xff,0x08,0x83,0xff,0x08,0x83,0xff,0x08,0x83,0xff,
    0x08,0x83,0xff,0x08,0x83,0xff,0x08,0x83,0xff,0x08,0x83,0xff,0x08,0x83,0xff,0x08,0x83,0xff,0x08,0x82,0xff,0x08,0x82,0xff,
    0x08,0xa3,0xff,0x08,0xc3,0xff,0x09,0x03,0xff,0x07,0x2e,0xff,0x07,0x2e,0xff,0x05,0xec,0xff,0x05,0xec,0xff,0x05,0xec,0xff,
    0x05,0xcc,0xff,0x05,0xcc,0xff,0x05,0xcc,0xff,0x05,0xcc,0xff,0x05,0xcc,0xff,0x05,0xcc,0xff,0x05,0xcc,0xff,0x05,0xcc,0xff,
    0x05,0xcc,0xff,0x05,0xec,0xff,0x05,0xec,0xff,0x05,0xec,0xff,0x07,0x2e,0xff,0x07,0x2e,0xff,0x09,0x03,0xff,0x08,0xc3,0xff,
    0x08,0xa3,0xff,0x08,0x82,0xff,0x08,0x82,0xff,0x08,0x82,0xff,0x08,0x82,0xff,0x08,0x82,0xff,0x08,0x83,0xff,0x08,0x83,0xff,
    0x08,0x83,0xff,0x08,0x83,0xff,0x08,0x83,0xff,0x08,0x83,0xff,0x08,0x83,0xff,0x08,0x83,0xff,0x08,0x83,0xff,0x08,0x83,0xff,
    0x08,0x83,0xff,0x08,0x83,0xff,0x08,0x83,0xff,0x08,0x83,0xff,0x08,0x83,0xff,0x08,0x83,0xff,0x08,0x83,0xff,0x08,0x83,0xff,
    0x08,0x83,0xff,0x08,0x83,0xff,0x08,0x83,0xff,0x08,0x83,0xff,0x08,0x83,0xff,0x08,0x83,0xff,0x08,0x83,0xff,0x08,0x83,0xff,
    0x08,0x83,0xff,0x08,0x83,0xff,0x08,0x83,0xff,0x08,0x83,0xff,0x08,0x83,0xff,0x08,0x83,0xff,0x08,0x83,0xff,0x08,0x83,0xff,
    0x08,0x83,0xff,0x08,0x83,0xff,0x08,0x83,0xff,0x08,0x83,0xff,0x08,0x83,0xff,0x08,0x83,0xff,0x08,0x83,0xff,0x08,0x83,0xff,
    0x08,0x83,0xff,0x08,0x83,0xff,0x08,0x83,0xff,0x08,0x83,0xff,0x08,0x83,0xff,0x02,0x64,0xdc,0x00,0x00,0x00,0x00,0x00,0x00,
    0x00,0x00,0x00,0x00,0x00,0x00,0x02,0x64,0xdc,0x08,0x83,0xff,0x08,0x83,0xff,0x08,0x83,0xff,0x08,0x83,0xff,0x08,0x83,0xff,
    0x08,0x83,0xff,0x08,0x83,0xff,0x08,0x83,0xff,0x08,0x83,0xff,0x08,0x83,0xff,0x08,0x83,0xff,0x08,0x83,0xff,0x08,0x83,0xff,
    0x08,0x83,0xff,0x08,0x83,0xff,0x08,0x83,0xff,0x08,0x83,0xff,0x08,0x83,0xff,0x08,0x83,0xff,0x08,0x83,0xff,0x08,0x83,0xff,
    0x08,0x83,0xff,0x08,0x83,0xff,0x08,0x83,0xff,0x08,0x83,0xff,0x08,0x83,0xff,0x08,0x83,0xff,0x08,0x83,0xff,0x08,0x83,0xff,
    0x08,0x83,0xff,0x08,0x83,0xff,0x08,0x83,0xff,0x08,0x83,0xff,0x08,0x83,0xff,0x08,0x83,0xff,0x08,0x83,0xff,0x08,0x83,0xff,
    0x08,0x83,0xff,0x08,0x83,0xff,0x08,0x83,0xff,0x08,0x83,0xff,0x08,0x83,0xff,0x08,0x83,0xff,0x08,0x83,0xff,0x08,0x83,0xff,
    0x08,0x83,0xff,0x08,0x83,0xff,0x08,0x83,0xff,0x08,0x83,0xff,0x08,0x83,0xff,0x08,0x83,0xff,0x08,0x82,0xff,0x08,0x82,0xff,
    0x08,0xa3,0xff,0x08,0xc3,0xff,0x09,0x03,0xff,0x07,0x2e,0xff,0x07,0x2e,0xff,0x09,0x84,0xff,0x09,0x64,0xff,0x09,0x23,0xff,
    0x08,0xe3,0xff,0x08,0xa3,0xff,0x08,0x82,0xff,0x08,0x82,0xff,0x08,0x82,0xff,0x08,0x82,0xff,0x08,0x82,0xff,0x08,0xa3,0xff,
    0x08,0xe3,0xff,0x09,0x23,0xff,0x09,0x64,0xff,0x09,0x84,0xff,0x07,0x2e,0xff,0x07,0x2e,0xff,0x09,0x03,0xff,0x08,0xc3,0xff,
    0x08,0xa3,0xff,0x08,0x82,0xff,0x08,0x82,0xff,0x08,0x82,0xff,0x08,0x83,0xff,0x08,0x83,0xff,0x08,0x83,0xff,0x08,0x83,0xff,
    0x08,0x83,0xff,0x08,0x83,0xff,0x08,0x83,0xff,0x08,0x83,0xff,0x08,0x83,0xff,0x08,0x83,0xff,0x08,0x83,0xff,0x08,0x83,0xff,
    0x08,0x83,0xff,0x08,0x83,0xff,0x08,0x83,0xff,0x08,0x83,0xff,0x08,0x83,0xff,0x08,0x83,0xff,0x08,0x83,0xff,0x08,0x83,0xff,
    0x08,0x83,0xff,0x08,0x83,0xff,0x08,0x83,0xff,0x08,0x83,0xff,0x08,0x83,0xff,0x08,0x83,0xff,0x08,0x83,0xff,0x08,0x83,0xff,
    0x08,0x83,0xff,0x08,0x83,0xff,0x08,0x83,0xff,0x08,0x83,0xff,0x08,0x83,0xff,0x08,0x83,0xff,0x08,0x83,0xff,0x08,0x83,0xff,
    0x08,0x83,0xff,0x08,0x83,0xff,0x08,0x83,0xff,0x08,0x83,0xff,0x08,0x83,0xff,0x08,0x83,0xff,0x08,0x83,0xff,0x08,0x83,0xff,
    0x08,0x83,0xff,0x08,0x83,0xff,0x08,0x83,0xff,0x08,0x83,0xff,0x08,0x83,0xff,0x02,0x64,0xdc,0x00,0x00,0x00,0x00,0x00,0x00,
    0x00,0x00,0x00,0x00,0x00,0x00,0x02,0x64,0xdc,0x08,0x83,0xff,0x08,0x83,0xff,0x08,0x83,0xff,0x08,0x83,0xff,0x08,0x83,0xff,
    0x08,0x83,0xff,0x08,0x83,0xff,0x08,0x83,0xff,0x08,0x83,0xff,0x08,0x83,0xff,0x08,0x83,0xff,0x08,0x83,0xff,0x08,0x83,0xff,
    0x08,0x83,0xff,0x08,0x83,0xff,0x08,0x83,0xff,0x08,0x83,0xff,0x08,0x83,0xff,0x08,0x83,0xff,0x08,0x83,0xff,0x08,0x83,0xff,
    0x08,0x83,0xff,0x08,0x83,0xff,0x08,0x83,0xff,0x08,0x83,0xff,0x08,0x83,0xff,0x08,0x83,0xff,0x08,0x83,0xff,0x08,0x83,0xff,
    0x08,0x83,0xff,0x08,0x83,0xff,0x08,0x83,0xff,0x08,0x83,0xff,0x08,0x83,0xff,0x08,0x83,0xff,0x08,0x83,0xff,0x08,0x83,0xff,
    0x08,0x83,0xff,0x08,0x83,0xff,0x08,0x83,0xff,0x08,0x83,0xff,0x08,0x83,0xff,0x08,0x83,0xff,0x08,0x83,0xff,0x08,0x83,0xff,
    0x08,0x83,0xff,0x08,0x83,0xff,0x08,0x83,0xff,0x08,0x83,0xff,0x08,0x83,0xff,0x08,0x83,0xff,0x08,0x82,0xff,0x08,0x82,0xff,
    0x08,0xa3,0xff,0x08,0xc3,0xff,0x09,0x03,0xff,0x07,0x2e,0xff,0x07,0x2e,0xff,0x09,0x84,0xff,0x09,0x64,0xff,0x09,0x23,0xff,
    0x08,0xe3,0xff,0x08,0xc3,0xff,0x08,0xa3,0xff,0x08,0x82,0xff,0x08,0x82,0xff,0x08,0x82,0xff,0x08,0xa3,0xff,0x08,0xc3,0xff,
    0x08,0xe3,0xff,0x09,0x23,0xff,0x09,0x64,0xff,0x09,0x84,0xff,0x07,0x2e,0xff,0x07,0x2e,0xff,0x09,0x03,0xff,0x08,0xc3,0xff,
    0x08,0xa3,0xff,0x08,0x82,0xff,0x08,0x82,0xff,0x08,0x83,0xff,0x08,0x83,0xff,0x08,0x83,0xff,0x08,0x83,0xff,0x08,0x83,0xff,
    0x08,0x83,0xff,0x08,0x83,0xff,0x08,0x83,0xff,0x08,0x83,0xff,0x08,0x83,0xff,0x08,0x83,0xff,0x08,0x83,0xff,0x08,0x83,0xff,
    0x08,0x83,0xff,0x08,0x83,0xff,0x08,0x83,0xff,0x08,0x83,0xff,0x08,0x83,0xff,0x08,0x83,0xff,0x08,0x83,0xff,0x08,0x83,0xff,
    0x08,0x83,0xff,0x08,0x83,0xff,0x08,0x83,0xff,0x08,0x83,0xff,0x08,0x83,0xff,0x08,0x83,0xff,0x08,0x83,0xff,0x08,0x83,0xff,
    0x08,0x83,0xff,0x08,0x83,0xff,0x08,0x83,0xff,0x08,0x83,0xff,0x08,0x83,0xff,0x08,0x83,0xff,0x08,0x83,0xff,0x08,0x83,0xff,
    0x08,0x83,0xff,0x08,0x83,0xff,0x08,0x83,0xff,0x08,0x83,0xff,0x08,0x83,0xff,0x08,0x83,0xff,0x08,0x83,0xff,0x08,0x83,0xff,
    0x08,0x83,0xff,0x08,0x83,0xff,0x08,0x83,0xff,0x08,0x83,0xff,0x08,0x83,0xff,0x02,0x64,0xdc,0x00,0x00,0x00,0x00,0x00,0x00,
    0x00,0x00,0x00,0x00,0x00,0x00,0x02,0x64,0xdc,0x08,0x83,0xff,0x08,0x83,0xff,0x08,0x83,0xff,0x08,0x83,0xff,0x08,0x83,0xff,
    0x08,0x83,0xff,0x08,0x83,0xff,0x08,0x83,0xff,0x08,0x83,0xff,0x08,0x83,0xff,0x08,0x83,0xff,0x08,0x83,0xff,0x08,0x83,0xff,
    0x08,0x83,0xff,0x08,0x83,0xff,0x08,0x83,0xff,0x08,0x83,0xff,0x08,0x83,0xff,0x08,0x83,0xff,0x08,0x83,0xff,0x08,0x83,0xff,
    0x08,0x83,0xff,0x08,0x83,0xff,0x08,0x83,0xff,0x08,0x83,0xff,0x08,0x83,0xff,0x08,0x83,0xff,0x08,0x83,0xff,0x08,0x83,0xff,
    0x08,0x83,0xff,0x08,0x83,0xff,0x08,0x83,0xff,0x08,0x83,0xff,0x08,0x83,0xff,0x08,0x83,0xff,0x08,0x83,0xff,0x08,0x83,0xff,
    0x08,0x83,0xff,0x08,0x83,0xff,0x08,0x83,0xff,0x08,0x83,0xff,0x08,0x83,0xff,0x08,0x83,0xff,0x08,0x83,0xff,0x08,0x83,0xff,
    0x08,0x83,0xff,0x08,0x83,0xff,0x08,0x83,0xff,0x08,0x83,0xff,0x08,0x83,0xff,0x08,0x83,0xff,0x08,0x82,0xff,0x08,0x82,0xff,
    0x08,0xa3,0xff,0x08,0xc3,0xff,0x08,0xe3,0xff,0x07,0x2e,0xff,0x07,0x2e,0xff,0x09,0x84,0xff,0x09,0x64,0xff,0x09,0x44,0xff,
    0x09,0x03,0xff,0x08,0xc3,0xff,0x08,0xa3,0xff,0x08,0xa3,0xff,0x08,0xa2,0xff,0x08,0xa3,0xff,0x08,0xa3,0xff,0x08,0xc3,0xff,
    0x09,0x03,0xff,0x09,0x44,0xff,0x09,0x64,0xff,0x09,0x84,0xff,0x07,0x2e,0xff,0x07,0x2e,0xff,0x08,0xe3,0xff,0x08,0xc3,0xff,
    0x08,0xa3,0xff,0x08,0x82,0xff,0x08,0x82,0xff,0x08,0x82,0xff,0x08,0x83,0xff,0x08,0x83,0xff,0x08,0x83,0xff,0x08,0x83,0xff,
    0x08,0x83,0xff,0x08,0x83,0xff,0x08,0x83,0xff,0x08,0x83,0xff,0x08,0x83,0xff,0x08,0x83,0xff,0x08,0x83,0xff,0x08,0x83,0xff,
    0x08,0x83,0xff,0x08,0x83,0xff,0x08,0x83,0xff,0x08,0x83,0xff,0x08,0x83,0xff,0x08,0x83,0xff,0x08,0x83,0xff,0x08,0x83,0xff,
    0x08,0x83,0xff,0x08,0x83,0xff,0x08,0x83,0xff,0x08,0x83,0xff,0x08,0x83,0xff,0x08,0x83,0xff,0x08,0x83,0xff,0x08,0x83,0xff,
    0x08,0x83,0xff,0x08,0x83,0xff,0x08,0x83,0xff,0x08,0x83,0xff,0x08,0x83,0xff,0x08,0x83,0xff,0x08,0x83,0xff,0x08,0x83,0xff,
    0x08,0x83,0xff,0x08,0x83,0xff,0x08,0x83,0xff,0x08,0x83,0xff,0x08,0x83,0xff,0x08,0x83,0xff,0x08,0x83,0xff,0x08,0x83,0xff,
    0x08,0x83,0xff,0x08,0x83,0xff,0x08,0x83,0xff,0x08,0x83,0xff,0x08,0x83,0xff,0x02,0x64,0xdc,0x00,0x00,0x00,0x00,0x00,0x00,
    0x00,0x00,0x00,0x00,0x00,0x00,0x02,0x64,0xdc,0x08,0x83,0xff,0x08,0x83,0xff,0x08,0x83,0xff,0x08,0x83,0xff,0x08,0x83,0xff,
    0x08,0x83,0xff,0x08,0x83,0xff,0x08,0x83,0xff,0x08,0x83,0xff,0x08,0x83,0xff,0x08,0x83,0xff,0x08,0x83,0xff,0x08,0x83,0xff,
    0x08,0x83,0xff,0x08,0x83,0xff,0x08,0x83,0xff,0x08,0x83,0xff,0x08,0x83,0xff,0x08,0x83,0xff,0x08,0x83,0xff,0x08,0x83,0xff,
    0x08,0x83,0xff,0x08,0x83,0xff,0x08,0x83,0xff,0x08,0x83,0xff,0x08,0x83,0xff,0x08,0x83,0xff,0x08,0x83,0xff,0x08,0x83,0xff,
    0x08,0x83,0xff,0x08,0x83,0xff,0x08,0x83,0xff,0x08,0x83,0xff,0x08,0x83,0xff,0x08,0x83,0xff,0x08,0x83,0xff,0x08,0x83,0xff,
    0x08,0x83,0xff,0x08,0x83,0xff,0x08,0x83,0xff,0x08,0x83,0xff,0x08,0x83,0xff,0x08,0x83,0xff,0x08,0x83,0xff,0x08,0x83,0xff,
    0x08,0x83,0xff,0x08,0x83,0xff,0x08,0x83,0xff,0x08,0x83,0xff,0x08,0x83,0xff,0x08,0x82,0xff,0x08,0x82,0xff,0x08,0x82,0xff,
    0x08,0x82,0xff,0x08,0xa3,0xff,0x08,0xe3,0xff,0x07,0x2e,0xff,0x07,0x2e,0xff,0x09,0x84,0xff,0x09,0x84,0xff,0x09,0x64,0xff,
    0x09,0x23,0xff,0x08,0xe3,0xff,0x08,0xc3,0xff,0x08,0xc3,0xff,0x08,0xa3,0xff,0x08,0xc3,0xff,0x08,0xc3,0xff,0x08,0xe3,0xff,
    0x09,0x23,0xff,0x09,0x64,0xff,0x09,0x84,0xff,0x09,0x84,0xff,0x07,0x2e,0xff,0x07,0x2e,0xff,0x08,0xe3,0xff,0x08,0xa3,0xff,
    0x08,0x82,0xff,0x08,0x82,0xff,0x08,0x82,0xff,0x08,0x82,0xff,0x08,0x83,0xff,0x08,0x83,0xff,0x08,0x83,0xff,0x08,0x83,0xff,
    0x08,0x83,0xff,0x08,0x83,0xff,0x08,0x83,0xff,0x08,0x83,0xff,0x08,0x83,0xff,0x08,0x83,0xff,0x08,0x83,0xff,0x08,0x83,0xff,
    0x08,0x83,0xff,0x08,0x83,0xff,0x08,0x83,0xff,0x08,0x83,0xff,0x08,0x83,0xff,0x08,0x83,0xff,0x08,0x83,0xff,0x08,0x83,0xff,
    0x08,0x83,0xff,0x08,0x83,0xff,0x08,0x83,0xff,0x08,0x83,0xff,0x08,0x83,0xff,0x08,0x83,0xff,0x08,0x83,0xff,0x08,0x83,0xff,
    0x08,0x83,0xff,0x08,0x83,0xff,0x08,0x83,0xff,0x08,0x83,0xff,0x08,0x83,0xff,0x08,0x83,0xff,0x08,0x83,0xff,0x08,0x83,0xff,
    0x08,0x83,0xff,0x08,0x83,0xff,0x08,0x83,0xff,0x08,0x83,0xff,0x08,0x83,0xff,0x08,0x83,0xff,0x08,0x83,0xff,0x08,0x83,0xff,
    0x08,0x83,0xff,0x08,0x83,0xff,0x08,0x83,0xff,0x08,0x83,0xff,0x08,0x83,0xff,0x02,0x64,0xdc,0x00,0x00,0x00,0x00,0x00,0x00,
    0x00,0x00,0x00,0x00,0x00,0x00,0x02,0x64,0xdc,0x08,0x83,0xff,0x08,0x83,0xff,0x08,0x83,0xff,0x08,0x83,0xff,0x08,0x83,0xff,
    0x08,0x83,0xff,0x08,0x83,0xff,0x08,0x83,0xff,0x08,0x83,0xff,0x08,0x83,0xff,0x08,0x83,0xff,0x08,0x83,0xff,0x08,0x83,0xff,
    0x08,0x83,0xff,0x08,0x83,0xff,0x08,0x83,0xff,0x08,0x83,0xff,0x08,0x83,0xff,0x08,0x83,0xff,0x08,0x83,0xff,0x08,0x83,0xff,
    0x08,0x83,0xff,0x08,0x83,0xff,0x08,0x83,0xff,0x08,0x83,0xff,0x08,0x83,0xff,0x08,0x83,0xff,0x08,0x83,0xff,0x08,0x83,0xff,
    0x08,0x83,0xff,0x08,0x83,0xff,0x08,0x83,0xff,0x08,0x83,0xff,0x08,0x83,0xff,0x08,0x83,0xff,0x08,0x83,0xff,0x08,0x83,0xff,
    0x08,0x83,0xff,0x08,0x83,0xff,0x08,0x83,0xff,0x08,0x83,0xff,0x08,0x83,0xff,0x08,0x83,0xff,0x08,0x83,0xff,0x08,0x83,0xff,
    0x08,0x83,0xff,0x08,0x83,0xff,0x08,0x83,0xff,0x08,0x82,0xff,0x08,0x82,0xff,0x08,0x82,0xff,0x08,0x82,0xff,0x08,0x82,0xff,
    0x08,0x82,0xff,0x08,0xa3,0xff,0x08,0xe3,0xff,0x09,0x03,0xff,0x07,0x2e,0xff,0x07,0x2e,0xff,0x05,0xec,0xff,0x05,0xec,0xff,
    0x05,0xec,0xff,0x05,0xec,0xff,0x05,0xcc,0xff,0x05,0xcc,0xff,0x05,0xcc,0xff,0x05,0xcc,0xff,0x05,0xcc,0xff,0x05,0xec,0xff,
    0x05,0xec,0xff,0x05,0xec,0xff,0x05,0xec,0xff,0x07,0x2e,0xff,0x07,0x2e,0xff,0x09,0x03,0xff,0x08,0xe3,0xff,0x08,0xa3,0xff,
    0x08,0x82,0xff,0x08,0x82,0xff,0x08,0x82,0xff,0x08,0x82,0xff,0x08,0x82,0xff,0x08,0x82,0xff,0x08,0x83,0xff,0x08,0x83,0xff,
    0x08,0x83,0xff,0x08,0x83,0xff,0x08,0x83,0xff,0x08,0x83,0xff,0x08,0x83,0xff,0x08,0x83,0xff,0x08,0x83,0xff,0x08,0x83,0xff,
    0x08,0x83,0xff,0x08,0x83,0xff,0x08,0x83,0xff,0x08,0x83,0xff,0x08,0x83,0xff,0x08,0x83,0xff,0x08,0x83,0xff,0x08,0x83,0xff,
    0x08,0x83,0xff,0x08,0x83,0xff,0x08,0x83,0xff,0x08,0x83,0xff,0x08,0x83,0xff,0x08,0x83,0xff,0x08,0x83,0xff,0x08,0x83,0xff,
    0x08,0x83,0xff,0x08,0x83,0xff,0x08,0x83,0xff,0x08,0x83,0xff,0x08,0x83,0xff,0x08,0x83,0xff,0x08,0x83,0xff,0x08,0x83,0xff,
    0x08,0x83,0xff,0x08,0x83,0xff,0x08,0x83,0xff,0x08,0x83,0xff,0x08,0x83,0xff,0x08,0x83,0xff,0x08,0x83,0xff,0x08,0x83,0xff,
    0x08,0x83,0xff,0x08,0x83,0xff,0x08,0x83,0xff,0x08,0x83,0xff,0x08,0x83,0xff,0x02,0x64,0xdc,0x00,0x00,0x00,0x00,0x00,0x00,
    0x00,0x00,0x00,0x00,0x00,0x00,0x02,0x64,0xdc,0x08,0x83,0xff,0x08,0x83,0xff,0x08,0x83,0xff,0x08,0x83,0xff,0x08,0x83,0xff,
    0x08,0x83,0xff,0x08,0x83,0xff,0x08,0x83,0xff,0x08,0x83,0xff,0x08,0x83,0xff,0x08,0x83,0xff,0x08,0x83,0xff,0x08,0x83,0xff,
    0x08,0x83,0xff,0x08,0x83,0xff,0x08,0x83,0xff,0x08,0x83,0xff,0x08,0x83,0xff,0x08,0x83,0xff,0x08,0x83,0xff,0x08,0x83,0xff,
    0x08,0x83,0xff,0x08,0x83,0xff,0x08,0x83,0xff,0x08,0x83,0xff,0x08,0x83,0xff,0x08,0x83,0xff,0x08,0x83,0xff,0x08,0x83,0xff,
    0x08,0x83,0xff,0x08,0x83,0xff,0x08,0x83,0xff,0x08,0x83,0xff,0x08,0x83,0xff,0x08,0x83,0xff,0x08,0x83,0xff,0x08,0x83,0xff,
    0x08,0x83,0xff,0x08,0x83,0xff,0x08,0x83,0xff,0x08,0x83,0xff,0x08,0x83,0xff,0x08,0x83,0xff,0x08,0x83,0xff,0x08,0x83,0xff,
    0x08,0x83,0xff,0x08,0x83,0xff,0x08,0x82,0xff,0x08,0x82,0xff,0x08,0x82,0xff,0x08,0x82,0xff,0x08,0x82,0xff,0x08,0x82,0xff,
    0x08,0x83,0xff,0x08,0xa3,0xff,0x08,0xc3,0xff,0x09,0x03,0xff,0x07,0x2e,0xff,0x07,0x2e,0xff,0x09,0x84,0xff,0x09,0x84,0xff,
    0x09,0x64,0xff,0x09,0x44,0xff,0x09,0x23,0xff,0x09,0x23,0xff,0x09,0x23,0xff,0x09,0x23,0xff,0x09,0x23,0xff,0x09,0x44,0xff,
    0x09,0x64,0xff,0x09,0x84,0xff,0x09,0x84,0xff,0x07,0x2e,0xff,0x07,0x2e,0xff,0x09,0x03,0xff,0x08,0xc3,0xff,0x08,0xa3,0xff,
    0x08,0x83,0xff,0x08,0x82,0xff,0x08,0x82,0xff,0x08,0x82,0xff,0x08,0x82,0xff,0x08,0x82,0xff,0x08,0x82,0xff,0x08,0x83,0xff,
    0x08,0x83,0xff,0x08,0x83,0xff,0x08,0x83,0xff,0x08,0x83,0xff,0x08,0x83,0xff,0x08,0x83,0xff,0x08,0x83,0xff,0x08,0x83,0xff,
    0x08,0x83,0xff,0x08,0x83,0xff,0x08,0x83,0xff,0x08,0x83,0xff,0x08,0x83,0xff,0x08,0x83,0xff,0x08,0x83,0xff,0x08,0x83,0xff,
    0x08,0x83,0xff,0x08,0x83,0xff,0x08,0x83,0xff,0x08,0x83,0xff,0x08,0x83,0xff,0x08,0x83,0xff,0x08,0x83,0xff,0x08,0x83,0xff,
    0x08,0x83,0xff,0x08,0x83,0xff,0x08,0x83,0xff,0x08,0x83,0xff,0x08,0x83,0xff,0x08,0x83,0xff,0x08,0x83,0xff,0x08,0x83,0xff,
    0x08,0x83,0xff,0x08,0x83,0xff,0x08,0x83,0xff,0x08,0x83,0xff,0x08,0x83,0xff,0x08,0x83,0xff,0x08,0x83,0xff,0x08,0x83,0xff,
    0x08,0x83,0xff,0x08,0x83,0xff,0x08,0x83,0xff,0x08,0x83,0xff,0x08,0x83,0xff,0x02,0x64,0xdc,0x00,0x00,0x00,0x00,0x00,0x00,
    0x00,0x00,0x00,0x00,0x00,0x00,0x02,0x64,0xdc,0x08,0x83,0xff,0x08,0x83,0xff,0x08,0x83,0xff,0x08,0x83,0xff,0x08,0x83,0xff,
    0x08,0x83,0xff,0x08,0x83,0xff,0x08,0x83,0xff,0x08,0x83,0xff,0x08,0x83,0xff,0x08,0x83,0xff,0x08,0x83,0xff,0x08,0x83,0xff,
    0x08,0x83,0xff,0x08,0x83,0xff,0x08,0x83,0xff,0x08,0x83,0xff,0x08,0x83,0xff,0x08,0x83,0xff,0x08,0x83,0xff,0x08,0x83,0xff,
    0x08,0x83,0xff,0x08,0x83,0xff,0x08,0x83,0xff,0x08,0x83,0xff,0x08,0x83,0xff,0x08,0x83,0xff,0x08,0x83,0xff,0x08,0x83,0xff,
    0x08,0x83,0xff,0x08,0x83,0xff,0x08,0x83,0xff,0x08,0x83,0xff,0x08,0x83,0xff,0x08,0x83,0xff,0x08,0x83,0xff,0x08,0x83,0xff,
    0x08,0x83,0xff,0x08,0x83,0xff,0x08,0x83,0xff,0x08,0x83,0xff,0x08,0x83,0xff,0x08,0x83,0xff,0x08,0x83,0xff,0x08,0x83,0xff,
    0x08,0x83,0xff,0x08,0x82,0xff,0x08,0x82,0xff,0x08,0x82,0xff,0x08,0x82,0xff,0x08,0x82,0xff,0x08,0x82,0xff,0x08,0x82,0xff,
    0x08,0xa3,0xff,0x08,0xa3,0xff,0x08,0xc3,0xff,0x08,0xe3,0xff,0x09,0x03,0xff,0x07,0x2e,0xff,0x07,0x2e,0xff,0x09,0x84,0xff,
    0x09,0x84,0xff,0x09,0x84,0xff,0x09,0x64,0xff,0x09,0x64,0xff,0x09,0x44,0xff,0x09,0x64,0xff,0x09,0x64,0xff,0x09,0x84,0xff,
    0x09,0x84,0xff,0x09,0x84,0xff,0x07,0x2e,0xff,0x07,0x2e,0xff,0x09,0x03,0xff,0x08,0xe3,0xff,0x08,0xc3,0xff,0x08,0xa3,0xff,
    0x08,0xa3,0xff,0x08,0x82,0xff,0x08,0x82,0xff,0x08,0x82,0xff,0x08,0x82,0xff,0x08,0x82,0xff,0x08,0x82,0xff,0x08,0x82,0xff,
    0x08,0x83,0xff,0x08,0x83,0xff,0x08,0x83,0xff,0x08,0x83,0xff,0x08,0x83,0xff,0x08,0x83,0xff,0x08,0x83,0xff,0x08,0x83,0xff,
    0x08,0x83,0xff,0x08,0x83,0xff,0x08,0x83,0xff,0x08,0x83,0xff,0x08,0x83,0xff,0x08,0x83,0xff,0x08,0x83,0xff,0x08,0x83,0xff,
    0x08,0x83,0xff,0x08,0x83,0xff,0x08,0x83,0xff,0x08,0x83,0xff,0x08,0x83,0xff,0x08,0x83,0xff,0x08,0x83,0xff,0x08,0x83,0xff,
    0x08,0x83,0xff,0x08,0x83,0xff,0x08,0x83,0xff,0x08,0x83,0xff,0x08,0x83,0xff,0x08,0x83,0xff,0x08,0x83,0xff,0x08,0x83,0xff,
    0x08,0x83,0xff,0x08,0x83,0xff,0x08,0x83,0xff,0x08,0x83,0xff,0x08,0x83,0xff,0x08,0x83,0xff,0x08,0x83,0xff,0x08,0x83,0xff,
    0x08,0x83,0xff,0x08,0x83,0xff,0x08,0x83,0xff,0x08,0x83,0xff,0x08,0x83,0xff,0x02,0x64,0xdc,0x00,0x00,0x00,0x00,0x00,0x00,
    0x00,0x00,0x00,0x00,0x00,0x00,0x02,0x64,0xdc,0x08,0x83,0xff,0x08,0x83,0xff,0x08,0x83,0xff,0x08,0x83,0xff,0x08,0x83,0xff,
    0x08,0x83,0xff,0x08,0x83,0xff,0x08,0x83,0xff,0x08,0x83,0xff,0x08,0x83,0xff,0x08,0x83,0xff,0x08,0x83,0xff,0x08,0x83,0xff,
    0x08,0x83,0xff,0x08,0x83,0xff,0x08,0x83,0xff,0x08,0x83,0xff,0x08,0x83,0xff,0x08,0x83,0xff,0x08,0x83,0xff,0x08,0x83,0xff,
    0x08,0x83,0xff,0x08,0x83,0xff,0x08,0x83,0xff,0x08,0x83,0xff,0x08,0x83,0xff,0x08,0x83,0xff,0x08,0x83,0xff,0x08,0x83,0xff,
    0x08,0x83,0xff,0x08,0x83,0xff,0x08,0x83,0xff,0x08,0x83,0xff,0x08,0x83,0xff,0x08,0x83,0xff,0x08,0x83,0xff,0x08,0x83,0xff,
    0x08,0x83,0xff,0x08,0x83,0xff,0x08,0x83,0xff,0x08,0x83,0xff,0x08,0x83,0xff,0x08,0x83,0xff,0x08,0x83,0xff,0x08,0x83,0xff,
    0x08,0x82,0xff,0x08,0x82,0xff,0x08,0x82,0xff,0x08,0x82,0xff,0x08,0x82,0xff,0x08,0x83,0xff,0x08,0xa3,0xff,0x08,0xa3,0xff,
    0x08,0xa3,0xff,0x08,0xa3,0xff,0x08,0xa3,0xff,0x08,0xc3,0xff,0x08,0xe3,0xff,0x07,0x2e,0xff,0x07,0x2e,0xff,0x07,0x2e,0xff,
    0x09,0x84,0xff,0x09,0x84,0xff,0x09,0x84,0xff,0x09,0x84,0xff,0x09,0x84,0xff,0x09,0x84,0xff,0x09,0x84,0xff,0x09,0x84,0xff,
    0x09,0x84,0xff,0x07,0x2e,0xff,0x07,0x2e,0xff,0x07,0x2e,0xff,0x08,0xe3,0xff,0x08,0xc3,0xff,0x08,0xa3,0xff,0x08,0xa3,0xff,
    0x08,0xa3,0xff,0x08,0xa3,0xff,0x08,0xa3,0xff,0x08,0x83,0xff,0x08,0x82,0xff,0x08,0x82,0xff,0x08,0x82,0xff,0x08,0x82,0xff,
    0x08,0x82,0xff,0x08,0x83,0xff,0x08,0x83,0xff,0x08,0x83,0xff,0x08,0x83,0xff,0x08,0x83,0xff,0x08,0x83,0xff,0x08,0x83,0xff,
    0x08,0x83,0xff,0x08,0x83,0xff,0x08,0x83,0xff,0x08,0x83,0xff,0x08,0x83,0xff,0x08,0x83,0xff,0x08,0x83,0xff,0x08,0x83,0xff,
    0x08,0x83,0xff,0x08,0x83,0xff,0x08,0x83,0xff,0x08,0x83,0xff,0x08,0x83,0xff,0x08,0x83,0xff,0x08,0x83,0xff,0x08,0x83,0xff,
    0x08,0x83,0xff,0x08,0x83,0xff,0x08,0x83,0xff,0x08,0x83,0xff,0x08,0x83,0xff,0x08,0x83,0xff,0x08,0x83,0xff,0x08,0x83,0xff,
    0x08,0x83,0xff,0x08,0x83,0xff,0x08,0x83,0xff,0x08,0x83,0xff,0x08,0x83,0xff,0x08,0x83,0xff,0x08,0x83,0xff,0x08,0x83,0xff,
    0x08,0x83,0xff,0x08,0x83,0xff,0x08,0x83,0xff,0x08,0x83,0xff,0x08,0x83,0xff,0x02,0x64,0xdc,0x00,0x00,0x00,0x00,0x00,0x00,
    0x00,0x00,0x00,0x00,0x00,0x00,0x02,0x64,0xdc,0x08,0x83,0xff,0x08,0x83,0xff,0x08,0x83,0xff,0x08,0x83,0xff,0x08,0x83,0xff,
    0x08,0x83,0xff,0x08,0x83,0xff,0x08,0x83,0xff,0x08,0x83,0xff,0x08,0x83,0xff,0x08,0x83,0xff,0x08,0x83,0xff,0x08,0x83,0xff,
    0x08,0x83,0xff,0x08,0x83,0xff,0x08,0x83,0xff,0x08,0x83,0xff,0x08,0x83,0xff,0x08,0x83,0xff,0x08,0x83,0xff,0x08,0x83,0xff,
    0x08,0x83,0xff,0x08,0x83,0xff,0x08,0x83,0xff,0x08,0x83,0xff,0x08,0x83,0xff,0x08,0x83,0xff,0x08,0x83,0xff,0x08,0x83,0xff,
    0x08,0x83,0xff,0x08,0x83,0xff,0x08,0x83,0xff,0x08,0x83,0xff,0x08,0x83,0xff,0x08,0x83,0xff,0x08,0x83,0xff,0x08,0x83,0xff,
    0x08,0x83,0xff,0x08,0x83,0xff,0x08,0x83,0xff,0x08,0x83,0xff,0x08,0x83,0xff,0x08,0x83,0xff,0x08,0x83,0xff,0x08,0x83,0xff,
    0x08,0x82,0xff,0x08,0x82,0xff,0x08,0x82,0xff,0x08,0x83,0xff,0x07,0x2e,0xff,0x07,0x2e,0xff,0x08,0xa3,0xff,0x08,0xa3,0xff,
    0x08,0xa3,0xff,0x08,0xa3,0xff,0x08,0xa3,0xff,0x08,0xc3,0xff,0x08,0xe3,0xff,0x09,0x03,0xff,0x07,0x2e,0xff,0x07,0x2e,0xff,
    0x07,0x2e,0xff,0x07,0x2e,0xff,0x09,0x84,0xff,0x09,0x84,0xff,0x09,0x84,0xff,0x09,0x84,0xff,0x09,0x84,0xff,0x07,0x2e,0xff,
    0x07,0x2e,0xff,0x07,0x2e,0xff,0x07,0x2e,0xff,0x09,0x03,0xff,0x08,0xe3,0xff,0x08,0xc3,0xff,0x08,0xa3,0xff,0x08,0xa3,0xff,
    0x08,0xa3,0xff,0x08,0xa3,0xff,0x08,0xa3,0xff,0x07,0x2e,0xff,0x07,0x2e,0xff,0x08,0x83,0xff,0x08,0x82,0xff,0x08,0x82,0xff,
    0x08,0x82,0xff,0x08,0x83,0xff,0x08,0x83,0xff,0x08,0x83,0xff,0x08,0x83,0xff,0x08,0x83,0xff,0x08,0x83,0xff,0x08,0x83,0xff,
    0x08,0x83,0xff,0x08,0x83,0xff,0x08,0x83,0xff,0x08,0x83,0xff,0x08,0x83,0xff,0x08,0x83,0xff,0x08,0x83,0xff,0x08,0x83,0xff,
    0x08,0x83,0xff,0x08,0x83,0xff,0x08,0x83,0xff,0x08,0x83,0xff,0x08,0x83,0xff,0x08,0x83,0xff,0x08,0x83,0xff,0x08,0x83,0xff,
    0x08,0x83,0xff,0x08,0x83,0xff,0x08,0x83,0xff,0x08,0x83,0xff,0x08,0x83,0xff,0x08,0x83,0xff,0x08,0x83,0xff,0x08,0x83,0xff,
    0x08,0x83,0xff,0x08,0x83,0xff,0x08,0x83,0xff,0x08,0x83,0xff,0x08,0x83,0xff,0x08,0x83,0xff,0x08,0x83,0xff,0x08,0x83,0xff,
    0x08,0x83,0xff,0x08,0x83,0xff,0x08,0x83,0xff,0x08,0x83,0xff,0x08,0x83,0xff,0x02,0x64,0xdc,0x00,0x00,0x00,0x00,0x00,0x00,
    0x00,0x00,0x00,0x00,0x00,0x00,0x02,0x64,0xdc,0x08,0x83,0xff,0x08,0x83,0xff,0x08,0x83,0xff,0x08,0x83,0xff,0x08,0x83,0xff,
    0x08,0x83,0xff,0x08,0x83,0xff,0x08,0x83,0xff,0x08,0x83,0xff,0x08,0x83,0xff,0x08,0x83,0xff,0x08,0x83,0xff,0x08,0x83,0xff,
    0x08,0x83,0xff,0x08,0x83,0xff,0x08,0x83,0xff,0x08,0x83,0xff,0x08,0x83,0xff,0x08,0x83,0xff,0x08,0x83,0xff,0x08,0x83,0xff,
    0x08,0x83,0xff,0x08,0x83,0xff,0x08,0x83,0xff,0x08,0x83,0xff,0x08,0x83,0xff,0x08,0x83,0xff,0x08,0x83,0xff,0x08,0x83,0xff,
    0x08,0x83,0xff,0x08,0x83,0xff,0x08,0x83,0xff,0x08,0x83,0xff,0x08,0x83,0xff,0x08,0x83,0xff,0x08,0x83,0xff,0x08,0x83,0xff,
    0x08,0x83,0xff,0x08,0x83,0xff,0x08,0x83,0xff,0x08,0x83,0xff,0x08,0x83,0xff,0x08,0x83,0xff,0x08,0x83,0xff,0x08,0x83,0xff,
    0x08,0x82,0xff,0x08,0x82,0xff,0x08,0x82,0xff,0x08,0xa3,0xff,0x07,0x2e,0xff,0x07,0x2e,0xff,0x08,0xc3,0xff,0x08,0xc3,0xff,
    0x08,0xc3,0xff,0x08,0xa3,0xff,0x08,0xa3,0xff,0x08,0xc3,0xff,0x08,0xc3,0xff,0x08,0xe3,0xff,0x09,0x03,0xff,0x09,0x23,0xff,
    0x07,0x2e,0xff,0x07,0x2e,0xff,0x07,0x2e,0xff,0x07,0x2e,0xff,0x07,0x2e,0xff,0x07,0x2e,0xff,0x07,0x2e,0xff,0x07,0x2e,0xff,
    0x07,0x2e,0xff,0x09,0x23,0xff,0x09,0x03,0xff,0x08,0xe3,0xff,0x08,0xc3,0xff,0x08,0xc3,0xff,0x08,0xa3,0xff,0x08,0xa3,0xff,
    0x08,0xc3,0xff,0x08,0xc3,0xff,0x08,0xc3,0xff,0x07,0x2e,0xff,0x07,0x2e,0xff,0x08,0xa3,0xff,0x08,0x82,0xff,0x08,0x82,0xff,
    0x08,0x82,0xff,0x08,0x83,0xff,0x08,0x83,0xff,0x08,0x83,0xff,0x08,0x83,0xff,0x08,0x83,0xff,0x08,0x83,0xff,0x08,0x83,0xff,
    0x08,0x83,0xff,0x08,0x83,0xff,0x08,0x83,0xff,0x08,0x83,0xff,0x08,0x83,0xff,0x08,0x83,0xff,0x08,0x83,0xff,0x08,0x83,0xff,
    0x08,0x83,0xff,0x08,0x83,0xff,0x08,0x83,0xff,0x08,0x83,0xff,0x08,0x83,0xff,0x08,0x83,0xff,0x08,0x83,0xff,0x08,0x83,0xff,
    0x08,0x83,0xff,0x08,0x83,0xff,0x08,0x83,0xff,0x08,0x83,0xff,0x08,0x83,0xff,0x08,0x83,0xff,0x08,0x83,0xff,0x08,0x83,0xff,
    0x08,0x83,0xff,0x08,0x83,0xff,0x08,0x83,0xff,0x08,0x83,0xff,0x08,0x83,0xff,0x08,0x83,0xff,0x08,0x83,0xff,0x08,0x83,0xff,
    0x08,0x83,0xff,0x08,0x83,0xff,0x08,0x83,0xff,0x08,0x83,0xff,0x08,0x83,0xff,0x02,0x64,0xdc,0x00,0x00,0x00,0x00,0x00,0x00,
    0x00,0x00,0x00,0x00,0x00,0x00,0x02,0x64,0xdc,0x08,0x83,0xff,0x08,0x83,0xff,0x08,0x83,0xff,0x08,0x83,0xff,0x08,0x83,0xff,
    0x08,0x83,0xff,0x08,0x83,0xff,0x08,0x83,0xff,0x08,0x83,0xff,0x08,0x83,0xff,0x08,0x83,0xff,0x08,0x83,0xff,0x08,0x83,0xff,
    0x08,0x83,0xff,0x08,0x83,0xff,0x08,0x83,0xff,0x08,0x83,0xff,0x08,0x83,0xff,0x08,0x83,0xff,0x08,0x83,0xff,0x08,0x83,0xff,
    0x08,0x83,0xff,0x08,0x83,0xff,0x08,0x83,0xff,0x08,0x83,0xff,0x08,0x83,0xff,0x08,0x83,0xff,0x08,0x83,0xff,0x08,0x83,0xff,
    0x08,0x83,0xff,0x08,0x83,0xff,0x08,0x83,0xff,0x08,0x83,0xff,0x08,0x83,0xff,0x08,0x83,0xff,0x08,0x83,0xff,0x08,0x83,0xff,
    0x08,0x83,0xff,0x08,0x83,0xff,0x08,0x83,0xff,0x08,0x83,0xff,0x08,0x83,0xff,0x08,0x83,0xff,0x08,0x83,0xff,0x08,0x83,0xff,
    0x08,0x82,0xff,0x08,0x82,0xff,0x08,0x82,0xff,0x08,0xa3,0xff,0x07,0x2e,0xff,0x07,0x2e,0xff,0x08,0xc3,0xff,0x08,0xc3,0xff,
    0x08,0xc3,0xff,0x08,0xc3,0xff,0x08,0xc3,0xff,0x08,0xc3,0xff,0x08,0xc3,0xff,0x08,0xc3,0xff,0x08,0xe3,0xff,0x09,0x03,0xff,
    0x09,0x03,0xff,0x09,0x23,0xff,0x07,0x2e,0xff,0x07,0x2e,0xff,0x07,0x2e,0xff,0x07,0x2e,0xff,0x07,0x2e,0xff,0x09,0x23,0xff,
    0x09,0x03,0xff,0x09,0x03,0xff,0x08,0xe3,0xff,0x08,0xc3,0xff,0x08,0xc3,0xff,0x08,0xc3,0xff,0x08,0xc3,0xff,0x08,0xc3,0xff,
    0x08,0xc3,0xff,0x08,0xc3,0xff,0x08,0xc3,0xff,0x07,0x2e,0xff,0x07,0x2e,0xff,0x08,0xa3,0xff,0x08,0x82,0xff,0x08,0x82,0xff,
    0x08,0x82,0xff,0x08,0x83,0xff,0x08,0x83,0xff,0x08,0x83,0xff,0x08,0x83,0xff,0x08,0x83,0xff,0x08,0x83,0xff,0x08,0x83,0xff,
    0x08,0x83,0xff,0x08,0x83,0xff,0x08,0x83,0xff,0x08,0x83,0xff,0x08,0x83,0xff,0x08,0x83,0xff,0x08,0x83,0xff,0x08,0x83,0xff,
    0x08,0x83,0xff,0x08,0x83,0xff,0x08,0x83,0xff,0x08,0x83,0xff,0x08,0x83,0xff,0x08,0x83,0xff,0x08,0x83,0xff,0x08,0x83,0xff,
    0x08,0x83,0xff,0x08,0x83,0xff,0x08,0x83,0xff,0x08,0x83,0xff,0x08,0x83,0xff,0x08,0x83,0xff,0x08,0x83,0xff,0x08,0x83,0xff,
    0x08,0x83,0xff,0x08,0x83,0xff,0x08,0x83,0xff,0x08,0x83,0xff,0x08,0x83,0xff,0x08,0x83,0xff,0x08,0x83,0xff,0x08,0x83,0xff,
    0x08,0x83,0xff,0x08,0x83,0xff,0x08,0x83,0xff,0x08,0x83,0xff,0x08,0x83,0xff,0x02,0x64,0xdc,0x00,0x00,0x00,0x00,0x00,0x00,
    0x00,0x00,0x00,0x00,0x00,0x00,0x02,0x64,0xdc,0x08,0x83,0xff,0x08,0x83,0xff,0x08,0x83,0xff,0x08,0x83,0xff,0x08,0x83,0xff,
    0x08,0x83,0xff,0x08,0x83,0xff,0x08,0x83,0xff,0x08,0x83,0xff,0x08,0x83,0xff,0x08,0x83,0xff,0x08,0x83,0xff,0x08,0x83,0xff,
    0x08,0x83,0xff,0x08,0x83,0xff,0x08,0x83,0xff,0x08,0x83,0xff,0x08,0x83,0xff,0x08,0x83,0xff,0x08,0x83,0xff,0x08,0x83,0xff,
    0x08,0x83,0xff,0x08,0x83,0xff,0x08,0x83,0xff,0x08,0x83,0xff,0x08,0x83,0xff,0x08,0x83,0xff,0x08,0x83,0xff,0x08,0x83,0xff,
    0x08,0x83,0xff,0x08,0x83,0xff,0x08,0x83,0xff,0x08,0x83,0xff,0x08,0x83,0xff,0x08,0x83,0xff,0x08,0x83,0xff,0x08,0x83,0xff,
    0x08,0x83,0xff,0x08,0x83,0xff,0x08,0x83,0xff,0x08,0x83,0xff,0x08,0x83,0xff,0x08,0x83,0xff,0x08,0x83,0xff,0x08,0x83,0xff,
    0x08,0x82,0xff,0x08,0x82,0xff,0x08,0x82,0xff,0x08,0xa3,0xff,0x08,0xa3,0xff,0x07,0x2e,0xff,0x07,0x2e,0xff,0x08,0xe3,0xff,
    0x08,0xe3,0xff,0x08,0xe3,0xff,0x08,0xc3,0xff,0x08,0xc3,0xff,0x08,0xc3,0xff,0x08,0xc3,0xff,0x08,0xc3,0xff,0x08,0xe3,0xff,
    0x08,0xe3,0xff,0x09,0x03,0xff,0x09,0x03,0xff,0x09,0x23,0xff,0x09,0x23,0xff,0x09,0x23,0xff,0x09,0x03,0xff,0x09,0x03,0xff,
    0x08,0xe3,0xff,0x08,0xe3,0xff,0x08,0xc3,0xff,0x08,0xc3,0xff,0x08,0xc3,0xff,0x08,0xc3,0xff,0x08,0xc3,0xff,0x08,0xe3,0xff,
    0x08,0xe3,0xff,0x08,0xe3,0xff,0x07,0x2e,0xff,0x07,0x2e,0xff,0x08,0xa3,0xff,0x08,0xa3,0xff,0x08,0x82,0xff,0x08,0x82,0xff,
    0x08,0x82,0xff,0x08,0x83,0xff,0x08,0x83,0xff,0x08,0x83,0xff,0x08,0x83,0xff,0x08,0x83,0xff,0x08,0x83,0xff,0x08,0x83,0xff,
    0x08,0x83,0xff,0x08,0x83,0xff,0x08,0x83,0xff,0x08,0x83,0xff,0x08,0x83,0xff,0x08,0x83,0xff,0x08,0x83,0xff,0x08,0x83,0xff,
    0x08,0x83,0xff,0x08,0x83,0xff,0x08,0x83,0xff,0x08,0x83,0xff,0x08,0x83,0xff,0x08,0x83,0xff,0x08,0x83,0xff,0x08,0x83,0xff,
    0x08,0x83,0xff,0x08,0x83,0xff,0x08,0x83,0xff,0x08,0x83,0xff,0x08,0x83,0xff,0x08,0x83,0xff,0x08,0x83,0xff,0x08,0x83,0xff,
    0x08,0x83,0xff,0x08,0x83,0xff,0x08,0x83,0xff,0x08,0x83,0xff,0x08,0x83,0xff,0x08,0x83,0xff,0x08,0x83,0xff,0x08,0x83,0xff,
    0x08,0x83,0xff,0x08,0x83,0xff,0x08,0x83,0xff,0x08,0x83,0xff,0x08,0x83,0xff,0x02,0x64,0xdc,0x00,0x00,0x00,0x00,0x00,0x00,
    0x00,0x00,0x00,0x00,0x00,0x00,0x02,0x64,0xdc,0x08,0x83,0xff,0x08,0x83,0xff,0x08,0x83,0xff,0x08,0x83,0xff,0x08,0x83,0xff,
    0x08,0x83,0xff,0x08,0x83,0xff,0x08,0x83,0xff,0x08,0x83,0xff,0x08,0x83,0xff,0x08,0x83,0xff,0x08,0x83,0xff,0x08,0x83,0xff,
    0x08,0x83,0xff,0x08,0x83,0xff,0x08,0x83,0xff,0x08,0x83,0xff,0x08,0x83,0xff,0x08,0x83,0xff,0x08,0x83,0xff,0x08,0x83,0xff,
    0x08,0x83,0xff,0x08,0x83,0xff,0x08,0x83,0xff,0x08,0x83,0xff,0x08,0x83,0xff,0x08,0x83,0xff,0x08,0x83,0xff,0x08,0x83,0xff,
    0x08,0x83,0xff,0x08,0x83,0xff,0x08,0x83,0xff,0x08,0x83,0xff,0x08,0x83,0xff,0x08,0x83,0xff,0x08,0x83,0xff,0x08,0x83,0xff,
    0x08,0x83,0xff,0x08,0x83,0xff,0x08,0x83,0xff,0x08,0x83,0xff,0x08,0x83,0xff,0x08,0x83,0xff,0x08,0x83,0xff,0x08,0x83,0xff,
    0x08,0x82,0xff,0x08,0x82,0xff,0x08,0x82,0xff,0x08,0xa3,0xff,0x08,0xa3,0xff,0x07,0x2e,0xff,0x07,0x2e,0xff,0x07,0x2e,0xff,
    0x08,0xe3,0xff,0x08,0xe3,0xff,0x08,0xe3,0xff,0x08,0xc3,0xff,0x08,0xc3,0xff,0x08,0xc3,0xff,0x08,0xc3,0xff,0x08,0xe3,0xff,
    0x08,0xe3,0xff,0x08,0xe3,0xff,0x09,0x03,0xff,0x09,0x03,0xff,0x09,0x03,0xff,0x09,0x03,0xff,0x09,0x03,0xff,0x08,0xe3,0xff,
    0x08,0xe3,0xff,0x08,0xe3,0xff,0x08,0xc3,0xff,0x08,0xc3,0xff,0x08,0xc3,0xff,0x08,0xc3,0xff,0x08,0xe3,0xff,0x08,0xe3,0xff,
    0x08,0xe3,0xff,0x07,0x2e,0xff,0x07,0x2e,0xff,0x07,0x2e,0xff,0x08,0xa3,0xff,0x08,0xa3,0xff,0x08,0x82,0xff,0x08,0x82,0xff,
    0x08,0x82,0xff,0x08,0x83,0xff,0x08,0x83,0xff,0x08,0x83,0xff,0x08,0x83,0xff,0x08,0x83,0xff,0x08,0x83,0xff,0x08,0x83,0xff,
    0x08,0x83,0xff,0x08,0x83,0xff,0x08,0x83,0xff,0x08,0x83,0xff,0x08,0x83,0xff,0x08,0x83,0xff,0x08,0x83,0xff,0x08,0x83,0xff,
    0x08,0x83,0xff,0x08,0x83,0xff,0x08,0x83,0xff,0x08,0x83,0xff,0x08,0x83,0xff,0x08,0x83,0xff,0x08,0x83,0xff,0x08,0x83,0xff,
    0x08,0x83,0xff,0x08,0x83,0xff,0x08,0x83,0xff,0x08,0x83,0xff,0x08,0x83,0xff,0x08,0x83,0xff,0x08,0x83,0xff,0x08,0x83,0xff,
    0x08,0x83,0xff,0x08,0x83,0xff,0x08,0x83,0xff,0x08,0x83,0xff,0x08,0x83,0xff,0x08,0x83,0xff,0x08,0x83,0xff,0x08,0x83,0xff,
    0x08,0x83,0xff,0x08,0x83,0xff,0x08,0x83,0xff,0x08,0x83,0xff,0x08,0x83,0xff,0x02,0x64,0xdc,0x00,0x00,0x00,0x00,0x00,0x00,
    0x00,0x00,0x00,0x00,0x00,0x00,0x02,0x64,0xdc,0x08,0x83,0xff,0x08,0x83,0xff,0x08,0x83,0xff,0x08,0x83,0xff,0x08,0x83,0xff,
    0x08,0x83,0xff,0x08,0x83,0xff,0x08,0x83,0xff,0x08,0x83,0xff,0x08,0x83,0xff,0x08,0x83,0xff,0x08,0x83,0xff,0x08,0x83,0xff,
    0x08,0x83,0xff,0x08,0x83,0xff,0x08,0x83,0xff,0x08,0x83,0xff,0x08,0x83,0xff,0x08,0x83,0xff,0x08,0x83,0xff,0x08,0x83,0xff,
    0x08,0x83,0xff,0x08,0x83,0xff,0x08,0x83,0xff,0x08,0x83,0xff,0x08,0x83,0xff,0x08,0x83,0xff,0x08,0x83,0xff,0x08,0x83,0xff,
    0x08,0x83,0xff,0x08,0x83,0xff,0x08,0x83,0xff,0x08,0x83,0xff,0x08,0x83,0xff,0x08,0x83,0xff,0x08,0x83,0xff,0x08,0x83,0xff,
    0x08,0x83,0xff,0x08,0x83,0xff,0x08,0x83,0xff,0x08,0x83,0xff,0x08,0x83,0xff,0x08,0x83,0xff,0x08,0x83,0xff,0x08,0x83,0xff,
    0x08,0x82,0xff,0x08,0x82,0xff,0x08,0x82,0xff,0x08,0x82,0xff,0x08,0xa3,0xff,0x08,0xc3,0xff,0x07,0x2e,0xff,0x07,0x2e,0xff,
    0x07,0x2e,0xff,0x09,0x03,0xff,0x08,0xe3,0xff,0x08,0xe3,0xff,0x08,0xe3,0xff,0x08,0xe3,0xff,0x08,0xe3,0xff,0x08,0xe3,0xff,
    0x08,0xe3,0xff,0x08,0xe3,0xff,0x08,0xe3,0xff,0x08,0xe3,0xff,0x08,0xe3,0xff,0x08,0xe3,0xff,0x08,0xe3,0xff,0x08,0xe3,0xff,
    0x08,0xe3,0xff,0x08,0xe3,0xff,0x08,0xe3,0xff,0x08,0xe3,0xff,0x08,0xe3,0xff,0x08,0xe3,0xff,0x08,0xe3,0xff,0x09,0x03,0xff,
    0x07,0x2e,0xff,0x07,0x2e,0xff,0x07,0x2e,0xff,0x08,0xc3,0xff,0x08,0xa3,0xff,0x08,0x82,0xff,0x08,0x82,0xff,0x08,0x82,0xff,
    0x08,0x82,0xff,0x08,0x83,0xff,0x08,0x83,0xff,0x08,0x83,0xff,0x08,0x83,0xff,0x08,0x83,0xff,0x08,0x83,0xff,0x08,0x83,0xff,
    0x08,0x83,0xff,0x08,0x83,0xff,0x08,0x83,0xff,0x08,0x83,0xff,0x08,0x83,0xff,0x08,0x83,0xff,0x08,0x83,0xff,0x08,0x83,0xff,
    0x08,0x83,0xff,0x08,0x83,0xff,0x08,0x83,0xff,0x08,0x83,0xff,0x08,0x83,0xff,0x08,0x83,0xff,0x08,0x83,0xff,0x08,0x83,0xff,
    0x08,0x83,0xff,0x08,0x83,0xff,0x08,0x83,0xff,0x08,0x83,0xff,0x08,0x83,0xff,0x08,0x83,0xff,0x08,0x83,0xff,0x08,0x83,0xff,
    0x08,0x83,0xff,0x08,0x83,0xff,0x08,0x83,0xff,0x08,0x83,0xff,0x08,0x83,0xff,0x08,0x83,0xff,0x08,0x83,0xff,0x08,0x83,0xff,
    0x08,0x83,0xff,0x08,0x83,0xff,0x08,0x83,0xff,0x08,0x83,0xff,0x08,0x83,0xff,0x02,0x64,0xdc,0x00,0x00,0x00,0x00,0x00,0x00,
    0x00,0x00,0x00,0x00,0x00,0x00,0x02,0x64,0xdc,0x08,0x83,0xff,0x08,0x83,0xff,0x08,0x83,0xff,0x08,0x83,0xff,0x08,0x83,0xff,
    0x08,0x83,0xff,0x08,0x83,0xff,0x08,0x83,0xff,0x08,0x83,0xff,0x08,0x83,0xff,0x08,0x83,0xff,0x08,0x83,0xff,0x08,0x83,0xff,
    0x08,0x83,0xff,0x08,0x83,0xff,0x08,0x83,0xff,0x08,0x83,0xff,0x08,0x83,0xff,0x08,0x83,0xff,0x08,0x83,0xff,0x08,0x83,0xff,
    0x08,0x83,0xff,0x08,0x83,0xff,0x08,0x83,0xff,0x08,0x83,0xff,0x08,0x83,0xff,0x08,0x83,0xff,0x08,0x83,0xff,0x08,0x83,0xff,
    0x08,0x83,0xff,0x08,0x83,0xff,0x08,0x83,0xff,0x08,0x83,0xff,0x08,0x83,0xff,0x08,0x83,0xff,0x08,0x83,0xff,0x08,0x83,0xff,
    0x08,0x83,0xff,0x08,0x83,0xff,0x08,0x83,0xff,0x08,0x83,0xff,0x08,0x83,0xff,0x08,0x83,0xff,0x08,0x83,0xff,0x08,0x83,0xff,
    0x08,0x83,0xff,0x08,0x82,0xff,0x08,0x82,0xff,0x08,0x82,0xff,0x08,0xa3,0xff,0x08,0xa3,0xff,0x08,0xc3,0xff,0x07,0x2e,0xff,
    0x07,0x2e,0xff,0x07,0x2e,0xff,0x09,0x03,0xff,0x09,0x03,0xff,0x08,0xe3,0xff,0x08,0xe3,0xff,0x08,0xe3,0xff,0x08,0xe3,0xff,
    0x08,0xe3,0xff,0x08,0xe3,0xff,0x08,0xe3,0xff,0x09,0x03,0xff,0x08,0xe3,0xff,0x09,0x03,0xff,0x08,0xe3,0xff,0x08,0xe3,0xff,
    0x08,0xe3,0xff,0x08,0xe3,0xff,0x08,0xe3,0xff,0x08,0xe3,0xff,0x08,0xe3,0xff,0x09,0x03,0xff,0x09,0x03,0xff,0x07,0x2e,0xff,
    0x07,0x2e,0xff,0x07,0x2e,0xff,0x08,0xc3,0xff,0x08,0xa3,0xff,0x08,0xa3,0xff,0x08,0x82,0xff,0x08,0x82,0xff,0x08,0x82,0xff,
    0x08,0x83,0xff,0x08,0x83,0xff,0x08,0x83,0xff,0x08,0x83,0xff,0x08,0x83,0xff,0x08,0x83,0xff,0x08,0x83,0xff,0x08,0x83,0xff,
    0x08,0x83,0xff,0x08,0x83,0xff,0x08,0x83,0xff,0x08,0x83,0xff,0x08,0x83,0xff,0x08,0x83,0xff,0x08,0x83,0xff,0x08,0x83,0xff,
    0x08,0x83,0xff,0x08,0x83,0xff,0x08,0x83,0xff,0x08,0x83,0xff,0x08,0x83,0xff,0x08,0x83,0xff,0x08,0x83,0xff,0x08,0x83,0xff,
    0x08,0x83,0xff,0x08,0x83,0xff,0x08,0x83,0xff,0x08,0x83,0xff,0x08,0x83,0xff,0x08,0x83,0xff,0x08,0x83,0xff,0x08,0x83,0xff,
    0x08,0x83,0xff,0x08,0x83,0xff,0x08,0x83,0xff,0x08,0x83,0xff,0x08,0x83,0xff,0x08,0x83,0xff,0x08,0x83,0xff,0x08,0x83,0xff,
    0x08,0x83,0xff,0x08,0x83,0xff,0x08,0x83,0xff,0x08,0x83,0xff,0x08,0x83,0xff,0x02,0x64,0xdc,0x00,0x00,0x00,0x00,0x00,0x00,
    0x00,0x00,0x00,0x00,0x00,0x00,0x02,0x64,0xdc,0x08,0x83,0xff,0x08,0x83,0xff,0x08,0x83,0xff,0x08,0x83,0xff,0x08,0x83,0xff,
    0x08,0x83,0xff,0x08,0x83,0xff,0x08,0x83,0xff,0x08,0x83,0xff,0x08,0x83,0xff,0x08,0x83,0xff,0x08,0x83,0xff,0x08,0x83,0xff,
    0x08,0x83,0xff,0x08,0x83,0xff,0x08,0x83,0xff,0x08,0x83,0xff,0x08,0x83,0xff,0x08,0x83,0xff,0x08,0x83,0xff,0x08,0x83,0xff,
    0x08,0x83,0xff,0x08,0x83,0xff,0x08,0x83,0xff,0x08,0x83,0xff,0x08,0x83,0xff,0x08,0x83,0xff,0x08,0x83,0xff,0x08,0x83,0xff,
    0x08,0x83,0xff,0x08,0x83,0xff,0x08,0x83,0xff,0x08,0x83,0xff,0x08,0x83,0xff,0x08,0x83,0xff,0x08,0x83,0xff,0x08,0x83,0xff,
    0x08,0x83,0xff,0x08,0x83,0xff,0x08,0x83,0xff,0x08,0x83,0xff,0x08,0x83,0xff,0x08,0x83,0xff,0x08,0x83,0xff,0x08,0x83,0xff,
    0x08,0x83,0xff,0x08,0x82,0xff,0x08,0x82,0xff,0x08,0x82,0xff,0x08,0x82,0xff,0x08,0xa3,0xff,0x08,0xa3,0xff,0x08,0xc3,0xff,
    0x07,0x2e,0xff,0x07,0x2e,0xff,0x07,0x2e,0xff,0x07,0x2e,0xff,0x09,0x03,0xff,0x09,0x03,0xff,0x09,0x03,0xff,0x09,0x03,0xff,
    0x09,0x03,0xff,0x09,0x03,0xff,0x09,0x03,0xff,0x09,0x03,0xff,0x09,0x03,0xff,0x09,0x03,0xff,0x09,0x03,0xff,0x09,0x03,0xff,
    0x09,0x03,0xff,0x09,0x03,0xff,0x09,0x03,0xff,0x09,0x03,0xff,0x09,0x03,0xff,0x07,0x2e,0xff,0x07,0x2e,0xff,0x07,0x2e,0xff,
    0x07,0x2e,0xff,0x08,0xc3,0xff,0x08,0xa3,0xff,0x08,0xa3,0xff,0x08,0x82,0xff,0x08,0x82,0xff,0x08,0x82,0xff,0x08,0x82,0xff,
    0x08,0x83,0xff,0x08,0x83,0xff,0x08,0x83,0xff,0x08,0x83,0xff,0x08,0x83,0xff,0x08,0x83,0xff,0x08,0x83,0xff,0x08,0x83,0xff,
    0x08,0x83,0xff,0x08,0x83,0xff,0x08,0x83,0xff,0x08,0x83,0xff,0x08,0x83,0xff,0x08,0x83,0xff,0x08,0x83,0xff,0x08,0x83,0xff,
    0x08,0x83,0xff,0x08,0x83,0xff,0x08,0x83,0xff,0x08,0x83,0xff,0x08,0x83,0xff,0x08,0x83,0xff,0x08,0x83,0xff,0x08,0x83,0xff,
    0x08,0x83,0xff,0x08,0x83,0xff,0x08,0x83,0xff,0x08,0x83,0xff,0x08,0x83,0xff,0x08,0x83,0xff,0x08,0x83,0xff,0x08,0x83,0xff,
    0x08,0x83,0xff,0x08,0x83,0xff,0x08,0x83,0xff,0x08,0x83,0xff,0x08,0x83,0xff,0x08,0x83,0xff,0x08,0x83,0xff,0x08,0x83,0xff,
    0x08,0x83,0xff,0x08,0x83,0xff,0x08,0x83,0xff,0x08,0x83,0xff,0x08,0x83,0xff,0x02,0x64,0xdc,0x00,0x00,0x00,0x00,0x00,0x00,
    0x00,0x00,0x00,0x00,0x00,0x00,0x02,0x64,0xdc,0x08,0x83,0xff,0x08,0x83,0xff,0x08,0x83,0xff,0x08,0x83,0xff,0x08,0x83,0xff,
    0x08,0x83,0xff,0x08,0x83,0xff,0x08,0x83,0xff,0x08,0x83,0xff,0x08,0x83,0xff,0x08,0x83,0xff,0x08,0x83,0xff,0x08,0x83,0xff,
    0x08,0x83,0xff,0x08,0x83,0xff,0x08,0x83,0xff,0x08,0x83,0xff,0x08,0x83,0xff,0x08,0x83,0xff,0x08,0x83,0xff,0x08,0x83,0xff,
    0x08,0x83,0xff,0x08,0x83,0xff,0x08,0x83,0xff,0x08,0x83,0xff,0x08,0x83,0xff,0x08,0x83,0xff,0x08,0x83,0xff,0x08,0x83,0xff,
    0x08,0x83,0xff,0x08,0x83,0xff,0x08,0x83,0xff,0x08,0x83,0xff,0x08,0x83,0xff,0x08,0x83,0xff,0x08,0x83,0xff,0x08,0x83,0xff,
    0x08,0x83,0xff,0x08,0x83,0xff,0x08,0x83,0xff,0x08,0x83,0xff,0x08,0x83,0xff,0x08,0x83,0xff,0x08,0x83,0xff,0x08,0x83,0xff,
    0x08,0x83,0xff,0x08,0x83,0xff,0x08,0x82,0xff,0x08,0x82,0xff,0x08,0x82,0xff,0x08,0x82,0xff,0x08,0xa3,0xff,0x08,0xa3,0xff,
    0x08,0xc3,0xff,0x08,0xc3,0xff,0x07,0x2e,0xff,0x07,0x2e,0xff,0x07,0x2e,0xff,0x07,0x2e,0xff,0x07,0x2e,0xff,0x07,0x2e,0xff,
    0x09,0x03,0xff,0x09,0x03,0xff,0x09,0x03,0xff,0x09,0x03,0xff,0x09,0x03,0xff,0x09,0x03,0xff,0x09,0x03,0xff,0x09,0x03,0xff,
    0x09,0x03,0xff,0x07,0x2e,0xff,0x07,0x2e,0xff,0x07,0x2e,0xff,0x07,0x2e,0xff,0x07,0x2e,0xff,0x07,0x2e,0xff,0x08,0xc3,0xff,
    0x08,0xc3,0xff,0x08,0xa3,0xff,0x08,0xa3,0xff,0x08,0x82,0xff,0x08,0x82,0xff,0x08,0x82,0xff,0x08,0x82,0xff,0x08,0x83,0xff,
    0x08,0x83,0xff,0x08,0x83,0xff,0x08,0x83,0xff,0x08,0x83,0xff,0x08,0x83,0xff,0x08,0x83,0xff,0x08,0x83,0xff,0x08,0x83,0xff,
    0x08,0x83,0xff,0x08,0x83,0xff,0x08,0x83,0xff,0x08,0x83,0xff,0x08,0x83,0xff,0x08,0x83,0xff,0x08,0x83,0xff,0x08,0x83,0xff,
    0x08,0x83,0xff,0x08,0x83,0xff,0x08,0x83,0xff,0x08,0x83,0xff,0x08,0x83,0xff,0x08,0x83,0xff,0x08,0x83,0xff,0x08,0x83,0xff,
    0x08,0x83,0xff,0x08,0x83,0xff,0x08,0x83,0xff,0x08,0x83,0xff,0x08,0x83,0xff,0x08,0x83,0xff,0x08,0x83,0xff,0x08,0x83,0xff,
    0x08,0x83,0xff,0x08,0x83,0xff,0x08,0x83,0xff,0x08,0x83,0xff,0x08,0x83,0xff,0x08,0x83,0xff,0x08,0x83,0xff,0x08,0x83,0xff,
    0x08,0x83,0xff,0x08,0x83,0xff,0x08,0x83,0xff,0x08,0x83,0xff,0x08,0x83,0xff,0x02,0x64,0xdc,0x00,0x00,0x00,0x00,0x00,0x00,
    0x00,0x00,0x00,0x00,0x00,0x00,0x02,0x64,0xdc,0x08,0x83,0xff,0x08,0x83,0xff,0x08,0x83,0xff,0x08,0x83,0xff,0x08,0x83,0xff,
    0x08,0x83,0xff,0x08,0x83,0xff,0x08,0x83,0xff,0x08,0x83,0xff,0x08,0x83,0xff,0x08,0x83,0xff,0x08,0x83,0xff,0x08,0x83,0xff,
    0x08,0x83,0xff,0x08,0x83,0xff,0x08,0x83,0xff,0x08,0x83,0xff,0x08,0x83,0xff,0x08,0x83,0xff,0x08,0x83,0xff,0x08,0x83,0xff,
    0x08,0x83,0xff,0x08,0x83,0xff,0x08,0x83,0xff,0x08,0x83,0xff,0x08,0x83,0xff,0x08,0x83,0xff,0x08,0x83,0xff,0x08,0x83,0xff,
    0x08,0x83,0xff,0x08,0x83,0xff,0x08,0x83,0xff,0x08,0x83,0xff,0x08,0x83,0xff,0x08,0x83,0xff,0x08,0x83,0xff,0x08,0x83,0xff,
    0x08,0x83,0xff,0x08,0x83,0xff,0x08,0x83,0xff,0x08,0x83,0xff,0x08,0x83,0xff,0x08,0x83,0xff,0x08,0x83,0xff,0x08,0x83,0xff,
    0x08,0x83,0xff,0x08,0x83,0xff,0x08,0x83,0xff,0x08,0x82,0xff,0x08,0x82,0xff,0x08,0x82,0xff,0x08,0x82,0xff,0x08,0xa3,0xff,
    0x08,0xa3,0xff,0x08,0xa3,0xff,0x08,0xc3,0xff,0x08,0xc3,0xff,0x07,0x2e,0xff,0x07,0x2e,0xff,0x07,0x2e,0xff,0x07,0x2e,0xff,
    0x07,0x2e,0xff,0x07,0x2e,0xff,0x07,0x2e,0xff,0x07,0x2e,0xff,0x07,0x2e,0xff,0x07,0x2e,0xff,0x07,0x2e,0xff,0x07,0x2e,0xff,
    0x07,0x2e,0xff,0x07,0x2e,0xff,0x07,0x2e,0xff,0x07,0x2e,0xff,0x07,0x2e,0xff,0x08,0xc3,0xff,0x08,0xc3,0xff,0x08,0xa3,0xff,
    0x08,0xa3,0xff,0x08,0xa3,0xff,0x08,0x82,0xff,0x08,0x82,0xff,0x08,0x82,0xff,0x08,0x82,0xff,0x08,0x83,0xff,0x08,0x83,0xff,
    0x08,0x83,0xff,0x08,0x83,0xff,0x08,0x83,0xff,0x08,0x83,0xff,0x08,0x83,0xff,0x08,0x83,0xff,0x08,0x83,0xff,0x08,0x83,0xff,
    0x08,0x83,0xff,0x08,0x83,0xff,0x08,0x83,0xff,0x08,0x83,0xff,0x08,0x83,0xff,0x08,0x83,0xff,0x08,0x83,0xff,0x08,0x83,0xff,
    0x08,0x83,0xff,0x08,0x83,0xff,0x08,0x83,0xff,0x08,0x83,0xff,0x08,0x83,0xff,0x08,0x83,0xff,0x08,0x83,0xff,0x08,0x83,0xff,
    0x08,0x83,0xff,0x08,0x83,0xff,0x08,0x83,0xff,0x08,0x83,0xff,0x08,0x83,0xff,0x08,0x83,0xff,0x08,0x83,0xff,0x08,0x83,0xff,
    0x08,0x83,0xff,0x08,0x83,0xff,0x08,0x83,0xff,0x08,0x83,0xff,0x08,0x83,0xff,0x08,0x83,0xff,0x08,0x83,0xff,0x08,0x83,0xff,
    0x08,0x83,0xff,0x08,0x83,0xff,0x08,0x83,0xff,0x08,0x83,0xff,0x08,0x83,0xff,0x02,0x64,0xdc,0x00,0x00,0x00,0x00,0x00,0x00,
    0x00,0x00,0x00,0x00,0x00,0x00,0x02,0x64,0xdc,0x08,0x83,0xff,0x08,0x83,0xff,0x08,0x83,0xff,0x08,0x83,0xff,0x08,0x83,0xff,
    0x08,0x83,0xff,0x08,0x83,0xff,0x08,0x83,0xff,0x08,0x83,0xff,0x08,0x83,0xff,0x08,0x83,0xff,0x08,0x83,0xff,0x08,0x83,0xff,
    0x08,0x83,0xff,0x08,0x83,0xff,0x08,0x83,0xff,0x08,0x83,0xff,0x08,0x83,0xff,0x08,0x83,0xff,0x08,0x83,0xff,0x08,0x83,0xff,
    0x08,0x83,0xff,0x08,0x83,0xff,0x08,0x83,0xff,0x08,0x83,0xff,0x08,0x83,0xff,0x08,0x83,0xff,0x08,0x83,0xff,0x08,0x83,0xff,
    0x08,0x83,0xff,0x08,0x83,0xff,0x08,0x83,0xff,0x08,0x83,0xff,0x08,0x83,0xff,0x08,0x83,0xff,0x08,0x83,0xff,0x08,0x83,0xff,
    0x08,0x83,0xff,0x08,0x83,0xff,0x08,0x83,0xff,0x08,0x83,0xff,0x08,0x83,0xff,0x08,0x83,0xff,0x08,0x83,0xff,0x08,0x83,0xff,
    0x08,0x83,0xff,0x08,0x83,0xff,0x08,0x83,0xff,0x08,0x83,0xff,0x08,0x82,0xff,0x08,0x82,0xff,0x08,0x82,0xff,0x08,0x82,0xff,
    0x08,0x82,0xff,0x08,0xa3,0xff,0x08,0xa3,0xff,0x08,0xa3,0xff,0x08,0xc3,0xff,0x08,0xc3,0xff,0x08,0xc3,0xff,0x08,0xe3,0xff,
    0x07,0x2e,0xff,0x07,0x2e,0xff,0x07,0x2e,0xff,0x07,0x2e,0xff,0x07,0x2e,0xff,0x07,0x2e,0xff,0x07,0x2e,0xff,0x07,0x2e,0xff,
    0x07,0x2e,0xff,0x08,0xe3,0xff,0x08,0xc3,0xff,0x08,0xc3,0xff,0x08,0xc3,0xff,0x08,0xa3,0xff,0x08,0xa3,0xff,0x08,0xa3,0xff,
    0x08,0x82,0xff,0x08,0x82,0xff,0x08,0x82,0xff,0x08,0x82,0xff,0x08,0x82,0xff,0x08,0x83,0xff,0x08,0x83,0xff,0x08,0x83,0xff,
    0x08,0x83,0xff,0x08,0x83,0xff,0x08,0x83,0xff,0x08,0x83,0xff,0x08,0x83,0xff,0x08,0x83,0xff,0x08,0x83,0xff,0x08,0x83,0xff,
    0x08,0x83,0xff,0x08,0x83,0xff,0x08,0x83,0xff,0x08,0x83,0xff,0x08,0x83,0xff,0x08,0x83,0xff,0x08,0x83,0xff,0x08,0x83,0xff,
    0x08,0x83,0xff,0x08,0x83,0xff,0x08,0x83,0xff,0x08,0x83,0xff,0x08,0x83,0xff,0x08,0x83,0xff,0x08,0x83,0xff,0x08,0x83,0xff,
    0x08,0x83,0xff,0x08,0x83,0xff,0x08,0x83,0xff,0x08,0x83,0xff,0x08,0x83,0xff,0x08,0x83,0xff,0x08,0x83,0xff,0x08,0x83,0xff,
    0x08,0x83,0xff,0x08,0x83,0xff,0x08,0x83,0xff,0x08,0x83,0xff,0x08,0x83,0xff,0x08,0x83,0xff,0x08,0x83,0xff,0x08,0x83,0xff,
    0x08,0x83,0xff,0x08,0x83,0xff,0x08,0x83,0xff,0x08,0x83,0xff,0x08,0x83,0xff,0x02,0x64,0xdc,0x00,0x00,0x00,0x00,0x00,0x00,
    0x00,0x00,0x00,0x00,0x00,0x00,0x02,0x64,0xdc,0x08,0x83,0xff,0x08,0x83,0xff,0x08,0x83,0xff,0x08,0x83,0xff,0x08,0x83,0xff,
    0x08,0x83,0xff,0x08,0x83,0xff,0x08,0x83,0xff,0x08,0x83,0xff,0x08,0x83,0xff,0x08,0x83,0xff,0x08,0x83,0xff,0x08,0x83,0xff,
    0x08,0x83,0xff,0x08,0x83,0xff,0x08,0x83,0xff,0x08,0x83,0xff,0x08,0x83,0xff,0x08,0x83,0xff,0x08,0x83,0xff,0x08,0x83,0xff,
    0x08,0x83,0xff,0x08,0x83,0xff,0x08,0x83,0xff,0x08,0x83,0xff,0x08,0x83,0xff,0x08,0x83,0xff,0x08,0x83,0xff,0x08,0x83,0xff,
    0x08,0x83,0xff,0x08,0x83,0xff,0x08,0x83,0xff,0x08,0x83,0xff,0x08,0x83,0xff,0x08,0x83,0xff,0x08,0x83,0xff,0x08,0x83,0xff,
    0x08,0x83,0xff,0x08,0x83,0xff,0x08,0x83,0xff,0x08,0x83,0xff,0x08,0x83,0xff,0x08,0x83,0xff,0x08,0x83,0xff,0x08,0x83,0xff,
    0x08,0x83,0xff,0x08,0x83,0xff,0x08,0x83,0xff,0x08,0x83,0xff,0x08,0x83,0xff,0x08,0x82,0xff,0x08,0x82,0xff,0x08,0x82,0xff,
    0x08,0x82,0xff,0x08,0x82,0xff,0x08,0x83,0xff,0x08,0xa3,0xff,0x08,0xa3,0xff,0x08,0xa3,0xff,0x08,0xa3,0xff,0x08,0xc3,0xff,
    0x08,0xc3,0xff,0x08,0xc3,0xff,0x08,0xc3,0xff,0x08,0xc3,0xff,0x07,0x2e,0xff,0x07,0x2e,0xff,0x08,0xc3,0xff,0x08,0xc3,0xff,
    0x08,0xc3,0xff,0x08,0xc3,0xff,0x08,0xa3,0xff,0x08,0xa3,0xff,0x08,0xa3,0xff,0x08,0xa3,0xff,0x08,0x83,0xff,0x08,0x82,0xff,
    0x08,0x82,0xff,0x08,0x82,0xff,0x08,0x82,0xff,0x08,0x82,0xff,0x08,0x83,0xff,0x08,0x83,0xff,0x08,0x83,0xff,0x08,0x83,0xff,
    0x08,0x83,0xff,0x08,0x83,0xff,0x08,0x83,0xff,0x08,0x83,0xff,0x08,0x83,0xff,0x08,0x83,0xff,0x08,0x83,0xff,0x08,0x83,0xff,
    0x08,0x83,0xff,0x08,0x83,0xff,0x08,0x83,0xff,0x08,0x83,0xff,0x08,0x83,0xff,0x08,0x83,0xff,0x08,0x83,0xff,0x08,0x83,0xff,
    0x08,0x83,0xff,0x08,0x83,0xff,0x08,0x83,0xff,0x08,0x83,0xff,0x08,0x83,0xff,0x08,0x83,0xff,0x08,0x83,0xff,0x08,0x83,0xff,
    0x08,0x83,0xff,0x08,0x83,0xff,0x08,0x83,0xff,0x08,0x83,0xff,0x08,0x83,0xff,0x08,0x83,0xff,0x08,0x83,0xff,0x08,0x83,0xff,
    0x08,0x83,0xff,0x08,0x83,0xff,0x08,0x83,0xff,0x08,0x83,0xff,0x08,0x83,0xff,0x08,0x83,0xff,0x08,0x83,0xff,0x08,0x83,0xff,
    0x08,0x83,0xff,0x08,0x83,0xff,0x08,0x83,0xff,0x08,0x83,0xff,0x08,0x83,0xff,0x02,0x64,0xdc,0x00,0x00,0x00,0x00,0x00,0x00,
    0x00,0x00,0x00,0x00,0x00,0x00,0x02,0x64,0xdc,0x08,0x83,0xff,0x08,0x83,0xff,0x08,0x83,0xff,0x08,0x83,0xff,0x08,0x83,0xff,
    0x08,0x83,0xff,0x08,0x83,0xff,0x08,0x83,0xff,0x08,0x83,0xff,0x08,0x83,0xff,0x08,0x83,0xff,0x08,0x83,0xff,0x08,0x83,0xff,
    0x08,0x83,0xff,0x08,0x83,0xff,0x08,0x83,0xff,0x08,0x83,0xff,0x08,0x83,0xff,0x08,0x83,0xff,0x08,0x83,0xff,0x08,0x83,0xff,
    0x08,0x83,0xff,0x08,0x83,0xff,0x08,0x83,0xff,0x08,0x83,0xff,0x08,0x83,0xff,0x08,0x83,0xff,0x08,0x83,0xff,0x08,0x83,0xff,
    0x08,0x83,0xff,0x08,0x83,0xff,0x08,0x83,0xff,0x08,0x83,0xff,0x08,0x83,0xff,0x08,0x83,0xff,0x08,0x83,0xff,0x08,0x83,0xff,
    0x08,0x83,0xff,0x08,0x83,0xff,0x08,0x83,0xff,0x08,0x83,0xff,0x08,0x83,0xff,0x08,0x83,0xff,0x08,0x83,0xff,0x08,0x83,0xff,
    0x08,0x83,0xff,0x08,0x83,0xff,0x08,0x83,0xff,0x08,0x83,0xff,0x08,0x83,0xff,0x08,0x83,0xff,0x08,0x83,0xff,0x08,0x82,0xff,
    0x08,0x82,0xff,0x08,0x82,0xff,0x08,0x82,0xff,0x08,0x82,0xff,0x08,0x82,0xff,0x08,0x83,0xff,0x08,0xa3,0xff,0x08,0xa3,0xff,
    0x08,0xa3,0xff,0x08,0xa3,0xff,0x08,0xa3,0xff,0x08,0xa3,0xff,0x07,0x2e,0xff,0x07,0x2e,0xff,0x08,0xa3,0xff,0x08,0xa3,0xff,
    0x08,0xa3,0xff,0x08,0xa3,0xff,0x08,0xa3,0xff,0x08,0x83,0xff,0x08,0x82,0xff,0x08,0x82,0xff,0x08,0x82,0xff,0x08,0x82,0xff,
    0x08,0x82,0xff,0x08,0x82,0xff,0x08,0x83,0xff,0x08,0x83,0xff,0x08,0x83,0xff,0x08,0x83,0xff,0x08,0x83,0xff,0x08,0x83,0xff,
    0x08,0x83,0xff,0x08,0x83,0xff,0x08,0x83,0xff,0x08,0x83,0xff,0x08,0x83,0xff,0x08,0x83,0xff,0x08,0x83,0xff,0x08,0x83,0xff,
    0x08,0x83,0xff,0x08,0x83,0xff,0x08,0x83,0xff,0x08,0x83,0xff,0x08,0x83,0xff,0x08,0x83,0xff,0x08,0x83,0xff,0x08,0x83,0xff,
    0x08,0x83,0xff,0x08,0x83,0xff,0x08,0x83,0xff,0x08,0x83,0xff,0x08,0x83,0xff,0x08,0x83,0xff,0x08,0x83,0xff,0x08,0x83,0xff,
    0x08,0x83,0xff,0x08,0x83,0xff,0x08,0x83,0xff,0x08,0x83,0xff,0x08,0x83,0xff,0x08,0x83,0xff,0x08,0x83,0xff,0x08,0x83,0xff,
    0x08,0x83,0xff,0x08,0x83,0xff,0x08,0x83,0xff,0x08,0x83,0xff,0x08,0x83,0xff,0x08,0x83,0xff,0x08,0x83,0xff,0x08,0x83,0xff,
    0x08,0x83,0xff,0x08,0x83,0xff,0x08,0x83,0xff,0x08,0x83,0xff,0x08,0x83,0xff,0x02,0x64,0xdc,0x00,0x00,0x00,0x00,0x00,0x00,
    0x00,0x00,0x00,0x00,0x00,0x00,0x02,0x64,0xdc,0x08,0x83,0xff,0x08,0x83,0xff,0x08,0x83,0xff,0x08,0x83,0xff,0x08,0x83,0xff,
    0x08,0x83,0xff,0x08,0x83,0xff,0x08,0x83,0xff,0x08,0x83,0xff,0x08,0x83,0xff,0x08,0x83,0xff,0x08,0x83,0xff,0x08,0x83,0xff,
    0x08,0x83,0xff,0x08,0x83,0xff,0x08,0x83,0xff,0x08,0x83,0xff,0x08,0x83,0xff,0x08,0x83,0xff,0x08,0x83,0xff,0x08,0x83,0xff,
    0x08,0x83,0xff,0x08,0x83,0xff,0x08,0x83,0xff,0x08,0x83,0xff,0x08,0x83,0xff,0x08,0x83,0xff,0x08,0x83,0xff,0x08,0x83,0xff,
    0x08,0x83,0xff,0x08,0x83,0xff,0x08,0x83,0xff,0x08,0x83,0xff,0x08,0x83,0xff,0x08,0x83,0xff,0x08,0x83,0xff,0x08,0x83,0xff,
    0x08,0x83,0xff,0x08,0x83,0xff,0x08,0x83,0xff,0x08,0x83,0xff,0x08,0x83,0xff,0x08,0x83,0xff,0x08,0x83,0xff,0x08,0x83,0xff,
    0x08,0x83,0xff,0x08,0x83,0xff,0x08,0x83,0xff,0x08,0x83,0xff,0x08,0x83,0xff,0x08,0x83,0xff,0x08,0x83,0xff,0x08,0x83,0xff,
    0x08,0x83,0xff,0x08,0x82,0xff,0x08,0x82,0xff,0x08,0x82,0xff,0x08,0x82,0xff,0x08,0x82,0xff,0x08,0x82,0xff,0x08,0x82,0xff,
    0x08,0x82,0xff,0x08,0x83,0xff,0x08,0x82,0xff,0x08,0x83,0xff,0x07,0x2e,0xff,0x07,0x2e,0xff,0x08,0x82,0xff,0x08,0x83,0xff,
    0x08,0x82,0xff,0x08,0x82,0xff,0x08,0x82,0xff,0x08,0x82,0xff,0x08,0x82,0xff,0x08,0x82,0xff,0x08,0x82,0xff,0x08,0x82,0xff,
    0x08,0x83,0xff,0x08,0x83,0xff,0x08,0x83,0xff,0x08,0x83,0xff,0x08,0x83,0xff,0x08,0x83,0xff,0x08,0x83,0xff,0x08,0x83,0xff,
    0x08,0x83,0xff,0x08,0x83,0xff,0x08,0x83,0xff,0x08,0x83,0xff,0x08,0x83,0xff,0x08,0x83,0xff,0x08,0x83,0xff,0x08,0x83,0xff,
    0x08,0x83,0xff,0x08,0x83,0xff,0x08,0x83,0xff,0x08,0x83,0xff,0x08,0x83,0xff,0x08,0x83,0xff,0x08,0x83,0xff,0x08,0x83,0xff,
    0x08,0x83,0xff,0x08,0x83,0xff,0x08,0x83,0xff,0x08,0x83,0xff,0x08,0x83,0xff,0x08,0x83,0xff,0x08,0x83,0xff,0x08,0x83,0xff,
    0x08,0x83,0xff,0x08,0x83,0xff,0x08,0x83,0xff,0x08,0x83,0xff,0x08,0x83,0xff,0x08,0x83,0xff,0x08,0x83,0xff,0x08,0x83,0xff,
    0x08,0x83,0xff,0x08,0x83,0xff,0x08,0x83,0xff,0x08,0x83,0xff,0x08,0x83,0xff,0x08,0x83,0xff,0x08,0x83,0xff,0x08,0x83,0xff,
    0x08,0x83,0xff,0x08,0x83,0xff,0x08,0x83,0xff,0x08,0x83,0xff,0x08,0x83,0xff,0x02,0x64,0xdc,0x00,0x00,0x00,0x00,0x00,0x00,
    0x00,0x00,0x00,0x00,0x00,0x00,0x02,0x64,0xdc,0x08,0x83,0xff,0x08,0x83,0xff,0x08,0x83,0xff,0x08,0x83,0xff,0x08,0x83,0xff,
    0x08,0x83,0xff,0x08,0x83,0xff,0x08,0x83,0xff,0x08,0x83,0xff,0x08,0x83,0xff,0x08,0x83,0xff,0x08,0x83,0xff,0x08,0x83,0xff,
    0x08,0x83,0xff,0x08,0x83,0xff,0x08,0x83,0xff,0x08,0x83,0xff,0x08,0x83,0xff,0x08,0x83,0xff,0x08,0x83,0xff,0x08,0x83,0xff,
    0x08,0x83,0xff,0x08,0x83,0xff,0x08,0x83,0xff,0x08,0x83,0xff,0x08,0x83,0xff,0x08,0x83,0xff,0x08,0x83,0xff,0x08,0x83,0xff,
    0x08,0x83,0xff,0x08,0x83,0xff,0x08,0x83,0xff,0x08,0x83,0xff,0x08,0x83,0xff,0x08,0x83,0xff,0x08,0x83,0xff,0x08,0x83,0xff,
    0x08,0x83,0xff,0x08,0x83,0xff,0x08,0x83,0xff,0x08,0x83,0xff,0x08,0x83,0xff,0x08,0x83,0xff,0x08,0x83,0xff,0x08,0x83,0xff,
    0x08,0x83,0xff,0x08,0x83,0xff,0x08,0x83,0xff,0x08,0x83,0xff,0x08,0x83,0xff,0x08,0x83,0xff,0x08,0x83,0xff,0x08,0x83,0xff,
    0x08,0x83,0xff,0x08,0x83,0xff,0x08,0x83,0xff,0x08,0x82,0xff,0x08,0x82,0xff,0x08,0x82,0xff,0x08,0x82,0xff,0x08,0x82,0xff,
    0x08,0x82,0xff,0x08,0x82,0xff,0x08,0x82,0xff,0x08,0x82,0xff,0x07,0x2e,0xff,0x07,0x2e,0xff,0x08,0x82,0xff,0x08,0x82,0xff,
    0x08,0x82,0xff,0x08,0x82,0xff,0x08,0x82,0xff,0x08,0x82,0xff,0x08,0x82,0xff,0x08,0x82,0xff,0x08,0x83,0xff,0x08,0x83,0xff,
    0x08,0x83,0xff,0x08,0x83,0xff,0x08,0x83,0xff,0x08,0x83,0xff,0x08,0x83,0xff,0x08,0x83,0xff,0x08,0x83,0xff,0x08,0x83,0xff,
    0x08,0x83,0xff,0x08,0x83,0xff,0x08,0x83,0xff,0x08,0x83,0xff,0x08,0x83,0xff,0x08,0x83,0xff,0x08,0x83,0xff,0x08,0x83,0xff,
    0x08,0x83,0xff,0x08,0x83,0xff,0x08,0x83,0xff,0x08,0x83,0xff,0x08,0x83,0xff,0x08,0x83,0xff,0x08,0x83,0xff,0x08,0x83,0xff,
    0x08,0x83,0xff,0x08,0x83,0xff,0x08,0x83,0xff,0x08,0x83,0xff,0x08,0x83,0xff,0x08,0x83,0xff,0x08,0x83,0xff,0x08,0x83,0xff,
    0x08,0x83,0xff,0x08,0x83,0xff,0x08,0x83,0xff,0x08,0x83,0xff,0x08,0x83,0xff,0x08,0x83,0xff,0x08,0x83,0xff,0x08,0x83,0xff,
    0x08,0x83,0xff,0x08,0x83,0xff,0x08,0x83,0xff,0x08,0x83,0xff,0x08,0x83,0xff,0x08,0x83,0xff,0x08,0x83,0xff,0x08,0x83,0xff,
    0x08,0x83,0xff,0x08,0x83,0xff,0x08,0x83,0xff,0x08,0x83,0xff,0x08,0x83,0xff,0x02,0x64,0xdc,0x00,0x00,0x00,0x00,0x00,0x00,
    0x00,0x00,0x00,0x00,0x00,0x00,0x02,0x64,0xdc,0x08,0x83,0xff,0x08,0x83,0xff,0x08,0x83,0xff,0x08,0x83,0xff,0x08,0x83,0xff,
    0x08,0x83,0xff,0x08,0x83,0xff,0x08,0x83,0xff,0x08,0x83,0xff,0x08,0x83,0xff,0x08,0x83,0xff,0x08,0x83,0xff,0x08,0x83,0xff,
    0x08,0x83,0xff,0x08,0x83,0xff,0x08,0x83,0xff,0x08,0x83,0xff,0x08,0x83,0xff,0x08,0x83,0xff,0x08,0x83,0xff,0x08,0x83,0xff,
    0x08,0x83,0xff,0x08,0x83,0xff,0x08,0x83,0xff,0x08,0x83,0xff,0x08,0x83,0xff,0x08,0x83,0xff,0x08,0x83,0xff,0x08,0x83,0xff,
    0x08,0x83,0xff,0x08,0x83,0xff,0x08,0x83,0xff,0x08,0x83,0xff,0x08,0x83,0xff,0x08,0x83,0xff,0x08,0x83,0xff,0x08,0x83,0xff,
    0x08,0x83,0xff,0x08,0x83,0xff,0x08,0x83,0xff,0x08,0x83,0xff,0x08,0x83,0xff,0x08,0x83,0xff,0x08,0x83,0xff,0x08,0x83,0xff,
    0x08,0x83,0xff,0x08,0x83,0xff,0x08,0x83,0xff,0x08,0x83,0xff,0x08,0x83,0xff,0x08,0x83,0xff,0x08,0x83,0xff,0x08,0x83,0xff,
    0x08,0x83,0xff,0x08,0x83,0xff,0x08,0x83,0xff,0x08,0x83,0xff,0x08,0x83,0xff,0x08,0x83,0xff,0x08,0x83,0xff,0x08,0x82,0xff,
    0x08,0x82,0xff,0x08,0x82,0xff,0x08,0x82,0xff,0x08,0x82,0xff,0x07,0x2e,0xff,0x07,0x2e,0xff,0x08,0x82,0xff,0x08,0x82,0xff,
    0x08,0x82,0xff,0x08,0x82,0xff,0x08,0x83,0xff,0x08,0x83,0xff,0x08,0x83,0xff,0x08,0x83,0xff,0x08,0x83,0xff,0x08,0x83,0xff,
    0x08,0x83,0xff,0x08,0x83,0xff,0x08,0x83,0xff,0x08,0x83,0xff,0x08,0x83,0xff,0x08,0x83,0xff,0x08,0x83,0xff,0x08,0x83,0xff,
    0x08,0x83,0xff,0x08,0x83,0xff,0x08,0x83,0xff,0x08,0x83,0xff,0x08,0x83,0xff,0x08,0x83,0xff,0x08,0x83,0xff,0x08,0x83,0xff,
    0x08,0x83,0xff,0x08,0x83,0xff,0x08,0x83,0xff,0x08,0x83,0xff,0x08,0x83,0xff,0x08,0x83,0xff,0x08,0x83,0xff,0x08,0x83,0xff,
    0x08,0x83,0xff,0x08,0x83,0xff,0x08,0x83,0xff,0x08,0x83,0xff,0x08,0x83,0xff,0x08,0x83,0xff,0x08,0x83,0xff,0x08,0x83,0xff,
    0x08,0x83,0xff,0x08,0x83,0xff,0x08,0x83,0xff,0x08,0x83,0xff,0x08,0x83,0xff,0x08,0x83,0xff,0x08,0x83,0xff,0x08,0x83,0xff,
    0x08,0x83,0xff,0x08,0x83,0xff,0x08,0x83,0xff,0x08,0x83,0xff,0x08,0x83,0xff,0x08,0x83,0xff,0x08,0x83,0xff,0x08,0x83,0xff,
    0x08,0x83,0xff,0x08,0x83,0xff,0x08,0x83,0xff,0x08,0x83,0xff,0x08,0x83,0xff,0x02,0x64,0xdc,0x00,0x00,0x00,0x00,0x00,0x00,
    0x00,0x00,0x00,0x00,0x00,0x00,0x02,0x64,0xdc,0x08,0x83,0xff,0x08,0x83,0xff,0x08,0x83,0xff,0x08,0x83,0xff,0x08,0x83,0xff,
    0x08,0x83,0xff,0x08,0x83,0xff,0x08,0x83,0xff,0x08,0x83,0xff,0x08,0x83,0xff,0x08,0x83,0xff,0x08,0x83,0xff,0x08,0x83,0xff,
    0x08,0x83,0xff,0x08,0x83,0xff,0x08,0x83,0xff,0x08,0x83,0xff,0x08,0x83,0xff,0x08,0x83,0xff,0x08,0x83,0xff,0x08,0x83,0xff,
    0x08,0x83,0xff,0x08,0x83,0xff,0x08,0x83,0xff,0x08,0x83,0xff,0x08,0x83,0xff,0x08,0x83,0xff,0x08,0x83,0xff,0x08,0x83,0xff,
    0x08,0x83,0xff,0x08,0x83,0xff,0x08,0x83,0xff,0x08,0x83,0xff,0x08,0x83,0xff,0x08,0x83,0xff,0x08,0x83,0xff,0x08,0x83,0xff,
    0x08,0x83,0xff,0x08,0x83,0xff,0x08,0x83,0xff,0x08,0x83,0xff,0x08,0x83,0xff,0x08,0x83,0xff,0x08,0x83,0xff,0x08,0x83,0xff,
    0x08,0x83,0xff,0x08,0x83,0xff,0x08,0x83,0xff,0x08,0x83,0xff,0x08,0x83,0xff,0x08,0x83,0xff,0x08,0x83,0xff,0x08,0x83,0xff,
    0x08,0x83,0xff,0x08,0x83,0xff,0x08,0x83,0xff,0x08,0x83,0xff,0x08,0x83,0xff,0x08,0x83,0xff,0x08,0x83,0xff,0x08,0x83,0xff,
    0x08,0x83,0xff,0x08,0x83,0xff,0x08,0x83,0xff,0x08,0x83,0xff,0x07,0x2e,0xff,0x07,0x2e,0xff,0x08,0x83,0xff,0x08,0x83,0xff,
    0x08,0x83,0xff,0x08,0x83,0xff,0x08,0x83,0xff,0x08,0x83,0xff,0x08,0x83,0xff,0x08,0x83,0xff,0x08,0x83,0xff,0x08,0x83,0xff,
    0x08,0x83,0xff,0x08,0x83,0xff,0x08,0x83,0xff,0x08,0x83,0xff,0x08,0x83,0xff,0x08,0x83,0xff,0x08,0x83,0xff,0x08,0x83,0xff,
    0x08,0x83,0xff,0x08,0x83,0xff,0x08,0x83,0xff,0x08,0x83,0xff,0x08,0x83,0xff,0x08,0x83,0xff,0x08,0x83,0xff,0x08,0x83,0xff,
    0x08,0x83,0xff,0x08,0x83,0xff,0x08,0x83,0xff,0x08,0x83,0xff,0x08,0x83,0xff,0x08,0x83,0xff,0x08,0x83,0xff,0x08,0x83,0xff,
    0x08,0x83,0xff,0x08,0x83,0xff,0x08,0x83,0xff,0x08,0x83,0xff,0x08,0x83,0xff,0x08,0x83,0xff,0x08,0x83,0xff,0x08,0x83,0xff,
    0x08,0x83,0xff,0x08,0x83,0xff,0x08,0x83,0xff,0x08,0x83,0xff,0x08,0x83,0xff,0x08,0x83,0xff,0x08,0x83,0xff,0x08,0x83,0xff,
    0x08,0x83,0xff,0x08,0x83,0xff,0x08,0x83,0xff,0x08,0x83,0xff,0x08,0x83,0xff,0x08,0x83,0xff,0x08,0x83,0xff,0x08,0x83,0xff,
    0x08,0x83,0xff,0x08,0x83,0xff,0x08,0x83,0xff,0x08,0x83,0xff,0x08,0x83,0xff,0x02,0x64,0xdc,0x00,0x00,0x00,0x00,0x00,0x00,
    0x00,0x00,0x00,0x00,0x00,0x00,0x02,0x64,0xdc,0x08,0x83,0xff,0x08,0x83,0xff,0x08,0x83,0xff,0x08,0x83,0xff,0x08,0x83,0xff,
    0x08,0x83,0xff,0x08,0x83,0xff,0x08,0x83,0xff,0x08,0x83,0xff,0x08,0x83,0xff,0x08,0x83,0xff,0x08,0x83,0xff,0x08,0x83,0xff,
    0x08,0x83,0xff,0x08,0x83,0xff,0x08,0x83,0xff,0x08,0x83,0xff,0x08,0x83,0xff,0x08,0x83,0xff,0x08,0x83,0xff,0x08,0x83,0xff,
    0x08,0x83,0xff,0x08,0x83,0xff,0x08,0x83,0xff,0x08,0x83,0xff,0x08,0x83,0xff,0x08,0x83,0xff,0x08,0x83,0xff,0x08,0x83,0xff,
    0x08,0x83,0xff,0x08,0x83,0xff,0x08,0x83,0xff,0x08,0x83,0xff,0x08,0x83,0xff,0x08,0x83,0xff,0x08,0x83,0xff,0x08,0x83,0xff,
    0x08,0x83,0xff,0x08,0x83,0xff,0x08,0x83,0xff,0x08,0x83,0xff,0x08,0x83,0xff,0x08,0x83,0xff,0x08,0x83,0xff,0x08,0x83,0xff,
    0x08,0x83,0xff,0x08,0x83,0xff,0x08,0x83,0xff,0x08,0x83,0xff,0x08,0x83,0xff,0x08,0x83,0xff,0x08,0x83,0xff,0x08,0x83,0xff,
    0x08,0x83,0xff,0x08,0x83,0xff,0x08,0x83,0xff,0x08,0x83,0xff,0x08,0x83,0xff,0x08,0x83,0xff,0x08,0x83,0xff,0x08,0x83,0xff,
    0x08,0x83,0xff,0x08,0x83,0xff,0x08,0x83,0xff,0x08,0x83,0xff,0x07,0x2e,0xff,0x07,0x2e,0xff,0x08,0x83,0xff,0x08,0x83,0xff,
    0x08,0x83,0xff,0x08,0x83,0xff,0x08,0x83,0xff,0x08,0x83,0xff,0x08,0x83,0xff,0x08,0x83,0xff,0x08,0x83,0xff,0x08,0x83,0xff,
    0x08,0x83,0xff,0x08,0x83,0xff,0x08,0x83,0xff,0x08,0x83,0xff,0x08,0x83,0xff,0x08,0x83,0xff,0x08,0x83,0xff,0x08,0x83,0xff,
    0x08,0x83,0xff,0x08,0x83,0xff,0x08,0x83,0xff,0x08,0x83,0xff,0x08,0x83,0xff,0x08,0x83,0xff,0x08,0x83,0xff,0x08,0x83,0xff,
    0x08,0x83,0xff,0x08,0x83,0xff,0x08,0x83,0xff,0x08,0x83,0xff,0x08,0x83,0xff,0x08,0x83,0xff,0x08,0x83,0xff,0x08,0x83,0xff,
    0x08,0x83,0xff,0x08,0x83,0xff,0x08,0x83,0xff,0x08,0x83,0xff,0x08,0x83,0xff,0x08,0x83,0xff,0x08,0x83,0xff,0x08,0x83,0xff,
    0x08,0x83,0xff,0x08,0x83,0xff,0x08,0x83,0xff,0x08,0x83,0xff,0x08,0x83,0xff,0x08,0x83,0xff,0x08,0x83,0xff,0x08,0x83,0xff,
    0x08,0x83,0xff,0x08,0x83,0xff,0x08,0x83,0xff,0x08,0x83,0xff,0x08,0x83,0xff,0x08,0x83,0xff,0x08,0x83,0xff,0x08,0x83,0xff,
    0x08,0x83,0xff,0x08,0x83,0xff,0x08,0x83,0xff,0x08,0x83,0xff,0x08,0x83,0xff,0x02,0x64,0xdc,0x00,0x00,0x00,0x00,0x00,0x00,
    0x00,0x00,0x00,0x00,0x00,0x00,0x02,0x64,0xdc,0x08,0x83,0xff,0x08,0x83,0xff,0x08,0x83,0xff,0x08,0x83,0xff,0x08,0x83,0xff,
    0x08,0x83,0xff,0x08,0x83,0xff,0x08,0x83,0xff,0x08,0x83,0xff,0x08,0x83,0xff,0x08,0x83,0xff,0x08,0x83,0xff,0x08,0x83,0xff,
    0x08,0x83,0xff,0x08,0x83,0xff,0x08,0x83,0xff,0x08,0x83,0xff,0x08,0x83,0xff,0x08,0x83,0xff,0x08,0x83,0xff,0x08,0x83,0xff,
    0x08,0x83,0xff,0x08,0x83,0xff,0x08,0x83,0xff,0x08,0x83,0xff,0x08,0x83,0xff,0x08,0x83,0xff,0x08,0x83,0xff,0x08,0x83,0xff,
    0x08,0x83,0xff,0x08,0x83,0xff,0x08,0x83,0xff,0x08,0x83,0xff,0x08,0x83,0xff,0x08,0x83,0xff,0x08,0x83,0xff,0x08,0x83,0xff,
    0x08,0x83,0xff,0x08,0x83,0xff,0x08,0x83,0xff,0x08,0x83,0xff,0x08,0x83,0xff,0x08,0x83,0xff,0x08,0x83,0xff,0x08,0x83,0xff,
    0x08,0x83,0xff,0x08,0x83,0xff,0x08,0x83,0xff,0x08,0x83,0xff,0x08,0x83,0xff,0x08,0x83,0xff,0x08,0x83,0xff,0x08,0x83,0xff,
    0x08,0x83,0xff,0x08,0x83,0xff,0x07,0x2e,0xff,0x07,0x2e,0xff,0x07,0x2e,0xff,0x07,0x2e,0xff,0x07,0x2e,0xff,0x07,0x2e,0xff,
    0x07,0x2e,0xff,0x07,0x2e,0xff,0x07,0x2e,0xff,0x07,0x2e,0xff,0x07,0x2e,0xff,0x07,0x2e,0xff,0x07,0x2e,0xff,0x07,0x2e,0xff,
    0x07,0x2e,0xff,0x07,0x2e,0xff,0x07,0x2e,0xff,0x07,0x2e,0xff,0x07,0x2e,0xff,0x07,0x2e,0xff,0x07,0x2e,0xff,0x08,0x83,0xff,
    0x08,0x83,0xff,0x08,0x83,0xff,0x08,0x83,0xff,0x08,0x83,0xff,0x08,0x83,0xff,0x08,0x83,0xff,0x08,0x83,0xff,0x08,0x83,0xff,
    0x08,0x83,0xff,0x08,0x83,0xff,0x08,0x83,0xff,0x08,0x83,0xff,0x08,0x83,0xff,0x08,0x83,0xff,0x08,0x83,0xff,0x08,0x83,0xff,
    0x08,0x83,0xff,0x08,0x83,0xff,0x08,0x83,0xff,0x08,0x83,0xff,0x08,0x83,0xff,0x08,0x83,0xff,0x08,0x83,0xff,0x08,0x83,0xff,
    0x08,0x83,0xff,0x08,0x83,0xff,0x08,0x83,0xff,0x08,0x83,0xff,0x08,0x83,0xff,0x08,0x83,0xff,0x08,0x83,0xff,0x08,0x83,0xff,
    0x08,0x83,0xff,0x08,0x83,0xff,0x08,0x83,0xff,0x08,0x83,0xff,0x08,0x83,0xff,0x08,0x83,0xff,0x08,0x83,0xff,0x08,0x83,0xff,
    0x08,0x83,0xff,0x08,0x83,0xff,0x08,0x83,0xff,0x08,0x83,0xff,0x08,0x83,0xff,0x08,0x83,0xff,0x08,0x83,0xff,0x08,0x83,0xff,
    0x08,0x83,0xff,0x08,0x83,0xff,0x08,0x83,0xff,0x08,0x83,0xff,0x08,0x83,0xff,0x02,0x64,0xdc,0x00,0x00,0x00,0x00,0x00,0x00,
    0x00,0x00,0x00,0x00,0x00,0x00,0x02,0x64,0xdc,0x08,0x83,0xff,0x08,0x83,0xff,0x08,0x83,0xff,0x08,0x83,0xff,0x08,0x83,0xff,
    0x08,0x83,0xff,0x08,0x83,0xff,0x08,0x83,0xff,0x08,0x83,0xff,0x08,0x83,0xff,0x08,0x83,0xff,0x08,0x83,0xff,0x08,0x83,0xff,
    0x08,0x83,0xff,0x08,0x83,0xff,0x08,0x83,0xff,0x08,0x83,0xff,0x08,0x83,0xff,0x08,0x83,0xff,0x08,0x83,0xff,0x08,0x83,0xff,
    0x08,0x83,0xff,0x08,0x83,0xff,0x08,0x83,0xff,0x08,0x83,0xff,0x08,0x83,0xff,0x08,0x83,0xff,0x08,0x83,0xff,0x08,0x83,0xff,
    0x08,0x83,0xff,0x08,0x83,0xff,0x08,0x83,0xff,0x08,0x83,0xff,0x08,0x83,0xff,0x08,0x83,0xff,0x08,0x83,0xff,0x08,0x83,0xff,
    0x08,0x83,0xff,0x08,0x83,0xff,0x08,0x83,0xff,0x08,0x83,0xff,0x08,0x83,0xff,0x08,0x83,0xff,0x08,0x83,0xff,0x08,0x83,0xff,
    0x08,0x83,0xff,0x08,0x83,0xff,0x08,0x83,0xff,0x08,0x83,0xff,0x08,0x83,0xff,0x08,0x83,0xff,0x08,0x83,0xff,0x08,0x83,0xff,
    0x08,0x83,0xff,0x08,0x83,0xff,0x07,0x2e,0xff,0x07,0x2e,0xff,0x07,0x2e,0xff,0x07,0x2e,0xff,0x07,0x2e,0xff,0x07,0x2e,0xff,
    0x07,0x2e,0xff,0x07,0x2e,0xff,0x07,0x2e,0xff,0x07,0x2e,0xff,0x07,0x2e,0xff,0x07,0x2e,0xff,0x07,0x2e,0xff,0x07,0x2e,0xff,
    0x07,0x2e,0xff,0x07,0x2e,0xff,0x07,0x2e,0xff,0x07,0x2e,0xff,0x07,0x2e,0xff,0x07,0x2e,0xff,0x07,0x2e,0xff,0x08,0x83,0xff,
    0x08,0x83,0xff,0x08,0x83,0xff,0x08,0x83,0xff,0x08,0x83,0xff,0x08,0x83,0xff,0x08,0x83,0xff,0x08,0x83,0xff,0x08,0x83,0xff,
    0x08,0x83,0xff,0x08,0x83,0xff,0x08,0x83,0xff,0x08,0x83,0xff,0x08,0x83,0xff,0x08,0x83,0xff,0x08,0x83,0xff,0x08,0x83,0xff,
    0x08,0x83,0xff,0x08,0x83,0xff,0x08,0x83,0xff,0x08,0x83,0xff,0x08,0x83,0xff,0x08,0x83,0xff,0x08,0x83,0xff,0x08,0x83,0xff,
    0x08,0x83,0xff,0x08,0x83,0xff,0x08,0x83,0xff,0x08,0x83,0xff,0x08,0x83,0xff,0x08,0x83,0xff,0x08,0x83,0xff,0x08,0x83,0xff,
    0x08,0x83,0xff,0x08,0x83,0xff,0x08,0x83,0xff,0x08,0x83,0xff,0x08,0x83,0xff,0x08,0x83,0xff,0x08,0x83,0xff,0x08,0x83,0xff,
    0x08,0x83,0xff,0x08,0x83,0xff,0x08,0x83,0xff,0x08,0x83,0xff,0x08,0x83,0xff,0x08,0x83,0xff,0x08,0x83,0xff,0x08,0x83,0xff,
    0x08,0x83,0xff,0x08,0x83,0xff,0x08,0x83,0xff,0x08,0x83,0xff,0x08,0x83,0xff,0x02,0x64,0xdc,0x00,0x00,0x00,0x00,0x00,0x00,
    0x00,0x00,0x00,0x00,0x00,0x00,0x02,0x64,0xdc,0x08,0x83,0xff,0x08,0x83,0xff,0x08,0x83,0xff,0x08,0x83,0xff,0x08,0x83,0xff,
    0x08,0x83,0xff,0x08,0x83,0xff,0x08,0x83,0xff,0x08,0x83,0xff,0x08,0x83,0xff,0x08,0x83,0xff,0x08,0x83,0xff,0x08,0x83,0xff,
    0x08,0x83,0xff,0x08,0x83,0xff,0x08,0x83,0xff,0x08,0x83,0xff,0x08,0x83,0xff,0x08,0x83,0xff,0x08,0x83,0xff,0x08,0x83,0xff,
    0x08,0x83,0xff,0x08,0x83,0xff,0x08,0x83,0xff,0x08,0x83,0xff,0x08,0x83,0xff,0x08,0x83,0xff,0x08,0x83,0xff,0x08,0x83,0xff,
    0x08,0x83,0xff,0x08,0x83,0xff,0x08,0x83,0xff,0x08,0x83,0xff,0x08,0x83,0xff,0x08,0x83,0xff,0x08,0x83,0xff,0x08,0x83,0xff,
    0x08,0x83,0xff,0x08,0x83,0xff,0x08,0x83,0xff,0x08,0x83,0xff,0x08,0x83,0xff,0x08,0x83,0xff,0x08,0x83,0xff,0x08,0x83,0xff,
    0x08,0x83,0xff,0x08,0x83,0xff,0x08,0x83,0xff,0x08,0x83,0xff,0x08,0x83,0xff,0x08,0x83,0xff,0x08,0x83,0xff,0x08,0x83,0xff,
    0x08,0x83,0xff,0x08,0x83,0xff,0x08,0x83,0xff,0x08,0x83,0xff,0x08,0x83,0xff,0x08,0x83,0xff,0x08,0x83,0xff,0x08,0x83,0xff,
    0x08,0x83,0xff,0x08,0x83,0xff,0x08,0x83,0xff,0x08,0x83,0xff,0x08,0x83,0xff,0x08,0x83,0xff,0x08,0x83,0xff,0x08,0x83,0xff,
    0x08,0x83,0xff,0x08,0x83,0xff,0x08,0x83,0xff,0x08,0x83,0xff,0x08,0x83,0xff,0x08,0x83,0xff,0x08,0x83,0xff,0x08,0x83,0xff,
    0x08,0x83,0xff,0x08,0x83,0xff,0x08,0x83,0xff,0x08,0x83,0xff,0x08,0x83,0xff,0x08,0x83,0xff,0x08,0x83,0xff,0x08,0x83,0xff,
    0x08,0x83,0xff,0x08,0x83,0xff,0x08,0x83,0xff,0x08,0x83,0xff,0x08,0x83,0xff,0x08,0x83,0xff,0x08,0x83,0xff,0x08,0x83,0xff,
    0x08,0x83,0xff,0x08,0x83,0xff,0x08,0x83,0xff,0x08,0x83,0xff,0x08,0x83,0xff,0x08,0x83,0xff,0x08,0x83,0xff,0x08,0x83,0xff,
    0x08,0x83,0xff,0x08,0x83,0xff,0x08,0x83,0xff,0x08,0x83,0xff,0x08,0x83,0xff,0x08,0x83,0xff,0x08,0x83,0xff,0x08,0x83,0xff,
    0x08,0x83,0xff,0x08,0x83,0xff,0x08,0x83,0xff,0x08,0x83,0xff,0x08,0x83,0xff,0x08,0x83,0xff,0x08,0x83,0xff,0x08,0x83,0xff,
    0x08,0x83,0xff,0x08,0x83,0xff,0x08,0x83,0xff,0x08,0x83,0xff,0x08,0x83,0xff,0x08,0x83,0xff,0x08,0x83,0xff,0x08,0x83,0xff,
    0x08,0x83,0xff,0x08,0x83,0xff,0x08,0x83,0xff,0x08,0x83,0xff,0x08,0x83,0xff,0x02,0x64,0xdc,0x00,0x00,0x00,0x00,0x00,0x00,
    0x00,0x00,0x00,0x00,0x00,0x00,0x02,0x64,0xdc,0x08,0x83,0xff,0x08,0x83,0xff,0x08,0x83,0xff,0x08,0x83,0xff,0x08,0x83,0xff,
    0x08,0x83,0xff,0x08,0x83,0xff,0x08,0x83,0xff,0x08,0x83,0xff,0x08,0x83,0xff,0x08,0x83,0xff,0x08,0x83,0xff,0x08,0x83,0xff,
    0x08,0x83,0xff,0x08,0x83,0xff,0x08,0x83,0xff,0x08,0x83,0xff,0x08,0x83,0xff,0x08,0x83,0xff,0x08,0x83,0xff,0x08,0x83,0xff,
    0x08,0x83,0xff,0x08,0x83,0xff,0x08,0x83,0xff,0x08,0x83,0xff,0x08,0x83,0xff,0x08,0x83,0xff,0x08,0x83,0xff,0x08,0x83,0xff,
    0x08,0x83,0xff,0x08,0x83,0xff,0x08,0x83,0xff,0x08,0x83,0xff,0x08,0x83,0xff,0x08,0x83,0xff,0x08,0x83,0xff,0x08,0x83,0xff,
    0x08,0x83,0xff,0x08,0x83,0xff,0x08,0x83,0xff,0x08,0x83,0xff,0x08,0x83,0xff,0x08,0x83,0xff,0x08,0x83,0xff,0x08,0x83,0xff,
    0x08,0x83,0xff,0x08,0x83,0xff,0x08,0x83,0xff,0x08,0x83,0xff,0x08,0x83,0xff,0x08,0x83,0xff,0x08,0x83,0xff,0x08,0x83,0xff,
    0x08,0x83,0xff,0x08,0x83,0xff,0x08,0x83,0xff,0x08,0x83,0xff,0x08,0x83,0xff,0x08,0x83,0xff,0x08,0x83,0xff,0x08,0x83,0xff,
    0x08,0x83,0xff,0x08,0x83,0xff,0x08,0x83,0xff,0x08,0x83,0xff,0x08,0x83,0xff,0x08,0x83,0xff,0x08,0x83,0xff,0x08,0x83,0xff,
    0x08,0x83,0xff,0x08,0x83,0xff,0x08,0x83,0xff,0x08,0x83,0xff,0x08,0x83,0xff,0x08,0x83,0xff,0x08,0x83,0xff,0x08,0x83,0xff,
    0x08,0x83,0xff,0x08,0x83,0xff,0x08,0x83,0xff,0x08,0x83,0xff,0x08,0x83,0xff,0x08,0x83,0xff,0x08,0x83,0xff,0x08,0x83,0xff,
    0x08,0x83,0xff,0x08,0x83,0xff,0x08,0x83,0xff,0x08,0x83,0xff,0x08,0x83,0xff,0x08,0x83,0xff,0x08,0x83,0xff,0x08,0x83,0xff,
    0x08,0x83,0xff,0x08,0x83,0xff,0x08,0x83,0xff,0x08,0x83,0xff,0x08,0x83,0xff,0x08,0x83,0xff,0x08,0x83,0xff,0x08,0x83,0xff,
    0x08,0x83,0xff,0x08,0x83,0xff,0x08,0x83,0xff,0x08,0x83,0xff,0x08,0x83,0xff,0x08,0x83,0xff,0x08,0x83,0xff,0x08,0x83,0xff,
    0x08,0x83,0xff,0x08,0x83,0xff,0x08,0x83,0xff,0x08,0x83,0xff,0x08,0x83,0xff,0x08,0x83,0xff,0x08,0x83,0xff,0x08,0x83,0xff,
    0x08,0x83,0xff,0x08,0x83,0xff,0x08,0x83,0xff,0x08,0x83,0xff,0x08,0x83,0xff,0x08,0x83,0xff,0x08,0x83,0xff,0x08,0x83,0xff,
    0x08,0x83,0xff,0x08,0x83,0xff,0x08,0x83,0xff,0x08,0x83,0xff,0x08,0x83,0xff,0x02,0x64,0xdc,0x00,0x00,0x00,0x00,0x00,0x00,
    0x00,0x00,0x00,0x00,0x00,0x00,0x02,0x64,0xdc,0x08,0x83,0xff,0x08,0x83,0xff,0x08,0x83,0xff,0x08,0x83,0xff,0x08,0x83,0xff,
    0x08,0x83,0xff,0x08,0x83,0xff,0x08,0x83,0xff,0x08,0x83,0xff,0x08,0x83,0xff,0x08,0x83,0xff,0x08,0x83,0xff,0x08,0x83,0xff,
    0x08,0x83,0xff,0x08,0x83,0xff,0x08,0x83,0xff,0x08,0x83,0xff,0x08,0x83,0xff,0x08,0x83,0xff,0x08,0x83,0xff,0x08,0x83,0xff,
    0x08,0x83,0xff,0x08,0x83,0xff,0x08,0x83,0xff,0x08,0x83,0xff,0x08,0x83,0xff,0x08,0x83,0xff,0x08,0x83,0xff,0x08,0x83,0xff,
    0x08,0x83,0xff,0x08,0x83,0xff,0x08,0x83,0xff,0x08,0x83,0xff,0x08,0x83,0xff,0x08,0x83,0xff,0x08,0x83,0xff,0x08,0x83,0xff,
    0x08,0x83,0xff,0x08,0x83,0xff,0x08,0x83,0xff,0x08,0x83,0xff,0x08,0x83,0xff,0x08,0x83,0xff,0x08,0x83,0xff,0x08,0x83,0xff,
    0x08,0x83,0xff,0x08,0x83,0xff,0x08,0x83,0xff,0x08,0x83,0xff,0x08,0x83,0xff,0x08,0x83,0xff,0x08,0x83,0xff,0x08,0x83,0xff,
    0x08,0x83,0xff,0x08,0x83,0xff,0x08,0x83,0xff,0x08,0x83,0xff,0x08,0x83,0xff,0x08,0x83,0xff,0x08,0x83,0xff,0x08,0x83,0xff,
    0x08,0x83,0xff,0x08,0x83,0xff,0x08,0x83,0xff,0x08,0x83,0xff,0x08,0x83,0xff,0x08,0x83,0xff,0x08,0x83,0xff,0x08,0x83,0xff,
    0x08,0x83,0xff,0x08,0x83,0xff,0x08,0x83,0xff,0x08,0x83,0xff,0x08,0x83,0xff,0x08,0x83,0xff,0x08,0x83,0xff,0x08,0x83,0xff,
    0x08,0x83,0xff,0x08,0x83,0xff,0x08,0x83,0xff,0x08,0x83,0xff,0x08,0x83,0xff,0x08,0x83,0xff,0x08,0x83,0xff,0x08,0x83,0xff,
    0x08,0x83,0xff,0x08,0x83,0xff,0x08,0x83,0xff,0x08,0x83,0xff,0x08,0x83,0xff,0x08,0x83,0xff,0x08,0x83,0xff,0x08,0x83,0xff,
    0x08,0x83,0xff,0x08,0x83,0xff,0x08,0x83,0xff,0x08,0x83,0xff,0x08,0x83,0xff,0x08,0x83,0xff,0x08,0x83,0xff,0x08,0x83,0xff,
    0x08,0x83,0xff,0x08,0x83,0xff,0x08,0x83,0xff,0x08,0x83,0xff,0x08,0x83,0xff,0x08,0x83,0xff,0x08,0x83,0xff,0x08,0x83,0xff,
    0x08,0x83,0xff,0x08,0x83,0xff,0x08,0x83,0xff,0x08,0x83,0xff,0x08,0x83,0xff,0x08,0x83,0xff,0x08,0x83,0xff,0x08,0x83,0xff,
    0x08,0x83,0xff,0x08,0x83,0xff,0x08,0x83,0xff,0x08,0x83,0xff,0x08,0x83,0xff,0x08,0x83,0xff,0x08,0x83,0xff,0x08,0x83,0xff,
    0x08,0x83,0xff,0x08,0x83,0xff,0x08,0x83,0xff,0x08,0x83,0xff,0x08,0x83,0xff,0x02,0x64,0xdc,0x00,0x00,0x00,0x00,0x00,0x00,
    0x00,0x00,0x00,0x00,0x00,0x00,0x02,0x64,0xdc,0x08,0x83,0xff,0x08,0x83,0xff,0x08,0x83,0xff,0x08,0x83,0xff,0x08,0x83,0xff,
    0x08,0x83,0xff,0x08,0x83,0xff,0x08,0x83,0xff,0x08,0x83,0xff,0x08,0x83,0xff,0x08,0x83,0xff,0x08,0x83,0xff,0x08,0x83,0xff,
    0x08,0x83,0xff,0x08,0x83,0xff,0x08,0x83,0xff,0x08,0x83,0xff,0x08,0x83,0xff,0x08,0x83,0xff,0x08,0x83,0xff,0x08,0x83,0xff,
    0x08,0x83,0xff,0x08,0x83,0xff,0x08,0x83,0xff,0x08,0x83,0xff,0x08,0x83,0xff,0x08,0x83,0xff,0x08,0x83,0xff,0x08,0x83,0xff,
    0x08,0x83,0xff,0x08,0x83,0xff,0x08,0x83,0xff,0x08,0x83,0xff,0x08,0x83,0xff,0x08,0x83,0xff,0x08,0x83,0xff,0x08,0x83,0xff,
    0x08,0x83,0xff,0x08,0x83,0xff,0x08,0x83,0xff,0x08,0x83,0xff,0x08,0x83,0xff,0x08,0x83,0xff,0x08,0x83,0xff,0x08,0x83,0xff,
    0x08,0x83,0xff,0x08,0x83,0xff,0x08,0x83,0xff,0x08,0x83,0xff,0x08,0x83,0xff,0x08,0x83,0xff,0x08,0x83,0xff,0x08,0x83,0xff,
    0x08,0x83,0xff,0x08,0x83,0xff,0x08,0x83,0xff,0x08,0x83,0xff,0x08,0x83,0xff,0x08,0x83,0xff,0x08,0x83,0xff,0x08,0x83,0xff,
    0x08,0x83,0xff,0x08,0x83,0xff,0x08,0x83,0xff,0x08,0x83,0xff,0x08,0x83,0xff,0x08,0x83,0xff,0x08,0x83,0xff,0x08,0x83,0xff,
    0x08,0x83,0xff,0x08,0x83,0xff,0x08,0x83,0xff,0x08,0x83,0xff,0x08,0x83,0xff,0x08,0x83,0xff,0x08,0x83,0xff,0x08,0x83,0xff,
    0x08,0x83,0xff,0x08,0x83,0xff,0x08,0x83,0xff,0x08,0x83,0xff,0x08,0x83,0xff,0x08,0x83,0xff,0x08,0x83,0xff,0x08,0x83,0xff,
    0x08,0x83,0xff,0x08,0x83,0xff,0x08,0x83,0xff,0x08,0x83,0xff,0x08,0x83,0xff,0x08,0x83,0xff,0x08,0x83,0xff,0x08,0x83,0xff,
    0x08,0x83,0xff,0x08,0x83,0xff,0x08,0x83,0xff,0x08,0x83,0xff,0x08,0x83,0xff,0x08,0x83,0xff,0x08,0x83,0xff,0x08,0x83,0xff,
    0x08,0x83,0xff,0x08,0x83,0xff,0x08,0x83,0xff,0x08,0x83,0xff,0x08,0x83,0xff,0x08,0x83,0xff,0x08,0x83,0xff,0x08,0x83,0xff,
    0x08,0x83,0xff,0x08,0x83,0xff,0x08,0x83,0xff,0x08,0x83,0xff,0x08,0x83,0xff,0x08,0x83,0xff,0x08,0x83,0xff,0x08,0x83,0xff,
    0x08,0x83,0xff,0x08,0x83,0xff,0x08,0x83,0xff,0x08,0x83,0xff,0x08,0x83,0xff,0x08,0x83,0xff,0x08,0x83,0xff,0x08,0x83,0xff,
    0x08,0x83,0xff,0x08,0x83,0xff,0x08,0x83,0xff,0x08,0x83,0xff,0x08,0x83,0xff,0x02,0x64,0xdc,0x00,0x00,0x00,0x00,0x00,0x00,
    0x00,0x00,0x00,0x00,0x00,0x00,0x02,0x64,0xdc,0x08,0x83,0xff,0x08,0x83,0xff,0x08,0x83,0xff,0x08,0x83,0xff,0x08,0x83,0xff,
    0x08,0x83,0xff,0x08,0x83,0xff,0x08,0x83,0xff,0x08,0x83,0xff,0x08,0x83,0xff,0x08,0x83,0xff,0x08,0x83,0xff,0x08,0x83,0xff,
    0x08,0x83,0xff,0x08,0x83,0xff,0x08,0x83,0xff,0x08,0x83,0xff,0x08,0x83,0xff,0x08,0x83,0xff,0x08,0x83,0xff,0x08,0x83,0xff,
    0x08,0x83,0xff,0x08,0x83,0xff,0x08,0x83,0xff,0x08,0x83,0xff,0x08,0x83,0xff,0x08,0x83,0xff,0x08,0x83,0xff,0x08,0x83,0xff,
    0x08,0x83,0xff,0x08,0x83,0xff,0x08,0x83,0xff,0x08,0x83,0xff,0x08,0x83,0xff,0x08,0x83,0xff,0x08,0x83,0xff,0x08,0x83,0xff,
    0x08,0x83,0xff,0x08,0x83,0xff,0x08,0x83,0xff,0x08,0x83,0xff,0x08,0x83,0xff,0x08,0x83,0xff,0x08,0x83,0xff,0x08,0x83,0xff,
    0x08,0x83,0xff,0x08,0x83,0xff,0x08,0x83,0xff,0x08,0x83,0xff,0x08,0x83,0xff,0x08,0x83,0xff,0x08,0x83,0xff,0x08,0x83,0xff,
    0x08,0x83,0xff,0x08,0x83,0xff,0x08,0x83,0xff,0x08,0x83,0xff,0x08,0x83,0xff,0x08,0x83,0xff,0x08,0x83,0xff,0x08,0x83,0xff,
    0x08,0x83,0xff,0x08,0x83,0xff,0x08,0x83,0xff,0x08,0x83,0xff,0x08,0x83,0xff,0x08,0x83,0xff,0x08,0x83,0xff,0x08,0x83,0xff,
    0x08,0x83,0xff,0x08,0x83,0xff,0x08,0x83,0xff,0x08,0x83,0xff,0x08,0x83,0xff,0x08,0x83,0xff,0x08,0x83,0xff,0x08,0x83,0xff,
    0x08,0x83,0xff,0x08,0x83,0xff,0x08,0x83,0xff,0x08,0x83,0xff,0x08,0x83,0xff,0x08,0x83,0xff,0x08,0x83,0xff,0x08,0x83,0xff,
    0x08,0x83,0xff,0x08,0x83,0xff,0x08,0x83,0xff,0x08,0x83,0xff,0x08,0x83,0xff,0x08,0x83,0xff,0x08,0x83,0xff,0x08,0x83,0xff,
    0x08,0x83,0xff,0x08,0x83,0xff,0x08,0x83,0xff,0x08,0x83,0xff,0x08,0x83,0xff,0x08,0x83,0xff,0x08,0x83,0xff,0x08,0x83,0xff,
    0x08,0x83,0xff,0x08,0x83,0xff,0x08,0x83,0xff,0x08,0x83,0xff,0x08,0x83,0xff,0x08,0x83,0xff,0x08,0x83,0xff,0x08,0x83,0xff,
    0x08,0x83,0xff,0x08,0x83,0xff,0x08,0x83,0xff,0x08,0x83,0xff,0x08,0x83,0xff,0x08,0x83,0xff,0x08,0x83,0xff,0x08,0x83,0xff,
    0x08,0x83,0xff,0x08,0x83,0xff,0x08,0x83,0xff,0x08,0x83,0xff,0x08,0x83,0xff,0x08,0x83,0xff,0x08,0x83,0xff,0x08,0x83,0xff,
    0x08,0x83,0xff,0x08,0x83,0xff,0x08,0x83,0xff,0x08,0x83,0xff,0x08,0x83,0xff,0x02,0x64,0xdc,0x00,0x00,0x00,0x00,0x00,0x00,
    0x00,0x00,0x00,0x00,0x00,0x00,0x02,0x64,0xdc,0x08,0x83,0xff,0x08,0x83,0xff,0x08,0x83,0xff,0x08,0x83,0xff,0x08,0x83,0xff,
    0x08,0x83,0xff,0x08,0x83,0xff,0x08,0x83,0xff,0x08,0x83,0xff,0x08,0x83,0xff,0x08,0x83,0xff,0x08,0x83,0xff,0x08,0x83,0xff,
    0x08,0x83,0xff,0x08,0x83,0xff,0x08,0x83,0xff,0x08,0x83,0xff,0x08,0x83,0xff,0x08,0x83,0xff,0x08,0x83,0xff,0x08,0x83,0xff,
    0x08,0x83,0xff,0x08,0x83,0xff,0x08,0x83,0xff,0x08,0x83,0xff,0x08,0x83,0xff,0x08,0x83,0xff,0x08,0x83,0xff,0x08,0x83,0xff,
    0x08,0x83,0xff,0x08,0x83,0xff,0x08,0x83,0xff,0x08,0x83,0xff,0x08,0x83,0xff,0x08,0x83,0xff,0x08,0x83,0xff,0x08,0x83,0xff,
    0x08,0x83,0xff,0x08,0x83,0xff,0x08,0x83,0xff,0x08,0x83,0xff,0x08,0x83,0xff,0x08,0x83,0xff,0x08,0x83,0xff,0x08,0x83,0xff,
    0x08,0x83,0xff,0x08,0x83,0xff,0x08,0x83,0xff,0x08,0x83,0xff,0x08,0x83,0xff,0x08,0x83,0xff,0x08,0x83,0xff,0x08,0x83,0xff,
    0x08,0x83,0xff,0x08,0x83,0xff,0x08,0x83,0xff,0x08,0x83,0xff,0x08,0x83,0xff,0x08,0x83,0xff,0x08,0x83,0xff,0x08,0x83,0xff,
    0x08,0x83,0xff,0x08,0x83,0xff,0x08,0x83,0xff,0x08,0x83,0xff,0x08,0x83,0xff,0x08,0x83,0xff,0x08,0x83,0xff,0x08,0x83,0xff,
    0x08,0x83,0xff,0x08,0x83,0xff,0x08,0x83,0xff,0x08,0x83,0xff,0x08,0x83,0xff,0x08,0x83,0xff,0x08,0x83,0xff,0x08,0x83,0xff,
    0x08,0x83,0xff,0x08,0x83,0xff,0x08,0x83,0xff,0x08,0x83,0xff,0x08,0x83,0xff,0x08,0x83,0xff,0x08,0x83,0xff,0x08,0x83,0xff,
    0x08,0x83,0xff,0x08,0x83,0xff,0x08,0x83,0xff,0x08,0x83,0xff,0x08,0x83,0xff,0x08,0x83,0xff,0x08,0x83,0xff,0x08,0x83,0xff,
    0x08,0x83,0xff,0x08,0x83,0xff,0x08,0x83,0xff,0x08,0x83,0xff,0x08,0x83,0xff,0x08,0x83,0xff,0x08,0x83,0xff,0x08,0x83,0xff,
    0x08,0x83,0xff,0x08,0x83,0xff,0x08,0x83,0xff,0x08,0x83,0xff,0x08,0x83,0xff,0x08,0x83,0xff,0x08,0x83,0xff,0x08,0x83,0xff,
    0x08,0x83,0xff,0x08,0x83,0xff,0x08,0x83,0xff,0x08,0x83,0xff,0x08,0x83,0xff,0x08,0x83,0xff,0x08,0x83,0xff,0x08,0x83,0xff,
    0x08,0x83,0xff,0x08,0x83,0xff,0x08,0x83,0xff,0x08,0x83,0xff,0x08,0x83,0xff,0x08,0x83,0xff,0x08,0x83,0xff,0x08,0x83,0xff,
    0x08,0x83,0xff,0x08,0x83,0xff,0x08,0x83,0xff,0x08,0x83,0xff,0x08,0x83,0xff,0x02,0x64,0xdc,0x00,0x00,0x00,0x00,0x00,0x00,
    0x00,0x00,0x00,0x00,0x00,0x00,0x02,0x64,0xdc,0x08,0x83,0xff,0x08,0x83,0xff,0x08,0x83,0xff,0x08,0x83,0xff,0x08,0x83,0xff,
    0x08,0x83,0xff,0x08,0x83,0xff,0x08,0x83,0xff,0x08,0x83,0xff,0x08,0x83,0xff,0x08,0x83,0xff,0x08,0x83,0xff,0x08,0x83,0xff,
    0x08,0x83,0xff,0x08,0x83,0xff,0x08,0x83,0xff,0x08,0x83,0xff,0x08,0x83,0xff,0x08,0x83,0xff,0x08,0x83,0xff,0x08,0x83,0xff,
    0x08,0x83,0xff,0x08,0x83,0xff,0x08,0x83,0xff,0x08,0x83,0xff,0x08,0x83,0xff,0x08,0x83,0xff,0x08,0x83,0xff,0x08,0x83,0xff,
    0x08,0x83,0xff,0x08,0x83,0xff,0x08,0x83,0xff,0x08,0x83,0xff,0x08,0x83,0xff,0x08,0x83,0xff,0x08,0x83,0xff,0x08,0x83,0xff,
    0x08,0x83,0xff,0x08,0x83,0xff,0x08,0x83,0xff,0x08,0x83,0xff,0x08,0x83,0xff,0x08,0x83,0xff,0x08,0x83,0xff,0x08,0x83,0xff,
    0x08,0x83,0xff,0x08,0x83,0xff,0x08,0x83,0xff,0x08,0x83,0xff,0x08,0x83,0xff,0x08,0x83,0xff,0x08,0x83,0xff,0x08,0x83,0xff,
    0x08,0x83,0xff,0x08,0x83,0xff,0x08,0x83,0xff,0x08,0x83,0xff,0x08,0x83,0xff,0x08,0x83,0xff,0x08,0x83,0xff,0x08,0x83,0xff,
    0x08,0x83,0xff,0x08,0x83,0xff,0x08,0x83,0xff,0x08,0x83,0xff,0x08,0x83,0xff,0x08,0x83,0xff,0x08,0x83,0xff,0x08,0x83,0xff,
    0x08,0x83,0xff,0x08,0x83,0xff,0x08,0x83,0xff,0x08,0x83,0xff,0x08,0x83,0xff,0x08,0x83,0xff,0x08,0x83,0xff,0x08,0x83,0xff,
    0x08,0x83,0xff,0x08,0x83,0xff,0x08,0x83,0xff,0x08,0x83,0xff,0x08,0x83,0xff,0x08,0x83,0xff,0x08,0x83,0xff,0x08,0x83,0xff,
    0x08,0x83,0xff,0x08,0x83,0xff,0x08,0x83,0xff,0x08,0x83,0xff,0x08,0x83,0xff,0x08,0x83,0xff,0x08,0x83,0xff,0x08,0x83,0xff,
    0x08,0x83,0xff,0x08,0x83,0xff,0x08,0x83,0xff,0x08,0x83,0xff,0x08,0x83,0xff,0x08,0x83,0xff,0x08,0x83,0xff,0x08,0x83,0xff,
    0x08,0x83,0xff,0x08,0x83,0xff,0x08,0x83,0xff,0x08,0x83,0xff,0x08,0x83,0xff,0x08,0x83,0xff,0x08,0x83,0xff,0x08,0x83,0xff,
    0x08,0x83,0xff,0x08,0x83,0xff,0x08,0x83,0xff,0x08,0x83,0xff,0x08,0x83,0xff,0x08,0x83,0xff,0x08,0x83,0xff,0x08,0x83,0xff,
    0x08,0x83,0xff,0x08,0x83,0xff,0x08,0x83,0xff,0x08,0x83,0xff,0x08,0x83,0xff,0x08,0x83,0xff,0x08,0x83,0xff,0x08,0x83,0xff,
    0x08,0x83,0xff,0x08,0x83,0xff,0x08,0x83,0xff,0x08,0x83,0xff,0x08,0x83,0xff,0x02,0x64,0xdc,0x00,0x00,0x00,0x00,0x00,0x00,
    0x00,0x00,0x00,0x00,0x00,0x00,0x02,0x64,0xdc,0x08,0x83,0xff,0x08,0x83,0xff,0x08,0x83,0xff,0x08,0x83,0xff,0x08,0x83,0xff,
    0x08,0x83,0xff,0x08,0x83,0xff,0x08,0x83,0xff,0x08,0x83,0xff,0x08,0x83,0xff,0x08,0x83,0xff,0x08,0x83,0xff,0x08,0x83,0xff,
    0x08,0x83,0xff,0x08,0x83,0xff,0x08,0x83,0xff,0x08,0x83,0xff,0x08,0x83,0xff,0x08,0x83,0xff,0x08,0x83,0xff,0x08,0x83,0xff,
    0x08,0x83,0xff,0x08,0x83,0xff,0x08,0x83,0xff,0x08,0x83,0xff,0x08,0x83,0xff,0x08,0x83,0xff,0x08,0x83,0xff,0x08,0x83,0xff,
    0x08,0x83,0xff,0x08,0x83,0xff,0x08,0x83,0xff,0x08,0x83,0xff,0x08,0x83,0xff,0x08,0x83,0xff,0x08,0x83,0xff,0x08,0x83,0xff,
    0x08,0x83,0xff,0x08,0x83,0xff,0x08,0x83,0xff,0x08,0x83,0xff,0x08,0x83,0xff,0x08,0x83,0xff,0x08,0x83,0xff,0x08,0x83,0xff,
    0x08,0x83,0xff,0x08,0x83,0xff,0x08,0x83,0xff,0x08,0x83,0xff,0x08,0x83,0xff,0x08,0x83,0xff,0x08,0x83,0xff,0x08,0x83,0xff,
    0x08,0x83,0xff,0x08,0x83,0xff,0x08,0x83,0xff,0x08,0x83,0xff,0x08,0x83,0xff,0x08,0x83,0xff,0x08,0x83,0xff,0x08,0x83,0xff,
    0x08,0x83,0xff,0x08,0x83,0xff,0x08,0x83,0xff,0x08,0x83,0xff,0x08,0x83,0xff,0x08,0x83,0xff,0x08,0x83,0xff,0x08,0x83,0xff,
    0x08,0x83,0xff,0x08,0x83,0xff,0x08,0x83,0xff,0x08,0x83,0xff,0x08,0x83,0xff,0x08,0x83,0xff,0x08,0x83,0xff,0x08,0x83,0xff,
    0x08,0x83,0xff,0x08,0x83,0xff,0x08,0x83,0xff,0x08,0x83,0xff,0x08,0x83,0xff,0x08,0x83,0xff,0x08,0x83,0xff,0x08,0x83,0xff,
    0x08,0x83,0xff,0x08,0x83,0xff,0x08,0x83,0xff,0x08,0x83,0xff,0x08,0x83,0xff,0x08,0x83,0xff,0x08,0x83,0xff,0x08,0x83,0xff,
    0x08,0x83,0xff,0x08,0x83,0xff,0x08,0x83,0xff,0x08,0x83,0xff,0x08,0x83,0xff,0x08,0x83,0xff,0x08,0x83,0xff,0x08,0x83,0xff,
    0x08,0x83,0xff,0x08,0x83,0xff,0x08,0x83,0xff,0x08,0x83,0xff,0x08,0x83,0xff,0x08,0x83,0xff,0x08,0x83,0xff,0x08,0x83,0xff,
    0x08,0x83,0xff,0x08,0x83,0xff,0x08,0x83,0xff,0x08,0x83,0xff,0x08,0x83,0xff,0x08,0x83,0xff,0x08,0x83,0xff,0x08,0x83,0xff,
    0x08,0x83,0xff,0x08,0x83,0xff,0x08,0x83,0xff,0x08,0x83,0xff,0x08,0x83,0xff,0x08,0x83,0xff,0x08,0x83,0xff,0x08,0x83,0xff,
    0x08,0x83,0xff,0x08,0x83,0xff,0x08,0x83,0xff,0x08,0x83,0xff,0x08,0x83,0xff,0x02,0x64,0xdc,0x00,0x00,0x00,0x00,0x00,0x00,
    0x00,0x00,0x00,0x00,0x00,0x00,0x02,0x64,0xdc,0x08,0x83,0xff,0x08,0x83,0xff,0x08,0x83,0xff,0x08,0x83,0xff,0x08,0x83,0xff,
    0x08,0x83,0xff,0x08,0x83,0xff,0x08,0x83,0xff,0x08,0x83,0xff,0x08,0x83,0xff,0x08,0x83,0xff,0x08,0x83,0xff,0x08,0x83,0xff,
    0x08,0x83,0xff,0x08,0x83,0xff,0x08,0x83,0xff,0x08,0x83,0xff,0x08,0x83,0xff,0x08,0x83,0xff,0x08,0x83,0xff,0x08,0x83,0xff,
    0x08,0x83,0xff,0x08,0x83,0xff,0x08,0x83,0xff,0x08,0x83,0xff,0x08,0x83,0xff,0x08,0x83,0xff,0x08,0x83,0xff,0x08,0x83,0xff,
    0x08,0x83,0xff,0x08,0x83,0xff,0x08,0x83,0xff,0x08,0x83,0xff,0x08,0x83,0xff,0x08,0x83,0xff,0x08,0x83,0xff,0x08,0x83,0xff,
    0x08,0x83,0xff,0x08,0x83,0xff,0x08,0x83,0xff,0x08,0x83,0xff,0x08,0x83,0xff,0x08,0x83,0xff,0x08,0x83,0xff,0x08,0x83,0xff,
    0x08,0x83,0xff,0x08,0x83,0xff,0x08,0x83,0xff,0x08,0x83,0xff,0x08,0x83,0xff,0x08,0x83,0xff,0x08,0x83,0xff,0x08,0x83,0xff,
    0x08,0x83,0xff,0x08,0x83,0xff,0x08,0x83,0xff,0x08,0x83,0xff,0x08,0x83,0xff,0x08,0x83,0xff,0x08,0x83,0xff,0x08,0x83,0xff,
    0x08,0x83,0xff,0x08,0x83,0xff,0x08,0x83,0xff,0x08,0x83,0xff,0x08,0x83,0xff,0x08,0x83,0xff,0x08,0x83,0xff,0x08,0x83,0xff,
    0x08,0x83,0xff,0x08,0x83,0xff,0x08,0x83,0xff,0x08,0x83,0xff,0x08,0x83,0xff,0x08,0x83,0xff,0x08,0x83,0xff,0x08,0x83,0xff,
    0x08,0x83,0xff,0x08,0x83,0xff,0x08,0x83,0xff,0x08,0x83,0xff,0x08,0x83,0xff,0x08,0x83,0xff,0x08,0x83,0xff,0x08,0x83,0xff,
    0x08,0x83,0xff,0x08,0x83,0xff,0x08,0x83,0xff,0x08,0x83,0xff,0x08,0x83,0xff,0x08,0x83,0xff,0x08,0x83,0xff,0x08,0x83,0xff,
    0x08,0x83,0xff,0x08,0x83,0xff,0x08,0x83,0xff,0x08,0x83,0xff,0x08,0x83,0xff,0x08,0x83,0xff,0x08,0x83,0xff,0x08,0x83,0xff,
    0x08,0x83,0xff,0x08,0x83,0xff,0x08,0x83,0xff,0x08,0x83,0xff,0x08,0x83,0xff,0x08,0x83,0xff,0x08,0x83,0xff,0x08,0x83,0xff,
    0x08,0x83,0xff,0x08,0x83,0xff,0x08,0x83,0xff,0x08,0x83,0xff,0x08,0x83,0xff,0x08,0x83,0xff,0x08,0x83,0xff,0x08,0x83,0xff,
    0x08,0x83,0xff,0x08,0x83,0xff,0x08,0x83,0xff,0x08,0x83,0xff,0x08,0x83,0xff,0x08,0x83,0xff,0x08,0x83,0xff,0x08,0x83,0xff,
    0x08,0x83,0xff,0x08,0x83,0xff,0x08,0x83,0xff,0x08,0x83,0xff,0x08,0x83,0xff,0x02,0x64,0xdc,0x00,0x00,0x00,0x00,0x00,0x00,
    0x00,0x00,0x00,0x00,0x00,0x00,0x02,0x64,0xdc,0x08,0x83,0xff,0x08,0x83,0xff,0x08,0x83,0xff,0x08,0x83,0xff,0x08,0x83,0xff,
    0x08,0x83,0xff,0x08,0x83,0xff,0x08,0x83,0xff,0x08,0x83,0xff,0x08,0x83,0xff,0x08,0x83,0xff,0x08,0x83,0xff,0x08,0x83,0xff,
    0x08,0x83,0xff,0x08,0x83,0xff,0x08,0x83,0xff,0x08,0x83,0xff,0x08,0x83,0xff,0x08,0x83,0xff,0x08,0x83,0xff,0x08,0x83,0xff,
    0x08,0x83,0xff,0x08,0x83,0xff,0x08,0x83,0xff,0x08,0x83,0xff,0x08,0x83,0xff,0x08,0x83,0xff,0x08,0x83,0xff,0x08,0x83,0xff,
    0x08,0x83,0xff,0x08,0x83,0xff,0x08,0x83,0xff,0x08,0x83,0xff,0x08,0x83,0xff,0x08,0x83,0xff,0x08,0x83,0xff,0x08,0x83,0xff,
    0x08,0x83,0xff,0x08,0x83,0xff,0x08,0x83,0xff,0x08,0x83,0xff,0x08,0x83,0xff,0x08,0x83,0xff,0x08,0x83,0xff,0x08,0x83,0xff,
    0x08,0x83,0xff,0x08,0x83,0xff,0x08,0x83,0xff,0x08,0x83,0xff,0x08,0x83,0xff,0x08,0x83,0xff,0x08,0x83,0xff,0x08,0x83,0xff,
    0x08,0x83,0xff,0x08,0x83,0xff,0x08,0x83,0xff,0x08,0x83,0xff,0x08,0x83,0xff,0x08,0x83,0xff,0x08,0x83,0xff,0x08,0x83,0xff,
    0x08,0x83,0xff,0x08,0x83,0xff,0x08,0x83,0xff,0x08,0x83,0xff,0x08,0x83,0xff,0x08,0x83,0xff,0x08,0x83,0xff,0x08,0x83,0xff,
    0x08,0x83,0xff,0x08,0x83,0xff,0x08,0x83,0xff,0x08,0x83,0xff,0x08,0x83,0xff,0x08,0x83,0xff,0x08,0x83,0xff,0x08,0x83,0xff,
    0x08,0x83,0xff,0x08,0x83,0xff,0x08,0x83,0xff,0x08,0x83,0xff,0x08,0x83,0xff,0x08,0x83,0xff,0x08,0x83,0xff,0x08,0x83,0xff,
    0x08,0x83,0xff,0x08,0x83,0xff,0x08,0x83,0xff,0x08,0x83,0xff,0x08,0x83,0xff,0x08,0x83,0xff,0x08,0x83,0xff,0x08,0x83,0xff,
    0x08,0x83,0xff,0x08,0x83,0xff,0x08,0x83,0xff,0x08,0x83,0xff,0x08,0x83,0xff,0x08,0x83,0xff,0x08,0x83,0xff,0x08,0x83,0xff,
    0x08,0x83,0xff,0x08,0x83,0xff,0x08,0x83,0xff,0x08,0x83,0xff,0x08,0x83,0xff,0x08,0x83,0xff,0x08,0x83,0xff,0x08,0x83,0xff,
    0x08,0x83,0xff,0x08,0x83,0xff,0x08,0x83,0xff,0x08,0x83,0xff,0x08,0x83,0xff,0x08,0x83,0xff,0x08,0x83,0xff,0x08,0x83,0xff,
    0x08,0x83,0xff,0x08,0x83,0xff,0x08,0x83,0xff,0x08,0x83,0xff,0x08,0x83,0xff,0x08,0x83,0xff,0x08,0x83,0xff,0x08,0x83,0xff,
    0x08,0x83,0xff,0x08,0x83,0xff,0x08,0x83,0xff,0x08,0x83,0xff,0x08,0x83,0xff,0x02,0x64,0xdc,0x00,0x00,0x00,0x00,0x00,0x00,
    0x00,0x00,0x00,0x00,0x00,0x00,0x02,0x64,0xdc,0x08,0x83,0xff,0x08,0x83,0xff,0x08,0x83,0xff,0x08,0x83,0xff,0x08,0x83,0xff,
    0x08,0x83,0xff,0x08,0x83,0xff,0x08,0x83,0xff,0x08,0x83,0xff,0x08,0x83,0xff,0x08,0x83,0xff,0x08,0x83,0xff,0x08,0x83,0xff,
    0x08,0x83,0xff,0x08,0x83,0xff,0x08,0x83,0xff,0x08,0x83,0xff,0x08,0x83,0xff,0x08,0x83,0xff,0x08,0x83,0xff,0x08,0x83,0xff,
    0x08,0x83,0xff,0x08,0x83,0xff,0x08,0x83,0xff,0x08,0x83,0xff,0x08,0x83,0xff,0x08,0x83,0xff,0x08,0x83,0xff,0x08,0x83,0xff,
    0x08,0x83,0xff,0x08,0x83,0xff,0x08,0x83,0xff,0x08,0x83,0xff,0x08,0x83,0xff,0x08,0x83,0xff,0x08,0x83,0xff,0x08,0x83,0xff,
    0x08,0x83,0xff,0x08,0x83,0xff,0x08,0x83,0xff,0x08,0x83,0xff,0x08,0x83,0xff,0x08,0x83,0xff,0x08,0x83,0xff,0x08,0x83,0xff,
    0x08,0x83,0xff,0x08,0x83,0xff,0x08,0x83,0xff,0x08,0x83,0xff,0x08,0x83,0xff,0x08,0x83,0xff,0x08,0x83,0xff,0x08,0x83,0xff,
    0x08,0x83,0xff,0x08,0x83,0xff,0x08,0x83,0xff,0x08,0x83,0xff,0x08,0x83,0xff,0x08,0x83,0xff,0x08,0x83,0xff,0x08,0x83,0xff,
    0x08,0x83,0xff,0x08,0x83,0xff,0x08,0x83,0xff,0x08,0x83,0xff,0x08,0x83,0xff,0x08,0x83,0xff,0x08,0x83,0xff,0x08,0x83,0xff,
    0x08,0x83,0xff,0x08,0x83,0xff,0x08,0x83,0xff,0x08,0x83,0xff,0x08,0x83,0xff,0x08,0x83,0xff,0x08,0x83,0xff,0x08,0x83,0xff,
    0x08,0x83,0xff,0x08,0x83,0xff,0x08,0x83,0xff,0x08,0x83,0xff,0x08,0x83,0xff,0x08,0x83,0xff,0x08,0x83,0xff,0x08,0x83,0xff,
    0x08,0x83,0xff,0x08,0x83,0xff,0x08,0x83,0xff,0x08,0x83,0xff,0x08,0x83,0xff,0x08,0x83,0xff,0x08,0x83,0xff,0x08,0x83,0xff,
    0x08,0x83,0xff,0x08,0x83,0xff,0x08,0x83,0xff,0x08,0x83,0xff,0x08,0x83,0xff,0x08,0x83,0xff,0x08,0x83,0xff,0x08,0x83,0xff,
    0x08,0x83,0xff,0x08,0x83,0xff,0x08,0x83,0xff,0x08,0x83,0xff,0x08,0x83,0xff,0x08,0x83,0xff,0x08,0x83,0xff,0x08,0x83,0xff,
    0x08,0x83,0xff,0x08,0x83,0xff,0x08,0x83,0xff,0x08,0x83,0xff,0x08,0x83,0xff,0x08,0x83,0xff,0x08,0x83,0xff,0x08,0x83,0xff,
    0x08,0x83,0xff,0x08,0x83,0xff,0x08,0x83,0xff,0x08,0x83,0xff,0x08,0x83,0xff,0x08,0x83,0xff,0x08,0x83,0xff,0x08,0x83,0xff,
    0x08,0x83,0xff,0x08,0x83,0xff,0x08,0x83,0xff,0x08,0x83,0xff,0x08,0x83,0xff,0x02,0x64,0xdc,0x00,0x00,0x00,0x00,0x00,0x00,
    0x00,0x00,0x00,0x00,0x00,0x00,0x02,0x64,0xdc,0x08,0x83,0xff,0x08,0x83,0xff,0x08,0x83,0xff,0x08,0x83,0xff,0x08,0x83,0xff,
    0x08,0x83,0xff,0x08,0x83,0xff,0x08,0x83,0xff,0x08,0x83,0xff,0x08,0x83,0xff,0x08,0x83,0xff,0x08,0x83,0xff,0x08,0x83,0xff,
    0x08,0x83,0xff,0x08,0x83,0xff,0x08,0x83,0xff,0x08,0x83,0xff,0x08,0x83,0xff,0x08,0x83,0xff,0x08,0x83,0xff,0x08,0x83,0xff,
    0x08,0x83,0xff,0x08,0x83,0xff,0x08,0x83,0xff,0x08,0x83,0xff,0x08,0x83,0xff,0x08,0x83,0xff,0x08,0x83,0xff,0x08,0x83,0xff,
    0x08,0x83,0xff,0x08,0x83,0xff,0x08,0x83,0xff,0x08,0x83,0xff,0x08,0x83,0xff,0x08,0x83,0xff,0x08,0x83,0xff,0x08,0x83,0xff,
    0x08,0x83,0xff,0x08,0x83,0xff,0x08,0x83,0xff,0x08,0x83,0xff,0x08,0x83,0xff,0x08,0x83,0xff,0x08,0x83,0xff,0x08,0x83,0xff,
    0x08,0x83,0xff,0x08,0x83,0xff,0x08,0x83,0xff,0x08,0x83,0xff,0x08,0x83,0xff,0x08,0x83,0xff,0x08,0x83,0xff,0x08,0x83,0xff,
    0x08,0x83,0xff,0x08,0x83,0xff,0x08,0x83,0xff,0x08,0x83,0xff,0x08,0x83,0xff,0x08,0x83,0xff,0x08,0x83,0xff,0x08,0x83,0xff,
    0x08,0x83,0xff,0x08,0x83,0xff,0x08,0x83,0xff,0x08,0x83,0xff,0x08,0x83,0xff,0x08,0x83,0xff,0x08,0x83,0xff,0x08,0x83,0xff,
    0x08,0x83,0xff,0x08,0x83,0xff,0x08,0x83,0xff,0x08,0x83,0xff,0x08,0x83,0xff,0x08,0x83,0xff,0x08,0x83,0xff,0x08,0x83,0xff,
    0x08,0x83,0xff,0x08,0x83,0xff,0x08,0x83,0xff,0x08,0x83,0xff,0x08,0x83,0xff,0x08,0x83,0xff,0x08,0x83,0xff,0x08,0x83,0xff,
    0x08,0x83,0xff,0x08,0x83,0xff,0x08,0x83,0xff,0x08,0x83,0xff,0x08,0x83,0xff,0x08,0x83,0xff,0x08,0x83,0xff,0x08,0x83,0xff,
    0x08,0x83,0xff,0x08,0x83,0xff,0x08,0x83,0xff,0x08,0x83,0xff,0x08,0x83,0xff,0x08,0x83,0xff,0x08,0x83,0xff,0x08,0x83,0xff,
    0x08,0x83,0xff,0x08,0x83,0xff,0x08,0x83,0xff,0x08,0x83,0xff,0x08,0x83,0xff,0x08,0x83,0xff,0x08,0x83,0xff,0x08,0x83,0xff,
    0x08,0x83,0xff,0x08,0x83,0xff,0x08,0x83,0xff,0x08,0x83,0xff,0x08,0x83,0xff,0x08,0x83,0xff,0x08,0x83,0xff,0x08,0x83,0xff,
    0x08,0x83,0xff,0x08,0x83,0xff,0x08,0x83,0xff,0x08,0x83,0xff,0x08,0x83,0xff,0x08,0x83,0xff,0x08,0x83,0xff,0x08,0x83,0xff,
    0x08,0x83,0xff,0x08,0x83,0xff,0x08,0x83,0xff,0x08,0x83,0xff,0x08,0x83,0xff,0x02,0x64,0xdc,0x00,0x00,0x00,0x00,0x00,0x00,
    0x00,0x00,0x00,0x00,0x00,0x00,0x02,0x64,0xdc,0x08,0x83,0xff,0x08,0x83,0xff,0x08,0x83,0xff,0x08,0x83,0xff,0x08,0x83,0xff,
    0x08,0x83,0xff,0x08,0x83,0xff,0x08,0x83,0xff,0x08,0x83,0xff,0x08,0x83,0xff,0x08,0x83,0xff,0x08,0x83,0xff,0x08,0x83,0xff,
    0x08,0x83,0xff,0x08,0x83,0xff,0x08,0x83,0xff,0x08,0x83,0xff,0x08,0x83,0xff,0x08,0x83,0xff,0x08,0x83,0xff,0x08,0x83,0xff,
    0x08,0x83,0xff,0x08,0x83,0xff,0x08,0x83,0xff,0x08,0x83,0xff,0x08,0x83,0xff,0x08,0x83,0xff,0x08,0x83,0xff,0x08,0x83,0xff,
    0x08,0x83,0xff,0x08,0x83,0xff,0x08,0x83,0xff,0x08,0x83,0xff,0x08,0x83,0xff,0x08,0x83,0xff,0x08,0x83,0xff,0x08,0x83,0xff,
    0x08,0x83,0xff,0x08,0x83,0xff,0x08,0x83,0xff,0x08,0x83,0xff,0x08,0x83,0xff,0x08,0x83,0xff,0x08,0x83,0xff,0x08,0x83,0xff,
    0x08,0x83,0xff,0x08,0x83,0xff,0x08,0x83,0xff,0x08,0x83,0xff,0x08,0x83,0xff,0x08,0x83,0xff,0x08,0x83,0xff,0x08,0x83,0xff,
    0x08,0x83,0xff,0x08,0x83,0xff,0x08,0x83,0xff,0x08,0x83,0xff,0x08,0x83,0xff,0x08,0x83,0xff,0x08,0x83,0xff,0x08,0x83,0xff,
    0x08,0x83,0xff,0x08,0x83,0xff,0x08,0x83,0xff,0x08,0x83,0xff,0x08,0x83,0xff,0x08,0x83,0xff,0x08,0x83,0xff,0x08,0x83,0xff,
    0x08,0x83,0xff,0x08,0x83,0xff,0x08,0x83,0xff,0x08,0x83,0xff,0x08,0x83,0xff,0x08,0x83,0xff,0x08,0x83,0xff,0x08,0x83,0xff,
    0x08,0x83,0xff,0x08,0x83,0xff,0x08,0x83,0xff,0x08,0x83,0xff,0x08,0x83,0xff,0x08,0x83,0xff,0x08,0x83,0xff,0x08,0x83,0xff,
    0x08,0x83,0xff,0x08,0x83,0xff,0x08,0x83,0xff,0x08,0x83,0xff,0x08,0x83,0xff,0x08,0x83,0xff,0x08,0x83,0xff,0x08,0x83,0xff,
    0x08,0x83,0xff,0x08,0x83,0xff,0x08,0x83,0xff,0x08,0x83,0xff,0x08,0x83,0xff,0x08,0x83,0xff,0x08,0x83,0xff,0x08,0x83,0xff,
    0x08,0x83,0xff,0x08,0x83,0xff,0x08,0x83,0xff,0x08,0x83,0xff,0x08,0x83,0xff,0x08,0x83,0xff,0x08,0x83,0xff,0x08,0x83,0xff,
    0x08,0x83,0xff,0x08,0x83,0xff,0x08,0x83,0xff,0x08,0x83,0xff,0x08,0x83,0xff,0x08,0x83,0xff,0x08,0x83,0xff,0x08,0x83,0xff,
    0x08,0x83,0xff,0x08,0x83,0xff,0x08,0x83,0xff,0x08,0x83,0xff,0x08,0x83,0xff,0x08,0x83,0xff,0x08,0x83,0xff,0x08,0x83,0xff,
    0x08,0x83,0xff,0x08,0x83,0xff,0x08,0x83,0xff,0x08,0x83,0xff,0x08,0x83,0xff,0x02,0x64,0xdc,0x00,0x00,0x00,0x00,0x00,0x00,
    0x00,0x00,0x00,0x00,0x00,0x00,0x02,0x64,0xdc,0x08,0x83,0xff,0x08,0x83,0xff,0x08,0x83,0xff,0x08,0x83,0xff,0x08,0x83,0xff,
    0x08,0x83,0xff,0x08,0x83,0xff,0x08,0x83,0xff,0x08,0x83,0xff,0x08,0x83,0xff,0x08,0x83,0xff,0x08,0x83,0xff,0x08,0x83,0xff,
    0x08,0x83,0xff,0x08,0x83,0xff,0x08,0x83,0xff,0x08,0x83,0xff,0x08,0x83,0xff,0x08,0x83,0xff,0x08,0x83,0xff,0x08,0x83,0xff,
    0x08,0x83,0xff,0x08,0x83,0xff,0x08,0x83,0xff,0x08,0x83,0xff,0x08,0x83,0xff,0x08,0x83,0xff,0x08,0x83,0xff,0x08,0x83,0xff,
    0x08,0x83,0xff,0x08,0x83,0xff,0x08,0x83,0xff,0x08,0x83,0xff,0x08,0x83,0xff,0x08,0x83,0xff,0x08,0x83,0xff,0x08,0x83,0xff,
    0x08,0x83,0xff,0x08,0x83,0xff,0x08,0x83,0xff,0x08,0x83,0xff,0x08,0x83,0xff,0x08,0x83,0xff,0x08,0x83,0xff,0x08,0x83,0xff,
    0x08,0x83,0xff,0x08,0x83,0xff,0x08,0x83,0xff,0x08,0x83,0xff,0x08,0x83,0xff,0x08,0x83,0xff,0x08,0x83,0xff,0x08,0x83,0xff,
    0x08,0x83,0xff,0x08,0x83,0xff,0x08,0x83,0xff,0x08,0x83,0xff,0x08,0x83,0xff,0x08,0x83,0xff,0x08,0x83,0xff,0x08,0x83,0xff,
    0x08,0x83,0xff,0x08,0x83,0xff,0x08,0x83,0xff,0x08,0x83,0xff,0x08,0x83,0xff,0x08,0x83,0xff,0x08,0x83,0xff,0x08,0x83,0xff,
    0x08,0x83,0xff,0x08,0x83,0xff,0x08,0x83,0xff,0x08,0x83,0xff,0x08,0x83,0xff,0x08,0x83,0xff,0x08,0x83,0xff,0x08,0x83,0xff,
    0x08,0x83,0xff,0x08,0x83,0xff,0x08,0x83,0xff,0x08,0x83,0xff,0x08,0x83,0xff,0x08,0x83,0xff,0x08,0x83,0xff,0x08,0x83,0xff,
    0x08,0x83,0xff,0x08,0x83,0xff,0x08,0x83,0xff,0x08,0x83,0xff,0x08,0x83,0xff,0x08,0x83,0xff,0x08,0x83,0xff,0x08,0x83,0xff,
    0x08,0x83,0xff,0x08,0x83,0xff,0x08,0x83,0xff,0x08,0x83,0xff,0x08,0x83,0xff,0x08,0x83,0xff,0x08,0x83,0xff,0x08,0x83,0xff,
    0x08,0x83,0xff,0x08,0x83,0xff,0x08,0x83,0xff,0x08,0x83,0xff,0x08,0x83,0xff,0x08,0x83,0xff,0x08,0x83,0xff,0x08,0x83,0xff,
    0x08,0x83,0xff,0x08,0x83,0xff,0x08,0x83,0xff,0x08,0x83,0xff,0x08,0x83,0xff,0x08,0x83,0xff,0x08,0x83,0xff,0x08,0x83,0xff,
    0x08,0x83,0xff,0x08,0x83,0xff,0x08,0x83,0xff,0x08,0x83,0xff,0x08,0x83,0xff,0x08,0x83,0xff,0x08,0x83,0xff,0x08,0x83,0xff,
    0x08,0x83,0xff,0x08,0x83,0xff,0x08,0x83,0xff,0x08,0x83,0xff,0x08,0x83,0xff,0x02,0x64,0xdc,0x00,0x00,0x00,0x00,0x00,0x00,
    0x00,0x00,0x00,0x00,0x00,0x00,0x02,0x64,0xdc,0x08,0x83,0xff,0x08,0x83,0xff,0x08,0x83,0xff,0x08,0x83,0xff,0x08,0x83,0xff,
    0x08,0x83,0xff,0x08,0x83,0xff,0x08,0x83,0xff,0x08,0x83,0xff,0x08,0x83,0xff,0x08,0x83,0xff,0x08,0x83,0xff,0x08,0x83,0xff,
    0x08,0x83,0xff,0x08,0x83,0xff,0x08,0x83,0xff,0x08,0x83,0xff,0x08,0x83,0xff,0x08,0x83,0xff,0x08,0x83,0xff,0x08,0x83,0xff,
    0x08,0x83,0xff,0x08,0x83,0xff,0x08,0x83,0xff,0x08,0x83,0xff,0x08,0x83,0xff,0x08,0x83,0xff,0x08,0x83,0xff,0x08,0x83,0xff,
    0x08,0x83,0xff,0x08,0x83,0xff,0x08,0x83,0xff,0x08,0x83,0xff,0x08,0x83,0xff,0x08,0x83,0xff,0x08,0x83,0xff,0x08,0x83,0xff,
    0x08,0x83,0xff,0x08,0x83,0xff,0x08,0x83,0xff,0x08,0x83,0xff,0x08,0x83,0xff,0x08,0x83,0xff,0x08,0x83,0xff,0x08,0x83,0xff,
    0x08,0x83,0xff,0x08,0x83,0xff,0x08,0x83,0xff,0x08,0x83,0xff,0x08,0x83,0xff,0x08,0x83,0xff,0x08,0x83,0xff,0x08,0x83,0xff,
    0x08,0x83,0xff,0x08,0x83,0xff,0x08,0x83,0xff,0x08,0x83,0xff,0x08,0x83,0xff,0x08,0x83,0xff,0x08,0x83,0xff,0x08,0x83,0xff,
    0x08,0x83,0xff,0x08,0x83,0xff,0x08,0x83,0xff,0x08,0x83,0xff,0x08,0x83,0xff,0x08,0x83,0xff,0x08,0x83,0xff,0x08,0x83,0xff,
    0x08,0x83,0xff,0x08,0x83,0xff,0x08,0x83,0xff,0x08,0x83,0xff,0x08,0x83,0xff,0x08,0x83,0xff,0x08,0x83,0xff,0x08,0x83,0xff,
    0x08,0x83,0xff,0x08,0x83,0xff,0x08,0x83,0xff,0x08,0x83,0xff,0x08,0x83,0xff,0x08,0x83,0xff,0x08,0x83,0xff,0x08,0x83,0xff,
    0x08,0x83,0xff,0x08,0x83,0xff,0x08,0x83,0xff,0x08,0x83,0xff,0x08,0x83,0xff,0x08,0x83,0xff,0x08,0x83,0xff,0x08,0x83,0xff,
    0x08,0x83,0xff,0x08,0x83,0xff,0x08,0x83,0xff,0x08,0x83,0xff,0x08,0x83,0xff,0x08,0x83,0xff,0x08,0x83,0xff,0x08,0x83,0xff,
    0x08,0x83,0xff,0x08,0x83,0xff,0x08,0x83,0xff,0x08,0x83,0xff,0x08,0x83,0xff,0x08,0x83,0xff,0x08,0x83,0xff,0x08,0x83,0xff,
    0x08,0x83,0xff,0x08,0x83,0xff,0x08,0x83,0xff,0x08,0x83,0xff,0x08,0x83,0xff,0x08,0x83,0xff,0x08,0x83,0xff,0x08,0x83,0xff,
    0x08,0x83,0xff,0x08,0x83,0xff,0x08,0x83,0xff,0x08,0x83,0xff,0x08,0x83,0xff,0x08,0x83,0xff,0x08,0x83,0xff,0x08,0x83,0xff,
    0x08,0x83,0xff,0x08,0x83,0xff,0x08,0x83,0xff,0x08,0x83,0xff,0x08,0x83,0xff,0x02,0x64,0xdc,0x00,0x00,0x00,0x00,0x00,0x00,
    0x00,0x00,0x00,0x00,0x00,0x00,0x02,0x64,0xdc,0x08,0x83,0xff,0x08,0x83,0xff,0x08,0x83,0xff,0x08,0x83,0xff,0x08,0x83,0xff,
    0x08,0x83,0xff,0x08,0x83,0xff,0x08,0x83,0xff,0x08,0x83,0xff,0x08,0x83,0xff,0x08,0x83,0xff,0x08,0x83,0xff,0x08,0x83,0xff,
    0x08,0x83,0xff,0x08,0x83,0xff,0x08,0x83,0xff,0x08,0x83,0xff,0x08,0x83,0xff,0x08,0x83,0xff,0x08,0x83,0xff,0x08,0x83,0xff,
    0x08,0x83,0xff,0x08,0x83,0xff,0x08,0x83,0xff,0x08,0x83,0xff,0x08,0x83,0xff,0x08,0x83,0xff,0x08,0x83,0xff,0x08,0x83,0xff,
    0x08,0x83,0xff,0x08,0x83,0xff,0x08,0x83,0xff,0x08,0x83,0xff,0x08,0x83,0xff,0x08,0x83,0xff,0x08,0x83,0xff,0x08,0x83,0xff,
    0x08,0x83,0xff,0x08,0x83,0xff,0x08,0x83,0xff,0x08,0x83,0xff,0x08,0x83,0xff,0x08,0x83,0xff,0x08,0x83,0xff,0x08,0x83,0xff,
    0x08,0x83,0xff,0x08,0x83,0xff,0x08,0x83,0xff,0x08,0x83,0xff,0x08,0x83,0xff,0x08,0x83,0xff,0x08,0x83,0xff,0x08,0x83,0xff,
    0x08,0x83,0xff,0x08,0x83,0xff,0x08,0x83,0xff,0x08,0x83,0xff,0x08,0x83,0xff,0x08,0x83,0xff,0x08,0x83,0xff,0x08,0x83,0xff,
    0x08,0x83,0xff,0x08,0x83,0xff,0x08,0x83,0xff,0x08,0x83,0xff,0x08,0x83,0xff,0x08,0x83,0xff,0x08,0x83,0xff,0x08,0x83,0xff,
    0x08,0x83,0xff,0x08,0x83,0xff,0x08,0x83,0xff,0x08,0x83,0xff,0x08,0x83,0xff,0x08,0x83,0xff,0x08,0x83,0xff,0x08,0x83,0xff,
    0x08,0x83,0xff,0x08,0x83,0xff,0x08,0x83,0xff,0x08,0x83,0xff,0x08,0x83,0xff,0x08,0x83,0xff,0x08,0x83,0xff,0x08,0x83,0xff,
    0x08,0x83,0xff,0x08,0x83,0xff,0x08,0x83,0xff,0x08,0x83,0xff,0x08,0x83,0xff,0x08,0x83,0xff,0x08,0x83,0xff,0x08,0x83,0xff,
    0x08,0x83,0xff,0x08,0x83,0xff,0x08,0x83,0xff,0x08,0x83,0xff,0x08,0x83,0xff,0x08,0x83,0xff,0x08,0x83,0xff,0x08,0x83,0xff,
    0x08,0x83,0xff,0x08,0x83,0xff,0x08,0x83,0xff,0x08,0x83,0xff,0x08,0x83,0xff,0x08,0x83,0xff,0x08,0x83,0xff,0x08,0x83,0xff,
    0x08,0x83,0xff,0x08,0x83,0xff,0x08,0x83,0xff,0x08,0x83,0xff,0x08,0x83,0xff,0x08,0x83,0xff,0x08,0x83,0xff,0x08,0x83,0xff,
    0x08,0x83,0xff,0x08,0x83,0xff,0x08,0x83,0xff,0x08,0x83,0xff,0x08,0x83,0xff,0x08,0x83,0xff,0x08,0x83,0xff,0x08,0x83,0xff,
    0x08,0x83,0xff,0x08,0x83,0xff,0x08,0x83,0xff,0x08,0x83,0xff,0x08,0x83,0xff,0x02,0x64,0xdc,0x00,0x00,0x00,0x00,0x00,0x00,
    0x00,0x00,0x00,0x00,0x00,0x00,0x02,0x64,0xdc,0x08,0x83,0xff,0x08,0x83,0xff,0x08,0x83,0xff,0x08,0x83,0xff,0x08,0x83,0xff,
    0x08,0x83,0xff,0x08,0x83,0xff,0x08,0x83,0xff,0x08,0x83,0xff,0x08,0x83,0xff,0x08,0x83,0xff,0x08,0x83,0xff,0x08,0x83,0xff,
    0x08,0x83,0xff,0x08,0x83,0xff,0x08,0x83,0xff,0x08,0x83,0xff,0x08,0x83,0xff,0x08,0x83,0xff,0x08,0x83,0xff,0x08,0x83,0xff,
    0x08,0x83,0xff,0x08,0x83,0xff,0x08,0x83,0xff,0x08,0x83,0xff,0x08,0x83,0xff,0x08,0x83,0xff,0x08,0x83,0xff,0x08,0x83,0xff,
    0x08,0x83,0xff,0x08,0x83,0xff,0x08,0x83,0xff,0x08,0x83,0xff,0x08,0x83,0xff,0x08,0x83,0xff,0x08,0x83,0xff,0x08,0x83,0xff,
    0x08,0x83,0xff,0x08,0x83,0xff,0x08,0x83,0xff,0x08,0x83,0xff,0x08,0x83,0xff,0x08,0x83,0xff,0x08,0x83,0xff,0x08,0x83,0xff,
    0x08,0x83,0xff,0x08,0x83,0xff,0x08,0x83,0xff,0x08,0x83,0xff,0x08,0x83,0xff,0x08,0x83,0xff,0x08,0x83,0xff,0x08,0x83,0xff,
    0x08,0x83,0xff,0x08,0x83,0xff,0x08,0x83,0xff,0x08,0x83,0xff,0x08,0x83,0xff,0x08,0x83,0xff,0x08,0x83,0xff,0x08,0x83,0xff,
    0x08,0x83,0xff,0x08,0x83,0xff,0x08,0x83,0xff,0x08,0x83,0xff,0x08,0x83,0xff,0x08,0x83,0xff,0x08,0x83,0xff,0x08,0x83,0xff,
    0x08,0x83,0xff,0x08,0x83,0xff,0x08,0x83,0xff,0x08,0x83,0xff,0x08,0x83,0xff,0x08,0x83,0xff,0x08,0x83,0xff,0x08,0x83,0xff,
    0x08,0x83,0xff,0x08,0x83,0xff,0x08,0x83,0xff,0x08,0x83,0xff,0x08,0x83,0xff,0x08,0x83,0xff,0x08,0x83,0xff,0x08,0x83,0xff,
    0x08,0x83,0xff,0x08,0x83,0xff,0x08,0x83,0xff,0x08,0x83,0xff,0x08,0x83,0xff,0x08,0x83,0xff,0x08,0x83,0xff,0x08,0x83,0xff,
    0x08,0x83,0xff,0x08,0x83,0xff,0x08,0x83,0xff,0x08,0x83,0xff,0x08,0x83,0xff,0x08,0x83,0xff,0x08,0x83,0xff,0x08,0x83,0xff,
    0x08,0x83,0xff,0x08,0x83,0xff,0x08,0x83,0xff,0x08,0x83,0xff,0x08,0x83,0xff,0x08,0x83,0xff,0x08,0x83,0xff,0x08,0x83,0xff,
    0x08,0x83,0xff,0x08,0x83,0xff,0x08,0x83,0xff,0x08,0x83,0xff,0x08,0x83,0xff,0x08,0x83,0xff,0x08,0x83,0xff,0x08,0x83,0xff,
    0x08,0x83,0xff,0x08,0x83,0xff,0x08,0x83,0xff,0x08,0x83,0xff,0x08,0x83,0xff,0x08,0x83,0xff,0x08,0x83,0xff,0x08,0x83,0xff,
    0x08,0x83,0xff,0x08,0x83,0xff,0x08,0x83,0xff,0x08,0x83,0xff,0x08,0x83,0xff,0x02,0x64,0xdc,0x00,0x00,0x00,0x00,0x00,0x00,
    0x00,0x00,0x00,0x00,0x00,0x00,0x02,0x64,0xdc,0x08,0x83,0xff,0x08,0x83,0xff,0x08,0x83,0xff,0x08,0x83,0xff,0x08,0x83,0xff,
    0x08,0x83,0xff,0x08,0x83,0xff,0x08,0x83,0xff,0x08,0x83,0xff,0x08,0x83,0xff,0x08,0x83,0xff,0x08,0x83,0xff,0x08,0x83,0xff,
    0x08,0x83,0xff,0x08,0x83,0xff,0x08,0x83,0xff,0x08,0x83,0xff,0x08,0x83,0xff,0x08,0x83,0xff,0x08,0x83,0xff,0x08,0x83,0xff,
    0x08,0x83,0xff,0x08,0x83,0xff,0x08,0x83,0xff,0x08,0x83,0xff,0x08,0x83,0xff,0x08,0x83,0xff,0x08,0x83,0xff,0x08,0x83,0xff,
    0x08,0x83,0xff,0x08,0x83,0xff,0x08,0x83,0xff,0x08,0x83,0xff,0x08,0x83,0xff,0x08,0x83,0xff,0x08,0x83,0xff,0x08,0x83,0xff,
    0x08,0x83,0xff,0x08,0x83,0xff,0x08,0x83,0xff,0x08,0x83,0xff,0x08,0x83,0xff,0x08,0x83,0xff,0x08,0x83,0xff,0x08,0x83,0xff,
    0x08,0x83,0xff,0x08,0x83,0xff,0x08,0x83,0xff,0x08,0x83,0xff,0x08,0x83,0xff,0x08,0x83,0xff,0x08,0x83,0xff,0x08,0x83,0xff,
    0x08,0x83,0xff,0x08,0x83,0xff,0x08,0x83,0xff,0x08,0x83,0xff,0x08,0x83,0xff,0x08,0x83,0xff,0x08,0x83,0xff,0x08,0x83,0xff,
    0x08,0x83,0xff,0x08,0x83,0xff,0x08,0x83,0xff,0x08,0x83,0xff,0x08,0x83,0xff,0x08,0x83,0xff,0x08,0x83,0xff,0x08,0x83,0xff,
    0x08,0x83,0xff,0x08,0x83,0xff,0x08,0x83,0xff,0x08,0x83,0xff,0x08,0x83,0xff,0x08,0x83,0xff,0x08,0x83,0xff,0x08,0x83,0xff,
    0x08,0x83,0xff,0x08,0x83,0xff,0x08,0x83,0xff,0x08,0x83,0xff,0x08,0x83,0xff,0x08,0x83,0xff,0x08,0x83,0xff,0x08,0x83,0xff,
    0x08,0x83,0xff,0x08,0x83,0xff,0x08,0x83,0xff,0x08,0x83,0xff,0x08,0x83,0xff,0x08,0x83,0xff,0x08,0x83,0xff,0x08,0x83,0xff,
    0x08,0x83,0xff,0x08,0x83,0xff,0x08,0x83,0xff,0x08,0x83,0xff,0x08,0x83,0xff,0x08,0x83,0xff,0x08,0x83,0xff,0x08,0x83,0xff,
    0x08,0x83,0xff,0x08,0x83,0xff,0x08,0x83,0xff,0x08,0x83,0xff,0x08,0x83,0xff,0x08,0x83,0xff,0x08,0x83,0xff,0x08,0x83,0xff,
    0x08,0x83,0xff,0x08,0x83,0xff,0x08,0x83,0xff,0x08,0x83,0xff,0x08,0x83,0xff,0x08,0x83,0xff,0x08,0x83,0xff,0x08,0x83,0xff,
    0x08,0x83,0xff,0x08,0x83,0xff,0x08,0x83,0xff,0x08,0x83,0xff,0x08,0x83,0xff,0x08,0x83,0xff,0x08,0x83,0xff,0x08,0x83,0xff,
    0x08,0x83,0xff,0x08,0x83,0xff,0x08,0x83,0xff,0x08,0x83,0xff,0x08,0x83,0xff,0x02,0x64,0xdc,0x00,0x00,0x00,0x00,0x00,0x00,
    0x00,0x00,0x00,0x00,0x00,0x00,0x02,0x64,0xdc,0x08,0x83,0xff,0x08,0x83,0xff,0x08,0x83,0xff,0x08,0x83,0xff,0x08,0x83,0xff,
    0x08,0x83,0xff,0x08,0x83,0xff,0x08,0x83,0xff,0x08,0x83,0xff,0x08,0x83,0xff,0x08,0x83,0xff,0x08,0x83,0xff,0x08,0x83,0xff,
    0x08,0x83,0xff,0x08,0x83,0xff,0x08,0x83,0xff,0x08,0x83,0xff,0x08,0x83,0xff,0x08,0x83,0xff,0x08,0x83,0xff,0x08,0x83,0xff,
    0x08,0x83,0xff,0x08,0x83,0xff,0x08,0x83,0xff,0x08,0x83,0xff,0x08,0x83,0xff,0x08,0x83,0xff,0x08,0x83,0xff,0x08,0x83,0xff,
    0x08,0x83,0xff,0x08,0x83,0xff,0x08,0x83,0xff,0x08,0x83,0xff,0x08,0x83,0xff,0x08,0x83,0xff,0x08,0x83,0xff,0x08,0x83,0xff,
    0x08,0x83,0xff,0x08,0x83,0xff,0x08,0x83,0xff,0x08,0x83,0xff,0x08,0x83,0xff,0x08,0x83,0xff,0x08,0x83,0xff,0x08,0x83,0xff,
    0x08,0x83,0xff,0x08,0x83,0xff,0x08,0x83,0xff,0x08,0x83,0xff,0x08,0x83,0xff,0x08,0x83,0xff,0x08,0x83,0xff,0x08,0x83,0xff,
    0x08,0x83,0xff,0x08,0x83,0xff,0x08,0x83,0xff,0x08,0x83,0xff,0x08,0x83,0xff,0x08,0x83,0xff,0x08,0x83,0xff,0x08,0x83,0xff,
    0x08,0x83,0xff,0x08,0x83,0xff,0x08,0x83,0xff,0x08,0x83,0xff,0x08,0x83,0xff,0x08,0x83,0xff,0x08,0x83,0xff,0x08,0x83,0xff,
    0x08,0x83,0xff,0x08,0x83,0xff,0x08,0x83,0xff,0x08,0x83,0xff,0x08,0x83,0xff,0x08,0x83,0xff,0x08,0x83,0xff,0x08,0x83,0xff,
    0x08,0x83,0xff,0x08,0x83,0xff,0x08,0x83,0xff,0x08,0x83,0xff,0x08,0x83,0xff,0x08,0x83,0xff,0x08,0x83,0xff,0x08,0x83,0xff,
    0x08,0x83,0xff,0x08,0x83,0xff,0x08,0x83,0xff,0x08,0x83,0xff,0x08,0x83,0xff,0x08,0x83,0xff,0x08,0x83,0xff,0x08,0x83,0xff,
    0x08,0x83,0xff,0x08,0x83,0xff,0x08,0x83,0xff,0x08,0x83,0xff,0x08,0x83,0xff,0x08,0x83,0xff,0x08,0x83,0xff,0x08,0x83,0xff,
    0x08,0x83,0xff,0x08,0x83,0xff,0x08,0x83,0xff,0x08,0x83,0xff,0x08,0x83,0xff,0x08,0x83,0xff,0x08,0x83,0xff,0x08,0x83,0xff,
    0x08,0x83,0xff,0x08,0x83,0xff,0x08,0x83,0xff,0x08,0x83,0xff,0x08,0x83,0xff,0x08,0x83,0xff,0x08,0x83,0xff,0x08,0x83,0xff,
    0x08,0x83,0xff,0x08,0x83,0xff,0x08,0x83,0xff,0x08,0x83,0xff,0x08,0x83,0xff,0x08,0x83,0xff,0x08,0x83,0xff,0x08,0x83,0xff,
    0x08,0x83,0xff,0x08,0x83,0xff,0x08,0x83,0xff,0x08,0x83,0xff,0x08,0x83,0xff,0x02,0x64,0xdc,0x00,0x00,0x00,0x00,0x00,0x00,
    0x00,0x00,0x00,0x00,0x00,0x00,0x02,0x64,0xdc,0x08,0x83,0xff,0x08,0x83,0xff,0x08,0x83,0xff,0x08,0x83,0xff,0x08,0x83,0xff,
    0x08,0x83,0xff,0x08,0x83,0xff,0x08,0x83,0xff,0x08,0x83,0xff,0x08,0x83,0xff,0x08,0x83,0xff,0x08,0x83,0xff,0x08,0x83,0xff,
    0x08,0x83,0xff,0x08,0x83,0xff,0x08,0x83,0xff,0x08,0x83,0xff,0x08,0x83,0xff,0x08,0x83,0xff,0x08,0x83,0xff,0x08,0x83,0xff,
    0x08,0x83,0xff,0x08,0x83,0xff,0x08,0x83,0xff,0x08,0x83,0xff,0x08,0x83,0xff,0x08,0x83,0xff,0x08,0x83,0xff,0x08,0x83,0xff,
    0x08,0x83,0xff,0x08,0x83,0xff,0x08,0x83,0xff,0x08,0x83,0xff,0x08,0x83,0xff,0x08,0x83,0xff,0x08,0x83,0xff,0x08,0x83,0xff,
    0x08,0x83,0xff,0x08,0x83,0xff,0x08,0x83,0xff,0x08,0x83,0xff,0x08,0x83,0xff,0x08,0x83,0xff,0x08,0x83,0xff,0x08,0x83,0xff,
    0x08,0x83,0xff,0x08,0x83,0xff,0x08,0x83,0xff,0x08,0x83,0xff,0x08,0x83,0xff,0x08,0x83,0xff,0x08,0x83,0xff,0x08,0x83,0xff,
    0x08,0x83,0xff,0x08,0x83,0xff,0x08,0x83,0xff,0x08,0x83,0xff,0x08,0x83,0xff,0x08,0x83,0xff,0x08,0x83,0xff,0x08,0x83,0xff,
    0x08,0x83,0xff,0x08,0x83,0xff,0x08,0x83,0xff,0x08,0x83,0xff,0x08,0x83,0xff,0x08,0x83,0xff,0x08,0x83,0xff,0x08,0x83,0xff,
    0x08,0x83,0xff,0x08,0x83,0xff,0x08,0x83,0xff,0x08,0x83,0xff,0x08,0x83,0xff,0x08,0x83,0xff,0x08,0x83,0xff,0x08,0x83,0xff,
    0x08,0x83,0xff,0x08,0x83,0xff,0x08,0x83,0xff,0x08,0x83,0xff,0x08,0x83,0xff,0x08,0x83,0xff,0x08,0x83,0xff,0x08,0x83,0xff,
    0x08,0x83,0xff,0x08,0x83,0xff,0x08,0x83,0xff,0x08,0x83,0xff,0x08,0x83,0xff,0x08,0x83,0xff,0x08,0x83,0xff,0x08,0x83,0xff,
    0x08,0x83,0xff,0x08,0x83,0xff,0x08,0x83,0xff,0x08,0x83,0xff,0x08,0x83,0xff,0x08,0x83,0xff,0x08,0x83,0xff,0x08,0x83,0xff,
    0x08,0x83,0xff,0x08,0x83,0xff,0x08,0x83,0xff,0x08,0x83,0xff,0x08,0x83,0xff,0x08,0x83,0xff,0x08,0x83,0xff,0x08,0x83,0xff,
    0x08,0x83,0xff,0x08,0x83,0xff,0x08,0x83,0xff,0x08,0x83,0xff,0x08,0x83,0xff,0x08,0x83,0xff,0x08,0x83,0xff,0x08,0x83,0xff,
    0x08,0x83,0xff,0x08,0x83,0xff,0x08,0x83,0xff,0x08,0x83,0xff,0x08,0x83,0xff,0x08,0x83,0xff,0x08,0x83,0xff,0x08,0x83,0xff,
    0x08,0x83,0xff,0x08,0x83,0xff,0x08,0x83,0xff,0x08,0x83,0xff,0x08,0x83,0xff,0x02,0x64,0xdc,0x00,0x00,0x00,0x00,0x00,0x00,
    0x00,0x00,0x00,0x00,0x00,0x00,0x02,0x64,0xdc,0x08,0x83,0xff,0x08,0x83,0xff,0x08,0x83,0xff,0x08,0x83,0xff,0x08,0x83,0xff,
    0x08,0x83,0xff,0x08,0x83,0xff,0x08,0x83,0xff,0x08,0x83,0xff,0x08,0x83,0xff,0x08,0x83,0xff,0x08,0x83,0xff,0x08,0x83,0xff,
    0x08,0x83,0xff,0x08,0x83,0xff,0x08,0x83,0xff,0x08,0x83,0xff,0x08,0x83,0xff,0x08,0x83,0xff,0x08,0x83,0xff,0x08,0x83,0xff,
    0x08,0x83,0xff,0x08,0x83,0xff,0x08,0x83,0xff,0x08,0x83,0xff,0x08,0x83,0xff,0x08,0x83,0xff,0x08,0x83,0xff,0x08,0x83,0xff,
    0x08,0x83,0xff,0x08,0x83,0xff,0x08,0x83,0xff,0x08,0x83,0xff,0x08,0x83,0xff,0x08,0x83,0xff,0x08,0x83,0xff,0x08,0x83,0xff,
    0x08,0x83,0xff,0x08,0x83,0xff,0x08,0x83,0xff,0x08,0x83,0xff,0x08,0x83,0xff,0x08,0x83,0xff,0x08,0x83,0xff,0x08,0x83,0xff,
    0x08,0x83,0xff,0x08,0x83,0xff,0x08,0x83,0xff,0x08,0x83,0xff,0x08,0x83,0xff,0x08,0x83,0xff,0x08,0x83,0xff,0x08,0x83,0xff,
    0x08,0x83,0xff,0x08,0x83,0xff,0x08,0x83,0xff,0x08,0x83,0xff,0x08,0x83,0xff,0x08,0x83,0xff,0x08,0x83,0xff,0x08,0x83,0xff,
    0x08,0x83,0xff,0x08,0x83,0xff,0x08,0x83,0xff,0x08,0x83,0xff,0x08,0x83,0xff,0x08,0x83,0xff,0x08,0x83,0xff,0x08,0x83,0xff,
    0x08,0x83,0xff,0x08,0x83,0xff,0x08,0x83,0xff,0x08,0x83,0xff,0x08,0x83,0xff,0x08,0x83,0xff,0x08,0x83,0xff,0x08,0x83,0xff,
    0x08,0x83,0xff,0x08,0x83,0xff,0x08,0x83,0xff,0x08,0x83,0xff,0x08,0x83,0xff,0x08,0x83,0xff,0x08,0x83,0xff,0x08,0x83,0xff,
    0x08,0x83,0xff,0x08,0x83,0xff,0x08,0x83,0xff,0x08,0x83,0xff,0x08,0x83,0xff,0x08,0x83,0xff,0x08,0x83,0xff,0x08,0x83,0xff,
    0x08,0x83,0xff,0x08,0x83,0xff,0x08,0x83,0xff,0x08,0x83,0xff,0x08,0x83,0xff,0x08,0x83,0xff,0x08,0x83,0xff,0x08,0x83,0xff,
    0x08,0x83,0xff,0x08,0x83,0xff,0x08,0x83,0xff,0x08,0x83,0xff,0x08,0x83,0xff,0x08,0x83,0xff,0x08,0x83,0xff,0x08,0x83,0xff,
    0x08,0x83,0xff,0x08,0x83,0xff,0x08,0x83,0xff,0x08,0x83,0xff,0x08,0x83,0xff,0x08,0x83,0xff,0x08,0x83,0xff,0x08,0x83,0xff,
    0x08,0x83,0xff,0x08,0x83,0xff,0x08,0x83,0xff,0x08,0x83,0xff,0x08,0x83,0xff,0x08,0x83,0xff,0x08,0x83,0xff,0x08,0x83,0xff,
    0x08,0x83,0xff,0x08,0x83,0xff,0x08,0x83,0xff,0x08,0x83,0xff,0x08,0x83,0xff,0x02,0x64,0xdc,0x00,0x00,0x00,0x00,0x00,0x00,
    0x00,0x00,0x00,0x00,0x00,0x00,0x02,0x64,0xdc,0x08,0x83,0xff,0x08,0x83,0xff,0x08,0x83,0xff,0x08,0x83,0xff,0x08,0x83,0xff,
    0x08,0x83,0xff,0x08,0x83,0xff,0x08,0x83,0xff,0x08,0x83,0xff,0x08,0x83,0xff,0x08,0x83,0xff,0x08,0x83,0xff,0x08,0x83,0xff,
    0x08,0x83,0xff,0x08,0x83,0xff,0x08,0x83,0xff,0x08,0x83,0xff,0x08,0x83,0xff,0x08,0x83,0xff,0x08,0x83,0xff,0x08,0x83,0xff,
    0x08,0x83,0xff,0x08,0x83,0xff,0x08,0x83,0xff,0x08,0x83,0xff,0x08,0x83,0xff,0x08,0x83,0xff,0x08,0x83,0xff,0x08,0x83,0xff,
    0x08,0x83,0xff,0x08,0x83,0xff,0x08,0x83,0xff,0x08,0x83,0xff,0x08,0x83,0xff,0x08,0x83,0xff,0x08,0x83,0xff,0x08,0x83,0xff,
    0x08,0x83,0xff,0x08,0x83,0xff,0x08,0x83,0xff,0x08,0x83,0xff,0x08,0x83,0xff,0x08,0x83,0xff,0x08,0x83,0xff,0x08,0x83,0xff,
    0x08,0x83,0xff,0x08,0x83,0xff,0x08,0x83,0xff,0x08,0x83,0xff,0x08,0x83,0xff,0x08,0x83,0xff,0x08,0x83,0xff,0x08,0x83,0xff,
    0x08,0x83,0xff,0x08,0x83,0xff,0x08,0x83,0xff,0x08,0x83,0xff,0x08,0x83,0xff,0x08,0x83,0xff,0x08,0x83,0xff,0x08,0x83,0xff,
    0x08,0x83,0xff,0x08,0x83,0xff,0x08,0x83,0xff,0x08,0x83,0xff,0x08,0x83,0xff,0x08,0x83,0xff,0x08,0x83,0xff,0x08,0x83,0xff,
    0x08,0x83,0xff,0x08,0x83,0xff,0x08,0x83,0xff,0x08,0x83,0xff,0x08,0x83,0xff,0x08,0x83,0xff,0x08,0x83,0xff,0x08,0x83,0xff,
    0x08,0x83,0xff,0x08,0x83,0xff,0x08,0x83,0xff,0x08,0x83,0xff,0x08,0x83,0xff,0x08,0x83,0xff,0x08,0x83,0xff,0x08,0x83,0xff,
    0x08,0x83,0xff,0x08,0x83,0xff,0x08,0x83,0xff,0x08,0x83,0xff,0x08,0x83,0xff,0x08,0x83,0xff,0x08,0x83,0xff,0x08,0x83,0xff,
    0x08,0x83,0xff,0x08,0x83,0xff,0x08,0x83,0xff,0x08,0x83,0xff,0x08,0x83,0xff,0x08,0x83,0xff,0x08,0x83,0xff,0x08,0x83,0xff,
    0x08,0x83,0xff,0x08,0x83,0xff,0x08,0x83,0xff,0x08,0x83,0xff,0x08,0x83,0xff,0x08,0x83,0xff,0x08,0x83,0xff,0x08,0x83,0xff,
    0x08,0x83,0xff,0x08,0x83,0xff,0x08,0x83,0xff,0x08,0x83,0xff,0x08,0x83,0xff,0x08,0x83,0xff,0x08,0x83,0xff,0x08,0x83,0xff,
    0x08,0x83,0xff,0x08,0x83,0xff,0x08,0x83,0xff,0x08,0x83,0xff,0x08,0x83,0xff,0x08,0x83,0xff,0x08,0x83,0xff,0x08,0x83,0xff,
    0x08,0x83,0xff,0x08,0x83,0xff,0x08,0x83,0xff,0x08,0x83,0xff,0x08,0x83,0xff,0x02,0x64,0xdc,0x00,0x00,0x00,0x00,0x00,0x00,
    0x00,0x00,0x00,0x00,0x00,0x00,0x02,0x64,0xdc,0x08,0x83,0xff,0x08,0x83,0xff,0x08,0x83,0xff,0x08,0x83,0xff,0x08,0x83,0xff,
    0x08,0x83,0xff,0x08,0x83,0xff,0x08,0x83,0xff,0x08,0x83,0xff,0x08,0x83,0xff,0x08,0x83,0xff,0x08,0x83,0xff,0x08,0x83,0xff,
    0x08,0x83,0xff,0x08,0x83,0xff,0x08,0x83,0xff,0x08,0x83,0xff,0x08,0x83,0xff,0x08,0x83,0xff,0x08,0x83,0xff,0x08,0x83,0xff,
    0x08,0x83,0xff,0x08,0x83,0xff,0x08,0x83,0xff,0x08,0x83,0xff,0x08,0x83,0xff,0x08,0x83,0xff,0x08,0x83,0xff,0x08,0x83,0xff,
    0x08,0x83,0xff,0x08,0x83,0xff,0x08,0x83,0xff,0x08,0x83,0xff,0x08,0x83,0xff,0x08,0x83,0xff,0x08,0x83,0xff,0x08,0x83,0xff,
    0x08,0x83,0xff,0x08,0x83,0xff,0x08,0x83,0xff,0x08,0x83,0xff,0x08,0x83,0xff,0x08,0x83,0xff,0x08,0x83,0xff,0x08,0x83,0xff,
    0x08,0x83,0xff,0x08,0x83,0xff,0x08,0x83,0xff,0x08,0x83,0xff,0x08,0x83,0xff,0x08,0x83,0xff,0x08,0x83,0xff,0x08,0x83,0xff,
    0x08,0x83,0xff,0x08,0x83,0xff,0x08,0x83,0xff,0x08,0x83,0xff,0x08,0x83,0xff,0x08,0x83,0xff,0x08,0x83,0xff,0x08,0x83,0xff,
    0x08,0x83,0xff,0x08,0x83,0xff,0x08,0x83,0xff,0x08,0x83,0xff,0x08,0x83,0xff,0x08,0x83,0xff,0x08,0x83,0xff,0x08,0x83,0xff,
    0x08,0x83,0xff,0x08,0x83,0xff,0x08,0x83,0xff,0x08,0x83,0xff,0x08,0x83,0xff,0x08,0x83,0xff,0x08,0x83,0xff,0x08,0x83,0xff,
    0x08,0x83,0xff,0x08,0x83,0xff,0x08,0x83,0xff,0x08,0x83,0xff,0x08,0x83,0xff,0x08,0x83,0xff,0x08,0x83,0xff,0x08,0x83,0xff,
    0x08,0x83,0xff,0x08,0x83,0xff,0x08,0x83,0xff,0x08,0x83,0xff,0x08,0x83,0xff,0x08,0x83,0xff,0x08,0x83,0xff,0x08,0x83,0xff,
    0x08,0x83,0xff,0x08,0x83,0xff,0x08,0x83,0xff,0x08,0x83,0xff,0x08,0x83,0xff,0x08,0x83,0xff,0x08,0x83,0xff,0x08,0x83,0xff,
    0x08,0x83,0xff,0x08,0x83,0xff,0x08,0x83,0xff,0x08,0x83,0xff,0x08,0x83,0xff,0x08,0x83,0xff,0x08,0x83,0xff,0x08,0x83,0xff,
    0x08,0x83,0xff,0x08,0x83,0xff,0x08,0x83,0xff,0x08,0x83,0xff,0x08,0x83,0xff,0x08,0x83,0xff,0x08,0x83,0xff,0x08,0x83,0xff,
    0x08,0x83,0xff,0x08,0x83,0xff,0x08,0x83,0xff,0x08,0x83,0xff,0x08,0x83,0xff,0x08,0x83,0xff,0x08,0x83,0xff,0x08,0x83,0xff,
    0x08,0x83,0xff,0x08,0x83,0xff,0x08,0x83,0xff,0x08,0x83,0xff,0x08,0x83,0xff,0x02,0x64,0xdc,0x00,0x00,0x00,0x00,0x00,0x00,
    0x00,0x00,0x00,0x00,0x00,0x00,0x02,0x64,0xdc,0x08,0x83,0xff,0x08,0x83,0xff,0x08,0x83,0xff,0x08,0x83,0xff,0x08,0x83,0xff,
    0x08,0x83,0xff,0x08,0x83,0xff,0x08,0x83,0xff,0x08,0x83,0xff,0x08,0x83,0xff,0x08,0x83,0xff,0x08,0x83,0xff,0x08,0x83,0xff,
    0x08,0x83,0xff,0x08,0x83,0xff,0x08,0x83,0xff,0x08,0x83,0xff,0x08,0x83,0xff,0x08,0x83,0xff,0x08,0x83,0xff,0x08,0x83,0xff,
    0x08,0x83,0xff,0x08,0x83,0xff,0x08,0x83,0xff,0x08,0x83,0xff,0x08,0x83,0xff,0x08,0x83,0xff,0x08,0x83,0xff,0x08,0x83,0xff,
    0x08,0x83,0xff,0x08,0x83,0xff,0x08,0x83,0xff,0x08,0x83,0xff,0x08,0x83,0xff,0x08,0x83,0xff,0x08,0x83,0xff,0x08,0x83,0xff,
    0x08,0x83,0xff,0x08,0x83,0xff,0x08,0x83,0xff,0x08,0x83,0xff,0x08,0x83,0xff,0x08,0x83,0xff,0x08,0x83,0xff,0x08,0x83,0xff,
    0x08,0x83,0xff,0x08,0x83,0xff,0x08,0x83,0xff,0x08,0x83,0xff,0x08,0x83,0xff,0x08,0x83,0xff,0x08,0x83,0xff,0x08,0x83,0xff,
    0x08,0x83,0xff,0x08,0x83,0xff,0x08,0x83,0xff,0x08,0x83,0xff,0x08,0x83,0xff,0x08,0x83,0xff,0x08,0x83,0xff,0x08,0x83,0xff,
    0x08,0x83,0xff,0x08,0x83,0xff,0x08,0x83,0xff,0x08,0x83,0xff,0x08,0x83,0xff,0x08,0x83,0xff,0x08,0x83,0xff,0x08,0x83,0xff,
    0x08,0x83,0xff,0x08,0x83,0xff,0x08,0x83,0xff,0x08,0x83,0xff,0x08,0x83,0xff,0x08,0x83,0xff,0x08,0x83,0xff,0x08,0x83,0xff,
    0x08,0x83,0xff,0x08,0x83,0xff,0x08,0x83,0xff,0x08,0x83,0xff,0x08,0x83,0xff,0x08,0x83,0xff,0x08,0x83,0xff,0x08,0x83,0xff,
    0x08,0x83,0xff,0x08,0x83,0xff,0x08,0x83,0xff,0x08,0x83,0xff,0x08,0x83,0xff,0x08,0x83,0xff,0x08,0x83,0xff,0x08,0x83,0xff,
    0x08,0x83,0xff,0x08,0x83,0xff,0x08,0x83,0xff,0x08,0x83,0xff,0x08,0x83,0xff,0x08,0x83,0xff,0x08,0x83,0xff,0x08,0x83,0xff,
    0x08,0x83,0xff,0x08,0x83,0xff,0x08,0x83,0xff,0x08,0x83,0xff,0x08,0x83,0xff,0x08,0x83,0xff,0x08,0x83,0xff,0x08,0x83,0xff,
    0x08,0x83,0xff,0x08,0x83,0xff,0x08,0x83,0xff,0x08,0x83,0xff,0x08,0x83,0xff,0x08,0x83,0xff,0x08,0x83,0xff,0x08,0x83,0xff,
    0x08,0x83,0xff,0x08,0x83,0xff,0x08,0x83,0xff,0x08,0x83,0xff,0x08,0x83,0xff,0x08,0x83,0xff,0x08,0x83,0xff,0x08,0x83,0xff,
    0x08,0x83,0xff,0x08,0x83,0xff,0x08,0x83,0xff,0x08,0x83,0xff,0x08,0x83,0xff,0x02,0x64,0xdc,0x00,0x00,0x00,0x00,0x00,0x00,
    0x00,0x00,0x00,0x00,0x00,0x00,0x02,0x64,0xdc,0x08,0x83,0xff,0x08,0x83,0xff,0x08,0x83,0xff,0x08,0x83,0xff,0x08,0x83,0xff,
    0x08,0x83,0xff,0x08,0x83,0xff,0x08,0x83,0xff,0x08,0x83,0xff,0x08,0x83,0xff,0x08,0x83,0xff,0x08,0x83,0xff,0x08,0x83,0xff,
    0x08,0x83,0xff,0x08,0x83,0xff,0x08,0x83,0xff,0x08,0x83,0xff,0x08,0x83,0xff,0x08,0x83,0xff,0x08,0x83,0xff,0x08,0x83,0xff,
    0x08,0x83,0xff,0x08,0x83,0xff,0x08,0x83,0xff,0x08,0x83,0xff,0x08,0x83,0xff,0x08,0x83,0xff,0x08,0x83,0xff,0x08,0x83,0xff,
    0x08,0x83,0xff,0x08,0x83,0xff,0x08,0x83,0xff,0x08,0x83,0xff,0x08,0x83,0xff,0x08,0x83,0xff,0x08,0x83,0xff,0x08,0x83,0xff,
    0x08,0x83,0xff,0x08,0x83,0xff,0x08,0x83,0xff,0x08,0x83,0xff,0x08,0x83,0xff,0x08,0x83,0xff,0x08,0x83,0xff,0x08,0x83,0xff,
    0x08,0x83,0xff,0x08,0x83,0xff,0x08,0x83,0xff,0x08,0x83,0xff,0x08,0x83,0xff,0x08,0x83,0xff,0x08,0x83,0xff,0x08,0x83,0xff,
    0x08,0x83,0xff,0x08,0x83,0xff,0x08,0x83,0xff,0x08,0x83,0xff,0x08,0x83,0xff,0x08,0x83,0xff,0x08,0x83,0xff,0x08,0x83,0xff,
    0x08,0x83,0xff,0x08,0x83,0xff,0x08,0x83,0xff,0x08,0x83,0xff,0x08,0x83,0xff,0x08,0x83,0xff,0x08,0x83,0xff,0x08,0x83,0xff,
    0x08,0x83,0xff,0x08,0x83,0xff,0x08,0x83,0xff,0x08,0x83,0xff,0x08,0x83,0xff,0x08,0x83,0xff,0x08,0x83,0xff,0x08,0x83,0xff,
    0x08,0x83,0xff,0x08,0x83,0xff,0x08,0x83,0xff,0x08,0x83,0xff,0x08,0x83,0xff,0x08,0x83,0xff,0x08,0x83,0xff,0x08,0x83,0xff,
    0x08,0x83,0xff,0x08,0x83,0xff,0x08,0x83,0xff,0x08,0x83,0xff,0x08,0x83,0xff,0x08,0x83,0xff,0x08,0x83,0xff,0x08,0x83,0xff,
    0x08,0x83,0xff,0x08,0x83,0xff,0x08,0x83,0xff,0x08,0x83,0xff,0x08,0x83,0xff,0x08,0x83,0xff,0x08,0x83,0xff,0x08,0x83,0xff,
    0x08,0x83,0xff,0x08,0x83,0xff,0x08,0x83,0xff,0x08,0x83,0xff,0x08,0x83,0xff,0x08,0x83,0xff,0x08,0x83,0xff,0x08,0x83,0xff,
    0x08,0x83,0xff,0x08,0x83,0xff,0x08,0x83,0xff,0x08,0x83,0xff,0x08,0x83,0xff,0x08,0x83,0xff,0x08,0x83,0xff,0x08,0x83,0xff,
    0x08,0x83,0xff,0x08,0x83,0xff,0x08,0x83,0xff,0x08,0x83,0xff,0x08,0x83,0xff,0x08,0x83,0xff,0x08,0x83,0xff,0x08,0x83,0xff,
    0x08,0x83,0xff,0x08,0x83,0xff,0x08,0x83,0xff,0x08,0x83,0xff,0x08,0x83,0xff,0x02,0x64,0xdc,0x00,0x00,0x00,0x00,0x00,0x00,
    0x00,0x00,0x00,0x00,0x00,0x00,0x02,0x64,0xdc,0x08,0x83,0xff,0x08,0x83,0xff,0x08,0x83,0xff,0x08,0x83,0xff,0x08,0x83,0xff,
    0x08,0x83,0xff,0x08,0x83,0xff,0x08,0x83,0xff,0x08,0x83,0xff,0x08,0x83,0xff,0x08,0x83,0xff,0x08,0x83,0xff,0x08,0x83,0xff,
    0x08,0x83,0xff,0x08,0x83,0xff,0x08,0x83,0xff,0x08,0x83,0xff,0x08,0x83,0xff,0x08,0x83,0xff,0x08,0x83,0xff,0x08,0x83,0xff,
    0x08,0x83,0xff,0x08,0x83,0xff,0x08,0x83,0xff,0x08,0x83,0xff,0x08,0x83,0xff,0x08,0x83,0xff,0x08,0x83,0xff,0x08,0x83,0xff,
    0x08,0x83,0xff,0x08,0x83,0xff,0x08,0x83,0xff,0x08,0x83,0xff,0x08,0x83,0xff,0x08,0x83,0xff,0x08,0x83,0xff,0x08,0x83,0xff,
    0x08,0x83,0xff,0x08,0x83,0xff,0x08,0x83,0xff,0x08,0x83,0xff,0x08,0x83,0xff,0x08,0x83,0xff,0x08,0x83,0xff,0x08,0x83,0xff,
    0x08,0x83,0xff,0x08,0x83,0xff,0x08,0x83,0xff,0x08,0x83,0xff,0x08,0x83,0xff,0x08,0x83,0xff,0x08,0x83,0xff,0x08,0x83,0xff,
    0x08,0x83,0xff,0x08,0x83,0xff,0x08,0x83,0xff,0x08,0x83,0xff,0x08,0x83,0xff,0x08,0x83,0xff,0x08,0x83,0xff,0x08,0x83,0xff,
    0x08,0x83,0xff,0x08,0x83,0xff,0x08,0x83,0xff,0x08,0x83,0xff,0x08,0x83,0xff,0x08,0x83,0xff,0x08,0x83,0xff,0x08,0x83,0xff,
    0x08,0x83,0xff,0x08,0x83,0xff,0x08,0x83,0xff,0x08,0x83,0xff,0x08,0x83,0xff,0x08,0x83,0xff,0x08,0x83,0xff,0x08,0x83,0xff,
    0x08,0x83,0xff,0x08,0x83,0xff,0x08,0x83,0xff,0x08,0x83,0xff,0x08,0x83,0xff,0x08,0x83,0xff,0x08,0x83,0xff,0x08,0x83,0xff,
    0x08,0x83,0xff,0x08,0x83,0xff,0x08,0x83,0xff,0x08,0x83,0xff,0x08,0x83,0xff,0x08,0x83,0xff,0x08,0x83,0xff,0x08,0x83,0xff,
    0x08,0x83,0xff,0x08,0x83,0xff,0x08,0x83,0xff,0x08,0x83,0xff,0x08,0x83,0xff,0x08,0x83,0xff,0x08,0x83,0xff,0x08,0x83,0xff,
    0x08,0x83,0xff,0x08,0x83,0xff,0x08,0x83,0xff,0x08,0x83,0xff,0x08,0x83,0xff,0x08,0x83,0xff,0x08,0x83,0xff,0x08,0x83,0xff,
    0x08,0x83,0xff,0x08,0x83,0xff,0x08,0x83,0xff,0x08,0x83,0xff,0x08,0x83,0xff,0x08,0x83,0xff,0x08,0x83,0xff,0x08,0x83,0xff,
    0x08,0x83,0xff,0x08,0x83,0xff,0x08,0x83,0xff,0x08,0x83,0xff,0x08,0x83,0xff,0x08,0x83,0xff,0x08,0x83,0xff,0x08,0x83,0xff,
    0x08,0x83,0xff,0x08,0x83,0xff,0x08,0x83,0xff,0x08,0x83,0xff,0x08,0x83,0xff,0x02,0x64,0xdc,0x00,0x00,0x00,0x00,0x00,0x00,
    0x00,0x00,0x00,0x00,0x00,0x00,0x02,0x64,0xdc,0x08,0x83,0xff,0x08,0x83,0xff,0x08,0x83,0xff,0x08,0x83,0xff,0x08,0x83,0xff,
    0x08,0x83,0xff,0x08,0x83,0xff,0x08,0x83,0xff,0x08,0x83,0xff,0x08,0x83,0xff,0x08,0x83,0xff,0x08,0x83,0xff,0x08,0x83,0xff,
    0x08,0x83,0xff,0x08,0x83,0xff,0x08,0x83,0xff,0x08,0x83,0xff,0x08,0x83,0xff,0x08,0x83,0xff,0x08,0x83,0xff,0x08,0x83,0xff,
    0x08,0x83,0xff,0x08,0x83,0xff,0x08,0x83,0xff,0x08,0x83,0xff,0x08,0x83,0xff,0x08,0x83,0xff,0x08,0x83,0xff,0x08,0x83,0xff,
    0x08,0x83,0xff,0x08,0x83,0xff,0x08,0x83,0xff,0x08,0x83,0xff,0x08,0x83,0xff,0x08,0x83,0xff,0x08,0x83,0xff,0x08,0x83,0xff,
    0x08,0x83,0xff,0x08,0x83,0xff,0x08,0x83,0xff,0x08,0x83,0xff,0x08,0x83,0xff,0x08,0x83,0xff,0x08,0x83,0xff,0x08,0x83,0xff,
    0x08,0x83,0xff,0x08,0x83,0xff,0x08,0x83,0xff,0x08,0x83,0xff,0x08,0x83,0xff,0x08,0x83,0xff,0x08,0x83,0xff,0x08,0x83,0xff,
    0x08,0x83,0xff,0x08,0x83,0xff,0x08,0x83,0xff,0x08,0x83,0xff,0x08,0x83,0xff,0x08,0x83,0xff,0x08,0x83,0xff,0x08,0x83,0xff,
    0x08,0x83,0xff,0x08,0x83,0xff,0x08,0x83,0xff,0x08,0x83,0xff,0x08,0x83,0xff,0x08,0x83,0xff,0x08,0x83,0xff,0x08,0x83,0xff,
    0x08,0x83,0xff,0x08,0x83,0xff,0x08,0x83,0xff,0x08,0x83,0xff,0x08,0x83,0xff,0x08,0x83,0xff,0x08,0x83,0xff,0x08,0x83,0xff,
    0x08,0x83,0xff,0x08,0x83,0xff,0x08,0x83,0xff,0x08,0x83,0xff,0x08,0x83,0xff,0x08,0x83,0xff,0x08,0x83,0xff,0x08,0x83,0xff,
    0x08,0x83,0xff,0x08,0x83,0xff,0x08,0x83,0xff,0x08,0x83,0xff,0x08,0x83,0xff,0x08,0x83,0xff,0x08,0x83,0xff,0x08,0x83,0xff,
    0x08,0x83,0xff,0x08,0x83,0xff,0x08,0x83,0xff,0x08,0x83,0xff,0x08,0x83,0xff,0x08,0x83,0xff,0x08,0x83,0xff,0x08,0x83,0xff,
    0x08,0x83,0xff,0x08,0x83,0xff,0x08,0x83,0xff,0x08,0x83,0xff,0x08,0x83,0xff,0x08,0x83,0xff,0x08,0x83,0xff,0x08,0x83,0xff,
    0x08,0x83,0xff,0x08,0x83,0xff,0x08,0x83,0xff,0x08,0x83,0xff,0x08,0x83,0xff,0x08,0x83,0xff,0x08,0x83,0xff,0x08,0x83,0xff,
    0x08,0x83,0xff,0x08,0x83,0xff,0x08,0x83,0xff,0x08,0x83,0xff,0x08,0x83,0xff,0x08,0x83,0xff,0x08,0x83,0xff,0x08,0x83,0xff,
    0x08,0x83,0xff,0x08,0x83,0xff,0x08,0x83,0xff,0x08,0x83,0xff,0x08,0x83,0xff,0x02,0x64,0xdc,0x00,0x00,0x00,0x00,0x00,0x00,
    0x00,0x00,0x00,0x00,0x00,0x00,0x02,0x64,0xdc,0x08,0x83,0xff,0x08,0x83,0xff,0x08,0x83,0xff,0x08,0x83,0xff,0x08,0x83,0xff,
    0x08,0x83,0xff,0x08,0x83,0xff,0x08,0x83,0xff,0x08,0x83,0xff,0x08,0x83,0xff,0x08,0x83,0xff,0x08,0x83,0xff,0x08,0x83,0xff,
    0x08,0x83,0xff,0x08,0x83,0xff,0x08,0x83,0xff,0x08,0x83,0xff,0x08,0x83,0xff,0x08,0x83,0xff,0x08,0x83,0xff,0x08,0x83,0xff,
    0x08,0x83,0xff,0x08,0x83,0xff,0x08,0x83,0xff,0x08,0x83,0xff,0x08,0x83,0xff,0x08,0x83,0xff,0x08,0x83,0xff,0x08,0x83,0xff,
    0x08,0x83,0xff,0x08,0x83,0xff,0x08,0x83,0xff,0x08,0x83,0xff,0x08,0x83,0xff,0x08,0x83,0xff,0x08,0x83,0xff,0x08,0x83,0xff,
    0x08,0x83,0xff,0x08,0x83,0xff,0x08,0x83,0xff,0x08,0x83,0xff,0x08,0x83,0xff,0x08,0x83,0xff,0x08,0x83,0xff,0x08,0x83,0xff,
    0x08,0x83,0xff,0x08,0x83,0xff,0x08,0x83,0xff,0x08,0x83,0xff,0x08,0x83,0xff,0x08,0x83,0xff,0x08,0x83,0xff,0x08,0x83,0xff,
    0x08,0x83,0xff,0x08,0x83,0xff,0x08,0x83,0xff,0x08,0x83,0xff,0x08,0x83,0xff,0x08,0x83,0xff,0x08,0x83,0xff,0x08,0x83,0xff,
    0x08,0x83,0xff,0x08,0x83,0xff,0x08,0x83,0xff,0x08,0x83,0xff,0x08,0x83,0xff,0x08,0x83,0xff,0x08,0x83,0xff,0x08,0x83,0xff,
    0x08,0x83,0xff,0x08,0x83,0xff,0x08,0x83,0xff,0x08,0x83,0xff,0x08,0x83,0xff,0x08,0x83,0xff,0x08,0x83,0xff,0x08,0x83,0xff,
    0x08,0x83,0xff,0x08,0x83,0xff,0x08,0x83,0xff,0x08,0x83,0xff,0x08,0x83,0xff,0x08,0x83,0xff,0x08,0x83,0xff,0x08,0x83,0xff,
    0x08,0x83,0xff,0x08,0x83,0xff,0x08,0x83,0xff,0x08,0x83,0xff,0x08,0x83,0xff,0x08,0x83,0xff,0x08,0x83,0xff,0x08,0x83,0xff,
    0x08,0x83,0xff,0x08,0x83,0xff,0x08,0x83,0xff,0x08,0x83,0xff,0x08,0x83,0xff,0x08,0x83,0xff,0x08,0x83,0xff,0x08,0x83,0xff,
    0x08,0x83,0xff,0x08,0x83,0xff,0x08,0x83,0xff,0x08,0x83,0xff,0x08,0x83,0xff,0x08,0x83,0xff,0x08,0x83,0xff,0x08,0x83,0xff,
    0x08,0x83,0xff,0x08,0x83,0xff,0x08,0x83,0xff,0x08,0x83,0xff,0x08,0x83,0xff,0x08,0x83,0xff,0x08,0x83,0xff,0x08,0x83,0xff,
    0x08,0x83,0xff,0x08,0x83,0xff,0x08,0x83,0xff,0x08,0x83,0xff,0x08,0x83,0xff,0x08,0x83,0xff,0x08,0x83,0xff,0x08,0x83,0xff,
    0x08,0x83,0xff,0x08,0x83,0xff,0x08,0x83,0xff,0x08,0x83,0xff,0x08,0x83,0xff,0x02,0x64,0xdc,0x00,0x00,0x00,0x00,0x00,0x00,
    0x00,0x00,0x00,0x00,0x00,0x00,0x02,0x64,0xdc,0x08,0x83,0xff,0x08,0x83,0xff,0x08,0x83,0xff,0x08,0x83,0xff,0x08,0x83,0xff,
    0x08,0x83,0xff,0x08,0x83,0xff,0x08,0x83,0xff,0x08,0x83,0xff,0x08,0x83,0xff,0x08,0x83,0xff,0x08,0x83,0xff,0x08,0x83,0xff,
    0x08,0x83,0xff,0x08,0x83,0xff,0x08,0x83,0xff,0x08,0x83,0xff,0x08,0x83,0xff,0x08,0x83,0xff,0x08,0x83,0xff,0x08,0x83,0xff,
    0x08,0x83,0xff,0x08,0x83,0xff,0x08,0x83,0xff,0x08,0x83,0xff,0x08,0x83,0xff,0x08,0x83,0xff,0x08,0x83,0xff,0x08,0x83,0xff,
    0x08,0x83,0xff,0x08,0x83,0xff,0x08,0x83,0xff,0x08,0x83,0xff,0x08,0x83,0xff,0x08,0x83,0xff,0x08,0x83,0xff,0x08,0x83,0xff,
    0x08,0x83,0xff,0x08,0x83,0xff,0x08,0x83,0xff,0x08,0x83,0xff,0x08,0x83,0xff,0x08,0x83,0xff,0x08,0x83,0xff,0x08,0x83,0xff,
    0x08,0x83,0xff,0x08,0x83,0xff,0x08,0x83,0xff,0x08,0x83,0xff,0x08,0x83,0xff,0x08,0x83,0xff,0x08,0x83,0xff,0x08,0x83,0xff,
    0x08,0x83,0xff,0x08,0x83,0xff,0x08,0x83,0xff,0x08,0x83,0xff,0x08,0x83,0xff,0x08,0x83,0xff,0x08,0x83,0xff,0x08,0x83,0xff,
    0x08,0x83,0xff,0x08,0x83,0xff,0x08,0x83,0xff,0x08,0x83,0xff,0x08,0x83,0xff,0x08,0x83,0xff,0x08,0x83,0xff,0x08,0x83,0xff,
    0x08,0x83,0xff,0x08,0x83,0xff,0x08,0x83,0xff,0x08,0x83,0xff,0x08,0x83,0xff,0x08,0x83,0xff,0x08,0x83,0xff,0x08,0x83,0xff,
    0x08,0x83,0xff,0x08,0x83,0xff,0x08,0x83,0xff,0x08,0x83,0xff,0x08,0x83,0xff,0x08,0x83,0xff,0x08,0x83,0xff,0x08,0x83,0xff,
    0x08,0x83,0xff,0x08,0x83,0xff,0x08,0x83,0xff,0x08,0x83,0xff,0x08,0x83,0xff,0x08,0x83,0xff,0x08,0x83,0xff,0x08,0x83,0xff,
    0x08,0x83,0xff,0x08,0x83,0xff,0x08,0x83,0xff,0x08,0x83,0xff,0x08,0x83,0xff,0x08,0x83,0xff,0x08,0x83,0xff,0x08,0x83,0xff,
    0x08,0x83,0xff,0x08,0x83,0xff,0x08,0x83,0xff,0x08,0x83,0xff,0x08,0x83,0xff,0x08,0x83,0xff,0x08,0x83,0xff,0x08,0x83,0xff,
    0x08,0x83,0xff,0x08,0x83,0xff,0x08,0x83,0xff,0x08,0x83,0xff,0x08,0x83,0xff,0x08,0x83,0xff,0x08,0x83,0xff,0x08,0x83,0xff,
    0x08,0x83,0xff,0x08,0x83,0xff,0x08,0x83,0xff,0x08,0x83,0xff,0x08,0x83,0xff,0x08,0x83,0xff,0x08,0x83,0xff,0x08,0x83,0xff,
    0x08,0x83,0xff,0x08,0x83,0xff,0x08,0x83,0xff,0x08,0x83,0xff,0x08,0x83,0xff,0x02,0x64,0xdc,0x00,0x00,0x00,0x00,0x00,0x00,
    0x00,0x00,0x00,0x00,0x00,0x00,0x02,0x64,0xdc,0x08,0x83,0xff,0x08,0x83,0xff,0x08,0x83,0xff,0x08,0x83,0xff,0x08,0x83,0xff,
    0x08,0x83,0xff,0x08,0x83,0xff,0x08,0x83,0xff,0x08,0x83,0xff,0x08,0x83,0xff,0x08,0x83,0xff,0x08,0x83,0xff,0x08,0x83,0xff,
    0x08,0x83,0xff,0x08,0x83,0xff,0x08,0x83,0xff,0x08,0x83,0xff,0x08,0x83,0xff,0x08,0x83,0xff,0x08,0x83,0xff,0x08,0x83,0xff,
    0x08,0x83,0xff,0x08,0x83,0xff,0x08,0x83,0xff,0x08,0x83,0xff,0x08,0x83,0xff,0x08,0x83,0xff,0x08,0x83,0xff,0x08,0x83,0xff,
    0x08,0x83,0xff,0x08,0x83,0xff,0x08,0x83,0xff,0x08,0x83,0xff,0x08,0x83,0xff,0x08,0x83,0xff,0x08,0x83,0xff,0x08,0x83,0xff,
    0x08,0x83,0xff,0x08,0x83,0xff,0x08,0x83,0xff,0x08,0x83,0xff,0x08,0x83,0xff,0x08,0x83,0xff,0x08,0x83,0xff,0x08,0x83,0xff,
    0x08,0x83,0xff,0x08,0x83,0xff,0x08,0x83,0xff,0x08,0x83,0xff,0x08,0x83,0xff,0x08,0x83,0xff,0x08,0x83,0xff,0x08,0x83,0xff,
    0x08,0x83,0xff,0x08,0x83,0xff,0x08,0x83,0xff,0x08,0x83,0xff,0x08,0x83,0xff,0x08,0x83,0xff,0x08,0x83,0xff,0x08,0x83,0xff,
    0x08,0x83,0xff,0x08,0x83,0xff,0x08,0x83,0xff,0x08,0x83,0xff,0x08,0x83,0xff,0x08,0x83,0xff,0x08,0x83,0xff,0x08,0x83,0xff,
    0x08,0x83,0xff,0x08,0x83,0xff,0x08,0x83,0xff,0x08,0x83,0xff,0x08,0x83,0xff,0x08,0x83,0xff,0x08,0x83,0xff,0x08,0x83,0xff,
    0x08,0x83,0xff,0x08,0x83,0xff,0x08,0x83,0xff,0x08,0x83,0xff,0x08,0x83,0xff,0x08,0x83,0xff,0x08,0x83,0xff,0x08,0x83,0xff,
    0x08,0x83,0xff,0x08,0x83,0xff,0x08,0x83,0xff,0x08,0x83,0xff,0x08,0x83,0xff,0x08,0x83,0xff,0x08,0x83,0xff,0x08,0x83,0xff,
    0x08,0x83,0xff,0x08,0x83,0xff,0x08,0x83,0xff,0x08,0x83,0xff,0x08,0x83,0xff,0x08,0x83,0xff,0x08,0x83,0xff,0x08,0x83,0xff,
    0x08,0x83,0xff,0x08,0x83,0xff,0x08,0x83,0xff,0x08,0x83,0xff,0x08,0x83,0xff,0x08,0x83,0xff,0x08,0x83,0xff,0x08,0x83,0xff,
    0x08,0x83,0xff,0x08,0x83,0xff,0x08,0x83,0xff,0x08,0x83,0xff,0x08,0x83,0xff,0x08,0x83,0xff,0x08,0x83,0xff,0x08,0x83,0xff,
    0x08,0x83,0xff,0x08,0x83,0xff,0x08,0x83,0xff,0x08,0x83,0xff,0x08,0x83,0xff,0x08,0x83,0xff,0x08,0x83,0xff,0x08,0x83,0xff,
    0x08,0x83,0xff,0x08,0x83,0xff,0x08,0x83,0xff,0x08,0x83,0xff,0x08,0x83,0xff,0x02,0x64,0xdc,0x00,0x00,0x00,0x00,0x00,0x00,
    0x00,0x00,0x00,0x00,0x00,0x00,0x02,0x64,0xdc,0x08,0x83,0xff,0x08,0x83,0xff,0x08,0x83,0xff,0x08,0x83,0xff,0x08,0x83,0xff,
    0x08,0x83,0xff,0x08,0x83,0xff,0x08,0x83,0xff,0x08,0x83,0xff,0x08,0x83,0xff,0x08,0x83,0xff,0x08,0x83,0xff,0x08,0x83,0xff,
    0x08,0x83,0xff,0x08,0x83,0xff,0x08,0x83,0xff,0x08,0x83,0xff,0x08,0x83,0xff,0x08,0x83,0xff,0x08,0x83,0xff,0x08,0x83,0xff,
    0x08,0x83,0xff,0x08,0x83,0xff,0x08,0x83,0xff,0x08,0x83,0xff,0x08,0x83,0xff,0x08,0x83,0xff,0x08,0x83,0xff,0x08,0x83,0xff,
    0x08,0x83,0xff,0x08,0x83,0xff,0x08,0x83,0xff,0x08,0x83,0xff,0x08,0x83,0xff,0x08,0x83,0xff,0x08,0x83,0xff,0x08,0x83,0xff,
    0x08,0x83,0xff,0x08,0x83,0xff,0x08,0x83,0xff,0x08,0x83,0xff,0x08,0x83,0xff,0x08,0x83,0xff,0x08,0x83,0xff,0x08,0x83,0xff,
    0x08,0x83,0xff,0x08,0x83,0xff,0x08,0x83,0xff,0x08,0x83,0xff,0x08,0x83,0xff,0x08,0x83,0xff,0x08,0x83,0xff,0x08,0x83,0xff,
    0x08,0x83,0xff,0x08,0x83,0xff,0x08,0x83,0xff,0x08,0x83,0xff,0x08,0x83,0xff,0x08,0x83,0xff,0x08,0x83,0xff,0x08,0x83,0xff,
    0x08,0x83,0xff,0x08,0x83,0xff,0x08,0x83,0xff,0x08,0x83,0xff,0x08,0x83,0xff,0x08,0x83,0xff,0x08,0x83,0xff,0x08,0x83,0xff,
    0x08,0x83,0xff,0x08,0x83,0xff,0x08,0x83,0xff,0x08,0x83,0xff,0x08,0x83,0xff,0x08,0x83,0xff,0x08,0x83,0xff,0x08,0x83,0xff,
    0x08,0x83,0xff,0x08,0x83,0xff,0x08,0x83,0xff,0x08,0x83,0xff,0x08,0x83,0xff,0x08,0x83,0xff,0x08,0x83,0xff,0x08,0x83,0xff,
    0x08,0x83,0xff,0x08,0x83,0xff,0x08,0x83,0xff,0x08,0x83,0xff,0x08,0x83,0xff,0x08,0x83,0xff,0x08,0x83,0xff,0x08,0x83,0xff,
    0x08,0x83,0xff,0x08,0x83,0xff,0x08,0x83,0xff,0x08,0x83,0xff,0x08,0x83,0xff,0x08,0x83,0xff,0x08,0x83,0xff,0x08,0x83,0xff,
    0x08,0x83,0xff,0x08,0x83,0xff,0x08,0x83,0xff,0x08,0x83,0xff,0x08,0x83,0xff,0x08,0x83,0xff,0x08,0x83,0xff,0x08,0x83,0xff,
    0x08,0x83,0xff,0x08,0x83,0xff,0x08,0x83,0xff,0x08,0x83,0xff,0x08,0x83,0xff,0x08,0x83,0xff,0x08,0x83,0xff,0x08,0x83,0xff,
    0x08,0x83,0xff,0x08,0x83,0xff,0x08,0x83,0xff,0x08,0x83,0xff,0x08,0x83,0xff,0x08,0x83,0xff,0x08,0x83,0xff,0x08,0x83,0xff,
    0x08,0x83,0xff,0x08,0x83,0xff,0x08,0x83,0xff,0x08,0x83,0xff,0x08,0x83,0xff,0x02,0x64,0xdc,0x00,0x00,0x00,0x00,0x00,0x00,
    0x00,0x00,0x00,0x00,0x00,0x00,0x02,0x64,0xdc,0x08,0x83,0xff,0x08,0x83,0xff,0x08,0x83,0xff,0x08,0x83,0xff,0x08,0x83,0xff,
    0x08,0x83,0xff,0x08,0x83,0xff,0x08,0x83,0xff,0x08,0x83,0xff,0x08,0x83,0xff,0x08,0x83,0xff,0x08,0x83,0xff,0x08,0x83,0xff,
    0x08,0x83,0xff,0x08,0x83,0xff,0x08,0x83,0xff,0x08,0x83,0xff,0x08,0x83,0xff,0x08,0x83,0xff,0x08,0x83,0xff,0x08,0x83,0xff,
    0x08,0x83,0xff,0x08,0x83,0xff,0x08,0x83,0xff,0x08,0x83,0xff,0x08,0x83,0xff,0x08,0x83,0xff,0x08,0x83,0xff,0x08,0x83,0xff,
    0x08,0x83,0xff,0x08,0x83,0xff,0x08,0x83,0xff,0x08,0x83,0xff,0x08,0x83,0xff,0x08,0x83,0xff,0x08,0x83,0xff,0x08,0x83,0xff,
    0x08,0x83,0xff,0x08,0x83,0xff,0x08,0x83,0xff,0x08,0x83,0xff,0x08,0x83,0xff,0x08,0x83,0xff,0x08,0x83,0xff,0x08,0x83,0xff,
    0x08,0x83,0xff,0x08,0x83,0xff,0x08,0x83,0xff,0x08,0x83,0xff,0x08,0x83,0xff,0x08,0x83,0xff,0x08,0x83,0xff,0x08,0x83,0xff,
    0x08,0x83,0xff,0x08,0x83,0xff,0x08,0x83,0xff,0x08,0x83,0xff,0x08,0x83,0xff,0x08,0x83,0xff,0x08,0x83,0xff,0x08,0x83,0xff,
    0x08,0x83,0xff,0x08,0x83,0xff,0x08,0x83,0xff,0x08,0x83,0xff,0x08,0x83,0xff,0x08,0x83,0xff,0x08,0x83,0xff,0x08,0x83,0xff,
    0x08,0x83,0xff,0x08,0x83,0xff,0x08,0x83,0xff,0x08,0x83,0xff,0x08,0x83,0xff,0x08,0x83,0xff,0x08,0x83,0xff,0x08,0x83,0xff,
    0x08,0x83,0xff,0x08,0x83,0xff,0x08,0x83,0xff,0x08,0x83,0xff,0x08,0x83,0xff,0x08,0x83,0xff,0x08,0x83,0xff,0x08,0x83,0xff,
    0x08,0x83,0xff,0x08,0x83,0xff,0x08,0x83,0xff,0x08,0x83,0xff,0x08,0x83,0xff,0x08,0x83,0xff,0x08,0x83,0xff,0x08,0x83,0xff,
    0x08,0x83,0xff,0x08,0x83,0xff,0x08,0x83,0xff,0x08,0x83,0xff,0x08,0x83,0xff,0x08,0x83,0xff,0x08,0x83,0xff,0x08,0x83,0xff,
    0x08,0x83,0xff,0x08,0x83,0xff,0x08,0x83,0xff,0x08,0x83,0xff,0x08,0x83,0xff,0x08,0x83,0xff,0x08,0x83,0xff,0x08,0x83,0xff,
    0x08,0x83,0xff,0x08,0x83,0xff,0x08,0x83,0xff,0x08,0x83,0xff,0x08,0x83,0xff,0x08,0x83,0xff,0x08,0x83,0xff,0x08,0x83,0xff,
    0x08,0x83,0xff,0x08,0x83,0xff,0x08,0x83,0xff,0x08,0x83,0xff,0x08,0x83,0xff,0x08,0x83,0xff,0x08,0x83,0xff,0x08,0x83,0xff,
    0x08,0x83,0xff,0x08,0x83,0xff,0x08,0x83,0xff,0x08,0x83,0xff,0x08,0x83,0xff,0x02,0x64,0xdc,0x00,0x00,0x00,0x00,0x00,0x00,
    0x00,0x00,0x00,0x00,0x00,0x00,0x02,0x64,0xdc,0x08,0x83,0xff,0x08,0x83,0xff,0x08,0x83,0xff,0x08,0x83,0xff,0x08,0x83,0xff,
    0x08,0x83,0xff,0x08,0x83,0xff,0x08,0x83,0xff,0x08,0x83,0xff,0x08,0x83,0xff,0x08,0x83,0xff,0x08,0x83,0xff,0x08,0x83,0xff,
    0x08,0x83,0xff,0x08,0x83,0xff,0x08,0x83,0xff,0x08,0x83,0xff,0x08,0x83,0xff,0x08,0x83,0xff,0x08,0x83,0xff,0x08,0x83,0xff,
    0x08,0x83,0xff,0x08,0x83,0xff,0x08,0x83,0xff,0x08,0x83,0xff,0x08,0x83,0xff,0x08,0x83,0xff,0x08,0x83,0xff,0x08,0x83,0xff,
    0x08,0x83,0xff,0x08,0x83,0xff,0x08,0x83,0xff,0x08,0x83,0xff,0x08,0x83,0xff,0x08,0x83,0xff,0x08,0x83,0xff,0x08,0x83,0xff,
    0x08,0x83,0xff,0x08,0x83,0xff,0x08,0x83,0xff,0x08,0x83,0xff,0x08,0x83,0xff,0x08,0x83,0xff,0x08,0x83,0xff,0x08,0x83,0xff,
    0x08,0x83,0xff,0x08,0x83,0xff,0x08,0x83,0xff,0x08,0x83,0xff,0x08,0x83,0xff,0x08,0x83,0xff,0x08,0x83,0xff,0x08,0x83,0xff,
    0x08,0x83,0xff,0x08,0x83,0xff,0x08,0x83,0xff,0x08,0x83,0xff,0x08,0x83,0xff,0x08,0x83,0xff,0x08,0x83,0xff,0x08,0x83,0xff,
    0x08,0x83,0xff,0x08,0x83,0xff,0x08,0x83,0xff,0x08,0x83,0xff,0x08,0x83,0xff,0x08,0x83,0xff,0x08,0x83,0xff,0x08,0x83,0xff,
    0x08,0x83,0xff,0x08,0x83,0xff,0x08,0x83,0xff,0x08,0x83,0xff,0x08,0x83,0xff,0x08,0x83,0xff,0x08,0x83,0xff,0x08,0x83,0xff,
    0x08,0x83,0xff,0x08,0x83,0xff,0x08,0x83,0xff,0x08,0x83,0xff,0x08,0x83,0xff,0x08,0x83,0xff,0x08,0x83,0xff,0x08,0x83,0xff,
    0x08,0x83,0xff,0x08,0x83,0xff,0x08,0x83,0xff,0x08,0x83,0xff,0x08,0x83,0xff,0x08,0x83,0xff,0x08,0x83,0xff,0x08,0x83,0xff,
    0x08,0x83,0xff,0x08,0x83,0xff,0x08,0x83,0xff,0x08,0x83,0xff,0x08,0x83,0xff,0x08,0x83,0xff,0x08,0x83,0xff,0x08,0x83,0xff,
    0x08,0x83,0xff,0x08,0x83,0xff,0x08,0x83,0xff,0x08,0x83,0xff,0x08,0x83,0xff,0x08,0x83,0xff,0x08,0x83,0xff,0x08,0x83,0xff,
    0x08,0x83,0xff,0x08,0x83,0xff,0x08,0x83,0xff,0x08,0x83,0xff,0x08,0x83,0xff,0x08,0x83,0xff,0x08,0x83,0xff,0x08,0x83,0xff,
    0x08,0x83,0xff,0x08,0x83,0xff,0x08,0x83,0xff,0x08,0x83,0xff,0x08,0x83,0xff,0x08,0x83,0xff,0x08,0x83,0xff,0x08,0x83,0xff,
    0x08,0x83,0xff,0x08,0x83,0xff,0x08,0x83,0xff,0x08,0x83,0xff,0x08,0x83,0xff,0x02,0x64,0xdc,0x00,0x00,0x00,0x00,0x00,0x00,
    0x00,0x00,0x00,0x00,0x00,0x00,0x02,0x64,0xdc,0x08,0x83,0xff,0x08,0x83,0xff,0x08,0x83,0xff,0x08,0x83,0xff,0x08,0x83,0xff,
    0x08,0x83,0xff,0x08,0x83,0xff,0x08,0x83,0xff,0x08,0x83,0xff,0x08,0x83,0xff,0x08,0x83,0xff,0x08,0x83,0xff,0x08,0x83,0xff,
    0x08,0x83,0xff,0x08,0x83,0xff,0x08,0x83,0xff,0x08,0x83,0xff,0x08,0x83,0xff,0x08,0x83,0xff,0x08,0x83,0xff,0x08,0x83,0xff,
    0x08,0x83,0xff,0x08,0x83,0xff,0x08,0x83,0xff,0x08,0x83,0xff,0x08,0x83,0xff,0x08,0x83,0xff,0x08,0x83,0xff,0x08,0x83,0xff,
    0x08,0x83,0xff,0x08,0x83,0xff,0x08,0x83,0xff,0x08,0x83,0xff,0x08,0x83,0xff,0x08,0x83,0xff,0x08,0x83,0xff,0x08,0x83,0xff,
    0x08,0x83,0xff,0x08,0x83,0xff,0x08,0x83,0xff,0x08,0x83,0xff,0x08,0x83,0xff,0x08,0x83,0xff,0x08,0x83,0xff,0x08,0x83,0xff,
    0x08,0x83,0xff,0x08,0x83,0xff,0x08,0x83,0xff,0x08,0x83,0xff,0x08,0x83,0xff,0x08,0x83,0xff,0x08,0x83,0xff,0x08,0x83,0xff,
    0x08,0x83,0xff,0x08,0x83,0xff,0x08,0x83,0xff,0x08,0x83,0xff,0x08,0x83,0xff,0x08,0x83,0xff,0x08,0x83,0xff,0x08,0x83,0xff,
    0x08,0x83,0xff,0x08,0x83,0xff,0x08,0x83,0xff,0x08,0x83,0xff,0x08,0x83,0xff,0x08,0x83,0xff,0x08,0x83,0xff,0x08,0x83,0xff,
    0x08,0x83,0xff,0x08,0x83,0xff,0x08,0x83,0xff,0x08,0x83,0xff,0x08,0x83,0xff,0x08,0x83,0xff,0x08,0x83,0xff,0x08,0x83,0xff,
    0x08,0x83,0xff,0x08,0x83,0xff,0x08,0x83,0xff,0x08,0x83,0xff,0x08,0x83,0xff,0x08,0x83,0xff,0x08,0x83,0xff,0x08,0x83,0xff,
    0x08,0x83,0xff,0x08,0x83,0xff,0x08,0x83,0xff,0x08,0x83,0xff,0x08,0x83,0xff,0x08,0x83,0xff,0x08,0x83,0xff,0x08,0x83,0xff,
    0x08,0x83,0xff,0x08,0x83,0xff,0x08,0x83,0xff,0x08,0x83,0xff,0x08,0x83,0xff,0x08,0x83,0xff,0x08,0x83,0xff,0x08,0x83,0xff,
    0x08,0x83,0xff,0x08,0x83,0xff,0x08,0x83,0xff,0x08,0x83,0xff,0x08,0x83,0xff,0x08,0x83,0xff,0x08,0x83,0xff,0x08,0x83,0xff,
    0x08,0x83,0xff,0x08,0x83,0xff,0x08,0x83,0xff,0x08,0x83,0xff,0x08,0x83,0xff,0x08,0x83,0xff,0x08,0x83,0xff,0x08,0x83,0xff,
    0x08,0x83,0xff,0x08,0x83,0xff,0x08,0x83,0xff,0x08,0x83,0xff,0x08,0x83,0xff,0x08,0x83,0xff,0x08,0x83,0xff,0x08,0x83,0xff,
    0x08,0x83,0xff,0x08,0x83,0xff,0x08,0x83,0xff,0x08,0x83,0xff,0x08,0x83,0xff,0x02,0x64,0xdc,0x00,0x00,0x00,0x00,0x00,0x00,
    0x00,0x00,0x00,0x00,0x00,0x00,0x02,0x64,0xdc,0x08,0x83,0xff,0x08,0x83,0xff,0x08,0x83,0xff,0x08,0x83,0xff,0x08,0x83,0xff,
    0x08,0x83,0xff,0x08,0x83,0xff,0x08,0x83,0xff,0x08,0x83,0xff,0x08,0x83,0xff,0x08,0x83,0xff,0x08,0x83,0xff,0x08,0x83,0xff,
    0x08,0x83,0xff,0x08,0x83,0xff,0x08,0x83,0xff,0x08,0x83,0xff,0x08,0x83,0xff,0x08,0x83,0xff,0x08,0x83,0xff,0x08,0x83,0xff,
    0x08,0x83,0xff,0x08,0x83,0xff,0x08,0x83,0xff,0x08,0x83,0xff,0x08,0x83,0xff,0x08,0x83,0xff,0x08,0x83,0xff,0x08,0x83,0xff,
    0x08,0x83,0xff,0x08,0x83,0xff,0x08,0x83,0xff,0x08,0x83,0xff,0x08,0x83,0xff,0x08,0x83,0xff,0x08,0x83,0xff,0x08,0x83,0xff,
    0x08,0x83,0xff,0x08,0x83,0xff,0x08,0x83,0xff,0x08,0x83,0xff,0x08,0x83,0xff,0x08,0x83,0xff,0x08,0x83,0xff,0x08,0x83,0xff,
    0x08,0x83,0xff,0x08,0x83,0xff,0x08,0x83,0xff,0x08,0x83,0xff,0x08,0x83,0xff,0x08,0x83,0xff,0x08,0x83,0xff,0x08,0x83,0xff,
    0x08,0x83,0xff,0x08,0x83,0xff,0x08,0x83,0xff,0x08,0x83,0xff,0x08,0x83,0xff,0x08,0x83,0xff,0x08,0x83,0xff,0x08,0x83,0xff,
    0x08,0x83,0xff,0x08,0x83,0xff,0x08,0x83,0xff,0x08,0x83,0xff,0x08,0x83,0xff,0x08,0x83,0xff,0x08,0x83,0xff,0x08,0x83,0xff,
    0x08,0x83,0xff,0x08,0x83,0xff,0x08,0x83,0xff,0x08,0x83,0xff,0x08,0x83,0xff,0x08,0x83,0xff,0x08,0x83,0xff,0x08,0x83,0xff,
    0x08,0x83,0xff,0x08,0x83,0xff,0x08,0x83,0xff,0x08,0x83,0xff,0x08,0x83,0xff,0x08,0x83,0xff,0x08,0x83,0xff,0x08,0x83,0xff,
    0x08,0x83,0xff,0x08,0x83,0xff,0x08,0x83,0xff,0x08,0x83,0xff,0x08,0x83,0xff,0x08,0x83,0xff,0x08,0x83,0xff,0x08,0x83,0xff,
    0x08,0x83,0xff,0x08,0x83,0xff,0x08,0x83,0xff,0x08,0x83,0xff,0x08,0x83,0xff,0x08,0x83,0xff,0x08,0x83,0xff,0x08,0x83,0xff,
    0x08,0x83,0xff,0x08,0x83,0xff,0x08,0x83,0xff,0x08,0x83,0xff,0x08,0x83,0xff,0x08,0x83,0xff,0x08,0x83,0xff,0x08,0x83,0xff,
    0x08,0x83,0xff,0x08,0x83,0xff,0x08,0x83,0xff,0x08,0x83,0xff,0x08,0x83,0xff,0x08,0x83,0xff,0x08,0x83,0xff,0x08,0x83,0xff,
    0x08,0x83,0xff,0x08,0x83,0xff,0x08,0x83,0xff,0x08,0x83,0xff,0x08,0x83,0xff,0x08,0x83,0xff,0x08,0x83,0xff,0x08,0x83,0xff,
    0x08,0x83,0xff,0x08,0x83,0xff,0x08,0x83,0xff,0x08,0x83,0xff,0x08,0x83,0xff,0x02,0x64,0xdc,0x00,0x00,0x00,0x00,0x00,0x00,
    0x00,0x00,0x00,0x00,0x00,0x00,0x02,0x64,0xdc,0x08,0x83,0xff,0x08,0x83,0xff,0x08,0x83,0xff,0x08,0x83,0xff,0x08,0x83,0xff,
    0x08,0x83,0xff,0x08,0x83,0xff,0x08,0x83,0xff,0x08,0x83,0xff,0x08,0x83,0xff,0x08,0x83,0xff,0x08,0x83,0xff,0x08,0x83,0xff,
    0x08,0x83,0xff,0x08,0x83,0xff,0x08,0x83,0xff,0x08,0x83,0xff,0x08,0x83,0xff,0x08,0x83,0xff,0x08,0x83,0xff,0x08,0x83,0xff,
    0x08,0x83,0xff,0x08,0x83,0xff,0x08,0x83,0xff,0x08,0x83,0xff,0x08,0x83,0xff,0x08,0x83,0xff,0x08,0x83,0xff,0x08,0x83,0xff,
    0x08,0x83,0xff,0x08,0x83,0xff,0x08,0x83,0xff,0x08,0x83,0xff,0x08,0x83,0xff,0x08,0x83,0xff,0x08,0x83,0xff,0x08,0x83,0xff,
    0x08,0x83,0xff,0x08,0x83,0xff,0x08,0x83,0xff,0x08,0x83,0xff,0x08,0x83,0xff,0x08,0x83,0xff,0x08,0x83,0xff,0x08,0x83,0xff,
    0x08,0x83,0xff,0x08,0x83,0xff,0x08,0x83,0xff,0x08,0x83,0xff,0x08,0x83,0xff,0x08,0x83,0xff,0x08,0x83,0xff,0x08,0x83,0xff,
    0x08,0x83,0xff,0x08,0x83,0xff,0x08,0x83,0xff,0x08,0x83,0xff,0x08,0x83,0xff,0x08,0x83,0xff,0x08,0x83,0xff,0x08,0x83,0xff,
    0x08,0x83,0xff,0x08,0x83,0xff,0x08,0x83,0xff,0x08,0x83,0xff,0x08,0x83,0xff,0x08,0x83,0xff,0x08,0x83,0xff,0x08,0x83,0xff,
    0x08,0x83,0xff,0x08,0x83,0xff,0x08,0x83,0xff,0x08,0x83,0xff,0x08,0x83,0xff,0x08,0x83,0xff,0x08,0x83,0xff,0x08,0x83,0xff,
    0x08,0x83,0xff,0x08,0x83,0xff,0x08,0x83,0xff,0x08,0x83,0xff,0x08,0x83,0xff,0x08,0x83,0xff,0x08,0x83,0xff,0x08,0x83,0xff,
    0x08,0x83,0xff,0x08,0x83,0xff,0x08,0x83,0xff,0x08,0x83,0xff,0x08,0x83,0xff,0x08,0x83,0xff,0x08,0x83,0xff,0x08,0x83,0xff,
    0x08,0x83,0xff,0x08,0x83,0xff,0x08,0x83,0xff,0x08,0x83,0xff,0x08,0x83,0xff,0x08,0x83,0xff,0x08,0x83,0xff,0x08,0x83,0xff,
    0x08,0x83,0xff,0x08,0x83,0xff,0x08,0x83,0xff,0x08,0x83,0xff,0x08,0x83,0xff,0x08,0x83,0xff,0x08,0x83,0xff,0x08,0x83,0xff,
    0x08,0x83,0xff,0x08,0x83,0xff,0x08,0x83,0xff,0x08,0x83,0xff,0x08,0x83,0xff,0x08,0x83,0xff,0x08,0x83,0xff,0x08,0x83,0xff,
    0x08,0x83,0xff,0x08,0x83,0xff,0x08,0x83,0xff,0x08,0x83,0xff,0x08,0x83,0xff,0x08,0x83,0xff,0x08,0x83,0xff,0x08,0x83,0xff,
    0x08,0x83,0xff,0x08,0x83,0xff,0x08,0x83,0xff,0x08,0x83,0xff,0x08,0x83,0xff,0x02,0x64,0xdc,0x00,0x00,0x00,0x00,0x00,0x00,
    0x00,0x00,0x00,0x00,0x00,0x00,0x02,0x64,0xdc,0x08,0x83,0xff,0x08,0x83,0xff,0x08,0x83,0xff,0x08,0x83,0xff,0x08,0x83,0xff,
    0x08,0x83,0xff,0x08,0x83,0xff,0x08,0x83,0xff,0x08,0x83,0xff,0x08,0x83,0xff,0x08,0x83,0xff,0x08,0x83,0xff,0x08,0x83,0xff,
    0x08,0x83,0xff,0x08,0x83,0xff,0x08,0x83,0xff,0x08,0x83,0xff,0x08,0x83,0xff,0x08,0x83,0xff,0x08,0x83,0xff,0x08,0x83,0xff,
    0x08,0x83,0xff,0x08,0x83,0xff,0x08,0x83,0xff,0x08,0x83,0xff,0x08,0x83,0xff,0x08,0x83,0xff,0x08,0x83,0xff,0x08,0x83,0xff,
    0x08,0x83,0xff,0x08,0x83,0xff,0x08,0x83,0xff,0x08,0x83,0xff,0x08,0x83,0xff,0x08,0x83,0xff,0x08,0x83,0xff,0x08,0x83,0xff,
    0x08,0x83,0xff,0x08,0x83,0xff,0x08,0x83,0xff,0x08,0x83,0xff,0x08,0x83,0xff,0x08,0x83,0xff,0x08,0x83,0xff,0x08,0x83,0xff,
    0x08,0x83,0xff,0x08,0x83,0xff,0x08,0x83,0xff,0x08,0x83,0xff,0x08,0x83,0xff,0x08,0x83,0xff,0x08,0x83,0xff,0x08,0x83,0xff,
    0x08,0x83,0xff,0x08,0x83,0xff,0x08,0x83,0xff,0x08,0x83,0xff,0x08,0x83,0xff,0x08,0x83,0xff,0x08,0x83,0xff,0x08,0x83,0xff,
    0x08,0x83,0xff,0x08,0x83,0xff,0x08,0x83,0xff,0x08,0x83,0xff,0x08,0x83,0xff,0x08,0x83,0xff,0x08,0x83,0xff,0x08,0x83,0xff,
    0x08,0x83,0xff,0x08,0x83,0xff,0x08,0x83,0xff,0x08,0x83,0xff,0x08,0x83,0xff,0x08,0x83,0xff,0x08,0x83,0xff,0x08,0x83,0xff,
    0x08,0x83,0xff,0x08,0x83,0xff,0x08,0x83,0xff,0x08,0x83,0xff,0x08,0x83,0xff,0x08,0x83,0xff,0x08,0x83,0xff,0x08,0x83,0xff,
    0x08,0x83,0xff,0x08,0x83,0xff,0x08,0x83,0xff,0x08,0x83,0xff,0x08,0x83,0xff,0x08,0x83,0xff,0x08,0x83,0xff,0x08,0x83,0xff,
    0x08,0x83,0xff,0x08,0x83,0xff,0x08,0x83,0xff,0x08,0x83,0xff,0x08,0x83,0xff,0x08,0x83,0xff,0x08,0x83,0xff,0x08,0x83,0xff,
    0x08,0x83,0xff,0x08,0x83,0xff,0x08,0x83,0xff,0x08,0x83,0xff,0x08,0x83,0xff,0x08,0x83,0xff,0x08,0x83,0xff,0x08,0x83,0xff,
    0x08,0x83,0xff,0x08,0x83,0xff,0x08,0x83,0xff,0x08,0x83,0xff,0x08,0x83,0xff,0x08,0x83,0xff,0x08,0x83,0xff,0x08,0x83,0xff,
    0x08,0x83,0xff,0x08,0x83,0xff,0x08,0x83,0xff,0x08,0x83,0xff,0x08,0x83,0xff,0x08,0x83,0xff,0x08,0x83,0xff,0x08,0x83,0xff,
    0x08,0x83,0xff,0x08,0x83,0xff,0x08,0x83,0xff,0x08,0x83,0xff,0x08,0x83,0xff,0x02,0x64,0xdc,0x00,0x00,0x00,0x00,0x00,0x00,
    0x00,0x00,0x00,0x00,0x00,0x00,0x02,0x64,0xdc,0x08,0x83,0xff,0x08,0x83,0xff,0x08,0x83,0xff,0x08,0x83,0xff,0x08,0x83,0xff,
    0x08,0x83,0xff,0x08,0x83,0xff,0x08,0x83,0xff,0x08,0x83,0xff,0x08,0x83,0xff,0x08,0x83,0xff,0x08,0x83,0xff,0x08,0x83,0xff,
    0x08,0x83,0xff,0x08,0x83,0xff,0x08,0x83,0xff,0x08,0x83,0xff,0x08,0x83,0xff,0x08,0x83,0xff,0x08,0x83,0xff,0x08,0x83,0xff,
    0x08,0x83,0xff,0x08,0x83,0xff,0x08,0x83,0xff,0x08,0x83,0xff,0x08,0x83,0xff,0x08,0x83,0xff,0x08,0x83,0xff,0x08,0x83,0xff,
    0x08,0x83,0xff,0x08,0x83,0xff,0x08,0x83,0xff,0x08,0x83,0xff,0x08,0x83,0xff,0x08,0x83,0xff,0x08,0x83,0xff,0x08,0x83,0xff,
    0x08,0x83,0xff,0x08,0x83,0xff,0x08,0x83,0xff,0x08,0x83,0xff,0x08,0x83,0xff,0x08,0x83,0xff,0x08,0x83,0xff,0x08,0x83,0xff,
    0x08,0x83,0xff,0x08,0x83,0xff,0x08,0x83,0xff,0x08,0x83,0xff,0x08,0x83,0xff,0x08,0x83,0xff,0x08,0x83,0xff,0x08,0x83,0xff,
    0x08,0x83,0xff,0x08,0x83,0xff,0x08,0x83,0xff,0x08,0x83,0xff,0x08,0x83,0xff,0x08,0x83,0xff,0x08,0x83,0xff,0x08,0x83,0xff,
    0x08,0x83,0xff,0x08,0x83,0xff,0x08,0x83,0xff,0x08,0x83,0xff,0x08,0x83,0xff,0x08,0x83,0xff,0x08,0x83,0xff,0x08,0x83,0xff,
    0x08,0x83,0xff,0x08,0x83,0xff,0x08,0x83,0xff,0x08,0x83,0xff,0x08,0x83,0xff,0x08,0x83,0xff,0x08,0x83,0xff,0x08,0x83,0xff,
    0x08,0x83,0xff,0x08,0x83,0xff,0x08,0x83,0xff,0x08,0x83,0xff,0x08,0x83,0xff,0x08,0x83,0xff,0x08,0x83,0xff,0x08,0x83,0xff,
    0x08,0x83,0xff,0x08,0x83,0xff,0x08,0x83,0xff,0x08,0x83,0xff,0x08,0x83,0xff,0x08,0x83,0xff,0x08,0x83,0xff,0x08,0x83,0xff,
    0x08,0x83,0xff,0x08,0x83,0xff,0x08,0x83,0xff,0x08,0x83,0xff,0x08,0x83,0xff,0x08,0x83,0xff,0x08,0x83,0xff,0x08,0x83,0xff,
    0x08,0x83,0xff,0x08,0x83,0xff,0x08,0x83,0xff,0x08,0x83,0xff,0x08,0x83,0xff,0x08,0x83,0xff,0x08,0x83,0xff,0x08,0x83,0xff,
    0x08,0x83,0xff,0x08,0x83,0xff,0x08,0x83,0xff,0x08,0x83,0xff,0x08,0x83,0xff,0x08,0x83,0xff,0x08,0x83,0xff,0x08,0x83,0xff,
    0x08,0x83,0xff,0x08,0x83,0xff,0x08,0x83,0xff,0x08,0x83,0xff,0x08,0x83,0xff,0x08,0x83,0xff,0x08,0x83,0xff,0x08,0x83,0xff,
    0x08,0x83,0xff,0x08,0x83,0xff,0x08,0x83,0xff,0x08,0x83,0xff,0x08,0x83,0xff,0x02,0x64,0xdc,0x00,0x00,0x00,0x00,0x00,0x00,
    0x00,0x00,0x00,0x00,0x00,0x00,0x02,0x64,0xdc,0x08,0x83,0xff,0x08,0x83,0xff,0x08,0x83,0xff,0x08,0x83,0xff,0x08,0x83,0xff,
    0x08,0x83,0xff,0x08,0x83,0xff,0x08,0x83,0xff,0x08,0x83,0xff,0x08,0x83,0xff,0x08,0x83,0xff,0x08,0x83,0xff,0x08,0x83,0xff,
    0x08,0x83,0xff,0x08,0x83,0xff,0x08,0x83,0xff,0x08,0x83,0xff,0x08,0x83,0xff,0x08,0x83,0xff,0x08,0x83,0xff,0x08,0x83,0xff,
    0x08,0x83,0xff,0x08,0x83,0xff,0x08,0x83,0xff,0x08,0x83,0xff,0x08,0x83,0xff,0x08,0x83,0xff,0x08,0x83,0xff,0x08,0x83,0xff,
    0x08,0x83,0xff,0x08,0x83,0xff,0x08,0x83,0xff,0x08,0x83,0xff,0x08,0x83,0xff,0x08,0x83,0xff,0x08,0x83,0xff,0x08,0x83,0xff,
    0x08,0x83,0xff,0x08,0x83,0xff,0x08,0x83,0xff,0x08,0x83,0xff,0x08,0x83,0xff,0x08,0x83,0xff,0x08,0x83,0xff,0x08,0x83,0xff,
    0x08,0x83,0xff,0x08,0x83,0xff,0x08,0x83,0xff,0x08,0x83,0xff,0x08,0x83,0xff,0x08,0x83,0xff,0x08,0x83,0xff,0x08,0x83,0xff,
    0x08,0x83,0xff,0x08,0x83,0xff,0x08,0x83,0xff,0x08,0x83,0xff,0x08,0x83,0xff,0x08,0x83,0xff,0x08,0x83,0xff,0x08,0x83,0xff,
    0x08,0x83,0xff,0x08,0x83,0xff,0x08,0x83,0xff,0x08,0x83,0xff,0x08,0x83,0xff,0x08,0x83,0xff,0x08,0x83,0xff,0x08,0x83,0xff,
    0x08,0x83,0xff,0x08,0x83,0xff,0x08,0x83,0xff,0x08,0x83,0xff,0x08,0x83,0xff,0x08,0x83,0xff,0x08,0x83,0xff,0x08,0x83,0xff,
    0x08,0x83,0xff,0x08,0x83,0xff,0x08,0x83,0xff,0x08,0x83,0xff,0x08,0x83,0xff,0x08,0x83,0xff,0x08,0x83,0xff,0x08,0x83,0xff,
    0x08,0x83,0xff,0x08,0x83,0xff,0x08,0x83,0xff,0x08,0x83,0xff,0x08,0x83,0xff,0x08,0x83,0xff,0x08,0x83,0xff,0x08,0x83,0xff,
    0x08,0x83,0xff,0x08,0x83,0xff,0x08,0x83,0xff,0x08,0x83,0xff,0x08,0x83,0xff,0x08,0x83,0xff,0x08,0x83,0xff,0x08,0x83,0xff,
    0x08,0x83,0xff,0x08,0x83,0xff,0x08,0x83,0xff,0x08,0x83,0xff,0x08,0x83,0xff,0x08,0x83,0xff,0x08,0x83,0xff,0x08,0x83,0xff,
    0x08,0x83,0xff,0x08,0x83,0xff,0x08,0x83,0xff,0x08,0x83,0xff,0x08,0x83,0xff,0x08,0x83,0xff,0x08,0x83,0xff,0x08,0x83,0xff,
    0x08,0x83,0xff,0x08,0x83,0xff,0x08,0x83,0xff,0x08,0x83,0xff,0x08,0x83,0xff,0x08,0x83,0xff,0x08,0x83,0xff,0x08,0x83,0xff,
    0x08,0x83,0xff,0x08,0x83,0xff,0x08,0x83,0xff,0x08,0x83,0xff,0x08,0x83,0xff,0x02,0x64,0xdc,0x00,0x00,0x00,0x00,0x00,0x00,
    0x00,0x00,0x00,0x00,0x00,0x00,0x02,0x64,0xdc,0x08,0x83,0xff,0x08,0x83,0xff,0x08,0x83,0xff,0x08,0x83,0xff,0x08,0x83,0xff,
    0x08,0x83,0xff,0x08,0x83,0xff,0x08,0x83,0xff,0x08,0x83,0xff,0x08,0x83,0xff,0x08,0x83,0xff,0x08,0x83,0xff,0x08,0x83,0xff,
    0x08,0x83,0xff,0x08,0x83,0xff,0x08,0x83,0xff,0x08,0x83,0xff,0x08,0x83,0xff,0x08,0x83,0xff,0x08,0x83,0xff,0x08,0x83,0xff,
    0x08,0x83,0xff,0x08,0x83,0xff,0x08,0x83,0xff,0x08,0x83,0xff,0x08,0x83,0xff,0x08,0x83,0xff,0x08,0x83,0xff,0x08,0x83,0xff,
    0x08,0x83,0xff,0x08,0x83,0xff,0x08,0x83,0xff,0x08,0x83,0xff,0x08,0x83,0xff,0x08,0x83,0xff,0x08,0x83,0xff,0x08,0x83,0xff,
    0x08,0x83,0xff,0x08,0x83,0xff,0x08,0x83,0xff,0x08,0x83,0xff,0x08,0x83,0xff,0x08,0x83,0xff,0x08,0x83,0xff,0x08,0x83,0xff,
    0x08,0x83,0xff,0x08,0x83,0xff,0x08,0x83,0xff,0x08,0x83,0xff,0x08,0x83,0xff,0x08,0x83,0xff,0x08,0x83,0xff,0x08,0x83,0xff,
    0x08,0x83,0xff,0x08,0x83,0xff,0x08,0x83,0xff,0x08,0x83,0xff,0x08,0x83,0xff,0x08,0x83,0xff,0x08,0x83,0xff,0x08,0x83,0xff,
    0x08,0x83,0xff,0x08,0x83,0xff,0x08,0x83,0xff,0x08,0x83,0xff,0x08,0x83,0xff,0x08,0x83,0xff,0x08,0x83,0xff,0x08,0x83,0xff,
    0x08,0x83,0xff,0x08,0x83,0xff,0x08,0x83,0xff,0x08,0x83,0xff,0x08,0x83,0xff,0x08,0x83,0xff,0x08,0x83,0xff,0x08,0x83,0xff,
    0x08,0x83,0xff,0x08,0x83,0xff,0x08,0x83,0xff,0x08,0x83,0xff,0x08,0x83,0xff,0x08,0x83,0xff,0x08,0x83,0xff,0x08,0x83,0xff,
    0x08,0x83,0xff,0x08,0x83,0xff,0x08,0x83,0xff,0x08,0x83,0xff,0x08,0x83,0xff,0x08,0x83,0xff,0x08,0x83,0xff,0x08,0x83,0xff,
    0x08,0x83,0xff,0x08,0x83,0xff,0x08,0x83,0xff,0x08,0x83,0xff,0x08,0x83,0xff,0x08,0x83,0xff,0x08,0x83,0xff,0x08,0x83,0xff,
    0x08,0x83,0xff,0x08,0x83,0xff,0x08,0x83,0xff,0x08,0x83,0xff,0x08,0x83,0xff,0x08,0x83,0xff,0x08,0x83,0xff,0x08,0x83,0xff,
    0x08,0x83,0xff,0x08,0x83,0xff,0x08,0x83,0xff,0x08,0x83,0xff,0x08,0x83,0xff,0x08,0x83,0xff,0x08,0x83,0xff,0x08,0x83,0xff,
    0x08,0x83,0xff,0x08,0x83,0xff,0x08,0x83,0xff,0x08,0x83,0xff,0x08,0x83,0xff,0x08,0x83,0xff,0x08,0x83,0xff,0x08,0x83,0xff,
    0x08,0x83,0xff,0x08,0x83,0xff,0x08,0x83,0xff,0x08,0x83,0xff,0x08,0x83,0xff,0x02,0x64,0xdc,0x00,0x00,0x00,0x00,0x00,0x00,
    0x00,0x00,0x00,0x00,0x00,0x00,0x02,0x64,0xdc,0x08,0x83,0xff,0x08,0x83,0xff,0x08,0x83,0xff,0x08,0x83,0xff,0x08,0x83,0xff,
    0x08,0x83,0xff,0x08,0x83,0xff,0x08,0x83,0xff,0x08,0x83,0xff,0x08,0x83,0xff,0x08,0x83,0xff,0x08,0x83,0xff,0x08,0x83,0xff,
    0x08,0x83,0xff,0x08,0x83,0xff,0x08,0x83,0xff,0x08,0x83,0xff,0x08,0x83,0xff,0x08,0x83,0xff,0x08,0x83,0xff,0x08,0x83,0xff,
    0x08,0x83,0xff,0x08,0x83,0xff,0x08,0x83,0xff,0x08,0x83,0xff,0x08,0x83,0xff,0x08,0x83,0xff,0x08,0x83,0xff,0x08,0x83,0xff,
    0x08,0x83,0xff,0x08,0x83,0xff,0x08,0x83,0xff,0x08,0x83,0xff,0x08,0x83,0xff,0x08,0x83,0xff,0x08,0x83,0xff,0x08,0x83,0xff,
    0x08,0x83,0xff,0x08,0x83,0xff,0x08,0x83,0xff,0x08,0x83,0xff,0x08,0x83,0xff,0x08,0x83,0xff,0x08,0x83,0xff,0x08,0x83,0xff,
    0x08,0x83,0xff,0x08,0x83,0xff,0x08,0x83,0xff,0x08,0x83,0xff,0x08,0x83,0xff,0x08,0x83,0xff,0x08,0x83,0xff,0x08,0x83,0xff,
    0x08,0x83,0xff,0x08,0x83,0xff,0x08,0x83,0xff,0x08,0x83,0xff,0x08,0x83,0xff,0x08,0x83,0xff,0x08,0x83,0xff,0x08,0x83,0xff,
    0x08,0x83,0xff,0x08,0x83,0xff,0x08,0x83,0xff,0x08,0x83,0xff,0x08,0x83,0xff,0x08,0x83,0xff,0x08,0x83,0xff,0x08,0x83,0xff,
    0x08,0x82,0xff,0x08,0x83,0xff,0x08,0x83,0xff,0x08,0x83,0xff,0x08,0x83,0xff,0x08,0x83,0xff,0x08,0x83,0xff,0x08,0x83,0xff,
    0x08,0x83,0xff,0x08,0x83,0xff,0x08,0x83,0xff,0x08,0x83,0xff,0x08,0x83,0xff,0x08,0x83,0xff,0x08,0x83,0xff,0x08,0x83,0xff,
    0x08,0x83,0xff,0x08,0x83,0xff,0x08,0x83,0xff,0x08,0x82,0xff,0x08,0x82,0xff,0x08,0x82,0xff,0x08,0x82,0xff,0x08,0x82,0xff,
    0x08,0x82,0xff,0x08,0x82,0xff,0x08,0x82,0xff,0x08,0x83,0xff,0x08,0x83,0xff,0x08,0x83,0xff,0x08,0x83,0xff,0x08,0x83,0xff,
    0x08,0x83,0xff,0x08,0x83,0xff,0x08,0x83,0xff,0x08,0x83,0xff,0x08,0x83,0xff,0x08,0x83,0xff,0x08,0x83,0xff,0x08,0x83,0xff,
    0x08,0x83,0xff,0x08,0x83,0xff,0x08,0x83,0xff,0x08,0x83,0xff,0x08,0x83,0xff,0x08,0x83,0xff,0x08,0x83,0xff,0x08,0x83,0xff,
    0x08,0x83,0xff,0x08,0x83,0xff,0x08,0x83,0xff,0x08,0x83,0xff,0x08,0x83,0xff,0x08,0x83,0xff,0x08,0x83,0xff,0x08,0x83,0xff,
    0x08,0x83,0xff,0x08,0x83,0xff,0x08,0x83,0xff,0x08,0x83,0xff,0x08,0x83,0xff,0x02,0x64,0xdc,0x00,0x00,0x00,0x00,0x00,0x00,
    0x00,0x00,0x00,0x00,0x00,0x00,0x02,0x64,0xdc,0x08,0x83,0xff,0x08,0x83,0xff,0x08,0x83,0xff,0x08,0x83,0xff,0x08,0x83,0xff,
    0x08,0x83,0xff,0x08,0x83,0xff,0x08,0x83,0xff,0x08,0x83,0xff,0x08,0x83,0xff,0x08,0x83,0xff,0x08,0x83,0xff,0x08,0x83,0xff,
    0x08,0x83,0xff,0x08,0x83,0xff,0x08,0x83,0xff,0x08,0x83,0xff,0x08,0x83,0xff,0x08,0x83,0xff,0x08,0x83,0xff,0x08,0x83,0xff,
    0x08,0x83,0xff,0x08,0x83,0xff,0x08,0x83,0xff,0x08,0x83,0xff,0x08,0x83,0xff,0x08,0x83,0xff,0x08,0x83,0xff,0x08,0x83,0xff,
    0x08,0x83,0xff,0x08,0x83,0xff,0x08,0x83,0xff,0x08,0x83,0xff,0x08,0x83,0xff,0x08,0x83,0xff,0x08,0x83,0xff,0x08,0x82,0xff,
    0x08,0x83,0xff,0x08,0x83,0xff,0x08,0x83,0xff,0x08,0x83,0xff,0x08,0x83,0xff,0x08,0x83,0xff,0x08,0x83,0xff,0x08,0x83,0xff,
    0x08,0x83,0xff,0x08,0x83,0xff,0x08,0x83,0xff,0x08,0x83,0xff,0x08,0x83,0xff,0x08,0x83,0xff,0x08,0x83,0xff,0x08,0x83,0xff,
    0x08,0x83,0xff,0x08,0x83,0xff,0x08,0x83,0xff,0x08,0x83,0xff,0x08,0x83,0xff,0x08,0x83,0xff,0x08,0x83,0xff,0x08,0x83,0xff,
    0x08,0x83,0xff,0x08,0x83,0xff,0x08,0x83,0xff,0x08,0x83,0xff,0x08,0x83,0xff,0x08,0x83,0xff,0x08,0x83,0xff,0x08,0x83,0xff,
    0x08,0x83,0xff,0x08,0x83,0xff,0x08,0x83,0xff,0x08,0x83,0xff,0x08,0x83,0xff,0x08,0x83,0xff,0x08,0x83,0xff,0x08,0x83,0xff,
    0x08,0x83,0xff,0x08,0x83,0xff,0x08,0x83,0xff,0x08,0x83,0xff,0x08,0x83,0xff,0x08,0x83,0xff,0x08,0x83,0xff,0x08,0x83,0xff,
    0x08,0x83,0xff,0x08,0x83,0xff,0x08,0x83,0xff,0x08,0x83,0xff,0x08,0x83,0xff,0x08,0x82,0xff,0x08,0x82,0xff,0x08,0x82,0xff,
    0x08,0x82,0xff,0x08,0x82,0xff,0x08,0x82,0xff,0x08,0x82,0xff,0x08,0x82,0xff,0x08,0x83,0xff,0x08,0x83,0xff,0x08,0x83,0xff,
    0x08,0x83,0xff,0x08,0x83,0xff,0x08,0x83,0xff,0x08,0x83,0xff,0x08,0x83,0xff,0x08,0x83,0xff,0x08,0x83,0xff,0x08,0x83,0xff,
    0x08,0x83,0xff,0x08,0x83,0xff,0x08,0x83,0xff,0x08,0x83,0xff,0x08,0x83,0xff,0x08,0x83,0xff,0x08,0x83,0xff,0x08,0x83,0xff,
    0x08,0x83,0xff,0x08,0x83,0xff,0x08,0x83,0xff,0x08,0x83,0xff,0x08,0x83,0xff,0x08,0x83,0xff,0x08,0x83,0xff,0x08,0x83,0xff,
    0x08,0x83,0xff,0x08,0x83,0xff,0x08,0x83,0xff,0x08,0x83,0xff,0x08,0x83,0xff,0x02,0x64,0xdc,0x00,0x00,0x00,0x00,0x00,0x00,
    0x00,0x00,0x00,0x00,0x00,0x00,0x02,0x64,0xdc,0x08,0x83,0xff,0x08,0x83,0xff,0x08,0x83,0xff,0x08,0x83,0xff,0x08,0x83,0xff,
    0x08,0x83,0xff,0x08,0x83,0xff,0x08,0x83,0xff,0x08,0x83,0xff,0x08,0x83,0xff,0x08,0x83,0xff,0x08,0x83,0xff,0x08,0x83,0xff,
    0x08,0x83,0xff,0x08,0x83,0xff,0x08,0x83,0xff,0x08,0x83,0xff,0x08,0x83,0xff,0x08,0x83,0xff,0x08,0x83,0xff,0x08,0x83,0xff,
    0x08,0x83,0xff,0x08,0x83,0xff,0x08,0x83,0xff,0x08,0x83,0xff,0x08,0x83,0xff,0x08,0x83,0xff,0x08,0x83,0xff,0x08,0x83,0xff,
    0x08,0x83,0xff,0x08,0x83,0xff,0x08,0x83,0xff,0x08,0x83,0xff,0x08,0x83,0xff,0x08,0x83,0xff,0x08,0x83,0xff,0x08,0x83,0xff,
    0x08,0x83,0xff,0x08,0x83,0xff,0x08,0x83,0xff,0x08,0x83,0xff,0x08,0x83,0xff,0x08,0x83,0xff,0x08,0x83,0xff,0x08,0x83,0xff,
    0x08,0x83,0xff,0x08,0x83,0xff,0x08,0x83,0xff,0x08,0x83,0xff,0x08,0x83,0xff,0x08,0x83,0xff,0x08,0x83,0xff,0x08,0x83,0xff,
    0x08,0x83,0xff,0x08,0x83,0xff,0x08,0x83,0xff,0x08,0x83,0xff,0x08,0x83,0xff,0x08,0x83,0xff,0x08,0x83,0xff,0x08,0x83,0xff,
    0x08,0x83,0xff,0x08,0x83,0xff,0x08,0x83,0xff,0x08,0x83,0xff,0x08,0x83,0xff,0x08,0xa3,0xff,0x08,0xa3,0xff,0x08,0xa3,0xff,
    0x08,0xa3,0xff,0x08,0xa3,0xff,0x08,0xa3,0xff,0x08,0xa3,0xff,0x08,0x83,0xff,0x08,0x83,0xff,0x08,0x83,0xff,0x08,0x83,0xff,
    0x08,0x83,0xff,0x08,0x83,0xff,0x08,0x83,0xff,0x08,0x83,0xff,0x08,0x83,0xff,0x08,0x83,0xff,0x08,0xa3,0xff,0x08,0xa3,0xff,
    0x08,0xa3,0xff,0x08,0xa3,0xff,0x08,0xa3,0xff,0x08,0xa3,0xff,0x08,0xa3,0xff,0x08,0xa3,0xff,0x08,0xa3,0xff,0x08,0xa3,0xff,
    0x08,0xa3,0xff,0x08,0x83,0xff,0x08,0x83,0xff,0x08,0x83,0xff,0x08,0x82,0xff,0x08,0x83,0xff,0x08,0x83,0xff,0x08,0x83,0xff,
    0x08,0x83,0xff,0x08,0x83,0xff,0x08,0x83,0xff,0x08,0x83,0xff,0x08,0x83,0xff,0x08,0x83,0xff,0x08,0x83,0xff,0x08,0x83,0xff,
    0x08,0x83,0xff,0x08,0x83,0xff,0x08,0x83,0xff,0x08,0x83,0xff,0x08,0x83,0xff,0x08,0x83,0xff,0x08,0x83,0xff,0x08,0x83,0xff,
    0x08,0x83,0xff,0x08,0x83,0xff,0x08,0x83,0xff,0x08,0x83,0xff,0x08,0x83,0xff,0x08,0x83,0xff,0x08,0x83,0xff,0x08,0x83,0xff,
    0x08,0x83,0xff,0x08,0x83,0xff,0x08,0x83,0xff,0x08,0x83,0xff,0x08,0x83,0xff,0x02,0x64,0xdc,0x00,0x00,0x00,0x00,0x00,0x00,
    0x00,0x00,0x00,0x00,0x00,0x00,0x02,0x64,0xdc,0x08,0x83,0xff,0x08,0x83,0xff,0x08,0x83,0xff,0x08,0x83,0xff,0x08,0x83,0xff,
    0x08,0x83,0xff,0x08,0x83,0xff,0x08,0x83,0xff,0x08,0x83,0xff,0x08,0x83,0xff,0x08,0x83,0xff,0x08,0x83,0xff,0x08,0x83,0xff,
    0x08,0x83,0xff,0x08,0x83,0xff,0x08,0x83,0xff,0x08,0x83,0xff,0x08,0x83,0xff,0x08,0x83,0xff,0x08,0x83,0xff,0x08,0x83,0xff,
    0x08,0x83,0xff,0x08,0x83,0xff,0x08,0x83,0xff,0x08,0x83,0xff,0x08,0x83,0xff,0x08,0x83,0xff,0x08,0x83,0xff,0x08,0x83,0xff,
    0x08,0x83,0xff,0x08,0x83,0xff,0x08,0x83,0xff,0x08,0x83,0xff,0x08,0x83,0xff,0x08,0x83,0xff,0x08,0x83,0xff,0x08,0xa3,0xff,
    0x08,0xa3,0xff,0x08,0xa3,0xff,0x08,0xa3,0xff,0x08,0xa3,0xff,0x08,0xa3,0xff,0x08,0x83,0xff,0x08,0x83,0xff,0x08,0x83,0xff,
    0x08,0x83,0xff,0x08,0x83,0xff,0x08,0x83,0xff,0x08,0x83,0xff,0x08,0x83,0xff,0x08,0x83,0xff,0x08,0x83,0xff,0x08,0x83,0xff,
    0x08,0x83,0xff,0x08,0x83,0xff,0x08,0x83,0xff,0x08,0xa3,0xff,0x08,0xa3,0xff,0x08,0xa3,0xff,0x08,0xa3,0xff,0x08,0xa3,0xff,
    0x08,0xa3,0xff,0x08,0xa3,0xff,0x08,0xa3,0xff,0x08,0xa3,0xff,0x08,0xa3,0xff,0x08,0xa3,0xff,0x08,0xa3,0xff,0x08,0xc3,0xff,
    0x08,0xc3,0xff,0x08,0xc3,0xff,0x08,0xa3,0xff,0x08,0xa3,0xff,0x08,0xa3,0xff,0x08,0xa3,0xff,0x08,0xa3,0xff,0x08,0xa3,0xff,
    0x08,0xa3,0xff,0x08,0xa3,0xff,0x08,0xa3,0xff,0x08,0xa3,0xff,0x08,0xa3,0xff,0x08,0xa3,0xff,0x08,0xa3,0xff,0x08,0xa3,0xff,
    0x08,0xa3,0xff,0x08,0xa3,0xff,0x08,0xa3,0xff,0x08,0xa3,0xff,0x08,0xa3,0xff,0x08,0xa3,0xff,0x08,0xa3,0xff,0x08,0xa3,0xff,
    0x08,0xa3,0xff,0x08,0xa3,0xff,0x08,0xa3,0xff,0x08,0x83,0xff,0x08,0x83,0xff,0x08,0x83,0xff,0x08,0x83,0xff,0x08,0x83,0xff,
    0x08,0x83,0xff,0x08,0x83,0xff,0x08,0x83,0xff,0x08,0x83,0xff,0x08,0x83,0xff,0x08,0x83,0xff,0x08,0x83,0xff,0x08,0x83,0xff,
    0x08,0x83,0xff,0x08,0x83,0xff,0x08,0x83,0xff,0x08,0x83,0xff,0x08,0x83,0xff,0x08,0x83,0xff,0x08,0x83,0xff,0x08,0x83,0xff,
    0x08,0x83,0xff,0x08,0x83,0xff,0x08,0x83,0xff,0x08,0x83,0xff,0x08,0x83,0xff,0x08,0x83,0xff,0x08,0x83,0xff,0x08,0x83,0xff,
    0x08,0x83,0xff,0x08,0x83,0xff,0x08,0x83,0xff,0x08,0x83,0xff,0x08,0x83,0xff,0x02,0x64,0xdc,0x00,0x00,0x00,0x00,0x00,0x00,
    0x00,0x00,0x00,0x00,0x00,0x00,0x02,0x64,0xdc,0x08,0x83,0xff,0x08,0x83,0xff,0x08,0x83,0xff,0x08,0x83,0xff,0x08,0x83,0xff,
    0x08,0x83,0xff,0x08,0x83,0xff,0x08,0x83,0xff,0x08,0x83,0xff,0x08,0x83,0xff,0x08,0x83,0xff,0x08,0x83,0xff,0x08,0x83,0xff,
    0x08,0x83,0xff,0x08,0x83,0xff,0x08,0x83,0xff,0x08,0x83,0xff,0x08,0x83,0xff,0x08,0x83,0xff,0x08,0x83,0xff,0x08,0x83,0xff,
    0x08,0x83,0xff,0x08,0x83,0xff,0x08,0x83,0xff,0x08,0x83,0xff,0x08,0x83,0xff,0x08,0x83,0xff,0x08,0x83,0xff,0x08,0x83,0xff,
    0x08,0x83,0xff,0x08,0x83,0xff,0x08,0x83,0xff,0x08,0x83,0xff,0x08,0x83,0xff,0x08,0x83,0xff,0x08,0xa3,0xff,0x08,0xa3,0xff,
    0xbe,0x39,0xff,0xe7,0x9f,0xff,0xdf,0x3d,0xff,0x10,0xe4,0xff,0x08,0xa3,0xff,0x08,0xa3,0xff,0x08,0xa3,0xff,0x08,0xa3,0xff,
    0x08,0xa3,0xff,0xdf,0x3e,0xff,0xe7,0x9f,0xff,0x21,0x45,0xff,0x08,0x83,0xff,0x08,0x83,0xff,0x08,0x83,0xff,0x08,0x83,0xff,
    0x08,0x83,0xff,0x08,0x83,0xff,0xbe,0x19,0xff,0xe7,0x9f,0xff,0x63,0x6e,0xff,0x08,0xc3,0xff,0x08,0xc3,0xff,0x08,0xc3,0xff,
    0x9d,0x35,0xff,0xe7,0x9f,0xff,0x73,0xf0,0xff,0x08,0xc3,0xff,0x08,0xc3,0xff,0x08,0xc3,0xff,0x42,0x8a,0xff,0xad,0xd8,0xff,
    0xdf,0x3e,0xff,0xdf,0x3e,0xff,0xad,0xd8,0xff,0x3a,0x6a,0xff,0x08,0xc3,0xff,0x08,0xc3,0xff,0x08,0xc3,0xff,0x08,0xc3,0xff,
    0xdf,0x3e,0xff,0xe7,0x9f,0xff,0x21,0x66,0xff,0x08,0xc3,0xff,0x08,0xc3,0xff,0x08,0xc3,0xff,0x29,0xc7,0xff,0x9d,0x55,0xff,
    0xd6,0xfd,0xff,0xe7,0x7e,0xff,0xce,0xbb,0xff,0x5b,0x4d,0xff,0x08,0xc3,0xff,0x08,0xc3,0xff,0xdf,0x3e,0xff,0xe7,0x9f,0xff,
    0xe7,0x9f,0xff,0xe7,0x9f,0xff,0xe7,0x9f,0xff,0x4a,0xab,0xff,0x08,0x83,0xff,0x08,0x83,0xff,0x08,0x83,0xff,0x08,0x83,0xff,
    0x08,0x83,0xff,0x08,0x83,0xff,0x08,0x83,0xff,0x08,0x83,0xff,0x08,0x83,0xff,0x08,0x83,0xff,0x08,0x83,0xff,0x08,0x83,0xff,
    0x08,0x83,0xff,0x08,0x83,0xff,0x08,0x83,0xff,0x08,0x83,0xff,0x08,0x83,0xff,0x08,0x83,0xff,0x08,0x83,0xff,0x08,0x83,0xff,
    0x08,0x83,0xff,0x08,0x83,0xff,0x08,0x83,0xff,0x08,0x83,0xff,0x08,0x83,0xff,0x08,0x83,0xff,0x08,0x83,0xff,0x08,0x83,0xff,
    0x08,0x83,0xff,0x08,0x83,0xff,0x08,0x83,0xff,0x08,0x83,0xff,0x08,0x83,0xff,0x02,0x64,0xdc,0x00,0x00,0x00,0x00,0x00,0x00,
    0x00,0x00,0x00,0x00,0x00,0x00,0x02,0x64,0xdc,0x08,0x83,0xff,0x08,0x83,0xff,0x08,0x83,0xff,0x08,0x83,0xff,0x08,0x83,0xff,
    0x08,0x83,0xff,0x08,0x83,0xff,0x08,0x83,0xff,0x08,0x83,0xff,0x08,0x83,0xff,0x08,0x83,0xff,0x08,0x83,0xff,0x08,0x83,0xff,
    0x08,0x83,0xff,0x08,0x83,0xff,0x08,0x83,0xff,0x08,0x83,0xff,0x08,0x83,0xff,0x08,0x83,0xff,0x08,0x83,0xff,0x08,0x83,0xff,
    0x08,0x83,0xff,0x08,0x83,0xff,0x08,0x83,0xff,0x08,0x83,0xff,0x08,0x83,0xff,0x08,0x83,0xff,0x08,0x83,0xff,0x08,0x83,0xff,
    0x08,0x83,0xff,0x08,0x83,0xff,0x08,0x83,0xff,0x08,0x83,0xff,0x08,0x83,0xff,0x08,0xa3,0xff,0x08,0xa3,0xff,0x21,0xa6,0xff,
    0xe7,0x9f,0xff,0xe7,0x7e,0xff,0xe7,0x9f,0xff,0x4a,0xcb,0xff,0x08,0xc3,0xff,0x08,0xc3,0xff,0x08,0xa3,0xff,0x08,0xa3,0xff,
    0x08,0xa3,0xff,0xdf,0x3e,0xff,0xe7,0x9f,0xff,0x21,0x45,0xff,0x08,0xa3,0xff,0x08,0x83,0xff,0x08,0x83,0xff,0x08,0x83,0xff,
    0x08,0x83,0xff,0x08,0xa3,0xff,0x73,0xf0,0xff,0xe7,0x9f,0xff,0xa5,0x76,0xff,0x08,0xe3,0xff,0x08,0xe3,0xff,0x08,0xe3,0xff,
    0xd7,0x1d,0xff,0xe7,0x9f,0xff,0x29,0xe7,0xff,0x08,0xe3,0xff,0x08,0xe3,0xff,0x53,0x0c,0xff,0xe7,0x7f,0xff,0xe7,0x9f,0xff,
    0xe7,0x9f,0xff,0xe7,0x9f,0xff,0xe7,0x9f,0xff,0xe7,0x7e,0xff,0x4a,0xcb,0xff,0x08,0xe3,0xff,0x08,0xe3,0xff,0x08,0xe3,0xff,
    0xdf,0x3e,0xff,0xe7,0x9f,0xff,0x19,0x86,0xff,0x08,0xe3,0xff,0x08,0xe3,0xff,0x3a,0x8a,0xff,0xdf,0x3e,0xff,0xe7,0x9f,0xff,
    0xe7,0x9f,0xff,0xe7,0x9f,0xff,0xe7,0x9f,0xff,0x84,0xb3,0xff,0x08,0xe3,0xff,0x08,0xe3,0xff,0xdf,0x5e,0xff,0xe7,0x9f,0xff,
    0xe7,0x9f,0xff,0xe7,0x9f,0xff,0xe7,0x9f,0xff,0x4a,0xcb,0xff,0x08,0x83,0xff,0x08,0x83,0xff,0x08,0x83,0xff,0x08,0x83,0xff,
    0x08,0x83,0xff,0x08,0x83,0xff,0x08,0x83,0xff,0x08,0x83,0xff,0x08,0x83,0xff,0x08,0x83,0xff,0x08,0x83,0xff,0x08,0x83,0xff,
    0x08,0x83,0xff,0x08,0x83,0xff,0x08,0x83,0xff,0x08,0x83,0xff,0x08,0x83,0xff,0x08,0x83,0xff,0x08,0x83,0xff,0x08,0x83,0xff,
    0x08,0x83,0xff,0x08,0x83,0xff,0x08,0x83,0xff,0x08,0x83,0xff,0x08,0x83,0xff,0x08,0x83,0xff,0x08,0x83,0xff,0x08,0x83,0xff,
    0x08,0x83,0xff,0x08,0x83,0xff,0x08,0x83,0xff,0x08,0x83,0xff,0x08,0x83,0xff,0x02,0x64,0xdc,0x00,0x00,0x00,0x00,0x00,0x00,
    0x00,0x00,0x00,0x00,0x00,0x00,0x02,0x64,0xdc,0x08,0x83,0xff,0x08,0x83,0xff,0x08,0x83,0xff,0x08,0x83,0xff,0x08,0x83,0xff,
    0x08,0x83,0xff,0x08,0x83,0xff,0x08,0x83,0xff,0x08,0x83,0xff,0x08,0x83,0xff,0x08,0x83,0xff,0x08,0x83,0xff,0x08,0x83,0xff,
    0x08,0x83,0xff,0x08,0x83,0xff,0x08,0x83,0xff,0x08,0x83,0xff,0x08,0x83,0xff,0x08,0x83,0xff,0x08,0x83,0xff,0x08,0x83,0xff,
    0x08,0x83,0xff,0x08,0x83,0xff,0x08,0x83,0xff,0x08,0x83,0xff,0x08,0x83,0xff,0x08,0x83,0xff,0x08,0x83,0xff,0x08,0x83,0xff,
    0x08,0x83,0xff,0x08,0x83,0xff,0x08,0x83,0xff,0x08,0x83,0xff,0x08,0x83,0xff,0x08,0xa3,0xff,0x08,0xc3,0xff,0x6b,0xf0,0xff,
    0xe7,0x9f,0xff,0x9d,0x76,0xff,0xe7,0x9f,0xff,0x95,0x14,0xff,0x08,0xe3,0xff,0x08,0xe3,0xff,0x08,0xc3,0xff,0x08,0xc3,0xff,
    0x08,0xc3,0xff,0xdf,0x3e,0xff,0xe7,0x9f,0xff,0x21,0x45,0xff,0x08,0xa3,0xff,0x08,0xa3,0xff,0x08,0x83,0xff,0x08,0x83,0xff,
    0x08,0xa3,0xff,0x08,0xa3,0xff,0x29,0xe7,0xff,0xe7,0x9f,0xff,0xdf,0x1d,0xff,0x09,0x04,0xff,0x09,0x03,0xff,0x32,0x69,0xff,
    0xe7,0x9f,0xff,0xc6,0x9a,0xff,0x09,0x03,0xff,0x09,0x03,0xff,0x11,0x45,0xff,0xd7,0x1d,0xff,0xe7,0x9f,0xff,0x95,0x35,0xff,
    0x21,0xc6,0xff,0x21,0xe7,0xff,0xa5,0xb7,0xff,0xe7,0x9f,0xff,0xce,0xdc,0xff,0x09,0x24,0xff,0x09,0x03,0xff,0x09,0x03,0xff,
    0xdf,0x5e,0xff,0xe7,0x9f,0xff,0x19,0xa6,0xff,0x09,0x23,0xff,0x09,0x44,0xff,0xce,0xdc,0xff,0xe7,0x9f,0xff,0xb6,0x19,0xff,
    0x32,0x49,0xff,0x11,0x45,0xff,0x42,0xcb,0xff,0x6b,0xcf,0xff,0x08,0xe3,0xff,0x09,0x03,0xff,0xdf,0x5e,0xff,0xe7,0x9f,0xff,
    0x19,0xa6,0xff,0x08,0xe3,0xff,0x08,0xe3,0xff,0x08,0xc3,0xff,0x08,0xa3,0xff,0x08,0x83,0xff,0x08,0x83,0xff,0x08,0x83,0xff,
    0x08,0x83,0xff,0x08,0x83,0xff,0x08,0x83,0xff,0x08,0x83,0xff,0x08,0x83,0xff,0x08,0x83,0xff,0x08,0x83,0xff,0x08,0x83,0xff,
    0x08,0x83,0xff,0x08,0x83,0xff,0x08,0x83,0xff,0x08,0x83,0xff,0x08,0x83,0xff,0x08,0x83,0xff,0x08,0x83,0xff,0x08,0x83,0xff,
    0x08,0x83,0xff,0x08,0x83,0xff,0x08,0x83,0xff,0x08,0x83,0xff,0x08,0x83,0xff,0x08,0x83,0xff,0x08,0x83,0xff,0x08,0x83,0xff,
    0x08,0x83,0xff,0x08,0x83,0xff,0x08,0x83,0xff,0x08,0x83,0xff,0x08,0x83,0xff,0x02,0x64,0xdc,0x00,0x00,0x00,0x00,0x00,0x00,
    0x00,0x00,0x00,0x00,0x00,0x00,0x02,0x64,0xdc,0x08,0x83,0xff,0x08,0x83,0xff,0x08,0x83,0xff,0x08,0x83,0xff,0x08,0x83,0xff,
    0x08,0x83,0xff,0x08,0x83,0xff,0x08,0x83,0xff,0x08,0x83,0xff,0x08,0x83,0xff,0x08,0x83,0xff,0x08,0x83,0xff,0x08,0x83,0xff,
    0x08,0x83,0xff,0x08,0x83,0xff,0x08,0x83,0xff,0x08,0x83,0xff,0x08,0x83,0xff,0x08,0x83,0xff,0x08,0x83,0xff,0x08,0x83,0xff,
    0x08,0x83,0xff,0x08,0x83,0xff,0x08,0x83,0xff,0x08,0x83,0xff,0x08,0x83,0xff,0x08,0x83,0xff,0x08,0x83,0xff,0x08,0x83,0xff,
    0x08,0x83,0xff,0x08,0x83,0xff,0x08,0x83,0xff,0x08,0x83,0xff,0x08,0xa3,0xff,0x08,0xa3,0xff,0x08,0xe3,0xff,0xbe,0x39,0xff,
    0xe7,0x9f,0xff,0x2a,0x28,0xff,0xe7,0x7e,0xff,0xd7,0x1d,0xff,0x09,0x24,0xff,0x08,0xe3,0xff,0x08,0xe3,0xff,0x08,0xc3,0xff,
    0x08,0xc3,0xff,0xdf,0x3e,0xff,0xe7,0x9f,0xff,0x21,0x66,0xff,0x08,0xa3,0xff,0x08,0xa3,0xff,0x08,0x83,0xff,0x08,0x83,0xff,
    0x08,0xa3,0xff,0x08,0xa3,0xff,0x08,0xc3,0xff,0xce,0x9b,0xff,0xe7,0x9f,0xff,0x3a,0x8a,0xff,0x09,0x24,0xff,0x74,0x31,0xff,
    0xe7,0x9f,0xff,0x7c,0x92,0xff,0x09,0x23,0xff,0x09,0x24,0xff,0x53,0x4c,0xff,0xe7,0x9f,0xff,0xd6,0xfc,0xff,0x09,0x85,0xff,
    0x09,0x44,0xff,0x09,0x44,0xff,0x19,0xe6,0xff,0xe7,0x5e,0xff,0xe7,0x9f,0xff,0x3a,0x8a,0xff,0x09,0x23,0xff,0x09,0x23,0xff,
    0xdf,0x5e,0xff,0xe7,0x9f,0xff,0x19,0xc6,0xff,0x09,0x44,0xff,0x4b,0x2c,0xff,0xe7,0x9f,0xff,0xdf,0x1d,0xff,0x19,0xa6,0xff,
    0x09,0x03,0xff,0x09,0x03,0xff,0x09,0x03,0xff,0x09,0x03,0xff,0x09,0x03,0xff,0x09,0x03,0xff,0xdf,0x5e,0xff,0xe7,0x9f,0xff,
    0x19,0xc6,0xff,0x09,0x03,0xff,0x08,0xe3,0xff,0x08,0xc3,0xff,0x08,0xa3,0xff,0x08,0x83,0xff,0x08,0x83,0xff,0x08,0x83,0xff,
    0x08,0x83,0xff,0x08,0x83,0xff,0x08,0x83,0xff,0x08,0x83,0xff,0x08,0x83,0xff,0x08,0x83,0xff,0x08,0x83,0xff,0x08,0x83,0xff,
    0x08,0x83,0xff,0x08,0x83,0xff,0x08,0x83,0xff,0x08,0x83,0xff,0x08,0x83,0xff,0x08,0x83,0xff,0x08,0x83,0xff,0x08,0x83,0xff,
    0x08,0x83,0xff,0x08,0x83,0xff,0x08,0x83,0xff,0x08,0x83,0xff,0x08,0x83,0xff,0x08,0x83,0xff,0x08,0x83,0xff,0x08,0x83,0xff,
    0x08,0x83,0xff,0x08,0x83,0xff,0x08,0x83,0xff,0x08,0x83,0xff,0x08,0x83,0xff,0x02,0x64,0xdc,0x00,0x00,0x00,0x00,0x00,0x00,
    0x00,0x00,0x00,0x00,0x00,0x00,0x02,0x64,0xdc,0x08,0x83,0xff,0x08,0x83,0xff,0x08,0x83,0xff,0x08,0x83,0xff,0x08,0x83,0xff,
    0x08,0x83,0xff,0x08,0x83,0xff,0x08,0x83,0xff,0x08,0x83,0xff,0x08,0x83,0xff,0x08,0x83,0xff,0x08,0x83,0xff,0x08,0x83,0xff,
    0x08,0x83,0xff,0x08,0x83,0xff,0x08,0x83,0xff,0x08,0x83,0xff,0x08,0x83,0xff,0x08,0x83,0xff,0x08,0x83,0xff,0x08,0x83,0xff,
    0x08,0x83,0xff,0x08,0x83,0xff,0x08,0x83,0xff,0x08,0x83,0xff,0x08,0x83,0xff,0x08,0x83,0xff,0x08,0x83,0xff,0x08,0x83,0xff,
    0x08,0x83,0xff,0x08,0x83,0xff,0x08,0x83,0xff,0x08,0x83,0xff,0x08,0xa3,0xff,0x08,0xc3,0xff,0x21,0xa6,0xff,0xe7,0x9f,0xff,
    0xbe,0x59,0xff,0x09,0x64,0xff,0xad,0xf8,0xff,0xe7,0x9f,0xff,0x42,0xeb,0xff,0x09,0x03,0xff,0x08,0xe3,0xff,0x08,0xe3,0xff,
    0x08,0xe3,0xff,0xdf,0x3e,0xff,0xe7,0x9f,0xff,0x21,0x66,0xff,0x08,0xa3,0xff,0x08,0xa3,0xff,0x08,0xa3,0xff,0x08,0x83,0xff,
    0x08,0xa3,0xff,0x08,0xa3,0xff,0x08,0xc3,0xff,0x84,0x92,0xff,0xe7,0x9f,0xff,0x7c,0x71,0xff,0x09,0x44,0xff,0xad,0xf8,0xff,
    0xe7,0x9f,0xff,0x3a,0x89,0xff,0x09,0x24,0xff,0x09,0x24,0xff,0x74,0x51,0xff,0xe7,0x9f,0xff,0xa5,0xb7,0xff,0x09,0x64,0xff,
    0x09,0x64,0xff,0x09,0x64,0xff,0x09,0x64,0xff,0xc6,0x9a,0xff,0xe7,0x9f,0xff,0x5b,0x8d,0xff,0x09,0x44,0xff,0x09,0x44,0xff,
    0xdf,0x5e,0xff,0xe7,0x9f,0xff,0x19,0xe6,0xff,0x09,0x44,0xff,0x74,0x51,0xff,0xe7,0x9f,0xff,0xa5,0xb7,0xff,0x09,0x24,0xff,
    0x09,0x23,0xff,0x09,0x03,0xff,0x09,0x03,0xff,0x09,0x03,0xff,0x09,0x03,0xff,0x09,0x23,0xff,0xdf,0x5e,0xff,0xe7,0x9f,0xff,
    0xe7,0x9f,0xff,0xe7,0x9f,0xff,0xe7,0x9f,0xff,0x19,0x25,0xff,0x08,0xa3,0xff,0x08,0x83,0xff,0x08,0x83,0xff,0x08,0x83,0xff,
    0x08,0x83,0xff,0x08,0x83,0xff,0x08,0x83,0xff,0x08,0x83,0xff,0x08,0x83,0xff,0x08,0x83,0xff,0x08,0x83,0xff,0x08,0x83,0xff,
    0x08,0x83,0xff,0x08,0x83,0xff,0x08,0x83,0xff,0x08,0x83,0xff,0x08,0x83,0xff,0x08,0x83,0xff,0x08,0x83,0xff,0x08,0x83,0xff,
    0x08,0x83,0xff,0x08,0x83,0xff,0x08,0x83,0xff,0x08,0x83,0xff,0x08,0x83,0xff,0x08,0x83,0xff,0x08,0x83,0xff,0x08,0x83,0xff,
    0x08,0x83,0xff,0x08,0x83,0xff,0x08,0x83,0xff,0x08,0x83,0xff,0x08,0x83,0xff,0x02,0x64,0xdc,0x00,0x00,0x00,0x00,0x00,0x00,
    0x00,0x00,0x00,0x00,0x00,0x00,0x02,0x64,0xdc,0x08,0x83,0xff,0x08,0x83,0xff,0x08,0x83,0xff,0x08,0x83,0xff,0x08,0x83,0xff,
    0x08,0x83,0xff,0x08,0x83,0xff,0x08,0x83,0xff,0x08,0x83,0xff,0x08,0x83,0xff,0x08,0x83,0xff,0x08,0x83,0xff,0x08,0x83,0xff,
    0x08,0x83,0xff,0x08,0x83,0xff,0x08,0x83,0xff,0x08,0x83,0xff,0x08,0x83,0xff,0x08,0x83,0xff,0x08,0x83,0xff,0x08,0x83,0xff,
    0x08,0x83,0xff,0x08,0x83,0xff,0x08,0x83,0xff,0x08,0x83,0xff,0x08,0x83,0xff,0x08,0x83,0xff,0x08,0x83,0xff,0x08,0x83,0xff,
    0x08,0x83,0xff,0x08,0x83,0xff,0x08,0x83,0xff,0x08,0x83,0xff,0x08,0xa3,0xff,0x08,0xc3,0xff,0x6b,0xf0,0xff,0xe7,0x9f,0xff,
    0x7c,0x71,0xff,0x09,0x64,0xff,0x6c,0x30,0xff,0xe7,0x9f,0xff,0x8c,0xf4,0xff,0x09,0x03,0xff,0x09,0x03,0xff,0x08,0xe3,0xff,
    0x08,0xe3,0xff,0xdf,0x3e,0xff,0xe7,0x9f,0xff,0x21,0x66,0xff,0x08,0xa3,0xff,0x08,0xa3,0xff,0x08,0x83,0xff,0x08,0x83,0xff,
    0x08,0xa3,0xff,0x08,0xa3,0xff,0x08,0xc3,0xff,0x3a,0x8a,0xff,0xe7,0x9f,0xff,0xb6,0x19,0xff,0x11,0x85,0xff,0xe7,0x7e,0xff,
    0xd6,0xfc,0xff,0x09,0x44,0xff,0x09,0x24,0xff,0x09,0x24,0xff,0x7c,0x51,0xff,0xe7,0x9f,0xff,0xa5,0x96,0xff,0x09,0x44,0xff,
    0x09,0x64,0xff,0x09,0x64,0xff,0x09,0x64,0xff,0xc6,0x7a,0xff,0xe7,0x9f,0xff,0x53,0x6d,0xff,0x09,0x44,0xff,0x09,0x44,0xff,
    0xdf,0x5e,0xff,0xe7,0x9f,0xff,0x19,0xe6,0xff,0x09,0x44,0xff,0x7c,0x92,0xff,0xe7,0x9f,0xff,0xa5,0xb7,0xff,0x09,0x24,0xff,
    0x09,0x23,0xff,0x09,0x03,0xff,0x09,0x03,0xff,0x09,0x03,0xff,0x09,0x03,0xff,0x09,0x23,0xff,0xdf,0x5e,0xff,0xe7,0x9f,0xff,
    0xe7,0x9f,0xff,0xe7,0x9f,0xff,0xe7,0x9f,0xff,0x19,0x25,0xff,0x08,0xa3,0xff,0x08,0x83,0xff,0x08,0x83,0xff,0x08,0x83,0xff,
    0x08,0x83,0xff,0x08,0x83,0xff,0x08,0x83,0xff,0x08,0x83,0xff,0x08,0x83,0xff,0x08,0x83,0xff,0x08,0x83,0xff,0x08,0x83,0xff,
    0x08,0x83,0xff,0x08,0x83,0xff,0x08,0x83,0xff,0x08,0x83,0xff,0x08,0x83,0xff,0x08,0x83,0xff,0x08,0x83,0xff,0x08,0x83,0xff,
    0x08,0x83,0xff,0x08,0x83,0xff,0x08,0x83,0xff,0x08,0x83,0xff,0x08,0x83,0xff,0x08,0x83,0xff,0x08,0x83,0xff,0x08,0x83,0xff,
    0x08,0x83,0xff,0x08,0x83,0xff,0x08,0x83,0xff,0x08,0x83,0xff,0x08,0x83,0xff,0x02,0x64,0xdc,0x00,0x00,0x00,0x00,0x00,0x00,
    0x00,0x00,0x00,0x00,0x00,0x00,0x02,0x64,0xdc,0x08,0x83,0xff,0x08,0x83,0xff,0x08,0x83,0xff,0x08,0x83,0xff,0x08,0x83,0xff,
    0x08,0x83,0xff,0x08,0x83,0xff,0x08,0x83,0xff,0x08,0x83,0xff,0x08,0x83,0xff,0x08,0x83,0xff,0x08,0x83,0xff,0x08,0x83,0xff,
    0x08,0x83,0xff,0x08,0x83,0xff,0x08,0x83,0xff,0x08,0x83,0xff,0x08,0x83,0xff,0x08,0x83,0xff,0x08,0x83,0xff,0x08,0x83,0xff,
    0x08,0x83,0xff,0x08,0x83,0xff,0x08,0x83,0xff,0x08,0x83,0xff,0x08,0x83,0xff,0x08,0x83,0xff,0x08,0x83,0xff,0x08,0x83,0xff,
    0x08,0x83,0xff,0x08,0x83,0xff,0x08,0x83,0xff,0x08,0x83,0xff,0x08,0xa3,0xff,0x08,0xc3,0xff,0xb6,0x19,0xff,0xe7,0x9f,0xff,
    0xe7,0x9f,0xff,0xe7,0x9f,0xff,0xe7,0x9f,0xff,0xe7,0x9f,0xff,0xd6,0xfc,0xff,0x09,0x24,0xff,0x09,0x03,0xff,0x08,0xe3,0xff,
    0x08,0xe3,0xff,0xdf,0x3e,0xff,0xe7,0x9f,0xff,0x21,0x66,0xff,0x08,0xa3,0xff,0x08,0xa3,0xff,0x08,0x83,0xff,0x08,0x83,0xff,
    0x08,0x83,0xff,0x08,0xa3,0xff,0x08,0xc3,0xff,0x08,0xe3,0xff,0xd6,0xfd,0xff,0xe7,0x7f,0xff,0x5b,0x6d,0xff,0xe7,0x9f,0xff,
    0x8c,0xf4,0xff,0x09,0x23,0xff,0x09,0x03,0xff,0x09,0x03,0xff,0x5b,0x6e,0xff,0xe7,0x9f,0xff,0xd6,0xfc,0xff,0x09,0x64,0xff,
    0x09,0x44,0xff,0x09,0x44,0xff,0x19,0xc6,0xff,0xe7,0x5e,0xff,0xe7,0x9f,0xff,0x32,0x69,0xff,0x09,0x23,0xff,0x09,0x23,0xff,
    0xdf,0x5e,0xff,0xe7,0x9f,0xff,0x19,0xc6,0xff,0x09,0x44,0xff,0x63,0xae,0xff,0xe7,0x9f,0xff,0xd6,0xfc,0xff,0x11,0x85,0xff,
    0x09,0x03,0xff,0x09,0x03,0xff,0x09,0x03,0xff,0x09,0x03,0xff,0x09,0x03,0xff,0x09,0x03,0xff,0xdf,0x5e,0xff,0xe7,0x9f,0xff,
    0x19,0xc6,0xff,0x09,0x03,0xff,0x08,0xe3,0xff,0x08,0xc3,0xff,0x08,0xa3,0xff,0x08,0x83,0xff,0x08,0x83,0xff,0x08,0x83,0xff,
    0x08,0x83,0xff,0x08,0x83,0xff,0x08,0x83,0xff,0x08,0x83,0xff,0x08,0x83,0xff,0x08,0x83,0xff,0x08,0x83,0xff,0x08,0x83,0xff,
    0x08,0x83,0xff,0x08,0x83,0xff,0x08,0x83,0xff,0x08,0x83,0xff,0x08,0x83,0xff,0x08,0x83,0xff,0x08,0x83,0xff,0x08,0x83,0xff,
    0x08,0x83,0xff,0x08,0x83,0xff,0x08,0x83,0xff,0x08,0x83,0xff,0x08,0x83,0xff,0x08,0x83,0xff,0x08,0x83,0xff,0x08,0x83,0xff,
    0x08,0x83,0xff,0x08,0x83,0xff,0x08,0x83,0xff,0x08,0x83,0xff,0x08,0x83,0xff,0x02,0x64,0xdc,0x00,0x00,0x00,0x00,0x00,0x00,
    0x00,0x00,0x00,0x00,0x00,0x00,0x02,0x64,0xdc,0x08,0x83,0xff,0x08,0x83,0xff,0x08,0x83,0xff,0x08,0x83,0xff,0x08,0x83,0xff,
    0x08,0x83,0xff,0x08,0x83,0xff,0x08,0x83,0xff,0x08,0x83,0xff,0x08,0x83,0xff,0x08,0x83,0xff,0x08,0x83,0xff,0x08,0x83,0xff,
    0x08,0x83,0xff,0x08,0x83,0xff,0x08,0x83,0xff,0x08,0x83,0xff,0x08,0x83,0xff,0x08,0x83,0xff,0x08,0x83,0xff,0x08,0x83,0xff,
    0x08,0x83,0xff,0x08,0x83,0xff,0x08,0x83,0xff,0x08,0x83,0xff,0x08,0x83,0xff,0x08,0x83,0xff,0x08,0x83,0xff,0x08,0x83,0xff,
    0x08,0x83,0xff,0x08,0x83,0xff,0x08,0x83,0xff,0x08,0x83,0xff,0x08,0xa3,0xff,0x21,0x86,0xff,0xe7,0x9f,0xff,0xe7,0x9f,0xff,
    0xe7,0x9f,0xff,0xe7,0x9f,0xff,0xe7,0x9f,0xff,0xe7,0x9f,0xff,0xe7,0x9f,0xff,0x3a,0x8a,0xff,0x08,0xe3,0xff,0x08,0xe3,0xff,
    0x08,0xc3,0xff,0xdf,0x3e,0xff,0xe7,0x9f,0xff,0x21,0x65,0xff,0x08,0xa3,0xff,0x08,0x83,0xff,0x08,0x83,0xff,0x08,0x83,0xff,
    0x08,0x83,0xff,0x08,0xa3,0xff,0x08,0xa3,0xff,0x08,0xc3,0xff,0x95,0x14,0xff,0xe7,0x9f,0xff,0xbe,0x39,0xff,0xe7,0x9f,0xff,
    0x42,0xcb,0xff,0x09,0x03,0xff,0x08,0xe3,0xff,0x08,0xe3,0xff,0x19,0x85,0xff,0xdf,0x5e,0xff,0xe7,0x9f,0xff,0x95,0x14,0xff,
    0x19,0xc6,0xff,0x21,0xe7,0xff,0xa5,0xb7,0xff,0xe7,0x9f,0xff,0xc6,0x9a,0xff,0x09,0x03,0xff,0x09,0x03,0xff,0x09,0x03,0xff,
    0xdf,0x5e,0xff,0xe7,0x9f,0xff,0x19,0xc6,0xff,0x09,0x23,0xff,0x21,0xc6,0xff,0xe7,0x7e,0xff,0xe7,0x9f,0xff,0xad,0xb7,0xff,
    0x2a,0x08,0xff,0x11,0x65,0xff,0x4a,0xec,0xff,0x6b,0xf0,0xff,0x08,0xe3,0xff,0x09,0x03,0xff,0xdf,0x5e,0xff,0xe7,0x9f,0xff,
    0x19,0xa6,0xff,0x08,0xe3,0xff,0x08,0xe3,0xff,0x08,0xc3,0xff,0x08,0xa3,0xff,0x08,0x83,0xff,0x08,0x83,0xff,0x08,0x83,0xff,
    0x08,0x83,0xff,0x08,0x83,0xff,0x08,0x83,0xff,0x08,0x83,0xff,0x08,0x83,0xff,0x08,0x83,0xff,0x08,0x83,0xff,0x08,0x83,0xff,
    0x08,0x83,0xff,0x08,0x83,0xff,0x08,0x83,0xff,0x08,0x83,0xff,0x08,0x83,0xff,0x08,0x83,0xff,0x08,0x83,0xff,0x08,0x83,0xff,
    0x08,0x83,0xff,0x08,0x83,0xff,0x08,0x83,0xff,0x08,0x83,0xff,0x08,0x83,0xff,0x08,0x83,0xff,0x08,0x83,0xff,0x08,0x83,0xff,
    0x08,0x83,0xff,0x08,0x83,0xff,0x08,0x83,0xff,0x08,0x83,0xff,0x08,0x83,0xff,0x02,0x64,0xdc,0x00,0x00,0x00,0x00,0x00,0x00,
    0x00,0x00,0x00,0x00,0x00,0x00,0x02,0x64,0xdc,0x08,0x83,0xff,0x08,0x83,0xff,0x08,0x83,0xff,0x08,0x83,0xff,0x08,0x83,0xff,
    0x08,0x83,0xff,0x08,0x83,0xff,0x08,0x83,0xff,0x08,0x83,0xff,0x08,0x83,0xff,0x08,0x83,0xff,0x08,0x83,0xff,0x08,0x83,0xff,
    0x08,0x83,0xff,0x08,0x83,0xff,0x08,0x83,0xff,0x08,0x83,0xff,0x08,0x83,0xff,0x08,0x83,0xff,0x08,0x83,0xff,0x08,0x83,0xff,
    0x08,0x83,0xff,0x08,0x83,0xff,0x08,0x83,0xff,0x08,0x83,0xff,0x08,0x83,0xff,0x08,0x83,0xff,0x08,0x83,0xff,0x08,0x83,0xff,
    0x08,0x83,0xff,0x08,0x83,0xff,0x08,0x83,0xff,0x08,0x83,0xff,0x08,0xa3,0xff,0x6b,0xcf,0xff,0xe7,0x9f,0xff,0xb5,0xf8,0xff,
    0x09,0x03,0xff,0x09,0x03,0xff,0x09,0x03,0xff,0xa5,0x96,0xff,0xe7,0x9f,0xff,0x84,0x93,0xff,0x08,0xc3,0xff,0x08,0xc3,0xff,
    0x08,0xc3,0xff,0xdf,0x3e,0xff,0xe7,0x9f,0xff,0x21,0x45,0xff,0x08,0xa3,0xff,0x08,0x83,0xff,0x08,0x83,0xff,0x08,0x83,0xff,
    0x08,0x83,0xff,0x08,0x83,0xff,0x08,0xa3,0xff,0x08,0xa3,0xff,0x4a,0xec,0xff,0xe7,0x9f,0xff,0xe7,0x9f,0xff,0xdf,0x1d,0xff,
    0x09,0x04,0xff,0x08,0xc3,0xff,0x08,0xc3,0xff,0x08,0xc3,0xff,0x08,0xc3,0xff,0x63,0x8e,0xff,0xe7,0x9f,0xff,0xe7,0x9f,0xff,
    0xe7,0x9f,0xff,0xe7,0x9f,0xff,0xe7,0x9f,0xff,0xdf,0x5e,0xff,0x3a,0x6a,0xff,0x08,0xe3,0xff,0x08,0xe3,0xff,0x08,0xe3,0xff,
    0xdf,0x3e,0xff,0xe7,0x9f,0xff,0x19,0x86,0xff,0x08,0xe3,0xff,0x09,0x03,0xff,0x74,0x10,0xff,0xe7,0x9f,0xff,0xe7,0x9f,0xff,
    0xe7,0x9f,0xff,0xe7,0x9f,0xff,0xe7,0x9f,0xff,0x84,0xb3,0xff,0x08,0xe3,0xff,0x08,0xe3,0xff,0xdf,0x5e,0xff,0xe7,0x9f,0xff,
    0xe7,0x9f,0xff,0xe7,0x9f,0xff,0xe7,0x9f,0xff,0x7c,0x11,0xff,0x08,0xa3,0xff,0x08,0x83,0xff,0x08,0x83,0xff,0x08,0x83,0xff,
    0x08,0x83,0xff,0x08,0x83,0xff,0x08,0x83,0xff,0x08,0x83,0xff,0x08,0x83,0xff,0x08,0x83,0xff,0x08,0x83,0xff,0x08,0x83,0xff,
    0x08,0x83,0xff,0x08,0x83,0xff,0x08,0x83,0xff,0x08,0x83,0xff,0x08,0x83,0xff,0x08,0x83,0xff,0x08,0x83,0xff,0x08,0x83,0xff,
    0x08,0x83,0xff,0x08,0x83,0xff,0x08,0x83,0xff,0x08,0x83,0xff,0x08,0x83,0xff,0x08,0x83,0xff,0x08,0x83,0xff,0x08,0x83,0xff,
    0x08,0x83,0xff,0x08,0x83,0xff,0x08,0x83,0xff,0x08,0x83,0xff,0x08,0x83,0xff,0x02,0x64,0xdc,0x00,0x00,0x00,0x00,0x00,0x00,
    0x00,0x00,0x00,0x00,0x00,0x00,0x00,0x00,0x00,0x02,0x64,0xdc,0x08,0x83,0xff,0x08,0x83,0xff,0x08,0x83,0xff,0x08,0x83,0xff,
    0x08,0x83,0xff,0x08,0x83,0xff,0x08,0x83,0xff,0x08,0x83,0xff,0x08,0x83,0xff,0x08,0x83,0xff,0x08,0x83,0xff,0x08,0x83,0xff,
    0x08,0x83,0xff,0x08,0x83,0xff,0x08,0x83,0xff,0x08,0x83,0xff,0x08,0x83,0xff,0x08,0x83,0xff,0x08,0x83,0xff,0x08,0x83,0xff,
    0x08,0x83,0xff,0x08,0x83,0xff,0x08,0x83,0xff,0x08,0x83,0xff,0x08,0x83,0xff,0x08,0x83,0xff,0x08,0x83,0xff,0x08,0x83,0xff,
    0x08,0x83,0xff,0x08,0x83,0xff,0x08,0x83,0xff,0x08,0x83,0xff,0x08,0x83,0xff,0xb5,0xf9,0xff,0xe7,0x9f,0xff,0x6b,0xcf,0xff,
    0x08,0xc3,0xff,0x08,0xc3,0xff,0x08,0xc3,0xff,0x5b,0x2d,0xff,0xe7,0x9f,0xff,0xce,0xdc,0xff,0x08,0xa3,0xff,0x08,0xa3,0xff,
    0x08,0xa3,0xff,0xdf,0x3e,0xff,0xe7,0x9f,0xff,0x21,0x45,0xff,0x08,0x83,0xff,0x08,0x83,0xff,0x08,0x83,0xff,0x08,0x83,0xff,
    0x08,0x83,0xff,0x08,0x83,0xff,0x08,0x83,0xff,0x08,0xa3,0xff,0x10,0xe4,0xff,0xdf,0x5e,0xff,0xe7,0x9f,0xff,0x9d,0x35,0xff,
    0x08,0xc3,0xff,0x08,0xa3,0xff,0x08,0xa3,0xff,0x08,0xa3,0xff,0x08,0xa3,0xff,0x08,0xc3,0xff,0x4a,0xcb,0xff,0xb6,0x19,0xff,
    0xdf,0x5e,0xff,0xdf,0x3d,0xff,0xa5,0x96,0xff,0x32,0x08,0xff,0x08,0xc3,0xff,0x08,0xc3,0xff,0x08,0xc3,0xff,0x08,0xc3,0xff,
    0xdf,0x3e,0xff,0xe7,0x9f,0xff,0x19,0x66,0xff,0x08,0xc3,0xff,0x08,0xc3,0xff,0x08,0xc3,0xff,0x5b,0x2d,0xff,0xbe,0x39,0xff,
    0xdf,0x5e,0xff,0xdf,0x3d,0xff,0xbe,0x39,0xff,0x4a,0xab,0xff,0x08,0xc3,0xff,0x08,0xc3,0xff,0xdf,0x3e,0xff,0xe7,0x9f,0xff,
    0xe7,0x9f,0xff,0xe7,0x9f,0xff,0xe7,0x9f,0xff,0x7c,0x11,0xff,0x08,0x83,0xff,0x08,0x83,0xff,0x08,0x83,0xff,0x08,0x83,0xff,
    0x08,0x83,0xff,0x08,0x83,0xff,0x08,0x83,0xff,0x08,0x83,0xff,0x08,0x83,0xff,0x08,0x83,0xff,0x08,0x83,0xff,0x08,0x83,0xff,
    0x08,0x83,0xff,0x08,0x83,0xff,0x08,0x83,0xff,0x08,0x83,0xff,0x08,0x83,0xff,0x08,0x83,0xff,0x08,0x83,0xff,0x08,0x83,0xff,
    0x08,0x83,0xff,0x08,0x83,0xff,0x08,0x83,0xff,0x08,0x83,0xff,0x08,0x83,0xff,0x08,0x83,0xff,0x08,0x83,0xff,0x08,0x83,0xff,
    0x08,0x83,0xff,0x08,0x83,0xff,0x08,0x83,0xff,0x08,0x83,0xff,0x02,0x64,0xdc,0x00,0x00,0x00,0x00,0x00,0x00,0x00,0x00,0x00,
    0x00,0x00,0x00,0x00,0x00,0x00,0x00,0x00,0x00,0x02,0x64,0xdc,0x08,0x83,0xff,0x08,0x83,0xff,0x08,0x83,0xff,0x08,0x83,0xff,
    0x08,0x83,0xff,0x08,0x83,0xff,0x08,0x83,0xff,0x08,0x83,0xff,0x08,0x83,0xff,0x08,0x83,0xff,0x08,0x83,0xff,0x08,0x83,0xff,
    0x08,0x83,0xff,0x08,0x83,0xff,0x08,0x83,0xff,0x08,0x83,0xff,0x08,0x83,0xff,0x08,0x83,0xff,0x08,0x83,0xff,0x08,0x83,0xff,
    0x08,0x83,0xff,0x08,0x83,0xff,0x08,0x83,0xff,0x08,0x83,0xff,0x08,0x83,0xff,0x08,0x83,0xff,0x08,0x83,0xff,0x08,0x83,0xff,
    0x08,0x83,0xff,0x08,0x83,0xff,0x08,0x83,0xff,0x08,0x82,0xff,0x08,0x83,0xff,0x08,0x83,0xff,0x08,0xa3,0xff,0x08,0xa3,0xff,
    0x08,0xa3,0xff,0x08,0xa3,0xff,0x08,0xa3,0xff,0x08,0xa3,0xff,0x08,0xa3,0xff,0x08,0xa3,0xff,0x08,0xa3,0xff,0x08,0xa3,0xff,
    0x08,0xa3,0xff,0x08,0x83,0xff,0x08,0x83,0xff,0x08,0x83,0xff,0x08,0x83,0xff,0x08,0x83,0xff,0x08,0x83,0xff,0x08,0x83,0xff,
    0x08,0x83,0xff,0x08,0x83,0xff,0x08,0x83,0xff,0x08,0x83,0xff,0x08,0xa3,0xff,0x08,0xa3,0xff,0x08,0xa3,0xff,0x08,0xa3,0xff,
    0x08,0xa3,0xff,0x08,0xa3,0xff,0x08,0xa3,0xff,0x08,0xa3,0xff,0x08,0xa3,0xff,0x08,0xa3,0xff,0x08,0xa3,0xff,0x08,0xa3,0xff,
    0x08,0xa3,0xff,0x08,0xc3,0xff,0x08,0xa3,0xff,0x08,0xa3,0xff,0x08,0xa3,0xff,0x08,0xa3,0xff,0x08,0xa3,0xff,0x08,0xa3,0xff,
    0x08,0xa3,0xff,0x08,0xa3,0xff,0x08,0xa3,0xff,0x08,0xa3,0xff,0x08,0xa3,0xff,0x08,0xa3,0xff,0x08,0xa3,0xff,0x08,0xa3,0xff,
    0x08,0xa3,0xff,0x08,0xa3,0xff,0x08,0xa3,0xff,0x08,0xa3,0xff,0x08,0xa3,0xff,0x08,0xa3,0xff,0x08,0xa3,0xff,0x08,0xa3,0xff,
    0x08,0xa3,0xff,0x08,0xa3,0xff,0x08,0xa3,0xff,0x08,0x83,0xff,0x08,0x82,0xff,0x08,0x82,0xff,0x08,0x83,0xff,0x08,0x83,0xff,
    0x08,0x83,0xff,0x08,0x83,0xff,0x08,0x83,0xff,0x08,0x83,0xff,0x08,0x83,0xff,0x08,0x83,0xff,0x08,0x83,0xff,0x08,0x83,0xff,
    0x08,0x83,0xff,0x08,0x83,0xff,0x08,0x83,0xff,0x08,0x83,0xff,0x08,0x83,0xff,0x08,0x83,0xff,0x08,0x83,0xff,0x08,0x83,0xff,
    0x08,0x83,0xff,0x08,0x83,0xff,0x08,0x83,0xff,0x08,0x83,0xff,0x08,0x83,0xff,0x08,0x83,0xff,0x08,0x83,0xff,0x08,0x83,0xff,
    0x08,0x83,0xff,0x08,0x83,0xff,0x08,0x83,0xff,0x08,0x83,0xff,0x02,0x64,0xdc,0x00,0x00,0x00,0x00,0x00,0x00,0x00,0x00,0x00,
    0x00,0x00,0x00,0x00,0x00,0x00,0x00,0x00,0x00,0x02,0x64,0xdc,0x08,0x83,0xff,0x08,0x83,0xff,0x08,0x83,0xff,0x08,0x83,0xff,
    0x08,0x83,0xff,0x08,0x83,0xff,0x08,0x83,0xff,0x08,0x83,0xff,0x08,0x83,0xff,0x08,0x83,0xff,0x08,0x83,0xff,0x08,0x83,0xff,
    0x08,0x83,0xff,0x08,0x83,0xff,0x08,0x83,0xff,0x08,0x83,0xff,0x08,0x83,0xff,0x08,0x83,0xff,0x08,0x83,0xff,0x08,0x83,0xff,
    0x08,0x83,0xff,0x08,0x83,0xff,0x08,0x83,0xff,0x08,0x83,0xff,0x08,0x83,0xff,0x08,0x83,0xff,0x08,0x83,0xff,0x08,0x83,0xff,
    0x08,0x83,0xff,0x08,0x83,0xff,0x08,0x83,0xff,0x08,0x83,0xff,0x08,0x83,0xff,0x08,0x83,0xff,0x08,0x83,0xff,0x08,0x83,0xff,
    0x08,0x83,0xff,0x08,0x83,0xff,0x08,0x83,0xff,0x08,0x83,0xff,0x08,0x83,0xff,0x08,0x83,0xff,0x08,0x83,0xff,0x08,0x83,0xff,
    0x08,0x83,0xff,0x08,0x83,0xff,0x08,0x83,0xff,0x08,0x83,0xff,0x08,0x83,0xff,0x08,0x83,0xff,0x08,0x83,0xff,0x08,0x83,0xff,
    0x08,0x83,0xff,0x08,0x83,0xff,0x08,0x83,0xff,0x08,0x83,0xff,0x08,0x83,0xff,0x08,0x83,0xff,0x08,0x83,0xff,0x08,0x83,0xff,
    0x08,0x83,0xff,0x08,0x83,0xff,0x08,0x83,0xff,0x08,0x83,0xff,0x08,0x83,0xff,0x08,0x83,0xff,0x08,0x83,0xff,0x08,0xa3,0xff,
    0x08,0xa3,0xff,0x08,0xa3,0xff,0x08,0xa3,0xff,0x08,0xa3,0xff,0x08,0x83,0xff,0x08,0x83,0xff,0x08,0x83,0xff,0x08,0x83,0xff,
    0x08,0x83,0xff,0x08,0x83,0xff,0x08,0x83,0xff,0x08,0x83,0xff,0x08,0x83,0xff,0x08,0xa3,0xff,0x08,0xa3,0xff,0x08,0xa3,0xff,
    0x08,0xa3,0xff,0x08,0xa3,0xff,0x08,0xa3,0xff,0x08,0xa3,0xff,0x08,0xa3,0xff,0x08,0xa3,0xff,0x08,0xa3,0xff,0x08,0xa3,0xff,
    0x08,0xa3,0xff,0x08,0x83,0xff,0x08,0x83,0xff,0x08,0x82,0xff,0x08,0x82,0xff,0x08,0x83,0xff,0x08,0x83,0xff,0x08,0x83,0xff,
    0x08,0x83,0xff,0x08,0x83,0xff,0x08,0x83,0xff,0x08,0x83,0xff,0x08,0x83,0xff,0x08,0x83,0xff,0x08,0x83,0xff,0x08,0x83,0xff,
    0x08,0x83,0xff,0x08,0x83,0xff,0x08,0x83,0xff,0x08,0x83,0xff,0x08,0x83,0xff,0x08,0x83,0xff,0x08,0x83,0xff,0x08,0x83,0xff,
    0x08,0x83,0xff,0x08,0x83,0xff,0x08,0x83,0xff,0x08,0x83,0xff,0x08,0x83,0xff,0x08,0x83,0xff,0x08,0x83,0xff,0x08,0x83,0xff,
    0x08,0x83,0xff,0x08,0x83,0xff,0x08,0x83,0xff,0x08,0x83,0xff,0x02,0x64,0xdc,0x00,0x00,0x00,0x00,0x00,0x00,0x00,0x00,0x00,
    0x00,0x00,0x00,0x00,0x00,0x00,0x00,0x00,0x00,0x00,0x00,0x00,0x02,0x64,0xdc,0x08,0x83,0xff,0x08,0x83,0xff,0x08,0x83,0xff,
    0x08,0x83,0xff,0x08,0x83,0xff,0x08,0x83,0xff,0x08,0x83,0xff,0x08,0x83,0xff,0x08,0x83,0xff,0x08,0x83,0xff,0x08,0x83,0xff,
    0x08,0x83,0xff,0x08,0x83,0xff,0x08,0x83,0xff,0x08,0x83,0xff,0x08,0x83,0xff,0x08,0x83,0xff,0x08,0x83,0xff,0x08,0x83,0xff,
    0x08,0x83,0xff,0x08,0x83,0xff,0x08,0x83,0xff,0x08,0x83,0xff,0x08,0x83,0xff,0x08,0x83,0xff,0x08,0x83,0xff,0x08,0x83,0xff,
    0x08,0x83,0xff,0x08,0x83,0xff,0x08,0x83,0xff,0x08,0x83,0xff,0x08,0x83,0xff,0x08,0x83,0xff,0x08,0x82,0xff,0x08,0x83,0xff,
    0x08,0x83,0xff,0x08,0x83,0xff,0x08,0x83,0xff,0x08,0x83,0xff,0x08,0x83,0xff,0x08,0x83,0xff,0x08,0x82,0xff,0x08,0x82,0xff,
    0x08,0x82,0xff,0x08,0x83,0xff,0x08,0x83,0xff,0x08,0x83,0xff,0x08,0x83,0xff,0x08,0x83,0xff,0x08,0x83,0xff,0x08,0x83,0xff,
    0x08,0x83,0xff,0x08,0x83,0xff,0x08,0x83,0xff,0x08,0x83,0xff,0x08,0x83,0xff,0x08,0x83,0xff,0x08,0x83,0xff,0x08,0x83,0xff,
    0x08,0x83,0xff,0x08,0x83,0xff,0x08,0x83,0xff,0x08,0x83,0xff,0x08,0x83,0xff,0x08,0x83,0xff,0x08,0x83,0xff,0x08,0x83,0xff,
    0x08,0x83,0xff,0x08,0x83,0xff,0x08,0x83,0xff,0x08,0x83,0xff,0x08,0x83,0xff,0x08,0x83,0xff,0x08,0x83,0xff,0x08,0x83,0xff,
    0x08,0x83,0xff,0x08,0x83,0xff,0x08,0x83,0xff,0x08,0x83,0xff,0x08,0x83,0xff,0x08,0x83,0xff,0x08,0x83,0xff,0x08,0x83,0xff,
    0x08,0x83,0xff,0x08,0x83,0xff,0x08,0x83,0xff,0x08,0x83,0xff,0x08,0x83,0xff,0x08,0x83,0xff,0x08,0x83,0xff,0x08,0x83,0xff,
    0x08,0x83,0xff,0x08,0x82,0xff,0x08,0x82,0xff,0x08,0x82,0xff,0x08,0x83,0xff,0x08,0x83,0xff,0x08,0x83,0xff,0x08,0x83,0xff,
    0x08,0x83,0xff,0x08,0x83,0xff,0x08,0x83,0xff,0x08,0x83,0xff,0x08,0x83,0xff,0x08,0x83,0xff,0x08,0x83,0xff,0x08,0x83,0xff,
    0x08,0x83,0xff,0x08,0x83,0xff,0x08,0x83,0xff,0x08,0x83,0xff,0x08,0x83,0xff,0x08,0x83,0xff,0x08,0x83,0xff,0x08,0x83,0xff,
    0x08,0x83,0xff,0x08,0x83,0xff,0x08,0x83,0xff,0x08,0x83,0xff,0x08,0x83,0xff,0x08,0x83,0xff,0x08,0x83,0xff,0x08,0x83,0xff,
    0x08,0x83,0xff,0x08,0x83,0xff,0x08,0x83,0xff,0x02,0x64,0xdc,0x00,0x00,0x00,0x00,0x00,0x00,0x00,0x00,0x00,0x00,0x00,0x00,
    0x00,0x00,0x00,0x00,0x00,0x00,0x00,0x00,0x00,0x00,0x00,0x00,0x00,0x00,0x00,0x02,0x64,0xdc,0x08,0x83,0xff,0x08,0x83,0xff,
    0x08,0x83,0xff,0x08,0x83,0xff,0x08,0x83,0xff,0x08,0x83,0xff,0x08,0x83,0xff,0x08,0x83,0xff,0x08,0x83,0xff,0x08,0x83,0xff,
    0x08,0x83,0xff,0x08,0x83,0xff,0x08,0x83,0xff,0x08,0x83,0xff,0x08,0x83,0xff,0x08,0x83,0xff,0x08,0x83,0xff,0x08,0x83,0xff,
    0x08,0x83,0xff,0x08,0x83,0xff,0x08,0x83,0xff,0x08,0x83,0xff,0x08,0x83,0xff,0x08,0x83,0xff,0x08,0x83,0xff,0x08,0x83,0xff,
    0x08,0x83,0xff,0x08,0x83,0xff,0x08,0x83,0xff,0x08,0x83,0xff,0x08,0x83,0xff,0x08,0x83,0xff,0x08,0x83,0xff,0x08,0x82,0xff,
    0x08,0x82,0xff,0x08,0x82,0xff,0x08,0x82,0xff,0x08,0x82,0xff,0x08,0x82,0xff,0x08,0x82,0xff,0x08,0x82,0xff,0x08,0x82,0xff,
    0x08,0x82,0xff,0x08,0x83,0xff,0x08,0x83,0xff,0x08,0x83,0xff,0x08,0x83,0xff,0x08,0x83,0xff,0x08,0x83,0xff,0x08,0x83,0xff,
    0x08,0x83,0xff,0x08,0x83,0xff,0x08,0x83,0xff,0x08,0x83,0xff,0x08,0x83,0xff,0x08,0x83,0xff,0x08,0x83,0xff,0x08,0x83,0xff,
    0x08,0x83,0xff,0x08,0x83,0xff,0x08,0x83,0xff,0x08,0x83,0xff,0x08,0x83,0xff,0x08,0x83,0xff,0x08,0x83,0xff,0x08,0x83,0xff,
    0x08,0x83,0xff,0x08,0x83,0xff,0x08,0x83,0xff,0x08,0x83,0xff,0x08,0x83,0xff,0x08,0x83,0xff,0x08,0x83,0xff,0x08,0x83,0xff,
    0x08,0x83,0xff,0x08,0x83,0xff,0x08,0x83,0xff,0x08,0x83,0xff,0x08,0x83,0xff,0x08,0x83,0xff,0x08,0x83,0xff,0x08,0x83,0xff,
    0x08,0x83,0xff,0x08,0x83,0xff,0x08,0x82,0xff,0x08,0x82,0xff,0x08,0x82,0xff,0x08,0x82,0xff,0x08,0x82,0xff,0x08,0x82,0xff,
    0x08,0x82,0xff,0x08,0x82,0xff,0x08,0x82,0xff,0x08,0x82,0xff,0x08,0x83,0xff,0x08,0x83,0xff,0x08,0x83,0xff,0x08,0x83,0xff,
    0x08,0x83,0xff,0x08,0x83,0xff,0x08,0x83,0xff,0x08,0x83,0xff,0x08,0x83,0xff,0x08,0x83,0xff,0x08,0x83,0xff,0x08,0x83,0xff,
    0x08,0x83,0xff,0x08,0x83,0xff,0x08,0x83,0xff,0x08,0x83,0xff,0x08,0x83,0xff,0x08,0x83,0xff,0x08,0x83,0xff,0x08,0x83,0xff,
    0x08,0x83,0xff,0x08,0x83,0xff,0x08,0x83,0xff,0x08,0x83,0xff,0x08,0x83,0xff,0x08,0x83,0xff,0x08,0x83,0xff,0x08,0x83,0xff,
    0x08,0x83,0xff,0x08,0x83,0xff,0x02,0x64,0xdc,0x00,0x00,0x00,0x00,0x00,0x00,0x00,0x00,0x00,0x00,0x00,0x00,0x00,0x00,0x00,
    0x00,0x00,0x00,0x00,0x00,0x00,0x00,0x00,0x00,0x00,0x00,0x00,0x00,0x00,0x00,0x02,0x64,0xdc,0x08,0x83,0xff,0x08,0x83,0xff,
    0x08,0x83,0xff,0x08,0x83,0xff,0x08,0x83,0xff,0x08,0x83,0xff,0x08,0x83,0xff,0x08,0x83,0xff,0x08,0x83,0xff,0x08,0x83,0xff,
    0x08,0x83,0xff,0x08,0x83,0xff,0x08,0x83,0xff,0x08,0x83,0xff,0x08,0x83,0xff,0x08,0x83,0xff,0x08,0x83,0xff,0x08,0x83,0xff,
    0x08,0x83,0xff,0x08,0x83,0xff,0x08,0x83,0xff,0x08,0x83,0xff,0x08,0x83,0xff,0x08,0x83,0xff,0x08,0x83,0xff,0x08,0x83,0xff,
    0x08,0x83,0xff,0x08,0x83,0xff,0x08,0x83,0xff,0x08,0x83,0xff,0x08,0x83,0xff,0x08,0x83,0xff,0x08,0x83,0xff,0x08,0x83,0xff,
    0x08,0x82,0xff,0x08,0x82,0xff,0x08,0x82,0xff,0x08,0x82,0xff,0x08,0x82,0xff,0x08,0x82,0xff,0x08,0x82,0xff,0x08,0x83,0xff,
    0x08,0x83,0xff,0x08,0x83,0xff,0x08,0x83,0xff,0x08,0x83,0xff,0x08,0x83,0xff,0x08,0x83,0xff,0x08,0x83,0xff,0x08,0x83,0xff,
    0x08,0x83,0xff,0x08,0x83,0xff,0x08,0x83,0xff,0x08,0x83,0xff,0x08,0x83,0xff,0x08,0x83,0xff,0x08,0x83,0xff,0x08,0x83,0xff,
    0x08,0x83,0xff,0x08,0x83,0xff,0x08,0x83,0xff,0x08,0x83,0xff,0x08,0x83,0xff,0x08,0x83,0xff,0x08,0x83,0xff,0x08,0x82,0xff,
    0x08,0x83,0xff,0x08,0x83,0xff,0x08,0x83,0xff,0x08,0x83,0xff,0x08,0x83,0xff,0x08,0x83,0xff,0x08,0x83,0xff,0x08,0x83,0xff,
    0x08,0x83,0xff,0x08,0x83,0xff,0x08,0x83,0xff,0x08,0x83,0xff,0x08,0x83,0xff,0x08,0x83,0xff,0x08,0x83,0xff,0x08,0x83,0xff,
    0x08,0x83,0xff,0x08,0x83,0xff,0x08,0x83,0xff,0x08,0x83,0xff,0x08,0x83,0xff,0x08,0x82,0xff,0x08,0x82,0xff,0x08,0x82,0xff,
    0x08,0x82,0xff,0x08,0x82,0xff,0x08,0x82,0xff,0x08,0x82,0xff,0x08,0x83,0xff,0x08,0x83,0xff,0x08,0x83,0xff,0x08,0x83,0xff,
    0x08,0x83,0xff,0x08,0x83,0xff,0x08,0x83,0xff,0x08,0x83,0xff,0x08,0x83,0xff,0x08,0x83,0xff,0x08,0x83,0xff,0x08,0x83,0xff,
    0x08,0x83,0xff,0x08,0x83,0xff,0x08,0x83,0xff,0x08,0x83,0xff,0x08,0x83,0xff,0x08,0x83,0xff,0x08,0x83,0xff,0x08,0x83,0xff,
    0x08,0x83,0xff,0x08,0x83,0xff,0x08,0x83,0xff,0x08,0x83,0xff,0x08,0x83,0xff,0x08,0x83,0xff,0x08,0x83,0xff,0x08,0x83,0xff,
    0x08,0x83,0xff,0x08,0x83,0xff,0x02,0x64,0xdc,0x00,0x00,0x00,0x00,0x00,0x00,0x00,0x00,0x00,0x00,0x00,0x00,0x00,0x00,0x00,
    0x00,0x00,0x00,0x00,0x00,0x00,0x00,0x00,0x00,0x00,0x00,0x00,0x00,0x00,0x00,0x00,0x00,0x00,0x02,0x64,0xdc,0x08,0x83,0xff,
    0x08,0x83,0xff,0x08,0x83,0xff,0x08,0x83,0xff,0x08,0x83,0xff,0x08,0x83,0xff,0x08,0x83,0xff,0x08,0x83,0xff,0x08,0x83,0xff,
    0x08,0x83,0xff,0x08,0x83,0xff,0x08,0x83,0xff,0x08,0x83,0xff,0x08,0x83,0xff,0x08,0x83,0xff,0x08,0x83,0xff,0x08,0x83,0xff,
    0x08,0x83,0xff,0x08,0x83,0xff,0x08,0x83,0xff,0x08,0x83,0xff,0x08,0x83,0xff,0x08,0x83,0xff,0x08,0x83,0xff,0x08,0x83,0xff,
    0x08,0x83,0xff,0x08,0x83,0xff,0x08,0x83,0xff,0x08,0x83,0xff,0x08,0x83,0xff,0x08,0x82,0xff,0x08,0x83,0xff,0x08,0x83,0xff,
    0x08,0x83,0xff,0x08,0x83,0xff,0x08,0x83,0xff,0x08,0x83,0xff,0x08,0x83,0xff,0x08,0x83,0xff,0x08,0x83,0xff,0x08,0x83,0xff,
    0x08,0x83,0xff,0x08,0x83,0xff,0x08,0x83,0xff,0x08,0x82,0xff,0x08,0x83,0xff,0x08,0x83,0xff,0x08,0x83,0xff,0x08,0x83,0xff,
    0x08,0x83,0xff,0x08,0x83,0xff,0x08,0x83,0xff,0x08,0x83,0xff,0x08,0x83,0xff,0x08,0x83,0xff,0x08,0x83,0xff,0x08,0x83,0xff,
    0x08,0x83,0xff,0x08,0x83,0xff,0x08,0x83,0xff,0x08,0x83,0xff,0x08,0x83,0xff,0x08,0x83,0xff,0x08,0x83,0xff,0x08,0x83,0xff,
    0x08,0x83,0xff,0x08,0x83,0xff,0x08,0x83,0xff,0x08,0x83,0xff,0x08,0x83,0xff,0x08,0x83,0xff,0x08,0x83,0xff,0x08,0x83,0xff,
    0x08,0x83,0xff,0x08,0x83,0xff,0x08,0x83,0xff,0x08,0x83,0xff,0x08,0x83,0xff,0x08,0x83,0xff,0x08,0x83,0xff,0x08,0x83,0xff,
    0x08,0x83,0xff,0x08,0x83,0xff,0x08,0x83,0xff,0x08,0x83,0xff,0x08,0x83,0xff,0x08,0x83,0xff,0x08,0x83,0xff,0x08,0x83,0xff,
    0x08,0x83,0xff,0x08,0x83,0xff,0x08,0x82,0xff,0x08,0x83,0xff,0x08,0x83,0xff,0x08,0x83,0xff,0x08,0x83,0xff,0x08,0x83,0xff,
    0x08,0x83,0xff,0x08,0x83,0xff,0x08,0x83,0xff,0x08,0x83,0xff,0x08,0x83,0xff,0x08,0x83,0xff,0x08,0x83,0xff,0x08,0x83,0xff,
    0x08,0x83,0xff,0x08,0x83,0xff,0x08,0x83,0xff,0x08,0x83,0xff,0x08,0x83,0xff,0x08,0x83,0xff,0x08,0x83,0xff,0x08,0x83,0xff,
    0x08,0x83,0xff,0x08,0x83,0xff,0x08,0x83,0xff,0x08,0x83,0xff,0x08,0x83,0xff,0x08,0x83,0xff,0x08,0x83,0xff,0x08,0x83,0xff,
    0x08,0x83,0xff,0x02,0x64,0xdc,0x00,0x00,0x00,0x00,0x00,0x00,0x00,0x00,0x00,0x00,0x00,0x00,0x00,0x00,0x00,0x00,0x00,0x00,
    0x00,0x00,0x00,0x00,0x00,0x00,0x00,0x00,0x00,0x00,0x00,0x00,0x00,0x00,0x00,0x00,0x00,0x00,0x00,0x00,0x00,0x02,0x64,0xdc,
    0x02,0x64,0xdc,0x08,0x83,0xff,0x08,0x83,0xff,0x08,0x83,0xff,0x08,0x83,0xff,0x08,0x83,0xff,0x08,0x83,0xff,0x08,0x83,0xff,
    0x08,0x83,0xff,0x08,0x83,0xff,0x08,0x83,0xff,0x08,0x83,0xff,0x08,0x83,0xff,0x08,0x83,0xff,0x08,0x83,0xff,0x08,0x83,0xff,
    0x08,0x83,0xff,0x08,0x83,0xff,0x08,0x83,0xff,0x08,0x83,0xff,0x08,0x83,0xff,0x08,0x83,0xff,0x08,0x83,0xff,0x08,0x83,0xff,
    0x08,0x83,0xff,0x08,0x83,0xff,0x08,0x83,0xff,0x08,0x83,0xff,0x08,0x83,0xff,0x08,0x83,0xff,0x08,0x83,0xff,0x08,0x83,0xff,
    0x08,0x83,0xff,0x08,0x83,0xff,0x08,0x83,0xff,0x08,0x83,0xff,0x08,0x83,0xff,0x08,0x83,0xff,0x08,0x83,0xff,0x08,0x83,0xff,
    0x08,0x83,0xff,0x08,0x83,0xff,0x08,0x83,0xff,0x08,0x83,0xff,0x08,0x83,0xff,0x08,0x83,0xff,0x08,0x83,0xff,0x08,0x83,0xff,
    0x08,0x83,0xff,0x08,0x83,0xff,0x08,0x83,0xff,0x08,0x83,0xff,0x08,0x83,0xff,0x08,0x83,0xff,0x08,0x83,0xff,0x08,0x83,0xff,
    0x08,0x83,0xff,0x08,0x83,0xff,0x08,0x83,0xff,0x08,0x83,0xff,0x08,0x83,0xff,0x08,0x83,0xff,0x08,0x83,0xff,0x08,0x83,0xff,
    0x08,0x83,0xff,0x08,0x83,0xff,0x08,0x83,0xff,0x08,0x83,0xff,0x08,0x83,0xff,0x08,0x83,0xff,0x08,0x83,0xff,0x08,0x83,0xff,
    0x08,0x83,0xff,0x08,0x83,0xff,0x08,0x83,0xff,0x08,0x83,0xff,0x08,0x83,0xff,0x08,0x83,0xff,0x08,0x83,0xff,0x08,0x83,0xff,
    0x08,0x83,0xff,0x08,0x83,0xff,0x08,0x83,0xff,0x08,0x83,0xff,0x08,0x83,0xff,0x08,0x83,0xff,0x08,0x83,0xff,0x08,0x83,0xff,
    0x08,0x83,0xff,0x08,0x83,0xff,0x08,0x83,0xff,0x08,0x83,0xff,0x08,0x83,0xff,0x08,0x83,0xff,0x08,0x83,0xff,0x08,0x83,0xff,
    0x08,0x83,0xff,0x08,0x83,0xff,0x08,0x83,0xff,0x08,0x83,0xff,0x08,0x83,0xff,0x08,0x83,0xff,0x08,0x83,0xff,0x08,0x83,0xff,
    0x08,0x83,0xff,0x08,0x83,0xff,0x08,0x83,0xff,0x08,0x83,0xff,0x08,0x83,0xff,0x08,0x83,0xff,0x08,0x83,0xff,0x08,0x83,0xff,
    0x08,0x83,0xff,0x08,0x83,0xff,0x08,0x83,0xff,0x08,0x83,0xff,0x08,0x83,0xff,0x08,0x83,0xff,0x08,0x83,0xff,0x02,0x64,0xdc,
    0x02,0x64,0xdc,0x00,0x00,0x00,0x00,0x00,0x00,0x00,0x00,0x00,0x00,0x00,0x00,0x00,0x00,0x00,0x00,0x00,0x00,0x00,0x00,0x00,
    0x00,0x00,0x00,0x00,0x00,0x00,0x00,0x00,0x00,0x00,0x00,0x00,0x00,0x00,0x00,0x00,0x00,0x00,0x00,0x00,0x00,0x00,0x00,0x00,
    0x00,0x00,0x00,0x02,0x64,0xdc,0x08,0x83,0xff,0x08,0x83,0xff,0x08,0x83,0xff,0x08,0x83,0xff,0x08,0x83,0xff,0x08,0x83,0xff,
    0x08,0x83,0xff,0x08,0x83,0xff,0x08,0x83,0xff,0x08,0x83,0xff,0x08,0x83,0xff,0x08,0x83,0xff,0x08,0x83,0xff,0x08,0x83,0xff,
    0x08,0x83,0xff,0x08,0x83,0xff,0x08,0x83,0xff,0x08,0x83,0xff,0x08,0x83,0xff,0x08,0x83,0xff,0x08,0x83,0xff,0x08,0x83,0xff,
    0x08,0x83,0xff,0x08,0x83,0xff,0x08,0x83,0xff,0x08,0x83,0xff,0x08,0x83,0xff,0x08,0x83,0xff,0x08,0x83,0xff,0x08,0x83,0xff,
    0x08,0x83,0xff,0x08,0x83,0xff,0x08,0x83,0xff,0x08,0x83,0xff,0x08,0x83,0xff,0x08,0x83,0xff,0x08,0x83,0xff,0x08,0x83,0xff,
    0x08,0x83,0xff,0x08,0x83,0xff,0x08,0x83,0xff,0x08,0x83,0xff,0x08,0x83,0xff,0x08,0x83,0xff,0x08,0x83,0xff,0x08,0x83,0xff,
    0x08,0x83,0xff,0x08,0x83,0xff,0x08,0x83,0xff,0x08,0x83,0xff,0x08,0x83,0xff,0x08,0x83,0xff,0x08,0x83,0xff,0x08,0x83,0xff,
    0x08,0x83,0xff,0x08,0x83,0xff,0x08,0x83,0xff,0x08,0x83,0xff,0x08,0x83,0xff,0x08,0x83,0xff,0x08,0x83,0xff,0x08,0x83,0xff,
    0x08,0x83,0xff,0x08,0x83,0xff,0x08,0x83,0xff,0x08,0x83,0xff,0x08,0x83,0xff,0x08,0x83,0xff,0x08,0x83,0xff,0x08,0x83,0xff,
    0x08,0x83,0xff,0x08,0x83,0xff,0x08,0x83,0xff,0x08,0x83,0xff,0x08,0x83,0xff,0x08,0x83,0xff,0x08,0x83,0xff,0x08,0x83,0xff,
    0x08,0x83,0xff,0x08,0x83,0xff,0x08,0x83,0xff,0x08,0x83,0xff,0x08,0x83,0xff,0x08,0x83,0xff,0x08,0x83,0xff,0x08,0x83,0xff,
    0x08,0x83,0xff,0x08,0x83,0xff,0x08,0x83,0xff,0x08,0x83,0xff,0x08,0x83,0xff,0x08,0x83,0xff,0x08,0x83,0xff,0x08,0x83,0xff,
    0x08,0x83,0xff,0x08,0x83,0xff,0x08,0x83,0xff,0x08,0x83,0xff,0x08,0x83,0xff,0x08,0x83,0xff,0x08,0x83,0xff,0x08,0x83,0xff,
    0x08,0x83,0xff,0x08,0x83,0xff,0x08,0x83,0xff,0x08,0x83,0xff,0x08,0x83,0xff,0x08,0x83,0xff,0x08,0x83,0xff,0x08,0x83,0xff,
    0x08,0x83,0xff,0x08,0x83,0xff,0x08,0x83,0xff,0x08,0x83,0xff,0x08,0x83,0xff,0x08,0x83,0xff,0x02,0x64,0xdc,0x00,0x00,0x00,
    0x00,0x00,0x00,0x00,0x00,0x00,0x00,0x00,0x00,0x00,0x00,0x00,0x00,0x00,0x00,0x00,0x00,0x00,0x00,0x00,0x00,0x00,0x00,0x00,
    0x00,0x00,0x00,0x00,0x00,0x00,0x00,0x00,0x00,0x00,0x00,0x00,0x00,0x00,0x00,0x00,0x00,0x00,0x00,0x00,0x00,0x00,0x00,0x00,
    0x00,0x00,0x00,0x00,0x00,0x00,0x02,0x64,0xdc,0x02,0x64,0xdc,0x02,0x64,0xdc,0x08,0x83,0xff,0x08,0x83,0xff,0x08,0x83,0xff,
    0x08,0x83,0xff,0x08,0x83,0xff,0x08,0x83,0xff,0x08,0x83,0xff,0x08,0x83,0xff,0x08,0x83,0xff,0x08,0x83,0xff,0x08,0x83,0xff,
    0x08,0x83,0xff,0x08,0x83,0xff,0x08,0x83,0xff,0x08,0x83,0xff,0x08,0x83,0xff,0x08,0x83,0xff,0x08,0x83,0xff,0x08,0x83,0xff,
    0x08,0x83,0xff,0x08,0x83,0xff,0x08,0x83,0xff,0x08,0xa3,0xff,0x08,0xa3,0xff,0x08,0xa3,0xff,0x08,0xa3,0xff,0x08,0xa3,0xff,
    0x08,0xa3,0xff,0x08,0xa3,0xff,0x08,0xa3,0xff,0x08,0xa3,0xff,0x08,0xa3,0xff,0x08,0xa3,0xff,0x08,0xa3,0xff,0x08,0xa3,0xff,
    0x08,0xa3,0xff,0x08,0xa3,0xff,0x08,0xa3,0xff,0x08,0xa3,0xff,0x08,0xa3,0xff,0x08,0xa3,0xff,0x08,0xa3,0xff,0x08,0xa3,0xff,
    0x08,0xa3,0xff,0x08,0xa3,0xff,0x08,0xa3,0xff,0x08,0xa3,0xff,0x08,0xa3,0xff,0x08,0xa3,0xff,0x08,0xa3,0xff,0x08,0xa3,0xff,
    0x08,0xa3,0xff,0x08,0xa3,0xff,0x08,0xa3,0xff,0x08,0xa3,0xff,0x08,0xa3,0xff,0x08,0xa3,0xff,0x08,0xa3,0xff,0x08,0xa3,0xff,
    0x08,0xa3,0xff,0x08,0xa3,0xff,0x08,0xa3,0xff,0x08,0xa3,0xff,0x08,0xa3,0xff,0x08,0xa3,0xff,0x08,0xa3,0xff,0x08,0xa3,0xff,
    0x08,0xa3,0xff,0x08,0xa3,0xff,0x08,0xa3,0xff,0x08,0xa3,0xff,0x08,0xa3,0xff,0x08,0xa3,0xff,0x08,0xa3,0xff,0x08,0xa3,0xff,
    0x08,0xa3,0xff,0x08,0xa3,0xff,0x08,0xa3,0xff,0x08,0xa3,0xff,0x08,0xa3,0xff,0x08,0xa3,0xff,0x08,0xa3,0xff,0x08,0xa3,0xff,
    0x08,0xa3,0xff,0x08,0xa3,0xff,0x08,0xa3,0xff,0x08,0xa3,0xff,0x08,0xa3,0xff,0x08,0xa3,0xff,0x08,0x83,0xff,0x08,0x83,0xff,
    0x08,0x83,0xff,0x08,0x83,0xff,0x08,0x83,0xff,0x08,0x83,0xff,0x08,0x83,0xff,0x08,0x83,0xff,0x08,0x83,0xff,0x08,0x83,0xff,
    0x08,0x83,0xff,0x08,0x83,0xff,0x08,0x83,0xff,0x08,0x83,0xff,0x08,0x83,0xff,0x08,0x83,0xff,0x08,0x83,0xff,0x08,0x83,0xff,
    0x08,0x83,0xff,0x08,0x83,0xff,0x08,0x83,0xff,0x02,0x64,0xdc,0x02,0x64,0xdc,0x02,0x64,0xdc,0x00,0x00,0x00,0x00,0x00,0x00,
    0x00,0x00,0x00,0x00,0x00,0x00,0x00,0x00,0x00,0x00,0x00,0x00,0x00,0x00,0x00,0x00,0x00,0x00,0x00,0x00,0x00,0x00,0x00,0x00,
    0x00,0x00,0x00,0x00,0x00,0x00,0x00,0x00,0x00,0x00,0x00,0x00,0x00,0x00,0x00,0x00,0x00,0x00,0x00,0x00,0x00,0x00,0x00,0x00,
    0x00,0x00,0x00,0x00,0x00,0x00,0x00,0x00,0x00,0x00,0x00,0x00,0x00,0x00,0x00,0x02,0x64,0xdc,0x02,0x64,0xdc,0x02,0x64,0xdc,
    0x02,0x64,0xdc,0x02,0x64,0xdc,0x02,0x64,0xdc,0x02,0x64,0xdc,0x02,0x64,0xdc,0x02,0x64,0xdc,0x02,0x64,0xdc,0x02,0x64,0xdc,
    0x02,0x64,0xdc,0x02,0x64,0xdc,0x02,0x64,0xdc,0x02,0x44,0xdc,0x02,0x44,0xdc,0x02,0x44,0xdd,0x02,0x44,0xdd,0x02,0x44,0xde,
    0x05,0xec,0xf5,0x05,0xec,0xf6,0x05,0xec,0xf6,0x05,0xec,0xf6,0x05,0xec,0xf6,0x05,0xec,0xf6,0x05,0xec,0xf6,0x05,0xec,0xf6,
    0x05,0xec,0xf6,0x05,0xec,0xf6,0x05,0xec,0xf6,0x05,0xec,0xf6,0x05,0xec,0xf6,0x05,0xec,0xf6,0x05,0xec,0xf6,0x05,0xec,0xf6,
    0x05,0xec,0xf6,0x05,0xec,0xf6,0x05,0xec,0xf6,0x05,0xec,0xf6,0x05,0xec,0xf6,0x05,0xec,0xf6,0x05,0xec,0xf6,0x05,0xec,0xf6,
    0x05,0xec,0xf6,0x05,0xec,0xf6,0x05,0xec,0xf6,0x05,0xec,0xf6,0x05,0xec,0xf6,0x05,0xec,0xf6,0x05,0xec,0xf6,0x05,0xec,0xf6,
    0x05,0xec,0xf6,0x05,0xec,0xf6,0x05,0xec,0xf6,0x05,0xec,0xf6,0x05,0xec,0xf6,0x05,0xec,0xf6,0x05,0xec,0xf6,0x05,0xec,0xf6,
    0x05,0xec,0xf6,0x05,0xec,0xf6,0x05,0xec,0xf6,0x05,0xec,0xf6,0x05,0xec,0xf6,0x05,0xec,0xf6,0x05,0xec,0xf6,0x05,0xec,0xf6,
    0x05,0xec,0xf6,0x05,0xec,0xf6,0x05,0xec,0xf6,0x05,0xec,0xf6,0x05,0xec,0xf6,0x05,0xec,0xf6,0x05,0xec,0xf6,0x05,0xec,0xf6,
    0x05,0xec,0xf6,0x05,0xec,0xf6,0x05,0xec,0xf6,0x05,0xec,0xf6,0x05,0xec,0xf6,0x05,0xec,0xf6,0x05,0xec,0xf6,0x05,0xec,0xf6,
    0x05,0xec,0xf6,0x05,0xec,0xf6,0x05,0xec,0xf6,0x05,0xec,0xf6,0x05,0xec,0xf6,0x05,0xec,0xf6,0x05,0xec,0xf6,0x05,0xec,0xf6,
    0x05,0xec,0xf5,0x02,0x44,0xde,0x02,0x44,0xdd,0x02,0x44,0xdd,0x02,0x44,0xdc,0x02,0x44,0xdc,0x02,0x64,0xdc,0x02,0x64,0xdc,
    0x02,0x64,0xdc,0x02,0x64,0xdc,0x02,0x64,0xdc,0x02,0x64,0xdc,0x02,0x64,0xdc,0x02,0x64,0xdc,0x02,0x64,0xdc,0x02,0x64,0xdc,
    0x02,0x64,0xdc,0x02,0x64,0xdc,0x02,0x64,0xdc,0x00,0x00,0x00,0x00,0x00,0x00,0x00,0x00,0x00,0x00,0x00,0x00,0x00,0x00,0x00,
    0x00,0x00,0x00,0x00,0x00,0x00,0x00,0x00,0x00,0x00,0x00,0x00,0x00,0x00,0x00,0x00,0x00,0x00,0x00,0x00,0x00,0x00,0x00,0x00,
    0x00,0x00,0x00,0x00,0x00,0x00,0x00,0x00,0x00,0x00,0x00,0x00,0x00,0x00,0x00,0x00,0x00,0x00,0x00,0x00,0x00,0x00,0x00,0x00,
    0x00,0x00,0x00,0x00,0x00,0x00,0x00,0x00,0x00,0x00,0x00,0x00,0x00,0x00,0x00,0x00,0x00,0x00,0x00,0x00,0x00,0x00,0x00,0x00,
    0x00,0x00,0x00,0x00,0x00,0x00,0x00,0x00,0x00,0x00,0x00,0x00,0x00,0x00,0x00,0x00,0x00,0x00,0x00,0x00,0x00,0x00,0x00,0x00,
    0x00,0x00,0x00,0x00,0x00,0x00,0x00,0x00,0x01,0x00,0x20,0x02,0x00,0x40,0x04,0x00,0x61,0x06,0x00,0xa1,0x0a,0x00,0xe2,0x0e,
    0x01,0x42,0x11,0x01,0x83,0x15,0x01,0xc3,0x18,0x01,0xe4,0x1b,0x02,0x04,0x1d,0x02,0x24,0x1e,0x02,0x24,0x1f,0x02,0x24,0x1f,
    0x02,0x24,0x1f,0x02,0x24,0x1f,0x02,0x24,0x1f,0x02,0x24,0x1f,0x02,0x24,0x1f,0x02,0x24,0x1f,0x02,0x24,0x1f,0x02,0x24,0x1f,
    0x02,0x24,0x1f,0x02,0x24,0x1f,0x02,0x24,0x1f,0x02,0x24,0x1f,0x02,0x24,0x1f,0x02,0x24,0x1f,0x02,0x24,0x1f,0x02,0x24,0x1f,
    0x02,0x24,0x1f,0x02,0x24,0x1f,0x02,0x24,0x1f,0x02,0x24,0x1f,0x02,0x24,0x1f,0x02,0x24,0x1f,0x02,0x24,0x1f,0x02,0x24,0x1f,
    0x02,0x24,0x1f,0x02,0x24,0x1f,0x02,0x24,0x1f,0x02,0x24,0x1f,0x02,0x24,0x1f,0x02,0x24,0x1f,0x02,0x24,0x1f,0x02,0x24,0x1f,
    0x02,0x24,0x1f,0x02,0x24,0x1f,0x02,0x24,0x1f,0x02,0x24,0x1f,0x02,0x24,0x1f,0x02,0x24,0x1f,0x02,0x24,0x1f,0x02,0x24,0x1f,
    0x02,0x24,0x1f,0x02,0x24,0x1f,0x02,0x24,0x1f,0x02,0x24,0x1f,0x02,0x24,0x1f,0x02,0x24,0x1f,0x02,0x24,0x1f,0x02,0x24,0x1f,
    0x02,0x24,0x1f,0x02,0x24,0x1f,0x02,0x24,0x1f,0x02,0x24,0x1f,0x02,0x24,0x1f,0x02,0x24,0x1f,0x02,0x24,0x1f,0x02,0x24,0x1f,
    0x02,0x24,0x1f,0x02,0x24,0x1f,0x02,0x24,0x1f,0x02,0x24,0x1e,0x02,0x04,0x1d,0x01,0xe4,0x1b,0x01,0xc3,0x18,0x01,0x83,0x15,
    0x01,0x42,0x11,0x00,0xe2,0x0e,0x00,0xa1,0x0a,0x00,0x61,0x06,0x00,0x40,0x04,0x00,0x20,0x02,0x00,0x00,0x01,0x00,0x00,0x00,
    0x00,0x00,0x00,0x00,0x00,0x00,0x00,0x00,0x00,0x00,0x00,0x00,0x00,0x00,0x00,0x00,0x00,0x00,0x00,0x00,0x00,0x00,0x00,0x00,
    0x00,0x00,0x00,0x00,0x00,0x00,0x00,0x00,0x00,0x00,0x00,0x00,0x00,0x00,0x00,0x00,0x00,0x00,0x00,0x00,0x00,0x00,0x00,0x00,
    0x00,0x00,0x00,0x00,0x00,0x00,0x00,0x00,0x00,0x00,0x00,0x00,0x00,0x00,0x00,0x00,0x00,0x00,0x00,0x00,0x00,0x00,0x00,0x00,
    0x00,0x00,0x00,0x00,0x00,0x00,0x00,0x00,0x00,0x00,0x00,0x00,0x00,0x00,0x00,0x00,0x00,0x00,0x00,0x00,0x00,0x00,0x00,0x00,
    0x00,0x00,0x00,0x00,0x00,0x00,0x00,0x00,0x00,0x00,0x00,0x00,0x00,0x00,0x00,0x00,0x00,0x00,0x00,0x00,0x00,0x00,0x00,0x00,
    0x00,0x00,0x00,0x00,0x00,0x00,0x00,0x00,0x00,0x00,0x00,0x00,0x00,0x00,0x00,0x00,0x00,0x00,0x00,0x00,0x00,0x00,0x00,0x00,
    0x00,0x00,0x00,0x00,0x00,0x00,0x00,0x00,0x01,0x00,0x20,0x02,0x00,0x40,0x04,0x00,0x61,0x07,0x00,0xc1,0x0b,0x01,0x02,0x0e,
    0x01,0x42,0x12,0x01,0xa3,0x16,0x01,0xc3,0x1a,0x02,0x04,0x1d,0x02,0x24,0x1f,0x02,0x44,0x20,0x02,0x44,0x20,0x02,0x64,0x20,
    0x02,0x64,0x20,0x02,0x64,0x20,0x02,0x64,0x20,0x02,0x64,0x20,0x02,0x64,0x20,0x02,0x64,0x20,0x02,0x64,0x20,0x02,0x64,0x20,
    0x02,0x64,0x20,0x02,0x64,0x20,0x02,0x64,0x20,0x02,0x64,0x20,0x02,0x64,0x20,0x02,0x64,0x20,0x02,0x64,0x20,0x02,0x64,0x20,
    0x02,0x64,0x20,0x02,0x64,0x20,0x02,0x64,0x20,0x02,0x64,0x20,0x02,0x64,0x20,0x02,0x64,0x20,0x02,0x64,0x20,0x02,0x64,0x20,
    0x02,0x64,0x20,0x02,0x64,0x20,0x02,0x64,0x20,0x02,0x64,0x20,0x02,0x64,0x20,0x02,0x64,0x20,0x02,0x64,0x20,0x02,0x64,0x20,
    0x02,0x64,0x20,0x02,0x64,0x20,0x02,0x64,0x20,0x02,0x64,0x20,0x02,0x64,0x20,0x02,0x64,0x20,0x02,0x64,0x20,0x02,0x64,0x20,
    0x02,0x64,0x20,0x02,0x64,0x20,0x02,0x64,0x20,0x02,0x64,0x20,0x02,0x64,0x20,0x02,0x64,0x20,0x02,0x64,0x20,0x02,0x64,0x20,
    0x02,0x64,0x20,0x02,0x64,0x20,0x02,0x64,0x20,0x02,0x64,0x20,0x02,0x64,0x20,0x02,0x64,0x20,0x02,0x64,0x20,0x02,0x64,0x20,
    0x02,0x64,0x20,0x02,0x64,0x20,0x02,0x44,0x20,0x02,0x44,0x20,0x02,0x24,0x1f,0x02,0x04,0x1d,0x01,0xc3,0x1a,0x01,0xa3,0x16,
    0x01,0x42,0x12,0x01,0x02,0x0e,0x00,0xc1,0x0b,0x00,0x61,0x07,0x00,0x40,0x04,0x00,0x20,0x02,0x00,0x00,0x01,0x00,0x00,0x00,
    0x00,0x00,0x00,0x00,0x00,0x00,0x00,0x00,0x00,0x00,0x00,0x00,0x00,0x00,0x00,0x00,0x00,0x00,0x00,0x00,0x00,0x00,0x00,0x00,
    0x00,0x00,0x00,0x00,0x00,0x00,0x00,0x00,0x00,0x00,0x00,0x00,0x00,0x00,0x00,0x00,0x00,0x00,0x00,0x00,0x00,0x00,0x00,0x00,
    0x00,0x00,0x00,0x00,0x00,0x00,0x00,0x00,0x00,0x00,0x00,0x00,0x00,0x00,0x00,0x00,0x00,0x00,0x00,0x00,0x00,0x00,0x00,0x00
};
const lv_img_dsc_t ui_img_images_assistant_png = {
    .header.always_zero = 0,
    .header.w = 136,
    .header.h = 146,
    .data_size = sizeof(ui_img_images_assistant_png_data),
    .header.cf = LV_IMG_CF_TRUE_COLOR_ALPHA,
    .data = ui_img_images_assistant_png_data
};
