#include "../ui.h"

#ifndef LV_ATTRIBUTE_MEM_ALIGN
    #define LV_ATTRIBUTE_MEM_ALIGN
#endif

// IMAGE DATA: ui_img_images_climate_png (136x146)
const LV_ATTRIBUTE_MEM_ALIGN uint8_t ui_img_images_climate_png_data[] = {
    0x00,0x00,0x00,0x00,0x00,0x00,0x00,0x00,0x00,0x00,0x00,0x00,0x00,0x00,0x00,0x00,0x00,0x00,0x00,0x00,0x00,0x00,0x00,0x00,
    0x00,0x00,0x00,0x00,0x00,0x00,0x00,0x00,0x00,0x00,0x00,0x00,0x00,0x00,0x00,0x00,0x00,0x00,0x00,0x00,0x00,0x00,0x00,0x00,
    0x00,0x00,0x02,0x00,0x20,0x04,0x00,0x41,0x07,0x00,0x82,0x0c,0x00,0xc3,0x12,0x01,0x25,0x1a,0x01,0x66,0x21,0x01,0xc8,0x28,
    0x02,0x09,0x2f,0x02,0x4a,0x33,0x02,0x6a,0x37,0x02,0x8b,0x3a,0x02,0xab,0x3a,0x02,0xab,0x3b,0x02,0xab,0x3b,0x02,0xab,0x3b,
    0x02,0xab,0x3b,0x02,0xab,0x3b,0x02,0xab,0x3b,0x02,0xab,0x3b,0x02,0xab,0x3b,0x02,0xab,0x3b,0x02,0xab,0x3b,0x02,0xab,0x3b,
    0x02,0xab,0x3b,0x02,0xab,0x3b,0x02,0xab,0x3b,0x02,0xab,0x3b,0x02,0xab,0x3b,0x02,0xab,0x3b,0x02,0xab,0x3b,0x02,0xab,0x3b,
    0x02,0xab,0x3b,0x02,0xab,0x3b,0x02,0xab,0x3b,0x02,0xab,0x3b,0x02,0xab,0x3b,0x02,0xab,0x3b,0x02,0xab,0x3b,0x02,0xab,0x3b,
    0x02,0xab,0x3b,0x02,0xab,0x3b,0x02,0xab,0x3b,0x02,0xab,0x3b,0x02,0xab,0x3b,0x02,0xab,0x3b,0x02,0xab,0x3b,0x02,0xab,0x3b,
    0x02,0xab,0x3b,0x02,0xab,0x3b,0x02,0xab,0x3b,0x02,0xab,0x3b,0x02,0xab,0x3b,0x02,0xab,0x3b,0x02,0xab,0x3b,0x02,0xab,0x3b,
    0x02,0xab,0x3b,0x02,0xab,0x3b,0x02,0xab,0x3b,0x02,0xab,0x3b,0x02,0xab,0x3b,0x02,0xab,0x3b,0x02,0xab,0x3b,0x02,0xab,0x3b,
    0x02,0xab,0x3b,0x02,0xab,0x3b,0x02,0xab,0x3b,0x02,0xab,0x3b,0x02,0xab,0x3b,0x02,0xab,0x3b,0x02,0xab,0x3b,0x02,0xab,0x3b,
    0x02,0xab,0x3b,0x02,0xab,0x3b,0x02,0xab,0x3b,0x02,0xab,0x3b,0x02,0xab,0x3b,0x02,0xab,0x3b,0x02,0xab,0x3b,0x02,0xab,0x3b,
    0x02,0xab,0x3b,0x02,0xab,0x3b,0x02,0xab,0x3b,0x02,0xab,0x3b,0x02,0xab,0x3b,0x02,0xab,0x3b,0x02,0xab,0x3b,0x02,0xab,0x3b,
    0x02,0xab,0x3b,0x02,0xab,0x3b,0x02,0xab,0x3b,0x02,0xab,0x3b,0x02,0xab,0x3a,0x02,0x8b,0x3a,0x02,0x6a,0x37,0x02,0x4a,0x33,
    0x02,0x09,0x2f,0x01,0xc8,0x28,0x01,0x66,0x21,0x01,0x25,0x1a,0x00,0xc3,0x12,0x00,0x82,0x0c,0x00,0x41,0x07,0x00,0x20,0x04,
    0x00,0x00,0x02,0x00,0x00,0x00,0x00,0x00,0x00,0x00,0x00,0x00,0x00,0x00,0x00,0x00,0x00,0x00,0x00,0x00,0x00,0x00,0x00,0x00,
    0x00,0x00,0x00,0x00,0x00,0x00,0x00,0x00,0x00,0x00,0x00,0x00,0x00,0x00,0x00,0x00,0x00,0x00,0x00,0x00,0x00,0x00,0x00,0x00,
    0x00,0x00,0x00,0x00,0x00,0x00,0x00,0x00,0x00,0x00,0x00,0x00,0x00,0x00,0x00,0x00,0x00,0x00,0x00,0x00,0x00,0x00,0x00,0x00,
    0x00,0x00,0x00,0x00,0x00,0x00,0x00,0x00,0x00,0x00,0x00,0x00,0x00,0x00,0x00,0x00,0x00,0x00,0x00,0x00,0x00,0x00,0x00,0x01,
    0x00,0x00,0x02,0x00,0x20,0x05,0x00,0x41,0x08,0x00,0x82,0x0d,0x00,0xe4,0x13,0x01,0x25,0x1b,0x01,0x86,0x22,0x01,0xe8,0x2a,
    0x02,0x29,0x31,0x02,0x6a,0x36,0x02,0x8b,0x39,0x02,0xab,0x3c,0x02,0xac,0x3c,0x02,0xac,0x3d,0x02,0xcc,0x3d,0x02,0xcc,0x3d,
    0x02,0xcc,0x3d,0x02,0xcc,0x3d,0x02,0xcc,0x3d,0x02,0xcc,0x3d,0x02,0xcc,0x3d,0x02,0xcc,0x3d,0x02,0xcc,0x3d,0x02,0xcc,0x3d,
    0x02,0xcc,0x3d,0x02,0xcc,0x3d,0x02,0xcc,0x3d,0x02,0xcc,0x3d,0x02,0xcc,0x3d,0x02,0xcc,0x3d,0x02,0xcc,0x3d,0x02,0xcc,0x3d,
    0x02,0xcc,0x3d,0x02,0xcc,0x3d,0x02,0xcc,0x3d,0x02,0xcc,0x3d,0x02,0xcc,0x3d,0x02,0xcc,0x3d,0x02,0xcc,0x3d,0x02,0xcc,0x3d,
    0x02,0xcc,0x3d,0x02,0xcc,0x3d,0x02,0xcc,0x3d,0x02,0xcc,0x3d,0x02,0xcc,0x3d,0x02,0xcc,0x3d,0x02,0xcc,0x3d,0x02,0xcc,0x3d,
    0x02,0xcc,0x3d,0x02,0xcc,0x3d,0x02,0xcc,0x3d,0x02,0xcc,0x3d,0x02,0xcc,0x3d,0x02,0xcc,0x3d,0x02,0xcc,0x3d,0x02,0xcc,0x3d,
    0x02,0xcc,0x3d,0x02,0xcc,0x3d,0x02,0xcc,0x3d,0x02,0xcc,0x3d,0x02,0xcc,0x3d,0x02,0xcc,0x3d,0x02,0xcc,0x3d,0x02,0xcc,0x3d,
    0x02,0xcc,0x3d,0x02,0xcc,0x3d,0x02,0xcc,0x3d,0x02,0xcc,0x3d,0x02,0xcc,0x3d,0x02,0xcc,0x3d,0x02,0xcc,0x3d,0x02,0xcc,0x3d,
    0x02,0xcc,0x3d,0x02,0xcc,0x3d,0x02,0xcc,0x3d,0x02,0xcc,0x3d,0x02,0xcc,0x3d,0x02,0xcc,0x3d,0x02,0xcc,0x3d,0x02,0xcc,0x3d,
    0x02,0xcc,0x3d,0x02,0xcc,0x3d,0x02,0xcc,0x3d,0x02,0xcc,0x3d,0x02,0xcc,0x3d,0x02,0xcc,0x3d,0x02,0xcc,0x3d,0x02,0xcc,0x3d,
    0x02,0xcc,0x3d,0x02,0xcc,0x3d,0x02,0xcc,0x3d,0x02,0xac,0x3d,0x02,0xac,0x3c,0x02,0xab,0x3c,0x02,0x8b,0x39,0x02,0x6a,0x36,
    0x02,0x29,0x31,0x01,0xe8,0x2a,0x01,0x86,0x22,0x01,0x25,0x1b,0x00,0xe4,0x13,0x00,0x82,0x0d,0x00,0x41,0x08,0x00,0x20,0x05,
    0x00,0x00,0x02,0x00,0x00,0x01,0x00,0x00,0x00,0x00,0x00,0x00,0x00,0x00,0x00,0x00,0x00,0x00,0x00,0x00,0x00,0x00,0x00,0x00,
    0x00,0x00,0x00,0x00,0x00,0x00,0x00,0x00,0x00,0x00,0x00,0x00,0x00,0x00,0x00,0x00,0x00,0x00,0x00,0x00,0x00,0x00,0x00,0x00,
    0x00,0x00,0x00,0x00,0x00,0x00,0x00,0x00,0x00,0x00,0x00,0x00,0x00,0x00,0x00,0x00,0x00,0x00,0x00,0x00,0x00,0x00,0x00,0x00,
    0x00,0x00,0x00,0x00,0x00,0x00,0x00,0x00,0x00,0x00,0x00,0x00,0x00,0x00,0x00,0x02,0x6a,0xdc,0x02,0x6a,0xdc,0x02,0x6a,0xdc,
    0x02,0x4a,0xdc,0x02,0x4a,0xdd,0x02,0x4a,0xdd,0x02,0x4a,0xde,0x02,0x4a,0xdf,0x02,0x2a,0xe0,0x02,0x4a,0xe1,0x02,0x4a,0xe2,
    0x02,0x4a,0xe3,0x02,0x6a,0xe4,0x02,0x6a,0xe4,0x02,0x6b,0xe4,0x02,0x6b,0xe4,0x02,0x8b,0xe5,0x02,0x8b,0xe5,0x02,0x8b,0xe5,
    0x02,0x8b,0xe5,0x02,0x8b,0xe5,0x02,0x8b,0xe5,0x02,0x8b,0xe5,0x02,0x8b,0xe5,0x02,0x8b,0xe5,0x02,0x8b,0xe5,0x02,0x8b,0xe5,
    0x02,0x8b,0xe5,0x02,0x8b,0xe5,0x02,0x8b,0xe5,0x02,0x8b,0xe5,0x02,0x8b,0xe5,0x02,0x8b,0xe5,0x02,0x8b,0xe5,0x02,0x8b,0xe5,
    0x02,0x8b,0xe5,0x02,0x8b,0xe5,0x02,0x8b,0xe5,0x02,0x8b,0xe5,0x02,0x8b,0xe5,0x02,0x8b,0xe5,0x02,0x8b,0xe5,0x02,0x8b,0xe5,
    0x02,0x8b,0xe5,0x02,0x8b,0xe5,0x02,0x8b,0xe5,0x02,0x8b,0xe5,0x02,0x8b,0xe5,0x02,0x8b,0xe5,0x02,0x8b,0xe5,0x02,0x8b,0xe5,
    0x02,0x8b,0xe5,0x02,0x8b,0xe5,0x02,0x8b,0xe5,0x02,0x8b,0xe5,0x02,0x8b,0xe5,0x02,0x8b,0xe5,0x02,0x8b,0xe5,0x02,0x8b,0xe5,
    0x02,0x8b,0xe5,0x02,0x8b,0xe5,0x02,0x8b,0xe5,0x02,0x8b,0xe5,0x02,0x8b,0xe5,0x02,0x8b,0xe5,0x02,0x8b,0xe5,0x02,0x8b,0xe5,
    0x02,0x8b,0xe5,0x02,0x8b,0xe5,0x02,0x8b,0xe5,0x02,0x8b,0xe5,0x02,0x8b,0xe5,0x02,0x8b,0xe5,0x02,0x8b,0xe5,0x02,0x8b,0xe5,
    0x02,0x8b,0xe5,0x02,0x8b,0xe5,0x02,0x8b,0xe5,0x02,0x8b,0xe5,0x02,0x8b,0xe5,0x02,0x8b,0xe5,0x02,0x8b,0xe5,0x02,0x8b,0xe5,
    0x02,0x8b,0xe5,0x02,0x8b,0xe5,0x02,0x8b,0xe5,0x02,0x8b,0xe5,0x02,0x8b,0xe5,0x02,0x8b,0xe5,0x02,0x8b,0xe5,0x02,0x8b,0xe5,
    0x02,0x8b,0xe5,0x02,0x8b,0xe5,0x02,0x8b,0xe5,0x02,0x8b,0xe5,0x02,0x6b,0xe4,0x02,0x6b,0xe4,0x02,0x6a,0xe4,0x02,0x6a,0xe4,
    0x02,0x4a,0xe3,0x02,0x4a,0xe2,0x02,0x4a,0xe1,0x02,0x2a,0xe0,0x02,0x4a,0xdf,0x02,0x4a,0xde,0x02,0x4a,0xdd,0x02,0x4a,0xdd,
    0x02,0x4a,0xdc,0x02,0x6a,0xdc,0x02,0x6a,0xdc,0x00,0x00,0x00,0x00,0x00,0x00,0x00,0x00,0x00,0x00,0x00,0x00,0x00,0x00,0x00,
    0x00,0x00,0x00,0x00,0x00,0x00,0x00,0x00,0x00,0x00,0x00,0x00,0x00,0x00,0x00,0x00,0x00,0x00,0x00,0x00,0x00,0x00,0x00,0x00,
    0x00,0x00,0x00,0x00,0x00,0x00,0x00,0x00,0x00,0x00,0x00,0x00,0x00,0x00,0x00,0x00,0x00,0x00,0x00,0x00,0x00,0x00,0x00,0x00,
    0x00,0x00,0x00,0x00,0x00,0x00,0x02,0x6a,0xdc,0x02,0x6a,0xdc,0x02,0x6a,0xdc,0x08,0x83,0xff,0x08,0x83,0xff,0x08,0x83,0xff,
    0x08,0x83,0xff,0x08,0x83,0xff,0x08,0x83,0xff,0x08,0x83,0xff,0x08,0x83,0xff,0x08,0x83,0xff,0x07,0x3f,0xff,0x07,0x3f,0xff,
    0x07,0x3f,0xff,0x07,0x3f,0xff,0x07,0x3f,0xff,0x07,0x3f,0xff,0x07,0x3f,0xff,0x07,0x3f,0xff,0x07,0x3f,0xff,0x07,0x3f,0xff,
    0x07,0x3f,0xff,0x07,0x3f,0xff,0x07,0x3f,0xff,0x07,0x3f,0xff,0x07,0x3f,0xff,0x07,0x3f,0xff,0x07,0x3f,0xff,0x07,0x3f,0xff,
    0x07,0x3f,0xff,0x07,0x3f,0xff,0x07,0x3f,0xff,0x07,0x3f,0xff,0x07,0x3f,0xff,0x07,0x3f,0xff,0x07,0x3f,0xff,0x07,0x3f,0xff,
    0x07,0x3f,0xff,0x07,0x3f,0xff,0x07,0x3f,0xff,0x07,0x3f,0xff,0x07,0x3f,0xff,0x07,0x3f,0xff,0x07,0x3f,0xff,0x07,0x3f,0xff,
    0x07,0x3f,0xff,0x07,0x3f,0xff,0x07,0x3f,0xff,0x07,0x3f,0xff,0x07,0x3f,0xff,0x07,0x3f,0xff,0x07,0x3f,0xff,0x07,0x3f,0xff,
    0x07,0x3f,0xff,0x07,0x3f,0xff,0x07,0x3f,0xff,0x07,0x3f,0xff,0x07,0x3f,0xff,0x07,0x3f,0xff,0x07,0x3f,0xff,0x07,0x3f,0xff,
    0x07,0x3f,0xff,0x07,0x3f,0xff,0x07,0x3f,0xff,0x07,0x3f,0xff,0x07,0x3f,0xff,0x07,0x3f,0xff,0x07,0x3f,0xff,0x07,0x3f,0xff,
    0x07,0x3f,0xff,0x07,0x3f,0xff,0x07,0x3f,0xff,0x07,0x3f,0xff,0x07,0x3f,0xff,0x07,0x3f,0xff,0x07,0x3f,0xff,0x07,0x3f,0xff,
    0x07,0x3f,0xff,0x07,0x3f,0xff,0x07,0x3f,0xff,0x07,0x3f,0xff,0x07,0x3f,0xff,0x07,0x3f,0xff,0x07,0x3f,0xff,0x07,0x3f,0xff,
    0x07,0x3f,0xff,0x07,0x3f,0xff,0x07,0x3f,0xff,0x07,0x3f,0xff,0x07,0x3f,0xff,0x07,0x3f,0xff,0x07,0x3f,0xff,0x07,0x3f,0xff,
    0x07,0x3f,0xff,0x07,0x3f,0xff,0x07,0x3f,0xff,0x07,0x3f,0xff,0x07,0x3f,0xff,0x07,0x3f,0xff,0x07,0x3f,0xff,0x07,0x3f,0xff,
    0x07,0x3f,0xff,0x07,0x3f,0xff,0x07,0x3f,0xff,0x08,0x83,0xff,0x08,0x83,0xff,0x08,0x83,0xff,0x08,0x83,0xff,0x08,0x83,0xff,
    0x08,0x83,0xff,0x08,0x83,0xff,0x08,0x83,0xff,0x02,0x6a,0xdc,0x02,0x6a,0xdc,0x02,0x6a,0xdc,0x00,0x00,0x00,0x00,0x00,0x00,
    0x00,0x00,0x00,0x00,0x00,0x00,0x00,0x00,0x00,0x00,0x00,0x00,0x00,0x00,0x00,0x00,0x00,0x00,0x00,0x00,0x00,0x00,0x00,0x00,
    0x00,0x00,0x00,0x00,0x00,0x00,0x00,0x00,0x00,0x00,0x00,0x00,0x00,0x00,0x00,0x00,0x00,0x00,0x00,0x00,0x00,0x00,0x00,0x00,
    0x00,0x00,0x00,0x02,0x6a,0xdc,0x08,0x83,0xff,0x08,0x83,0xff,0x08,0x83,0xff,0x08,0x83,0xff,0x08,0x83,0xff,0x08,0x83,0xff,
    0x08,0x83,0xff,0x08,0x83,0xff,0x08,0x83,0xff,0x08,0x83,0xff,0x08,0x83,0xff,0x08,0x83,0xff,0x08,0xa3,0xff,0x08,0xa3,0xff,
    0x08,0xc4,0xff,0x08,0xe4,0xff,0x08,0xe4,0xff,0x08,0xe4,0xff,0x08,0xe4,0xff,0x09,0x04,0xff,0x09,0x04,0xff,0x09,0x04,0xff,
    0x09,0x04,0xff,0x09,0x04,0xff,0x09,0x04,0xff,0x09,0x04,0xff,0x09,0x04,0xff,0x09,0x04,0xff,0x09,0x04,0xff,0x09,0x04,0xff,
    0x09,0x04,0xff,0x09,0x04,0xff,0x09,0x04,0xff,0x09,0x04,0xff,0x09,0x04,0xff,0x09,0x04,0xff,0x09,0x04,0xff,0x09,0x04,0xff,
    0x09,0x04,0xff,0x09,0x04,0xff,0x09,0x04,0xff,0x09,0x04,0xff,0x09,0x04,0xff,0x09,0x04,0xff,0x09,0x04,0xff,0x09,0x04,0xff,
    0x09,0x04,0xff,0x09,0x04,0xff,0x09,0x04,0xff,0x09,0x04,0xff,0x09,0x04,0xff,0x09,0x04,0xff,0x09,0x04,0xff,0x09,0x04,0xff,
    0x09,0x04,0xff,0x09,0x04,0xff,0x09,0x04,0xff,0x09,0x04,0xff,0x09,0x04,0xff,0x09,0x04,0xff,0x09,0x04,0xff,0x09,0x04,0xff,
    0x09,0x04,0xff,0x09,0x04,0xff,0x09,0x04,0xff,0x09,0x04,0xff,0x09,0x04,0xff,0x09,0x04,0xff,0x09,0x04,0xff,0x09,0x04,0xff,
    0x09,0x04,0xff,0x09,0x04,0xff,0x09,0x04,0xff,0x09,0x04,0xff,0x09,0x04,0xff,0x09,0x04,0xff,0x09,0x04,0xff,0x09,0x04,0xff,
    0x09,0x04,0xff,0x09,0x04,0xff,0x09,0x04,0xff,0x09,0x04,0xff,0x09,0x04,0xff,0x09,0x04,0xff,0x09,0x04,0xff,0x09,0x04,0xff,
    0x09,0x04,0xff,0x09,0x04,0xff,0x09,0x04,0xff,0x09,0x04,0xff,0x09,0x04,0xff,0x09,0x04,0xff,0x09,0x04,0xff,0x09,0x04,0xff,
    0x09,0x04,0xff,0x09,0x04,0xff,0x09,0x04,0xff,0x09,0x04,0xff,0x08,0xe4,0xff,0x08,0xe4,0xff,0x08,0xe4,0xff,0x08,0xe4,0xff,
    0x08,0xc4,0xff,0x08,0xa3,0xff,0x08,0xa3,0xff,0x08,0x83,0xff,0x08,0x83,0xff,0x08,0x83,0xff,0x08,0x83,0xff,0x08,0x83,0xff,
    0x08,0x83,0xff,0x08,0x83,0xff,0x08,0x83,0xff,0x08,0x83,0xff,0x08,0x83,0xff,0x08,0x83,0xff,0x02,0x6a,0xdc,0x00,0x00,0x00,
    0x00,0x00,0x00,0x00,0x00,0x00,0x00,0x00,0x00,0x00,0x00,0x00,0x00,0x00,0x00,0x00,0x00,0x00,0x00,0x00,0x00,0x00,0x00,0x00,
    0x00,0x00,0x00,0x00,0x00,0x00,0x00,0x00,0x00,0x00,0x00,0x00,0x00,0x00,0x00,0x00,0x00,0x00,0x00,0x00,0x00,0x02,0x6a,0xdc,
    0x02,0x6a,0xdc,0x08,0x83,0xff,0x08,0x83,0xff,0x08,0x83,0xff,0x08,0x83,0xff,0x08,0x83,0xff,0x08,0x83,0xff,0x08,0x83,0xff,
    0x08,0x83,0xff,0x08,0x83,0xff,0x08,0x83,0xff,0x08,0x83,0xff,0x08,0x83,0xff,0x08,0x83,0xff,0x08,0xa3,0xff,0x08,0xa3,0xff,
    0x08,0xa3,0xff,0x08,0xc4,0xff,0x08,0xc4,0xff,0x08,0xc4,0xff,0x08,0xc4,0xff,0x08,0xe4,0xff,0x08,0xe4,0xff,0x08,0xe4,0xff,
    0x08,0xe4,0xff,0x08,0xe4,0xff,0x08,0xe4,0xff,0x08,0xe4,0xff,0x08,0xe4,0xff,0x08,0xe4,0xff,0x08,0xe4,0xff,0x08,0xe4,0xff,
    0x08,0xe4,0xff,0x08,0xe4,0xff,0x08,0xe4,0xff,0x08,0xe4,0xff,0x08,0xe4,0xff,0x08,0xe4,0xff,0x08,0xe4,0xff,0x08,0xe4,0xff,
    0x08,0xe4,0xff,0x08,0xe4,0xff,0x08,0xe4,0xff,0x08,0xe4,0xff,0x08,0xe4,0xff,0x08,0xe4,0xff,0x08,0xe4,0xff,0x08,0xe4,0xff,
    0x08,0xe4,0xff,0x08,0xe4,0xff,0x08,0xe4,0xff,0x08,0xe4,0xff,0x08,0xe4,0xff,0x08,0xe4,0xff,0x08,0xe4,0xff,0x08,0xe4,0xff,
    0x08,0xe4,0xff,0x08,0xe4,0xff,0x08,0xe4,0xff,0x08,0xe4,0xff,0x08,0xe4,0xff,0x08,0xe4,0xff,0x08,0xe4,0xff,0x08,0xe4,0xff,
    0x08,0xe4,0xff,0x08,0xe4,0xff,0x08,0xe4,0xff,0x08,0xe4,0xff,0x08,0xe4,0xff,0x08,0xe4,0xff,0x08,0xe4,0xff,0x08,0xe4,0xff,
    0x08,0xe4,0xff,0x08,0xe4,0xff,0x08,0xe4,0xff,0x08,0xe4,0xff,0x08,0xe4,0xff,0x08,0xe4,0xff,0x08,0xe4,0xff,0x08,0xe4,0xff,
    0x08,0xe4,0xff,0x08,0xe4,0xff,0x08,0xe4,0xff,0x08,0xe4,0xff,0x08,0xe4,0xff,0x08,0xe4,0xff,0x08,0xe4,0xff,0x08,0xe4,0xff,
    0x08,0xe4,0xff,0x08,0xe4,0xff,0x08,0xe4,0xff,0x08,0xe4,0xff,0x08,0xe4,0xff,0x08,0xe4,0xff,0x08,0xe4,0xff,0x08,0xe4,0xff,
    0x08,0xe4,0xff,0x08,0xe4,0xff,0x08,0xe4,0xff,0x08,0xe4,0xff,0x08,0xc4,0xff,0x08,0xc4,0xff,0x08,0xc4,0xff,0x08,0xc4,0xff,
    0x08,0xa3,0xff,0x08,0xa3,0xff,0x08,0xa3,0xff,0x08,0x83,0xff,0x08,0x83,0xff,0x08,0x83,0xff,0x08,0x83,0xff,0x08,0x83,0xff,
    0x08,0x83,0xff,0x08,0x83,0xff,0x08,0x83,0xff,0x08,0x83,0xff,0x08,0x83,0xff,0x08,0x83,0xff,0x08,0x83,0xff,0x02,0x6a,0xdc,
    0x02,0x6a,0xdc,0x00,0x00,0x00,0x00,0x00,0x00,0x00,0x00,0x00,0x00,0x00,0x00,0x00,0x00,0x00,0x00,0x00,0x00,0x00,0x00,0x00,
    0x00,0x00,0x00,0x00,0x00,0x00,0x00,0x00,0x00,0x00,0x00,0x00,0x00,0x00,0x00,0x00,0x00,0x00,0x02,0x6a,0xdc,0x08,0x83,0xff,
    0x08,0x83,0xff,0x08,0x83,0xff,0x08,0x83,0xff,0x08,0x83,0xff,0x08,0x83,0xff,0x08,0x83,0xff,0x08,0x83,0xff,0x08,0x83,0xff,
    0x08,0x83,0xff,0x08,0x83,0xff,0x08,0x83,0xff,0x08,0x83,0xff,0x08,0x83,0xff,0x08,0x83,0xff,0x08,0x83,0xff,0x08,0x83,0xff,
    0x08,0xa3,0xff,0x08,0xa3,0xff,0x08,0xa3,0xff,0x08,0xa3,0xff,0x08,0xa3,0xff,0x08,0xa3,0xff,0x08,0xa3,0xff,0x08,0xa3,0xff,
    0x08,0xa3,0xff,0x08,0xa3,0xff,0x08,0xa3,0xff,0x08,0xa3,0xff,0x08,0xa3,0xff,0x08,0xa3,0xff,0x08,0xa3,0xff,0x08,0xa3,0xff,
    0x08,0xa3,0xff,0x08,0xa3,0xff,0x08,0xa3,0xff,0x08,0xa3,0xff,0x08,0xa3,0xff,0x08,0xa3,0xff,0x08,0xa3,0xff,0x08,0xa3,0xff,
    0x08,0xa3,0xff,0x08,0xa3,0xff,0x08,0xa3,0xff,0x08,0xa3,0xff,0x08,0xa3,0xff,0x08,0xa3,0xff,0x08,0xa3,0xff,0x08,0xa3,0xff,
    0x08,0xa3,0xff,0x08,0xa3,0xff,0x08,0xa3,0xff,0x08,0xa3,0xff,0x08,0xa3,0xff,0x08,0xa3,0xff,0x08,0xa3,0xff,0x08,0xa3,0xff,
    0x08,0xa3,0xff,0x08,0xa3,0xff,0x08,0xa3,0xff,0x08,0xa3,0xff,0x08,0xa3,0xff,0x08,0xa3,0xff,0x08,0xa3,0xff,0x08,0xa3,0xff,
    0x08,0xa3,0xff,0x08,0xa3,0xff,0x08,0xa3,0xff,0x08,0xa3,0xff,0x08,0xa3,0xff,0x08,0xa3,0xff,0x08,0xa3,0xff,0x08,0xa3,0xff,
    0x08,0xa3,0xff,0x08,0xa3,0xff,0x08,0xa3,0xff,0x08,0xa3,0xff,0x08,0xa3,0xff,0x08,0xa3,0xff,0x08,0xa3,0xff,0x08,0xa3,0xff,
    0x08,0xa3,0xff,0x08,0xa3,0xff,0x08,0xa3,0xff,0x08,0xa3,0xff,0x08,0xa3,0xff,0x08,0xa3,0xff,0x08,0xa3,0xff,0x08,0xa3,0xff,
    0x08,0xa3,0xff,0x08,0xa3,0xff,0x08,0xa3,0xff,0x08,0xa3,0xff,0x08,0xa3,0xff,0x08,0xa3,0xff,0x08,0xa3,0xff,0x08,0xa3,0xff,
    0x08,0xa3,0xff,0x08,0xa3,0xff,0x08,0xa3,0xff,0x08,0xa3,0xff,0x08,0xa3,0xff,0x08,0xa3,0xff,0x08,0xa3,0xff,0x08,0xa3,0xff,
    0x08,0xa3,0xff,0x08,0x83,0xff,0x08,0x83,0xff,0x08,0x83,0xff,0x08,0x83,0xff,0x08,0x83,0xff,0x08,0x83,0xff,0x08,0x83,0xff,
    0x08,0x83,0xff,0x08,0x83,0xff,0x08,0x83,0xff,0x08,0x83,0xff,0x08,0x83,0xff,0x08,0x83,0xff,0x08,0x83,0xff,0x08,0x83,0xff,
    0x08,0x83,0xff,0x02,0x6a,0xdc,0x00,0x00,0x00,0x00,0x00,0x00,0x00,0x00,0x00,0x00,0x00,0x00,0x00,0x00,0x00,0x00,0x00,0x00,
    0x00,0x00,0x00,0x00,0x00,0x00,0x00,0x00,0x00,0x00,0x00,0x00,0x00,0x00,0x00,0x02,0x6a,0xdc,0x08,0x83,0xff,0x08,0x83,0xff,
    0x08,0x83,0xff,0x08,0x83,0xff,0x08,0x83,0xff,0x08,0x83,0xff,0x08,0x83,0xff,0x08,0x83,0xff,0x08,0x83,0xff,0x08,0x83,0xff,
    0x08,0x83,0xff,0x08,0x83,0xff,0x08,0x83,0xff,0x08,0x83,0xff,0x08,0x83,0xff,0x08,0x83,0xff,0x08,0x83,0xff,0x08,0x83,0xff,
    0x08,0x83,0xff,0x08,0x83,0xff,0x08,0x83,0xff,0x08,0x83,0xff,0x08,0xa3,0xff,0x08,0xa3,0xff,0x08,0xa3,0xff,0x08,0xa3,0xff,
    0x08,0xa3,0xff,0x08,0xa3,0xff,0x08,0xa3,0xff,0x08,0xa3,0xff,0x08,0xa3,0xff,0x08,0xa3,0xff,0x08,0xa3,0xff,0x08,0xa3,0xff,
    0x08,0xa3,0xff,0x08,0xa3,0xff,0x08,0xa3,0xff,0x08,0xa3,0xff,0x08,0xa3,0xff,0x08,0xa3,0xff,0x08,0xa3,0xff,0x08,0xa3,0xff,
    0x08,0xa3,0xff,0x08,0xa3,0xff,0x08,0xa3,0xff,0x08,0xa3,0xff,0x08,0xa3,0xff,0x08,0xa3,0xff,0x08,0xa3,0xff,0x08,0xa3,0xff,
    0x08,0xa3,0xff,0x08,0xa3,0xff,0x08,0xa3,0xff,0x08,0xa3,0xff,0x08,0xa3,0xff,0x08,0xa3,0xff,0x08,0xa3,0xff,0x08,0xa3,0xff,
    0x08,0xa3,0xff,0x08,0xa3,0xff,0x08,0xa3,0xff,0x08,0xa3,0xff,0x08,0xa3,0xff,0x08,0xa3,0xff,0x08,0xa3,0xff,0x08,0xa3,0xff,
    0x08,0xa3,0xff,0x08,0xa3,0xff,0x08,0xa3,0xff,0x08,0xa3,0xff,0x08,0xa3,0xff,0x08,0xa3,0xff,0x08,0xa3,0xff,0x08,0xa3,0xff,
    0x08,0xa3,0xff,0x08,0xa3,0xff,0x08,0xa3,0xff,0x08,0xa3,0xff,0x08,0xa3,0xff,0x08,0xa3,0xff,0x08,0xa3,0xff,0x08,0xa3,0xff,
    0x08,0xa3,0xff,0x08,0xa3,0xff,0x08,0xa3,0xff,0x08,0xa3,0xff,0x08,0xa3,0xff,0x08,0xa3,0xff,0x08,0xa3,0xff,0x08,0xa3,0xff,
    0x08,0xa3,0xff,0x08,0xa3,0xff,0x08,0xa3,0xff,0x08,0xa3,0xff,0x08,0xa3,0xff,0x08,0xa3,0xff,0x08,0xa3,0xff,0x08,0xa3,0xff,
    0x08,0xa3,0xff,0x08,0xa3,0xff,0x08,0xa3,0xff,0x08,0xa3,0xff,0x08,0xa3,0xff,0x08,0x83,0xff,0x08,0x83,0xff,0x08,0x83,0xff,
    0x08,0x83,0xff,0x08,0x83,0xff,0x08,0x83,0xff,0x08,0x83,0xff,0x08,0x83,0xff,0x08,0x83,0xff,0x08,0x83,0xff,0x08,0x83,0xff,
    0x08,0x83,0xff,0x08,0x83,0xff,0x08,0x83,0xff,0x08,0x83,0xff,0x08,0x83,0xff,0x08,0x83,0xff,0x08,0x83,0xff,0x08,0x83,0xff,
    0x08,0x83,0xff,0x08,0x83,0xff,0x02,0x6a,0xdc,0x00,0x00,0x00,0x00,0x00,0x00,0x00,0x00,0x00,0x00,0x00,0x00,0x00,0x00,0x00,
    0x00,0x00,0x00,0x00,0x00,0x00,0x00,0x00,0x00,0x00,0x00,0x00,0x00,0x00,0x00,0x02,0x6a,0xdc,0x08,0x83,0xff,0x08,0x83,0xff,
    0x08,0x83,0xff,0x08,0x83,0xff,0x08,0x83,0xff,0x08,0x83,0xff,0x08,0x83,0xff,0x08,0x83,0xff,0x08,0x83,0xff,0x08,0x83,0xff,
    0x08,0x83,0xff,0x08,0x83,0xff,0x08,0x83,0xff,0x08,0x83,0xff,0x08,0x83,0xff,0x08,0x83,0xff,0x08,0x83,0xff,0x08,0x83,0xff,
    0x08,0x83,0xff,0x08,0x83,0xff,0x08,0x83,0xff,0x08,0x83,0xff,0x08,0x83,0xff,0x08,0x83,0xff,0x08,0x83,0xff,0x08,0x83,0xff,
    0x08,0x83,0xff,0x08,0x83,0xff,0x08,0x83,0xff,0x08,0x83,0xff,0x08,0x83,0xff,0x08,0x83,0xff,0x08,0x83,0xff,0x08,0x83,0xff,
    0x08,0x83,0xff,0x08,0x83,0xff,0x08,0x83,0xff,0x08,0x83,0xff,0x08,0x83,0xff,0x08,0x83,0xff,0x08,0x83,0xff,0x08,0x83,0xff,
    0x08,0x83,0xff,0x08,0x83,0xff,0x08,0x83,0xff,0x08,0x83,0xff,0x08,0x83,0xff,0x08,0x83,0xff,0x08,0x83,0xff,0x08,0x83,0xff,
    0x08,0x83,0xff,0x08,0x83,0xff,0x08,0x83,0xff,0x08,0x83,0xff,0x08,0x83,0xff,0x08,0x83,0xff,0x08,0x83,0xff,0x08,0x83,0xff,
    0x08,0x83,0xff,0x08,0x83,0xff,0x08,0x83,0xff,0x08,0x83,0xff,0x08,0x83,0xff,0x08,0x83,0xff,0x08,0x83,0xff,0x08,0x83,0xff,
    0x08,0x83,0xff,0x08,0x83,0xff,0x08,0x83,0xff,0x08,0x83,0xff,0x08,0x83,0xff,0x08,0x83,0xff,0x08,0x83,0xff,0x08,0x83,0xff,
    0x08,0x83,0xff,0x08,0x83,0xff,0x08,0x83,0xff,0x08,0x83,0xff,0x08,0x83,0xff,0x08,0x83,0xff,0x08,0x83,0xff,0x08,0x83,0xff,
    0x08,0x83,0xff,0x08,0x83,0xff,0x08,0x83,0xff,0x08,0x83,0xff,0x08,0x83,0xff,0x08,0x83,0xff,0x08,0x83,0xff,0x08,0x83,0xff,
    0x08,0x83,0xff,0x08,0x83,0xff,0x08,0x83,0xff,0x08,0x83,0xff,0x08,0x83,0xff,0x08,0x83,0xff,0x08,0x83,0xff,0x08,0x83,0xff,
    0x08,0x83,0xff,0x08,0x83,0xff,0x08,0x83,0xff,0x08,0x83,0xff,0x08,0x83,0xff,0x08,0x83,0xff,0x08,0x83,0xff,0x08,0x83,0xff,
    0x08,0x83,0xff,0x08,0x83,0xff,0x08,0x83,0xff,0x08,0x83,0xff,0x08,0x83,0xff,0x08,0x83,0xff,0x08,0x83,0xff,0x08,0x83,0xff,
    0x08,0x83,0xff,0x08,0x83,0xff,0x08,0x83,0xff,0x08,0x83,0xff,0x08,0x83,0xff,0x08,0x83,0xff,0x08,0x83,0xff,0x08,0x83,0xff,
    0x08,0x83,0xff,0x08,0x83,0xff,0x02,0x6a,0xdc,0x00,0x00,0x00,0x00,0x00,0x00,0x00,0x00,0x00,0x00,0x00,0x00,0x00,0x00,0x00,
    0x00,0x00,0x00,0x00,0x00,0x00,0x00,0x00,0x00,0x00,0x00,0x00,0x02,0x6a,0xdc,0x08,0x83,0xff,0x08,0x83,0xff,0x08,0x83,0xff,
    0x08,0x83,0xff,0x08,0x83,0xff,0x08,0x83,0xff,0x08,0x83,0xff,0x08,0x83,0xff,0x08,0x83,0xff,0x08,0x83,0xff,0x08,0x83,0xff,
    0x08,0x83,0xff,0x08,0x83,0xff,0x08,0x83,0xff,0x08,0x83,0xff,0x08,0x83,0xff,0x08,0x83,0xff,0x08,0x83,0xff,0x08,0x83,0xff,
    0x08,0x83,0xff,0x08,0x83,0xff,0x08,0x83,0xff,0x08,0x83,0xff,0x08,0x83,0xff,0x08,0x83,0xff,0x08,0x83,0xff,0x08,0x83,0xff,
    0x08,0x83,0xff,0x08,0x83,0xff,0x08,0x83,0xff,0x08,0x83,0xff,0x08,0x83,0xff,0x08,0x83,0xff,0x08,0x83,0xff,0x08,0x83,0xff,
    0x08,0x83,0xff,0x08,0x83,0xff,0x08,0x83,0xff,0x08,0x83,0xff,0x08,0x83,0xff,0x08,0x83,0xff,0x08,0x83,0xff,0x08,0x83,0xff,
    0x08,0x83,0xff,0x08,0x83,0xff,0x08,0x83,0xff,0x08,0x83,0xff,0x08,0x83,0xff,0x08,0x83,0xff,0x08,0x83,0xff,0x08,0x83,0xff,
    0x08,0x83,0xff,0x08,0x83,0xff,0x08,0x83,0xff,0x08,0x83,0xff,0x08,0x83,0xff,0x08,0x83,0xff,0x08,0x83,0xff,0x08,0x83,0xff,
    0x08,0x83,0xff,0x08,0x83,0xff,0x08,0x83,0xff,0x08,0x83,0xff,0x08,0x83,0xff,0x08,0x83,0xff,0x08,0x83,0xff,0x08,0x83,0xff,
    0x08,0x83,0xff,0x08,0x83,0xff,0x08,0x83,0xff,0x08,0x83,0xff,0x08,0x83,0xff,0x08,0x83,0xff,0x08,0x83,0xff,0x08,0x83,0xff,
    0x08,0x83,0xff,0x08,0x83,0xff,0x08,0x83,0xff,0x08,0x83,0xff,0x08,0x83,0xff,0x08,0x83,0xff,0x08,0x83,0xff,0x08,0x83,0xff,
    0x08,0x83,0xff,0x08,0x83,0xff,0x08,0x83,0xff,0x08,0x83,0xff,0x08,0x83,0xff,0x08,0x83,0xff,0x08,0x83,0xff,0x08,0x83,0xff,
    0x08,0x83,0xff,0x08,0x83,0xff,0x08,0x83,0xff,0x08,0x83,0xff,0x08,0x83,0xff,0x08,0x83,0xff,0x08,0x83,0xff,0x08,0x83,0xff,
    0x08,0x83,0xff,0x08,0x83,0xff,0x08,0x83,0xff,0x08,0x83,0xff,0x08,0x83,0xff,0x08,0x83,0xff,0x08,0x83,0xff,0x08,0x83,0xff,
    0x08,0x83,0xff,0x08,0x83,0xff,0x08,0x83,0xff,0x08,0x83,0xff,0x08,0x83,0xff,0x08,0x83,0xff,0x08,0x83,0xff,0x08,0x83,0xff,
    0x08,0x83,0xff,0x08,0x83,0xff,0x08,0x83,0xff,0x08,0x83,0xff,0x08,0x83,0xff,0x08,0x83,0xff,0x08,0x83,0xff,0x08,0x83,0xff,
    0x08,0x83,0xff,0x08,0x83,0xff,0x08,0x83,0xff,0x02,0x6a,0xdc,0x00,0x00,0x00,0x00,0x00,0x00,0x00,0x00,0x00,0x00,0x00,0x00,
    0x00,0x00,0x00,0x00,0x00,0x00,0x00,0x00,0x00,0x02,0x6a,0xdc,0x08,0x83,0xff,0x08,0x83,0xff,0x08,0x83,0xff,0x08,0x83,0xff,
    0x08,0x83,0xff,0x08,0x83,0xff,0x08,0x83,0xff,0x08,0x83,0xff,0x08,0x83,0xff,0x08,0x83,0xff,0x08,0x83,0xff,0x08,0x83,0xff,
    0x08,0x83,0xff,0x08,0x83,0xff,0x08,0x83,0xff,0x08,0x83,0xff,0x08,0x83,0xff,0x08,0x83,0xff,0x08,0x83,0xff,0x08,0x83,0xff,
    0x08,0x83,0xff,0x08,0x83,0xff,0x08,0x83,0xff,0x08,0x83,0xff,0x08,0x83,0xff,0x08,0x83,0xff,0x08,0x83,0xff,0x08,0x83,0xff,
    0x08,0x83,0xff,0x08,0x83,0xff,0x08,0x83,0xff,0x08,0x83,0xff,0x08,0x83,0xff,0x08,0x83,0xff,0x08,0x83,0xff,0x08,0x83,0xff,
    0x08,0x83,0xff,0x08,0x83,0xff,0x08,0x83,0xff,0x08,0x83,0xff,0x08,0x83,0xff,0x08,0x83,0xff,0x08,0x83,0xff,0x08,0x83,0xff,
    0x08,0x83,0xff,0x08,0x83,0xff,0x08,0x83,0xff,0x08,0x83,0xff,0x08,0x83,0xff,0x08,0x83,0xff,0x08,0x83,0xff,0x08,0x83,0xff,
    0x08,0x83,0xff,0x08,0x83,0xff,0x08,0x83,0xff,0x08,0x83,0xff,0x08,0x83,0xff,0x08,0x83,0xff,0x08,0x83,0xff,0x08,0x83,0xff,
    0x08,0x83,0xff,0x08,0x83,0xff,0x08,0x83,0xff,0x08,0x83,0xff,0x08,0x83,0xff,0x08,0x83,0xff,0x08,0x83,0xff,0x08,0x83,0xff,
    0x08,0x83,0xff,0x08,0x83,0xff,0x08,0x83,0xff,0x08,0x83,0xff,0x08,0x83,0xff,0x08,0x83,0xff,0x08,0x83,0xff,0x08,0x83,0xff,
    0x08,0x83,0xff,0x08,0x83,0xff,0x08,0x83,0xff,0x08,0x83,0xff,0x08,0x83,0xff,0x08,0x83,0xff,0x08,0x83,0xff,0x08,0x83,0xff,
    0x08,0x83,0xff,0x08,0x83,0xff,0x08,0x83,0xff,0x08,0x83,0xff,0x08,0x83,0xff,0x08,0x83,0xff,0x08,0x83,0xff,0x08,0x83,0xff,
    0x08,0x83,0xff,0x08,0x83,0xff,0x08,0x83,0xff,0x08,0x83,0xff,0x08,0x83,0xff,0x08,0x83,0xff,0x08,0x83,0xff,0x08,0x83,0xff,
    0x08,0x83,0xff,0x08,0x83,0xff,0x08,0x83,0xff,0x08,0x83,0xff,0x08,0x83,0xff,0x08,0x83,0xff,0x08,0x83,0xff,0x08,0x83,0xff,
    0x08,0x83,0xff,0x08,0x83,0xff,0x08,0x83,0xff,0x08,0x83,0xff,0x08,0x83,0xff,0x08,0x83,0xff,0x08,0x83,0xff,0x08,0x83,0xff,
    0x08,0x83,0xff,0x08,0x83,0xff,0x08,0x83,0xff,0x08,0x83,0xff,0x08,0x83,0xff,0x08,0x83,0xff,0x08,0x83,0xff,0x08,0x83,0xff,
    0x08,0x83,0xff,0x08,0x83,0xff,0x08,0x83,0xff,0x08,0x83,0xff,0x02,0x6a,0xdc,0x00,0x00,0x00,0x00,0x00,0x00,0x00,0x00,0x00,
    0x00,0x00,0x00,0x00,0x00,0x00,0x00,0x00,0x00,0x02,0x6a,0xdc,0x08,0x83,0xff,0x08,0x83,0xff,0x08,0x83,0xff,0x08,0x83,0xff,
    0x08,0x83,0xff,0x08,0x83,0xff,0x08,0x83,0xff,0x08,0x83,0xff,0x08,0x83,0xff,0x08,0x83,0xff,0x08,0x83,0xff,0x08,0x83,0xff,
    0x08,0x83,0xff,0x08,0x83,0xff,0x08,0x83,0xff,0x08,0x83,0xff,0x08,0x83,0xff,0x08,0x83,0xff,0x08,0x83,0xff,0x08,0x83,0xff,
    0x08,0x83,0xff,0x08,0x83,0xff,0x08,0x83,0xff,0x08,0x83,0xff,0x08,0x83,0xff,0x08,0x83,0xff,0x08,0x83,0xff,0x08,0x83,0xff,
    0x08,0x83,0xff,0x08,0x83,0xff,0x08,0x83,0xff,0x08,0x83,0xff,0x08,0x83,0xff,0x08,0x83,0xff,0x08,0x83,0xff,0x08,0x83,0xff,
    0x08,0x83,0xff,0x08,0x83,0xff,0x08,0x83,0xff,0x08,0x83,0xff,0x08,0x83,0xff,0x08,0x83,0xff,0x08,0x83,0xff,0x08,0x83,0xff,
    0x08,0x83,0xff,0x08,0x83,0xff,0x08,0x83,0xff,0x08,0x83,0xff,0x08,0x83,0xff,0x08,0x83,0xff,0x08,0x83,0xff,0x08,0x83,0xff,
    0x08,0x83,0xff,0x08,0x83,0xff,0x08,0x83,0xff,0x08,0x83,0xff,0x08,0x83,0xff,0x08,0x83,0xff,0x08,0x83,0xff,0x08,0x83,0xff,
    0x08,0x83,0xff,0x08,0x83,0xff,0x08,0x83,0xff,0x08,0x83,0xff,0x08,0x83,0xff,0x08,0x83,0xff,0x08,0x83,0xff,0x08,0x83,0xff,
    0x08,0x83,0xff,0x08,0x83,0xff,0x08,0x83,0xff,0x08,0x83,0xff,0x08,0x83,0xff,0x08,0x83,0xff,0x08,0x83,0xff,0x08,0x83,0xff,
    0x08,0x83,0xff,0x08,0x83,0xff,0x08,0x83,0xff,0x08,0x83,0xff,0x08,0x83,0xff,0x08,0x83,0xff,0x08,0x83,0xff,0x08,0x83,0xff,
    0x08,0x83,0xff,0x08,0x83,0xff,0x08,0x83,0xff,0x08,0x83,0xff,0x08,0x83,0xff,0x08,0x83,0xff,0x08,0x83,0xff,0x08,0x83,0xff,
    0x08,0x83,0xff,0x08,0x83,0xff,0x08,0x83,0xff,0x08,0x83,0xff,0x08,0x83,0xff,0x08,0x83,0xff,0x08,0x83,0xff,0x08,0x83,0xff,
    0x08,0x83,0xff,0x08,0x83,0xff,0x08,0x83,0xff,0x08,0x83,0xff,0x08,0x83,0xff,0x08,0x83,0xff,0x08,0x83,0xff,0x08,0x83,0xff,
    0x08,0x83,0xff,0x08,0x83,0xff,0x08,0x83,0xff,0x08,0x83,0xff,0x08,0x83,0xff,0x08,0x83,0xff,0x08,0x83,0xff,0x08,0x83,0xff,
    0x08,0x83,0xff,0x08,0x83,0xff,0x08,0x83,0xff,0x08,0x83,0xff,0x08,0x83,0xff,0x08,0x83,0xff,0x08,0x83,0xff,0x08,0x83,0xff,
    0x08,0x83,0xff,0x08,0x83,0xff,0x08,0x83,0xff,0x08,0x83,0xff,0x02,0x6a,0xdc,0x00,0x00,0x00,0x00,0x00,0x00,0x00,0x00,0x00,
    0x00,0x00,0x00,0x00,0x00,0x00,0x00,0x00,0x00,0x02,0x6a,0xdc,0x08,0x83,0xff,0x08,0x83,0xff,0x08,0x83,0xff,0x08,0x83,0xff,
    0x08,0x83,0xff,0x08,0x83,0xff,0x08,0x83,0xff,0x08,0x83,0xff,0x08,0x83,0xff,0x08,0x83,0xff,0x08,0x83,0xff,0x08,0x83,0xff,
    0x08,0x83,0xff,0x08,0x83,0xff,0x08,0x83,0xff,0x08,0x83,0xff,0x08,0x83,0xff,0x08,0x83,0xff,0x08,0x83,0xff,0x08,0x83,0xff,
    0x08,0x83,0xff,0x08,0x83,0xff,0x08,0x83,0xff,0x08,0x83,0xff,0x08,0x83,0xff,0x08,0x83,0xff,0x08,0x83,0xff,0x08,0x83,0xff,
    0x08,0x83,0xff,0x08,0x83,0xff,0x08,0x83,0xff,0x08,0x83,0xff,0x08,0x83,0xff,0x08,0x83,0xff,0x08,0x83,0xff,0x08,0x83,0xff,
    0x08,0x83,0xff,0x08,0x83,0xff,0x08,0x83,0xff,0x08,0x83,0xff,0x08,0x83,0xff,0x08,0x83,0xff,0x08,0x83,0xff,0x08,0x83,0xff,
    0x08,0x83,0xff,0x08,0x83,0xff,0x08,0x83,0xff,0x08,0x83,0xff,0x08,0x83,0xff,0x08,0x83,0xff,0x08,0x83,0xff,0x08,0x83,0xff,
    0x08,0x83,0xff,0x08,0x83,0xff,0x08,0x83,0xff,0x08,0x83,0xff,0x08,0x83,0xff,0x08,0x83,0xff,0x08,0x83,0xff,0x08,0x83,0xff,
    0x08,0x83,0xff,0x08,0x83,0xff,0x08,0x83,0xff,0x08,0x83,0xff,0x08,0x83,0xff,0x08,0x83,0xff,0x08,0x83,0xff,0x08,0x83,0xff,
    0x08,0x83,0xff,0x08,0x83,0xff,0x08,0x83,0xff,0x08,0x83,0xff,0x08,0x83,0xff,0x08,0x83,0xff,0x08,0x83,0xff,0x08,0x83,0xff,
    0x08,0x83,0xff,0x08,0x83,0xff,0x08,0x83,0xff,0x08,0x83,0xff,0x08,0x83,0xff,0x08,0x83,0xff,0x08,0x83,0xff,0x08,0x83,0xff,
    0x08,0x83,0xff,0x08,0x83,0xff,0x08,0x83,0xff,0x08,0x83,0xff,0x08,0x83,0xff,0x08,0x83,0xff,0x08,0x83,0xff,0x08,0x83,0xff,
    0x08,0x83,0xff,0x08,0x83,0xff,0x08,0x83,0xff,0x08,0x83,0xff,0x08,0x83,0xff,0x08,0x83,0xff,0x08,0x83,0xff,0x08,0x83,0xff,
    0x08,0x83,0xff,0x08,0x83,0xff,0x08,0x83,0xff,0x08,0x83,0xff,0x08,0x83,0xff,0x08,0x83,0xff,0x08,0x83,0xff,0x08,0x83,0xff,
    0x08,0x83,0xff,0x08,0x83,0xff,0x08,0x83,0xff,0x08,0x83,0xff,0x08,0x83,0xff,0x08,0x83,0xff,0x08,0x83,0xff,0x08,0x83,0xff,
    0x08,0x83,0xff,0x08,0x83,0xff,0x08,0x83,0xff,0x08,0x83,0xff,0x08,0x83,0xff,0x08,0x83,0xff,0x08,0x83,0xff,0x08,0x83,0xff,
    0x08,0x83,0xff,0x08,0x83,0xff,0x08,0x83,0xff,0x08,0x83,0xff,0x02,0x6a,0xdc,0x00,0x00,0x00,0x00,0x00,0x00,0x00,0x00,0x00,
    0x00,0x00,0x00,0x00,0x00,0x00,0x02,0x6a,0xdc,0x08,0x83,0xff,0x08,0x83,0xff,0x08,0x83,0xff,0x08,0x83,0xff,0x08,0x83,0xff,
    0x08,0x83,0xff,0x08,0x83,0xff,0x08,0x83,0xff,0x08,0x83,0xff,0x08,0x83,0xff,0x08,0x83,0xff,0x08,0x83,0xff,0x08,0x83,0xff,
    0x08,0x83,0xff,0x08,0x83,0xff,0x08,0x83,0xff,0x08,0x83,0xff,0x08,0x83,0xff,0x08,0x83,0xff,0x08,0x83,0xff,0x08,0x83,0xff,
    0x08,0x83,0xff,0x08,0x83,0xff,0x08,0x83,0xff,0x08,0x83,0xff,0x08,0x83,0xff,0x08,0x83,0xff,0x08,0x83,0xff,0x08,0x83,0xff,
    0x08,0x83,0xff,0x08,0x83,0xff,0x08,0x83,0xff,0x08,0x83,0xff,0x08,0x83,0xff,0x08,0x83,0xff,0x08,0x83,0xff,0x08,0x83,0xff,
    0x08,0x83,0xff,0x08,0x83,0xff,0x08,0x83,0xff,0x08,0x83,0xff,0x08,0x83,0xff,0x08,0x83,0xff,0x08,0x83,0xff,0x08,0x83,0xff,
    0x08,0x83,0xff,0x08,0x83,0xff,0x08,0x83,0xff,0x08,0x83,0xff,0x08,0x83,0xff,0x08,0x83,0xff,0x08,0x83,0xff,0x08,0x83,0xff,
    0x08,0x83,0xff,0x08,0x83,0xff,0x08,0x83,0xff,0x08,0x83,0xff,0x08,0x83,0xff,0x08,0x83,0xff,0x08,0x83,0xff,0x08,0x83,0xff,
    0x08,0x83,0xff,0x08,0x83,0xff,0x08,0x83,0xff,0x08,0x83,0xff,0x08,0x83,0xff,0x08,0x83,0xff,0x08,0x83,0xff,0x08,0x83,0xff,
    0x08,0x83,0xff,0x08,0x83,0xff,0x08,0x83,0xff,0x08,0x83,0xff,0x08,0x83,0xff,0x08,0x83,0xff,0x08,0x83,0xff,0x08,0x83,0xff,
    0x08,0x83,0xff,0x08,0x83,0xff,0x08,0x83,0xff,0x08,0x83,0xff,0x08,0x83,0xff,0x08,0x83,0xff,0x08,0x83,0xff,0x08,0x83,0xff,
    0x08,0x83,0xff,0x08,0x83,0xff,0x08,0x83,0xff,0x08,0x83,0xff,0x08,0x83,0xff,0x08,0x83,0xff,0x08,0x83,0xff,0x08,0x83,0xff,
    0x08,0x83,0xff,0x08,0x83,0xff,0x08,0x83,0xff,0x08,0x83,0xff,0x08,0x83,0xff,0x08,0x83,0xff,0x08,0x83,0xff,0x08,0x83,0xff,
    0x08,0x83,0xff,0x08,0x83,0xff,0x08,0x83,0xff,0x08,0x83,0xff,0x08,0x83,0xff,0x08,0x83,0xff,0x08,0x83,0xff,0x08,0x83,0xff,
    0x08,0x83,0xff,0x08,0x83,0xff,0x08,0x83,0xff,0x08,0x83,0xff,0x08,0x83,0xff,0x08,0x83,0xff,0x08,0x83,0xff,0x08,0x83,0xff,
    0x08,0x83,0xff,0x08,0x83,0xff,0x08,0x83,0xff,0x08,0x83,0xff,0x08,0x83,0xff,0x08,0x83,0xff,0x08,0x83,0xff,0x08,0x83,0xff,
    0x08,0x83,0xff,0x08,0x83,0xff,0x08,0x83,0xff,0x08,0x83,0xff,0x08,0x83,0xff,0x02,0x6a,0xdc,0x00,0x00,0x00,0x00,0x00,0x00,
    0x00,0x00,0x00,0x00,0x00,0x00,0x02,0x6a,0xdc,0x08,0x83,0xff,0x08,0x83,0xff,0x08,0x83,0xff,0x08,0x83,0xff,0x08,0x83,0xff,
    0x08,0x83,0xff,0x08,0x83,0xff,0x08,0x83,0xff,0x08,0x83,0xff,0x08,0x83,0xff,0x08,0x83,0xff,0x08,0x83,0xff,0x08,0x83,0xff,
    0x08,0x83,0xff,0x08,0x83,0xff,0x08,0x83,0xff,0x08,0x83,0xff,0x08,0x83,0xff,0x08,0x83,0xff,0x08,0x83,0xff,0x08,0x83,0xff,
    0x08,0x83,0xff,0x08,0x83,0xff,0x08,0x83,0xff,0x08,0x83,0xff,0x08,0x83,0xff,0x08,0x83,0xff,0x08,0x83,0xff,0x08,0x83,0xff,
    0x08,0x83,0xff,0x08,0x83,0xff,0x08,0x83,0xff,0x08,0x83,0xff,0x08,0x83,0xff,0x08,0x83,0xff,0x08,0x83,0xff,0x08,0x83,0xff,
    0x08,0x83,0xff,0x08,0x83,0xff,0x08,0x83,0xff,0x08,0x83,0xff,0x08,0x83,0xff,0x08,0x83,0xff,0x08,0x83,0xff,0x08,0x83,0xff,
    0x08,0x83,0xff,0x08,0x83,0xff,0x08,0x83,0xff,0x08,0x83,0xff,0x08,0x83,0xff,0x08,0x83,0xff,0x08,0x83,0xff,0x08,0x83,0xff,
    0x08,0x83,0xff,0x08,0x83,0xff,0x08,0x83,0xff,0x08,0x83,0xff,0x08,0x83,0xff,0x08,0x83,0xff,0x08,0x83,0xff,0x08,0x83,0xff,
    0x08,0x83,0xff,0x08,0x83,0xff,0x08,0x83,0xff,0x08,0x83,0xff,0x08,0x83,0xff,0x08,0x83,0xff,0x08,0x83,0xff,0x08,0x83,0xff,
    0x08,0x83,0xff,0x08,0x83,0xff,0x08,0x83,0xff,0x08,0x83,0xff,0x08,0x83,0xff,0x08,0x83,0xff,0x08,0x83,0xff,0x08,0x83,0xff,
    0x08,0x83,0xff,0x08,0x83,0xff,0x08,0x83,0xff,0x08,0x83,0xff,0x08,0x83,0xff,0x08,0x83,0xff,0x08,0x83,0xff,0x08,0x83,0xff,
    0x08,0x83,0xff,0x08,0x83,0xff,0x08,0x83,0xff,0x08,0x83,0xff,0x08,0x83,0xff,0x08,0x83,0xff,0x08,0x83,0xff,0x08,0x83,0xff,
    0x08,0x83,0xff,0x08,0x83,0xff,0x08,0x83,0xff,0x08,0x83,0xff,0x08,0x83,0xff,0x08,0x83,0xff,0x08,0x83,0xff,0x08,0x83,0xff,
    0x08,0x83,0xff,0x08,0x83,0xff,0x08,0x83,0xff,0x08,0x83,0xff,0x08,0x83,0xff,0x08,0x83,0xff,0x08,0x83,0xff,0x08,0x83,0xff,
    0x08,0x83,0xff,0x08,0x83,0xff,0x08,0x83,0xff,0x08,0x83,0xff,0x08,0x83,0xff,0x08,0x83,0xff,0x08,0x83,0xff,0x08,0x83,0xff,
    0x08,0x83,0xff,0x08,0x83,0xff,0x08,0x83,0xff,0x08,0x83,0xff,0x08,0x83,0xff,0x08,0x83,0xff,0x08,0x83,0xff,0x08,0x83,0xff,
    0x08,0x83,0xff,0x08,0x83,0xff,0x08,0x83,0xff,0x08,0x83,0xff,0x08,0x83,0xff,0x02,0x6a,0xdc,0x00,0x00,0x00,0x00,0x00,0x00,
    0x00,0x00,0x00,0x00,0x00,0x00,0x02,0x6a,0xdc,0x08,0x83,0xff,0x08,0x83,0xff,0x08,0x83,0xff,0x08,0x83,0xff,0x08,0x83,0xff,
    0x08,0x83,0xff,0x08,0x83,0xff,0x08,0x83,0xff,0x08,0x83,0xff,0x08,0x83,0xff,0x08,0x83,0xff,0x08,0x83,0xff,0x08,0x83,0xff,
    0x08,0x83,0xff,0x08,0x83,0xff,0x08,0x83,0xff,0x08,0x83,0xff,0x08,0x83,0xff,0x08,0x83,0xff,0x08,0x83,0xff,0x08,0x83,0xff,
    0x08,0x83,0xff,0x08,0x83,0xff,0x08,0x83,0xff,0x08,0x83,0xff,0x08,0x83,0xff,0x08,0x83,0xff,0x08,0x83,0xff,0x08,0x83,0xff,
    0x08,0x83,0xff,0x08,0x83,0xff,0x08,0x83,0xff,0x08,0x83,0xff,0x08,0x83,0xff,0x08,0x83,0xff,0x08,0x83,0xff,0x08,0x83,0xff,
    0x08,0x83,0xff,0x08,0x83,0xff,0x08,0x83,0xff,0x08,0x83,0xff,0x08,0x83,0xff,0x08,0x83,0xff,0x08,0x83,0xff,0x08,0x83,0xff,
    0x08,0x83,0xff,0x08,0x83,0xff,0x08,0x83,0xff,0x08,0x83,0xff,0x08,0x83,0xff,0x08,0x83,0xff,0x08,0x83,0xff,0x08,0x83,0xff,
    0x08,0x83,0xff,0x08,0x83,0xff,0x08,0x83,0xff,0x08,0x83,0xff,0x08,0x83,0xff,0x08,0x83,0xff,0x08,0x83,0xff,0x08,0x83,0xff,
    0x08,0x83,0xff,0x08,0x83,0xff,0x08,0x83,0xff,0x08,0x83,0xff,0x08,0x83,0xff,0x08,0x83,0xff,0x08,0x83,0xff,0x08,0x83,0xff,
    0x08,0x83,0xff,0x08,0x83,0xff,0x08,0x83,0xff,0x08,0x83,0xff,0x08,0x83,0xff,0x08,0x83,0xff,0x08,0x83,0xff,0x08,0x83,0xff,
    0x08,0x83,0xff,0x08,0x83,0xff,0x08,0x83,0xff,0x08,0x83,0xff,0x08,0x83,0xff,0x08,0x83,0xff,0x08,0x83,0xff,0x08,0x83,0xff,
    0x08,0x83,0xff,0x08,0x83,0xff,0x08,0x83,0xff,0x08,0x83,0xff,0x08,0x83,0xff,0x08,0x83,0xff,0x08,0x83,0xff,0x08,0x83,0xff,
    0x08,0x83,0xff,0x08,0x83,0xff,0x08,0x83,0xff,0x08,0x83,0xff,0x08,0x83,0xff,0x08,0x83,0xff,0x08,0x83,0xff,0x08,0x83,0xff,
    0x08,0x83,0xff,0x08,0x83,0xff,0x08,0x83,0xff,0x08,0x83,0xff,0x08,0x83,0xff,0x08,0x83,0xff,0x08,0x83,0xff,0x08,0x83,0xff,
    0x08,0x83,0xff,0x08,0x83,0xff,0x08,0x83,0xff,0x08,0x83,0xff,0x08,0x83,0xff,0x08,0x83,0xff,0x08,0x83,0xff,0x08,0x83,0xff,
    0x08,0x83,0xff,0x08,0x83,0xff,0x08,0x83,0xff,0x08,0x83,0xff,0x08,0x83,0xff,0x08,0x83,0xff,0x08,0x83,0xff,0x08,0x83,0xff,
    0x08,0x83,0xff,0x08,0x83,0xff,0x08,0x83,0xff,0x08,0x83,0xff,0x08,0x83,0xff,0x02,0x6a,0xdc,0x00,0x00,0x00,0x00,0x00,0x00,
    0x00,0x00,0x00,0x00,0x00,0x00,0x02,0x6a,0xdc,0x08,0x83,0xff,0x08,0x83,0xff,0x08,0x83,0xff,0x08,0x83,0xff,0x08,0x83,0xff,
    0x08,0x83,0xff,0x08,0x83,0xff,0x08,0x83,0xff,0x08,0x83,0xff,0x08,0x83,0xff,0x08,0x83,0xff,0x08,0x83,0xff,0x08,0x83,0xff,
    0x08,0x83,0xff,0x08,0x83,0xff,0x08,0x83,0xff,0x08,0x83,0xff,0x08,0x83,0xff,0x08,0x83,0xff,0x08,0x83,0xff,0x08,0x83,0xff,
    0x08,0x83,0xff,0x08,0x83,0xff,0x08,0x83,0xff,0x08,0x83,0xff,0x08,0x83,0xff,0x08,0x83,0xff,0x08,0x83,0xff,0x08,0x83,0xff,
    0x08,0x83,0xff,0x08,0x83,0xff,0x08,0x83,0xff,0x08,0x83,0xff,0x08,0x83,0xff,0x08,0x83,0xff,0x08,0x83,0xff,0x08,0x83,0xff,
    0x08,0x83,0xff,0x08,0x83,0xff,0x08,0x83,0xff,0x08,0x83,0xff,0x08,0x83,0xff,0x08,0x83,0xff,0x08,0x83,0xff,0x08,0x83,0xff,
    0x08,0x83,0xff,0x08,0x83,0xff,0x08,0x83,0xff,0x08,0x83,0xff,0x08,0x83,0xff,0x08,0x83,0xff,0x08,0x83,0xff,0x08,0x83,0xff,
    0x08,0x83,0xff,0x08,0x83,0xff,0x08,0x83,0xff,0x08,0x83,0xff,0x08,0x83,0xff,0x08,0x83,0xff,0x08,0x83,0xff,0x08,0x83,0xff,
    0x08,0x83,0xff,0x08,0x83,0xff,0x08,0x83,0xff,0x08,0x83,0xff,0x08,0x83,0xff,0x08,0x83,0xff,0x08,0x83,0xff,0x08,0x83,0xff,
    0x08,0x83,0xff,0x08,0x83,0xff,0x08,0x83,0xff,0x08,0x83,0xff,0x08,0x83,0xff,0x08,0x83,0xff,0x08,0x83,0xff,0x08,0x83,0xff,
    0x08,0x83,0xff,0x08,0x83,0xff,0x08,0x83,0xff,0x08,0x83,0xff,0x08,0x83,0xff,0x08,0x83,0xff,0x08,0x83,0xff,0x08,0x83,0xff,
    0x08,0x83,0xff,0x08,0x83,0xff,0x08,0x83,0xff,0x08,0x83,0xff,0x08,0x83,0xff,0x08,0x83,0xff,0x08,0x83,0xff,0x08,0x83,0xff,
    0x08,0x83,0xff,0x08,0x83,0xff,0x08,0x83,0xff,0x08,0x83,0xff,0x08,0x83,0xff,0x08,0x83,0xff,0x08,0x83,0xff,0x08,0x83,0xff,
    0x08,0x83,0xff,0x08,0x83,0xff,0x08,0x83,0xff,0x08,0x83,0xff,0x08,0x83,0xff,0x08,0x83,0xff,0x08,0x83,0xff,0x08,0x83,0xff,
    0x08,0x83,0xff,0x08,0x83,0xff,0x08,0x83,0xff,0x08,0x83,0xff,0x08,0x83,0xff,0x08,0x83,0xff,0x08,0x83,0xff,0x08,0x83,0xff,
    0x08,0x83,0xff,0x08,0x83,0xff,0x08,0x83,0xff,0x08,0x83,0xff,0x08,0x83,0xff,0x08,0x83,0xff,0x08,0x83,0xff,0x08,0x83,0xff,
    0x08,0x83,0xff,0x08,0x83,0xff,0x08,0x83,0xff,0x08,0x83,0xff,0x08,0x83,0xff,0x02,0x6a,0xdc,0x00,0x00,0x00,0x00,0x00,0x00,
    0x00,0x00,0x00,0x00,0x00,0x00,0x02,0x6a,0xdc,0x08,0x83,0xff,0x08,0x83,0xff,0x08,0x83,0xff,0x08,0x83,0xff,0x08,0x83,0xff,
    0x08,0x83,0xff,0x08,0x83,0xff,0x08,0x83,0xff,0x08,0x83,0xff,0x08,0x83,0xff,0x08,0x83,0xff,0x08,0x83,0xff,0x08,0x83,0xff,
    0x08,0x83,0xff,0x08,0x83,0xff,0x08,0x83,0xff,0x08,0x83,0xff,0x08,0x83,0xff,0x08,0x83,0xff,0x08,0x83,0xff,0x08,0x83,0xff,
    0x08,0x83,0xff,0x08,0x83,0xff,0x08,0x83,0xff,0x08,0x83,0xff,0x08,0x83,0xff,0x08,0x83,0xff,0x08,0x83,0xff,0x08,0x83,0xff,
    0x08,0x83,0xff,0x08,0x83,0xff,0x08,0x83,0xff,0x08,0x83,0xff,0x08,0x83,0xff,0x08,0x83,0xff,0x08,0x83,0xff,0x08,0x83,0xff,
    0x08,0x83,0xff,0x08,0x83,0xff,0x08,0x83,0xff,0x08,0x83,0xff,0x08,0x83,0xff,0x08,0x83,0xff,0x08,0x83,0xff,0x08,0x83,0xff,
    0x08,0x83,0xff,0x08,0x83,0xff,0x08,0x83,0xff,0x08,0x83,0xff,0x08,0x83,0xff,0x08,0x83,0xff,0x08,0x83,0xff,0x08,0x83,0xff,
    0x08,0x83,0xff,0x08,0x83,0xff,0x08,0x83,0xff,0x08,0x83,0xff,0x08,0x83,0xff,0x08,0x83,0xff,0x08,0x83,0xff,0x08,0x83,0xff,
    0x08,0x83,0xff,0x08,0x83,0xff,0x08,0x83,0xff,0x08,0x83,0xff,0x08,0x83,0xff,0x08,0x83,0xff,0x08,0x83,0xff,0x08,0x83,0xff,
    0x08,0x83,0xff,0x08,0x83,0xff,0x08,0x83,0xff,0x08,0x83,0xff,0x08,0x83,0xff,0x08,0x83,0xff,0x08,0x83,0xff,0x08,0x83,0xff,
    0x08,0x83,0xff,0x08,0x83,0xff,0x08,0x83,0xff,0x08,0x83,0xff,0x08,0x83,0xff,0x08,0x83,0xff,0x08,0x83,0xff,0x08,0x83,0xff,
    0x08,0x83,0xff,0x08,0x83,0xff,0x08,0x83,0xff,0x08,0x83,0xff,0x08,0x83,0xff,0x08,0x83,0xff,0x08,0x83,0xff,0x08,0x83,0xff,
    0x08,0x83,0xff,0x08,0x83,0xff,0x08,0x83,0xff,0x08,0x83,0xff,0x08,0x83,0xff,0x08,0x83,0xff,0x08,0x83,0xff,0x08,0x83,0xff,
    0x08,0x83,0xff,0x08,0x83,0xff,0x08,0x83,0xff,0x08,0x83,0xff,0x08,0x83,0xff,0x08,0x83,0xff,0x08,0x83,0xff,0x08,0x83,0xff,
    0x08,0x83,0xff,0x08,0x83,0xff,0x08,0x83,0xff,0x08,0x83,0xff,0x08,0x83,0xff,0x08,0x83,0xff,0x08,0x83,0xff,0x08,0x83,0xff,
    0x08,0x83,0xff,0x08,0x83,0xff,0x08,0x83,0xff,0x08,0x83,0xff,0x08,0x83,0xff,0x08,0x83,0xff,0x08,0x83,0xff,0x08,0x83,0xff,
    0x08,0x83,0xff,0x08,0x83,0xff,0x08,0x83,0xff,0x08,0x83,0xff,0x08,0x83,0xff,0x02,0x6a,0xdc,0x00,0x00,0x00,0x00,0x00,0x00,
    0x00,0x00,0x00,0x00,0x00,0x00,0x02,0x6a,0xdc,0x08,0x83,0xff,0x08,0x83,0xff,0x08,0x83,0xff,0x08,0x83,0xff,0x08,0x83,0xff,
    0x08,0x83,0xff,0x08,0x83,0xff,0x08,0x83,0xff,0x08,0x83,0xff,0x08,0x83,0xff,0x08,0x83,0xff,0x08,0x83,0xff,0x08,0x83,0xff,
    0x08,0x83,0xff,0x08,0x83,0xff,0x08,0x83,0xff,0x08,0x83,0xff,0x08,0x83,0xff,0x08,0x83,0xff,0x08,0x83,0xff,0x08,0x83,0xff,
    0x08,0x83,0xff,0x08,0x83,0xff,0x08,0x83,0xff,0x08,0x83,0xff,0x08,0x83,0xff,0x08,0x83,0xff,0x08,0x83,0xff,0x08,0x83,0xff,
    0x08,0x83,0xff,0x08,0x83,0xff,0x08,0x83,0xff,0x08,0x83,0xff,0x08,0x83,0xff,0x08,0x83,0xff,0x08,0x83,0xff,0x08,0x83,0xff,
    0x08,0x83,0xff,0x08,0x83,0xff,0x08,0x83,0xff,0x08,0x83,0xff,0x08,0x83,0xff,0x08,0x83,0xff,0x08,0x83,0xff,0x08,0x83,0xff,
    0x08,0x83,0xff,0x08,0x83,0xff,0x08,0x83,0xff,0x08,0x83,0xff,0x08,0x83,0xff,0x08,0x83,0xff,0x08,0x83,0xff,0x08,0x83,0xff,
    0x08,0x83,0xff,0x08,0x83,0xff,0x08,0x83,0xff,0x08,0x83,0xff,0x08,0x83,0xff,0x08,0x83,0xff,0x08,0x83,0xff,0x08,0x83,0xff,
    0x08,0x83,0xff,0x08,0x83,0xff,0x08,0x83,0xff,0x08,0x83,0xff,0x08,0x83,0xff,0x08,0x83,0xff,0x08,0x83,0xff,0x08,0x83,0xff,
    0x08,0x83,0xff,0x08,0x83,0xff,0x08,0x83,0xff,0x08,0x83,0xff,0x08,0x83,0xff,0x08,0x83,0xff,0x08,0x83,0xff,0x08,0x83,0xff,
    0x08,0x83,0xff,0x08,0x83,0xff,0x08,0x83,0xff,0x08,0x83,0xff,0x08,0x83,0xff,0x08,0x83,0xff,0x08,0x83,0xff,0x08,0x83,0xff,
    0x08,0x83,0xff,0x08,0x83,0xff,0x08,0x83,0xff,0x08,0x83,0xff,0x08,0x83,0xff,0x08,0x83,0xff,0x08,0x83,0xff,0x08,0x83,0xff,
    0x08,0x83,0xff,0x08,0x83,0xff,0x08,0x83,0xff,0x08,0x83,0xff,0x08,0x83,0xff,0x08,0x83,0xff,0x08,0x83,0xff,0x08,0x83,0xff,
    0x08,0x83,0xff,0x08,0x83,0xff,0x08,0x83,0xff,0x08,0x83,0xff,0x08,0x83,0xff,0x08,0x83,0xff,0x08,0x83,0xff,0x08,0x83,0xff,
    0x08,0x83,0xff,0x08,0x83,0xff,0x08,0x83,0xff,0x08,0x83,0xff,0x08,0x83,0xff,0x08,0x83,0xff,0x08,0x83,0xff,0x08,0x83,0xff,
    0x08,0x83,0xff,0x08,0x83,0xff,0x08,0x83,0xff,0x08,0x83,0xff,0x08,0x83,0xff,0x08,0x83,0xff,0x08,0x83,0xff,0x08,0x83,0xff,
    0x08,0x83,0xff,0x08,0x83,0xff,0x08,0x83,0xff,0x08,0x83,0xff,0x08,0x83,0xff,0x02,0x6a,0xdc,0x00,0x00,0x00,0x00,0x00,0x00,
    0x00,0x00,0x00,0x00,0x00,0x00,0x02,0x6a,0xdc,0x08,0x83,0xff,0x08,0x83,0xff,0x08,0x83,0xff,0x08,0x83,0xff,0x08,0x83,0xff,
    0x08,0x83,0xff,0x08,0x83,0xff,0x08,0x83,0xff,0x08,0x83,0xff,0x08,0x83,0xff,0x08,0x83,0xff,0x08,0x83,0xff,0x08,0x83,0xff,
    0x08,0x83,0xff,0x08,0x83,0xff,0x08,0x83,0xff,0x08,0x83,0xff,0x08,0x83,0xff,0x08,0x83,0xff,0x08,0x83,0xff,0x08,0x83,0xff,
    0x08,0x83,0xff,0x08,0x83,0xff,0x08,0x83,0xff,0x08,0x83,0xff,0x08,0x83,0xff,0x08,0x83,0xff,0x08,0x83,0xff,0x08,0x83,0xff,
    0x08,0x83,0xff,0x08,0x83,0xff,0x08,0x83,0xff,0x08,0x83,0xff,0x08,0x83,0xff,0x08,0x83,0xff,0x08,0x83,0xff,0x08,0x83,0xff,
    0x08,0x83,0xff,0x08,0x83,0xff,0x08,0x83,0xff,0x08,0x83,0xff,0x08,0x83,0xff,0x08,0x83,0xff,0x08,0x83,0xff,0x08,0x83,0xff,
    0x08,0x83,0xff,0x08,0x83,0xff,0x08,0x83,0xff,0x08,0x83,0xff,0x08,0x83,0xff,0x08,0x83,0xff,0x08,0x83,0xff,0x08,0x83,0xff,
    0x08,0x83,0xff,0x08,0x83,0xff,0x08,0x83,0xff,0x08,0x83,0xff,0x08,0x83,0xff,0x08,0x83,0xff,0x08,0x83,0xff,0x08,0x83,0xff,
    0x08,0x83,0xff,0x08,0x83,0xff,0x08,0x83,0xff,0x08,0x83,0xff,0x08,0x83,0xff,0x08,0x83,0xff,0x08,0x83,0xff,0x08,0x83,0xff,
    0x08,0x83,0xff,0x08,0x83,0xff,0x08,0x83,0xff,0x08,0x83,0xff,0x08,0x82,0xff,0x08,0x82,0xff,0x08,0x82,0xff,0x08,0x82,0xff,
    0x08,0x82,0xff,0x08,0x82,0xff,0x08,0x82,0xff,0x08,0x82,0xff,0x08,0x82,0xff,0x08,0x82,0xff,0x08,0x82,0xff,0x08,0x83,0xff,
    0x08,0x83,0xff,0x08,0x83,0xff,0x08,0x83,0xff,0x08,0x83,0xff,0x08,0x83,0xff,0x08,0x83,0xff,0x08,0x83,0xff,0x08,0x83,0xff,
    0x08,0x83,0xff,0x08,0x83,0xff,0x08,0x83,0xff,0x08,0x83,0xff,0x08,0x83,0xff,0x08,0x83,0xff,0x08,0x83,0xff,0x08,0x83,0xff,
    0x08,0x83,0xff,0x08,0x83,0xff,0x08,0x83,0xff,0x08,0x83,0xff,0x08,0x83,0xff,0x08,0x83,0xff,0x08,0x83,0xff,0x08,0x83,0xff,
    0x08,0x83,0xff,0x08,0x83,0xff,0x08,0x83,0xff,0x08,0x83,0xff,0x08,0x83,0xff,0x08,0x83,0xff,0x08,0x83,0xff,0x08,0x83,0xff,
    0x08,0x83,0xff,0x08,0x83,0xff,0x08,0x83,0xff,0x08,0x83,0xff,0x08,0x83,0xff,0x08,0x83,0xff,0x08,0x83,0xff,0x08,0x83,0xff,
    0x08,0x83,0xff,0x08,0x83,0xff,0x08,0x83,0xff,0x08,0x83,0xff,0x08,0x83,0xff,0x02,0x6a,0xdc,0x00,0x00,0x00,0x00,0x00,0x00,
    0x00,0x00,0x00,0x00,0x00,0x00,0x02,0x6a,0xdc,0x08,0x83,0xff,0x08,0x83,0xff,0x08,0x83,0xff,0x08,0x83,0xff,0x08,0x83,0xff,
    0x08,0x83,0xff,0x08,0x83,0xff,0x08,0x83,0xff,0x08,0x83,0xff,0x08,0x83,0xff,0x08,0x83,0xff,0x08,0x83,0xff,0x08,0x83,0xff,
    0x08,0x83,0xff,0x08,0x83,0xff,0x08,0x83,0xff,0x08,0x83,0xff,0x08,0x83,0xff,0x08,0x83,0xff,0x08,0x83,0xff,0x08,0x83,0xff,
    0x08,0x83,0xff,0x08,0x83,0xff,0x08,0x83,0xff,0x08,0x83,0xff,0x08,0x83,0xff,0x08,0x83,0xff,0x08,0x83,0xff,0x08,0x83,0xff,
    0x08,0x83,0xff,0x08,0x83,0xff,0x08,0x83,0xff,0x08,0x83,0xff,0x08,0x83,0xff,0x08,0x83,0xff,0x08,0x83,0xff,0x08,0x83,0xff,
    0x08,0x83,0xff,0x08,0x83,0xff,0x08,0x83,0xff,0x08,0x83,0xff,0x08,0x83,0xff,0x08,0x83,0xff,0x08,0x83,0xff,0x08,0x83,0xff,
    0x08,0x83,0xff,0x08,0x83,0xff,0x08,0x83,0xff,0x08,0x83,0xff,0x08,0x83,0xff,0x08,0x83,0xff,0x08,0x83,0xff,0x08,0x83,0xff,
    0x08,0x83,0xff,0x08,0x83,0xff,0x08,0x83,0xff,0x08,0x83,0xff,0x08,0x83,0xff,0x08,0x83,0xff,0x08,0x83,0xff,0x08,0x83,0xff,
    0x08,0x83,0xff,0x08,0x83,0xff,0x08,0x83,0xff,0x08,0x83,0xff,0x08,0x83,0xff,0x08,0x83,0xff,0x08,0x83,0xff,0x08,0x83,0xff,
    0x08,0x83,0xff,0x08,0x82,0xff,0x08,0x82,0xff,0x08,0x82,0xff,0x08,0x82,0xff,0x08,0x82,0xff,0x08,0x82,0xff,0x08,0x82,0xff,
    0x08,0x82,0xff,0x08,0x82,0xff,0x08,0x82,0xff,0x08,0x82,0xff,0x08,0x82,0xff,0x08,0x82,0xff,0x08,0x82,0xff,0x08,0x82,0xff,
    0x08,0x82,0xff,0x08,0x82,0xff,0x08,0x83,0xff,0x08,0x83,0xff,0x08,0x83,0xff,0x08,0x83,0xff,0x08,0x83,0xff,0x08,0x83,0xff,
    0x08,0x83,0xff,0x08,0x83,0xff,0x08,0x83,0xff,0x08,0x83,0xff,0x08,0x83,0xff,0x08,0x83,0xff,0x08,0x83,0xff,0x08,0x83,0xff,
    0x08,0x83,0xff,0x08,0x83,0xff,0x08,0x83,0xff,0x08,0x83,0xff,0x08,0x83,0xff,0x08,0x83,0xff,0x08,0x83,0xff,0x08,0x83,0xff,
    0x08,0x83,0xff,0x08,0x83,0xff,0x08,0x83,0xff,0x08,0x83,0xff,0x08,0x83,0xff,0x08,0x83,0xff,0x08,0x83,0xff,0x08,0x83,0xff,
    0x08,0x83,0xff,0x08,0x83,0xff,0x08,0x83,0xff,0x08,0x83,0xff,0x08,0x83,0xff,0x08,0x83,0xff,0x08,0x83,0xff,0x08,0x83,0xff,
    0x08,0x83,0xff,0x08,0x83,0xff,0x08,0x83,0xff,0x08,0x83,0xff,0x08,0x83,0xff,0x02,0x6a,0xdc,0x00,0x00,0x00,0x00,0x00,0x00,
    0x00,0x00,0x00,0x00,0x00,0x00,0x02,0x6a,0xdc,0x08,0x83,0xff,0x08,0x83,0xff,0x08,0x83,0xff,0x08,0x83,0xff,0x08,0x83,0xff,
    0x08,0x83,0xff,0x08,0x83,0xff,0x08,0x83,0xff,0x08,0x83,0xff,0x08,0x83,0xff,0x08,0x83,0xff,0x08,0x83,0xff,0x08,0x83,0xff,
    0x08,0x83,0xff,0x08,0x83,0xff,0x08,0x83,0xff,0x08,0x83,0xff,0x08,0x83,0xff,0x08,0x83,0xff,0x08,0x83,0xff,0x08,0x83,0xff,
    0x08,0x83,0xff,0x08,0x83,0xff,0x08,0x83,0xff,0x08,0x83,0xff,0x08,0x83,0xff,0x08,0x83,0xff,0x08,0x83,0xff,0x08,0x83,0xff,
    0x08,0x83,0xff,0x08,0x83,0xff,0x08,0x83,0xff,0x08,0x83,0xff,0x08,0x83,0xff,0x08,0x83,0xff,0x08,0x83,0xff,0x08,0x83,0xff,
    0x08,0x83,0xff,0x08,0x83,0xff,0x08,0x83,0xff,0x08,0x83,0xff,0x08,0x83,0xff,0x08,0x83,0xff,0x08,0x83,0xff,0x08,0x83,0xff,
    0x08,0x83,0xff,0x08,0x83,0xff,0x08,0x83,0xff,0x08,0x83,0xff,0x08,0x83,0xff,0x08,0x83,0xff,0x08,0x83,0xff,0x08,0x83,0xff,
    0x08,0x83,0xff,0x08,0x83,0xff,0x08,0x83,0xff,0x08,0x83,0xff,0x08,0x83,0xff,0x08,0x83,0xff,0x08,0x83,0xff,0x08,0x83,0xff,
    0x08,0x83,0xff,0x08,0x83,0xff,0x08,0x83,0xff,0x08,0x83,0xff,0x08,0x83,0xff,0x08,0x83,0xff,0x08,0x83,0xff,0x08,0x82,0xff,
    0x08,0x82,0xff,0x08,0x82,0xff,0x08,0x82,0xff,0x08,0x82,0xff,0x08,0x82,0xff,0x08,0x82,0xff,0x08,0x82,0xff,0x10,0x82,0xff,
    0x10,0xa2,0xff,0x10,0xa2,0xff,0x10,0xa2,0xff,0x10,0x82,0xff,0x08,0x82,0xff,0x08,0x82,0xff,0x08,0x82,0xff,0x08,0x82,0xff,
    0x08,0x82,0xff,0x08,0x82,0xff,0x08,0x82,0xff,0x08,0x82,0xff,0x08,0x83,0xff,0x08,0x83,0xff,0x08,0x83,0xff,0x08,0x83,0xff,
    0x08,0x83,0xff,0x08,0x83,0xff,0x08,0x83,0xff,0x08,0x83,0xff,0x08,0x83,0xff,0x08,0x83,0xff,0x08,0x83,0xff,0x08,0x83,0xff,
    0x08,0x83,0xff,0x08,0x83,0xff,0x08,0x83,0xff,0x08,0x83,0xff,0x08,0x83,0xff,0x08,0x83,0xff,0x08,0x83,0xff,0x08,0x83,0xff,
    0x08,0x83,0xff,0x08,0x83,0xff,0x08,0x83,0xff,0x08,0x83,0xff,0x08,0x83,0xff,0x08,0x83,0xff,0x08,0x83,0xff,0x08,0x83,0xff,
    0x08,0x83,0xff,0x08,0x83,0xff,0x08,0x83,0xff,0x08,0x83,0xff,0x08,0x83,0xff,0x08,0x83,0xff,0x08,0x83,0xff,0x08,0x83,0xff,
    0x08,0x83,0xff,0x08,0x83,0xff,0x08,0x83,0xff,0x08,0x83,0xff,0x08,0x83,0xff,0x02,0x6a,0xdc,0x00,0x00,0x00,0x00,0x00,0x00,
    0x00,0x00,0x00,0x00,0x00,0x00,0x02,0x6a,0xdc,0x08,0x83,0xff,0x08,0x83,0xff,0x08,0x83,0xff,0x08,0x83,0xff,0x08,0x83,0xff,
    0x08,0x83,0xff,0x08,0x83,0xff,0x08,0x83,0xff,0x08,0x83,0xff,0x08,0x83,0xff,0x08,0x83,0xff,0x08,0x83,0xff,0x08,0x83,0xff,
    0x08,0x83,0xff,0x08,0x83,0xff,0x08,0x83,0xff,0x08,0x83,0xff,0x08,0x83,0xff,0x08,0x83,0xff,0x08,0x83,0xff,0x08,0x83,0xff,
    0x08,0x83,0xff,0x08,0x83,0xff,0x08,0x83,0xff,0x08,0x83,0xff,0x08,0x83,0xff,0x08,0x83,0xff,0x08,0x83,0xff,0x08,0x83,0xff,
    0x08,0x83,0xff,0x08,0x83,0xff,0x08,0x83,0xff,0x08,0x83,0xff,0x08,0x83,0xff,0x08,0x83,0xff,0x08,0x83,0xff,0x08,0x83,0xff,
    0x08,0x83,0xff,0x08,0x83,0xff,0x08,0x83,0xff,0x08,0x83,0xff,0x08,0x83,0xff,0x08,0x83,0xff,0x08,0x83,0xff,0x08,0x83,0xff,
    0x08,0x83,0xff,0x08,0x83,0xff,0x08,0x83,0xff,0x08,0x83,0xff,0x08,0x83,0xff,0x08,0x83,0xff,0x08,0x83,0xff,0x08,0x83,0xff,
    0x08,0x83,0xff,0x08,0x83,0xff,0x08,0x83,0xff,0x08,0x83,0xff,0x08,0x83,0xff,0x08,0x83,0xff,0x08,0x83,0xff,0x08,0x83,0xff,
    0x08,0x83,0xff,0x08,0x83,0xff,0x08,0x83,0xff,0x08,0x83,0xff,0x08,0x83,0xff,0x08,0x83,0xff,0x08,0x82,0xff,0x08,0x82,0xff,
    0x08,0x82,0xff,0x08,0x82,0xff,0x08,0x82,0xff,0x10,0x82,0xff,0x10,0xa2,0xff,0x10,0xa2,0xff,0x10,0xa2,0xff,0x10,0xc2,0xff,
    0x10,0xc2,0xff,0x10,0xc2,0xff,0x10,0xc2,0xff,0x10,0xc2,0xff,0x10,0xa2,0xff,0x10,0xa2,0xff,0x10,0xa2,0xff,0x10,0x82,0xff,
    0x08,0x82,0xff,0x08,0x82,0xff,0x08,0x82,0xff,0x08,0x82,0xff,0x08,0x82,0xff,0x08,0x83,0xff,0x08,0x83,0xff,0x08,0x83,0xff,
    0x08,0x83,0xff,0x08,0x83,0xff,0x08,0x83,0xff,0x08,0x83,0xff,0x08,0x83,0xff,0x08,0x83,0xff,0x08,0x83,0xff,0x08,0x83,0xff,
    0x08,0x83,0xff,0x08,0x83,0xff,0x08,0x83,0xff,0x08,0x83,0xff,0x08,0x83,0xff,0x08,0x83,0xff,0x08,0x83,0xff,0x08,0x83,0xff,
    0x08,0x83,0xff,0x08,0x83,0xff,0x08,0x83,0xff,0x08,0x83,0xff,0x08,0x83,0xff,0x08,0x83,0xff,0x08,0x83,0xff,0x08,0x83,0xff,
    0x08,0x83,0xff,0x08,0x83,0xff,0x08,0x83,0xff,0x08,0x83,0xff,0x08,0x83,0xff,0x08,0x83,0xff,0x08,0x83,0xff,0x08,0x83,0xff,
    0x08,0x83,0xff,0x08,0x83,0xff,0x08,0x83,0xff,0x08,0x83,0xff,0x08,0x83,0xff,0x02,0x6a,0xdc,0x00,0x00,0x00,0x00,0x00,0x00,
    0x00,0x00,0x00,0x00,0x00,0x00,0x02,0x6a,0xdc,0x08,0x83,0xff,0x08,0x83,0xff,0x08,0x83,0xff,0x08,0x83,0xff,0x08,0x83,0xff,
    0x08,0x83,0xff,0x08,0x83,0xff,0x08,0x83,0xff,0x08,0x83,0xff,0x08,0x83,0xff,0x08,0x83,0xff,0x08,0x83,0xff,0x08,0x83,0xff,
    0x08,0x83,0xff,0x08,0x83,0xff,0x08,0x83,0xff,0x08,0x83,0xff,0x08,0x83,0xff,0x08,0x83,0xff,0x08,0x83,0xff,0x08,0x83,0xff,
    0x08,0x83,0xff,0x08,0x83,0xff,0x08,0x83,0xff,0x08,0x83,0xff,0x08,0x83,0xff,0x08,0x83,0xff,0x08,0x83,0xff,0x08,0x83,0xff,
    0x08,0x83,0xff,0x08,0x83,0xff,0x08,0x83,0xff,0x08,0x83,0xff,0x08,0x83,0xff,0x08,0x83,0xff,0x08,0x83,0xff,0x08,0x83,0xff,
    0x08,0x83,0xff,0x08,0x83,0xff,0x08,0x83,0xff,0x08,0x83,0xff,0x08,0x83,0xff,0x08,0x83,0xff,0x08,0x83,0xff,0x08,0x83,0xff,
    0x08,0x83,0xff,0x08,0x83,0xff,0x08,0x83,0xff,0x08,0x83,0xff,0x08,0x83,0xff,0x08,0x83,0xff,0x08,0x83,0xff,0x08,0x83,0xff,
    0x08,0x83,0xff,0x08,0x83,0xff,0x08,0x83,0xff,0x08,0x83,0xff,0x08,0x83,0xff,0x08,0x83,0xff,0x08,0x83,0xff,0x08,0x83,0xff,
    0x08,0x83,0xff,0x08,0x83,0xff,0x08,0x83,0xff,0x08,0x83,0xff,0x08,0x82,0xff,0x08,0x82,0xff,0x08,0x82,0xff,0x08,0x82,0xff,
    0x08,0x82,0xff,0x10,0x82,0xff,0x10,0xa2,0xff,0x10,0xa2,0xff,0x10,0xc2,0xff,0x18,0xc2,0xff,0x18,0xe2,0xff,0x18,0xe2,0xff,
    0x18,0xe2,0xff,0x18,0xe2,0xff,0x18,0xe2,0xff,0x18,0xe2,0xff,0x18,0xe2,0xff,0x18,0xc2,0xff,0x10,0xc2,0xff,0x10,0xa2,0xff,
    0x10,0xa2,0xff,0x10,0x82,0xff,0x08,0x82,0xff,0x08,0x82,0xff,0x08,0x82,0xff,0x08,0x82,0xff,0x08,0x82,0xff,0x08,0x83,0xff,
    0x08,0x83,0xff,0x08,0x83,0xff,0x08,0x83,0xff,0x08,0x83,0xff,0x08,0x83,0xff,0x08,0x83,0xff,0x08,0x83,0xff,0x08,0x83,0xff,
    0x08,0x83,0xff,0x08,0x83,0xff,0x08,0x83,0xff,0x08,0x83,0xff,0x08,0x83,0xff,0x08,0x83,0xff,0x08,0x83,0xff,0x08,0x83,0xff,
    0x08,0x83,0xff,0x08,0x83,0xff,0x08,0x83,0xff,0x08,0x83,0xff,0x08,0x83,0xff,0x08,0x83,0xff,0x08,0x83,0xff,0x08,0x83,0xff,
    0x08,0x83,0xff,0x08,0x83,0xff,0x08,0x83,0xff,0x08,0x83,0xff,0x08,0x83,0xff,0x08,0x83,0xff,0x08,0x83,0xff,0x08,0x83,0xff,
    0x08,0x83,0xff,0x08,0x83,0xff,0x08,0x83,0xff,0x08,0x83,0xff,0x08,0x83,0xff,0x02,0x6a,0xdc,0x00,0x00,0x00,0x00,0x00,0x00,
    0x00,0x00,0x00,0x00,0x00,0x00,0x02,0x6a,0xdc,0x08,0x83,0xff,0x08,0x83,0xff,0x08,0x83,0xff,0x08,0x83,0xff,0x08,0x83,0xff,
    0x08,0x83,0xff,0x08,0x83,0xff,0x08,0x83,0xff,0x08,0x83,0xff,0x08,0x83,0xff,0x08,0x83,0xff,0x08,0x83,0xff,0x08,0x83,0xff,
    0x08,0x83,0xff,0x08,0x83,0xff,0x08,0x83,0xff,0x08,0x83,0xff,0x08,0x83,0xff,0x08,0x83,0xff,0x08,0x83,0xff,0x08,0x83,0xff,
    0x08,0x83,0xff,0x08,0x83,0xff,0x08,0x83,0xff,0x08,0x83,0xff,0x08,0x83,0xff,0x08,0x83,0xff,0x08,0x83,0xff,0x08,0x83,0xff,
    0x08,0x83,0xff,0x08,0x83,0xff,0x08,0x83,0xff,0x08,0x83,0xff,0x08,0x83,0xff,0x08,0x83,0xff,0x08,0x83,0xff,0x08,0x83,0xff,
    0x08,0x83,0xff,0x08,0x83,0xff,0x08,0x83,0xff,0x08,0x83,0xff,0x08,0x83,0xff,0x08,0x83,0xff,0x08,0x83,0xff,0x08,0x83,0xff,
    0x08,0x83,0xff,0x08,0x83,0xff,0x08,0x83,0xff,0x08,0x83,0xff,0x08,0x83,0xff,0x08,0x83,0xff,0x08,0x83,0xff,0x08,0x83,0xff,
    0x08,0x83,0xff,0x08,0x83,0xff,0x08,0x83,0xff,0x08,0x83,0xff,0x08,0x83,0xff,0x08,0x83,0xff,0x08,0x83,0xff,0x08,0x83,0xff,
    0x08,0x83,0xff,0x08,0x83,0xff,0x08,0x83,0xff,0x08,0x82,0xff,0x08,0x82,0xff,0x08,0x82,0xff,0x08,0x82,0xff,0x08,0x82,0xff,
    0x10,0xa2,0xff,0x10,0xa2,0xff,0x18,0xc2,0xff,0x18,0xe2,0xff,0x18,0xe2,0xff,0x21,0x02,0xff,0xfe,0xa0,0xff,0xfe,0xa0,0xff,
    0xfe,0xa0,0xff,0xfe,0xa0,0xff,0xfe,0xa0,0xff,0xfe,0xa0,0xff,0xfe,0xa0,0xff,0x21,0x02,0xff,0x18,0xe2,0xff,0x18,0xe2,0xff,
    0x18,0xc2,0xff,0x10,0xa2,0xff,0x10,0xa2,0xff,0x08,0x82,0xff,0x08,0x82,0xff,0x08,0x82,0xff,0x08,0x82,0xff,0x08,0x82,0xff,
    0x08,0x83,0xff,0x08,0x83,0xff,0x08,0x83,0xff,0x08,0x83,0xff,0x08,0x83,0xff,0x08,0x83,0xff,0x08,0x83,0xff,0x08,0x83,0xff,
    0x08,0x83,0xff,0x08,0x83,0xff,0x08,0x83,0xff,0x08,0x83,0xff,0x08,0x83,0xff,0x08,0x83,0xff,0x08,0x83,0xff,0x08,0x83,0xff,
    0x08,0x83,0xff,0x08,0x83,0xff,0x08,0x83,0xff,0x08,0x83,0xff,0x08,0x83,0xff,0x08,0x83,0xff,0x08,0x83,0xff,0x08,0x83,0xff,
    0x08,0x83,0xff,0x08,0x83,0xff,0x08,0x83,0xff,0x08,0x83,0xff,0x08,0x83,0xff,0x08,0x83,0xff,0x08,0x83,0xff,0x08,0x83,0xff,
    0x08,0x83,0xff,0x08,0x83,0xff,0x08,0x83,0xff,0x08,0x83,0xff,0x08,0x83,0xff,0x02,0x6a,0xdc,0x00,0x00,0x00,0x00,0x00,0x00,
    0x00,0x00,0x00,0x00,0x00,0x00,0x02,0x6a,0xdc,0x08,0x83,0xff,0x08,0x83,0xff,0x08,0x83,0xff,0x08,0x83,0xff,0x08,0x83,0xff,
    0x08,0x83,0xff,0x08,0x83,0xff,0x08,0x83,0xff,0x08,0x83,0xff,0x08,0x83,0xff,0x08,0x83,0xff,0x08,0x83,0xff,0x08,0x83,0xff,
    0x08,0x83,0xff,0x08,0x83,0xff,0x08,0x83,0xff,0x08,0x83,0xff,0x08,0x83,0xff,0x08,0x83,0xff,0x08,0x83,0xff,0x08,0x83,0xff,
    0x08,0x83,0xff,0x08,0x83,0xff,0x08,0x83,0xff,0x08,0x83,0xff,0x08,0x83,0xff,0x08,0x83,0xff,0x08,0x83,0xff,0x08,0x83,0xff,
    0x08,0x83,0xff,0x08,0x83,0xff,0x08,0x83,0xff,0x08,0x83,0xff,0x08,0x83,0xff,0x08,0x83,0xff,0x08,0x83,0xff,0x08,0x83,0xff,
    0x08,0x83,0xff,0x08,0x83,0xff,0x08,0x83,0xff,0x08,0x83,0xff,0x08,0x83,0xff,0x08,0x83,0xff,0x08,0x83,0xff,0x08,0x83,0xff,
    0x08,0x83,0xff,0x08,0x83,0xff,0x08,0x83,0xff,0x08,0x83,0xff,0x08,0x83,0xff,0x08,0x83,0xff,0x08,0x83,0xff,0x08,0x83,0xff,
    0x08,0x83,0xff,0x08,0x83,0xff,0x08,0x83,0xff,0x08,0x83,0xff,0x08,0x83,0xff,0x08,0x83,0xff,0x08,0x83,0xff,0x08,0x83,0xff,
    0x08,0x83,0xff,0x08,0x83,0xff,0x08,0x82,0xff,0x08,0x82,0xff,0x08,0x82,0xff,0x08,0x82,0xff,0x10,0x82,0xff,0x10,0xa2,0xff,
    0x10,0xc2,0xff,0x18,0xe2,0xff,0x21,0x02,0xff,0xfe,0xa0,0xff,0xfe,0xa0,0xff,0xfe,0xa0,0xff,0xfe,0xa0,0xff,0xfe,0xa0,0xff,
    0xfe,0xa0,0xff,0xfe,0xa0,0xff,0xfe,0xa0,0xff,0xfe,0xa0,0xff,0xfe,0xa0,0xff,0xfe,0xa0,0xff,0xfe,0xa0,0xff,0xfe,0xa0,0xff,
    0x21,0x02,0xff,0x18,0xe2,0xff,0x10,0xc2,0xff,0x10,0xa2,0xff,0x10,0x82,0xff,0x08,0x82,0xff,0x08,0x82,0xff,0x08,0x82,0xff,
    0x08,0x82,0xff,0x08,0x83,0xff,0x08,0x83,0xff,0x08,0x83,0xff,0x08,0x83,0xff,0x08,0x83,0xff,0x08,0x83,0xff,0x08,0x83,0xff,
    0x08,0x83,0xff,0x08,0x83,0xff,0x08,0x83,0xff,0x08,0x83,0xff,0x08,0x83,0xff,0x08,0x83,0xff,0x08,0x83,0xff,0x08,0x83,0xff,
    0x08,0x83,0xff,0x08,0x83,0xff,0x08,0x83,0xff,0x08,0x83,0xff,0x08,0x83,0xff,0x08,0x83,0xff,0x08,0x83,0xff,0x08,0x83,0xff,
    0x08,0x83,0xff,0x08,0x83,0xff,0x08,0x83,0xff,0x08,0x83,0xff,0x08,0x83,0xff,0x08,0x83,0xff,0x08,0x83,0xff,0x08,0x83,0xff,
    0x08,0x83,0xff,0x08,0x83,0xff,0x08,0x83,0xff,0x08,0x83,0xff,0x08,0x83,0xff,0x02,0x6a,0xdc,0x00,0x00,0x00,0x00,0x00,0x00,
    0x00,0x00,0x00,0x00,0x00,0x00,0x02,0x6a,0xdc,0x08,0x83,0xff,0x08,0x83,0xff,0x08,0x83,0xff,0x08,0x83,0xff,0x08,0x83,0xff,
    0x08,0x83,0xff,0x08,0x83,0xff,0x08,0x83,0xff,0x08,0x83,0xff,0x08,0x83,0xff,0x08,0x83,0xff,0x08,0x83,0xff,0x08,0x83,0xff,
    0x08,0x83,0xff,0x08,0x83,0xff,0x08,0x83,0xff,0x08,0x83,0xff,0x08,0x83,0xff,0x08,0x83,0xff,0x08,0x83,0xff,0x08,0x83,0xff,
    0x08,0x83,0xff,0x08,0x83,0xff,0x08,0x83,0xff,0x08,0x83,0xff,0x08,0x83,0xff,0x08,0x83,0xff,0x08,0x83,0xff,0x08,0x83,0xff,
    0x08,0x83,0xff,0x08,0x83,0xff,0x08,0x83,0xff,0x08,0x83,0xff,0x08,0x83,0xff,0x08,0x83,0xff,0x08,0x83,0xff,0x08,0x83,0xff,
    0x08,0x83,0xff,0x08,0x83,0xff,0x08,0x83,0xff,0x08,0x83,0xff,0x08,0x83,0xff,0x08,0x83,0xff,0x08,0x83,0xff,0x08,0x83,0xff,
    0x08,0x83,0xff,0x08,0x83,0xff,0x08,0x83,0xff,0x08,0x83,0xff,0x08,0x83,0xff,0x08,0x83,0xff,0x08,0x83,0xff,0x08,0x83,0xff,
    0x08,0x83,0xff,0x08,0x83,0xff,0x08,0x83,0xff,0x08,0x83,0xff,0x08,0x83,0xff,0x08,0x83,0xff,0x08,0x83,0xff,0x08,0x83,0xff,
    0x08,0x83,0xff,0x08,0x83,0xff,0x08,0x82,0xff,0x08,0x82,0xff,0x08,0x82,0xff,0x10,0x82,0xff,0x10,0xa2,0xff,0x18,0xc2,0xff,
    0x18,0xe2,0xff,0xfe,0xa0,0xff,0xfe,0xa0,0xff,0xfe,0xa0,0xff,0xfe,0xa0,0xff,0xfe,0xa0,0xff,0x31,0x62,0xff,0x31,0x62,0xff,
    0x31,0x62,0xff,0x31,0x62,0xff,0x31,0x62,0xff,0x31,0x62,0xff,0x31,0x62,0xff,0xfe,0xa0,0xff,0xfe,0xa0,0xff,0xfe,0xa0,0xff,
    0xfe,0xa0,0xff,0xfe,0xa0,0xff,0x18,0xe2,0xff,0x18,0xc2,0xff,0x10,0xa2,0xff,0x10,0x82,0xff,0x08,0x82,0xff,0x08,0x82,0xff,
    0x08,0x82,0xff,0x08,0x83,0xff,0x08,0x83,0xff,0x08,0x83,0xff,0x08,0x83,0xff,0x08,0x83,0xff,0x08,0x83,0xff,0x08,0x83,0xff,
    0x08,0x83,0xff,0x08,0x83,0xff,0x08,0x83,0xff,0x08,0x83,0xff,0x08,0x83,0xff,0x08,0x83,0xff,0x08,0x83,0xff,0x08,0x83,0xff,
    0x08,0x83,0xff,0x08,0x83,0xff,0x08,0x83,0xff,0x08,0x83,0xff,0x08,0x83,0xff,0x08,0x83,0xff,0x08,0x83,0xff,0x08,0x83,0xff,
    0x08,0x83,0xff,0x08,0x83,0xff,0x08,0x83,0xff,0x08,0x83,0xff,0x08,0x83,0xff,0x08,0x83,0xff,0x08,0x83,0xff,0x08,0x83,0xff,
    0x08,0x83,0xff,0x08,0x83,0xff,0x08,0x83,0xff,0x08,0x83,0xff,0x08,0x83,0xff,0x02,0x6a,0xdc,0x00,0x00,0x00,0x00,0x00,0x00,
    0x00,0x00,0x00,0x00,0x00,0x00,0x02,0x6a,0xdc,0x08,0x83,0xff,0x08,0x83,0xff,0x08,0x83,0xff,0x08,0x83,0xff,0x08,0x83,0xff,
    0x08,0x83,0xff,0x08,0x83,0xff,0x08,0x83,0xff,0x08,0x83,0xff,0x08,0x83,0xff,0x08,0x83,0xff,0x08,0x83,0xff,0x08,0x83,0xff,
    0x08,0x83,0xff,0x08,0x83,0xff,0x08,0x83,0xff,0x08,0x83,0xff,0x08,0x83,0xff,0x08,0x83,0xff,0x08,0x83,0xff,0x08,0x83,0xff,
    0x08,0x83,0xff,0x08,0x83,0xff,0x08,0x83,0xff,0x08,0x83,0xff,0x08,0x83,0xff,0x08,0x83,0xff,0x08,0x83,0xff,0x08,0x83,0xff,
    0x08,0x83,0xff,0x08,0x83,0xff,0x08,0x83,0xff,0x08,0x83,0xff,0x08,0x83,0xff,0x08,0x83,0xff,0x08,0x83,0xff,0x08,0x83,0xff,
    0x08,0x83,0xff,0x08,0x83,0xff,0x08,0x83,0xff,0x08,0x83,0xff,0x08,0x83,0xff,0x08,0x83,0xff,0x08,0x83,0xff,0x08,0x83,0xff,
    0x08,0x83,0xff,0x08,0x83,0xff,0x08,0x83,0xff,0x08,0x83,0xff,0x08,0x83,0xff,0x08,0x83,0xff,0x08,0x83,0xff,0x08,0x83,0xff,
    0x08,0x83,0xff,0x08,0x83,0xff,0x08,0x83,0xff,0x08,0x83,0xff,0x08,0x83,0xff,0x08,0x83,0xff,0x08,0x83,0xff,0x08,0x83,0xff,
    0x08,0x83,0xff,0x08,0x82,0xff,0x08,0x82,0xff,0x08,0x82,0xff,0x08,0x82,0xff,0x10,0xa2,0xff,0x18,0xc2,0xff,0x18,0xe2,0xff,
    0xfe,0xa0,0xff,0xfe,0xa0,0xff,0xfe,0xa0,0xff,0x31,0x62,0xff,0x31,0x62,0xff,0x31,0x62,0xff,0x29,0x62,0xff,0x29,0x42,0xff,
    0x29,0x42,0xff,0x29,0x42,0xff,0x29,0x42,0xff,0x29,0x42,0xff,0x29,0x62,0xff,0x31,0x62,0xff,0x31,0x62,0xff,0x31,0x62,0xff,
    0xfe,0xa0,0xff,0xfe,0xa0,0xff,0xfe,0xa0,0xff,0x18,0xe2,0xff,0x18,0xc2,0xff,0x10,0xa2,0xff,0x08,0x82,0xff,0x08,0x82,0xff,
    0x08,0x82,0xff,0x08,0x82,0xff,0x08,0x83,0xff,0x08,0x83,0xff,0x08,0x83,0xff,0x08,0x83,0xff,0x08,0x83,0xff,0x08,0x83,0xff,
    0x08,0x83,0xff,0x08,0x83,0xff,0x08,0x83,0xff,0x08,0x83,0xff,0x08,0x83,0xff,0x08,0x83,0xff,0x08,0x83,0xff,0x08,0x83,0xff,
    0x08,0x83,0xff,0x08,0x83,0xff,0x08,0x83,0xff,0x08,0x83,0xff,0x08,0x83,0xff,0x08,0x83,0xff,0x08,0x83,0xff,0x08,0x83,0xff,
    0x08,0x83,0xff,0x08,0x83,0xff,0x08,0x83,0xff,0x08,0x83,0xff,0x08,0x83,0xff,0x08,0x83,0xff,0x08,0x83,0xff,0x08,0x83,0xff,
    0x08,0x83,0xff,0x08,0x83,0xff,0x08,0x83,0xff,0x08,0x83,0xff,0x08,0x83,0xff,0x02,0x6a,0xdc,0x00,0x00,0x00,0x00,0x00,0x00,
    0x00,0x00,0x00,0x00,0x00,0x00,0x02,0x6a,0xdc,0x08,0x83,0xff,0x08,0x83,0xff,0x08,0x83,0xff,0x08,0x83,0xff,0x08,0x83,0xff,
    0x08,0x83,0xff,0x08,0x83,0xff,0x08,0x83,0xff,0x08,0x83,0xff,0x08,0x83,0xff,0x08,0x83,0xff,0x08,0x83,0xff,0x08,0x83,0xff,
    0x08,0x83,0xff,0x08,0x83,0xff,0x08,0x83,0xff,0x08,0x83,0xff,0x08,0x83,0xff,0x08,0x83,0xff,0x08,0x83,0xff,0x08,0x83,0xff,
    0x08,0x83,0xff,0x08,0x83,0xff,0x08,0x83,0xff,0x08,0x83,0xff,0x08,0x83,0xff,0x08,0x83,0xff,0x08,0x83,0xff,0x08,0x83,0xff,
    0x08,0x83,0xff,0x08,0x83,0xff,0x08,0x83,0xff,0x08,0x83,0xff,0x08,0x83,0xff,0x08,0x83,0xff,0x08,0x83,0xff,0x08,0x83,0xff,
    0x08,0x83,0xff,0x08,0x83,0xff,0x08,0x83,0xff,0x08,0x83,0xff,0x08,0x83,0xff,0x08,0x83,0xff,0x08,0x83,0xff,0x08,0x83,0xff,
    0x08,0x83,0xff,0x08,0x83,0xff,0x08,0x83,0xff,0x08,0x83,0xff,0x08,0x83,0xff,0x08,0x83,0xff,0x08,0x83,0xff,0x08,0x83,0xff,
    0x08,0x83,0xff,0x08,0x83,0xff,0x08,0x83,0xff,0x08,0x83,0xff,0x08,0x83,0xff,0x08,0x83,0xff,0x08,0x83,0xff,0x08,0x83,0xff,
    0x08,0x83,0xff,0x08,0x82,0xff,0x08,0x82,0xff,0x08,0x82,0xff,0x10,0xa2,0xff,0x10,0xc2,0xff,0x18,0xe2,0xff,0xfe,0xa0,0xff,
    0xfe,0xa0,0xff,0xfe,0xa0,0xff,0x29,0x62,0xff,0x29,0x62,0xff,0x29,0x42,0xff,0x29,0x42,0xff,0x29,0x22,0xff,0x21,0x22,0xff,
    0x21,0x22,0xff,0x21,0x22,0xff,0x21,0x22,0xff,0x21,0x22,0xff,0x29,0x22,0xff,0x29,0x42,0xff,0x29,0x42,0xff,0x29,0x62,0xff,
    0x29,0x62,0xff,0xfe,0xa0,0xff,0xfe,0xa0,0xff,0xfe,0xa0,0xff,0x18,0xe2,0xff,0x10,0xc2,0xff,0x10,0xa2,0xff,0x08,0x82,0xff,
    0x08,0x82,0xff,0x08,0x82,0xff,0x08,0x83,0xff,0x08,0x83,0xff,0x08,0x83,0xff,0x08,0x83,0xff,0x08,0x83,0xff,0x08,0x83,0xff,
    0x08,0x83,0xff,0x08,0x83,0xff,0x08,0x83,0xff,0x08,0x83,0xff,0x08,0x83,0xff,0x08,0x83,0xff,0x08,0x83,0xff,0x08,0x83,0xff,
    0x08,0x83,0xff,0x08,0x83,0xff,0x08,0x83,0xff,0x08,0x83,0xff,0x08,0x83,0xff,0x08,0x83,0xff,0x08,0x83,0xff,0x08,0x83,0xff,
    0x08,0x83,0xff,0x08,0x83,0xff,0x08,0x83,0xff,0x08,0x83,0xff,0x08,0x83,0xff,0x08,0x83,0xff,0x08,0x83,0xff,0x08,0x83,0xff,
    0x08,0x83,0xff,0x08,0x83,0xff,0x08,0x83,0xff,0x08,0x83,0xff,0x08,0x83,0xff,0x02,0x6a,0xdc,0x00,0x00,0x00,0x00,0x00,0x00,
    0x00,0x00,0x00,0x00,0x00,0x00,0x02,0x6a,0xdc,0x08,0x83,0xff,0x08,0x83,0xff,0x08,0x83,0xff,0x08,0x83,0xff,0x08,0x83,0xff,
    0x08,0x83,0xff,0x08,0x83,0xff,0x08,0x83,0xff,0x08,0x83,0xff,0x08,0x83,0xff,0x08,0x83,0xff,0x08,0x83,0xff,0x08,0x83,0xff,
    0x08,0x83,0xff,0x08,0x83,0xff,0x08,0x83,0xff,0x08,0x83,0xff,0x08,0x83,0xff,0x08,0x83,0xff,0x08,0x83,0xff,0x08,0x83,0xff,
    0x08,0x83,0xff,0x08,0x83,0xff,0x08,0x83,0xff,0x08,0x83,0xff,0x08,0x83,0xff,0x08,0x83,0xff,0x08,0x83,0xff,0x08,0x83,0xff,
    0x08,0x83,0xff,0x08,0x83,0xff,0x08,0x83,0xff,0x08,0x83,0xff,0x08,0x83,0xff,0x08,0x83,0xff,0x08,0x83,0xff,0x08,0x83,0xff,
    0x08,0x83,0xff,0x08,0x83,0xff,0x08,0x83,0xff,0x08,0x83,0xff,0x08,0x83,0xff,0x08,0x83,0xff,0x08,0x83,0xff,0x08,0x83,0xff,
    0x08,0x83,0xff,0x08,0x83,0xff,0x08,0x83,0xff,0x08,0x83,0xff,0x08,0x83,0xff,0x08,0x83,0xff,0x08,0x83,0xff,0x08,0x83,0xff,
    0x08,0x83,0xff,0x08,0x83,0xff,0x08,0x83,0xff,0x08,0x83,0xff,0x08,0x83,0xff,0x08,0x83,0xff,0x08,0x83,0xff,0x08,0x83,0xff,
    0x08,0x82,0xff,0x08,0x82,0xff,0x08,0x82,0xff,0x08,0x82,0xff,0x10,0xa2,0xff,0x18,0xc2,0xff,0xfe,0xa0,0xff,0xfe,0xa0,0xff,
    0x29,0x42,0xff,0x29,0x42,0xff,0x29,0x42,0xff,0x29,0x42,0xff,0x21,0x22,0xff,0x21,0x02,0xff,0x18,0xe2,0xff,0x18,0xe2,0xff,
    0x18,0xe2,0xff,0x18,0xe2,0xff,0x18,0xe2,0xff,0x18,0xe2,0xff,0x18,0xe2,0xff,0x21,0x02,0xff,0x21,0x22,0xff,0x29,0x22,0xff,
    0x29,0x42,0xff,0x29,0x42,0xff,0x29,0x22,0xff,0xfe,0xa0,0xff,0xfe,0xa0,0xff,0x18,0xc2,0xff,0x10,0xa2,0xff,0x08,0x82,0xff,
    0x08,0x82,0xff,0x08,0x82,0xff,0x08,0x82,0xff,0x08,0x83,0xff,0x08,0x83,0xff,0x08,0x83,0xff,0x08,0x83,0xff,0x08,0x83,0xff,
    0x08,0x83,0xff,0x08,0x83,0xff,0x08,0x83,0xff,0x08,0x83,0xff,0x08,0x83,0xff,0x08,0x83,0xff,0x08,0x83,0xff,0x08,0x83,0xff,
    0x08,0x83,0xff,0x08,0x83,0xff,0x08,0x83,0xff,0x08,0x83,0xff,0x08,0x83,0xff,0x08,0x83,0xff,0x08,0x83,0xff,0x08,0x83,0xff,
    0x08,0x83,0xff,0x08,0x83,0xff,0x08,0x83,0xff,0x08,0x83,0xff,0x08,0x83,0xff,0x08,0x83,0xff,0x08,0x83,0xff,0x08,0x83,0xff,
    0x08,0x83,0xff,0x08,0x83,0xff,0x08,0x83,0xff,0x08,0x83,0xff,0x08,0x83,0xff,0x02,0x6a,0xdc,0x00,0x00,0x00,0x00,0x00,0x00,
    0x00,0x00,0x00,0x00,0x00,0x00,0x02,0x6a,0xdc,0x08,0x83,0xff,0x08,0x83,0xff,0x08,0x83,0xff,0x08,0x83,0xff,0x08,0x83,0xff,
    0x08,0x83,0xff,0x08,0x83,0xff,0x08,0x83,0xff,0x08,0x83,0xff,0x08,0x83,0xff,0x08,0x83,0xff,0x08,0x83,0xff,0x08,0x83,0xff,
    0x08,0x83,0xff,0x08,0x83,0xff,0x08,0x83,0xff,0x08,0x83,0xff,0x08,0x83,0xff,0x08,0x83,0xff,0x08,0x83,0xff,0x08,0x83,0xff,
    0x08,0x83,0xff,0x08,0x83,0xff,0x08,0x83,0xff,0x08,0x83,0xff,0x08,0x83,0xff,0x08,0x83,0xff,0x08,0x83,0xff,0x08,0x83,0xff,
    0x08,0x83,0xff,0x08,0x83,0xff,0x08,0x83,0xff,0x08,0x83,0xff,0x08,0x83,0xff,0x08,0x83,0xff,0x08,0x83,0xff,0x08,0x83,0xff,
    0x08,0x83,0xff,0x08,0x83,0xff,0x08,0x83,0xff,0x08,0x83,0xff,0x08,0x83,0xff,0x08,0x83,0xff,0x08,0x83,0xff,0x08,0x83,0xff,
    0x08,0x83,0xff,0x08,0x83,0xff,0x08,0x83,0xff,0x08,0x83,0xff,0x08,0x83,0xff,0x08,0x83,0xff,0x08,0x83,0xff,0x08,0x83,0xff,
    0x08,0x83,0xff,0x08,0x83,0xff,0x08,0x83,0xff,0x08,0x83,0xff,0x08,0x83,0xff,0x08,0x83,0xff,0x08,0x83,0xff,0x08,0x83,0xff,
    0x08,0x82,0xff,0x08,0x82,0xff,0x08,0x82,0xff,0x10,0x82,0xff,0x10,0xa2,0xff,0xfe,0xa0,0xff,0xfe,0xa0,0xff,0x21,0x02,0xff,
    0x21,0x22,0xff,0x21,0x22,0xff,0x21,0x22,0xff,0x21,0x02,0xff,0x18,0xe2,0xff,0x18,0xc2,0xff,0x10,0xc2,0xff,0x10,0xa2,0xff,
    0x10,0xa2,0xff,0x10,0xa2,0xff,0x10,0xa2,0xff,0x10,0xa2,0xff,0x10,0xc2,0xff,0x18,0xc2,0xff,0x18,0xe2,0xff,0x21,0x02,0xff,
    0x21,0x22,0xff,0x21,0x22,0xff,0x21,0x22,0xff,0x21,0x02,0xff,0xfe,0xa0,0xff,0xfe,0xa0,0xff,0x10,0xa2,0xff,0x10,0x82,0xff,
    0x08,0x82,0xff,0x08,0x82,0xff,0x08,0x82,0xff,0x08,0x83,0xff,0x08,0x83,0xff,0x08,0x83,0xff,0x08,0x83,0xff,0x08,0x83,0xff,
    0x08,0x83,0xff,0x08,0x83,0xff,0x08,0x83,0xff,0x08,0x83,0xff,0x08,0x83,0xff,0x08,0x83,0xff,0x08,0x83,0xff,0x08,0x83,0xff,
    0x08,0x83,0xff,0x08,0x83,0xff,0x08,0x83,0xff,0x08,0x83,0xff,0x08,0x83,0xff,0x08,0x83,0xff,0x08,0x83,0xff,0x08,0x83,0xff,
    0x08,0x83,0xff,0x08,0x83,0xff,0x08,0x83,0xff,0x08,0x83,0xff,0x08,0x83,0xff,0x08,0x83,0xff,0x08,0x83,0xff,0x08,0x83,0xff,
    0x08,0x83,0xff,0x08,0x83,0xff,0x08,0x83,0xff,0x08,0x83,0xff,0x08,0x83,0xff,0x02,0x6a,0xdc,0x00,0x00,0x00,0x00,0x00,0x00,
    0x00,0x00,0x00,0x00,0x00,0x00,0x02,0x6a,0xdc,0x08,0x83,0xff,0x08,0x83,0xff,0x08,0x83,0xff,0x08,0x83,0xff,0x08,0x83,0xff,
    0x08,0x83,0xff,0x08,0x83,0xff,0x08,0x83,0xff,0x08,0x83,0xff,0x08,0x83,0xff,0x08,0x83,0xff,0x08,0x83,0xff,0x08,0x83,0xff,
    0x08,0x83,0xff,0x08,0x83,0xff,0x08,0x83,0xff,0x08,0x83,0xff,0x08,0x83,0xff,0x08,0x83,0xff,0x08,0x83,0xff,0x08,0x83,0xff,
    0x08,0x83,0xff,0x08,0x83,0xff,0x08,0x83,0xff,0x08,0x83,0xff,0x08,0x83,0xff,0x08,0x83,0xff,0x08,0x83,0xff,0x08,0x83,0xff,
    0x08,0x83,0xff,0x08,0x83,0xff,0x08,0x83,0xff,0x08,0x83,0xff,0x08,0x83,0xff,0x08,0x83,0xff,0x08,0x83,0xff,0x08,0x83,0xff,
    0x08,0x83,0xff,0x08,0x83,0xff,0x08,0x83,0xff,0x08,0x83,0xff,0x08,0x83,0xff,0x08,0x83,0xff,0x08,0x83,0xff,0x08,0x83,0xff,
    0x08,0x83,0xff,0x08,0x83,0xff,0x08,0x83,0xff,0x08,0x83,0xff,0x08,0x83,0xff,0x08,0x83,0xff,0x08,0x83,0xff,0x08,0x83,0xff,
    0x08,0x83,0xff,0x08,0x83,0xff,0x08,0x83,0xff,0x08,0x83,0xff,0x08,0x83,0xff,0x08,0x83,0xff,0x08,0x83,0xff,0x08,0x83,0xff,
    0x08,0x82,0xff,0x08,0x82,0xff,0x08,0x82,0xff,0x10,0x82,0xff,0xfe,0xa0,0xff,0xfe,0xa0,0xff,0xfe,0xa0,0xff,0x21,0x02,0xff,
    0x21,0x02,0xff,0x21,0x02,0xff,0x18,0xe2,0xff,0x18,0xc2,0xff,0x10,0xc2,0xff,0x10,0xa2,0xff,0x10,0xa2,0xff,0x10,0x82,0xff,
    0x08,0x82,0xff,0x08,0x82,0xff,0x08,0x82,0xff,0x10,0x82,0xff,0x10,0xa2,0xff,0x10,0xa2,0xff,0x10,0xc2,0xff,0x18,0xc2,0xff,
    0x18,0xe2,0xff,0x18,0xe2,0xff,0x21,0x02,0xff,0x18,0xe2,0xff,0xfe,0xa0,0xff,0xfe,0xa0,0xff,0xfe,0xa0,0xff,0x08,0x82,0xff,
    0x08,0x82,0xff,0x08,0x82,0xff,0x08,0x82,0xff,0x08,0x83,0xff,0x08,0x83,0xff,0x08,0x83,0xff,0x08,0x83,0xff,0x08,0x83,0xff,
    0x08,0x83,0xff,0x08,0x83,0xff,0x08,0x83,0xff,0x08,0x83,0xff,0x08,0x83,0xff,0x08,0x83,0xff,0x08,0x83,0xff,0x08,0x83,0xff,
    0x08,0x83,0xff,0x08,0x83,0xff,0x08,0x83,0xff,0x08,0x83,0xff,0x08,0x83,0xff,0x08,0x83,0xff,0x08,0x83,0xff,0x08,0x83,0xff,
    0x08,0x83,0xff,0x08,0x83,0xff,0x08,0x83,0xff,0x08,0x83,0xff,0x08,0x83,0xff,0x08,0x83,0xff,0x08,0x83,0xff,0x08,0x83,0xff,
    0x08,0x83,0xff,0x08,0x83,0xff,0x08,0x83,0xff,0x08,0x83,0xff,0x08,0x83,0xff,0x02,0x6a,0xdc,0x00,0x00,0x00,0x00,0x00,0x00,
    0x00,0x00,0x00,0x00,0x00,0x00,0x02,0x6a,0xdc,0x08,0x83,0xff,0x08,0x83,0xff,0x08,0x83,0xff,0x08,0x83,0xff,0x08,0x83,0xff,
    0x08,0x83,0xff,0x08,0x83,0xff,0x08,0x83,0xff,0x08,0x83,0xff,0x08,0x83,0xff,0x08,0x83,0xff,0x08,0x83,0xff,0x08,0x83,0xff,
    0x08,0x83,0xff,0x08,0x83,0xff,0x08,0x83,0xff,0x08,0x83,0xff,0x08,0x83,0xff,0x08,0x83,0xff,0x08,0x83,0xff,0x08,0x83,0xff,
    0x08,0x83,0xff,0x08,0x83,0xff,0x08,0x83,0xff,0x08,0x83,0xff,0x08,0x83,0xff,0x08,0x83,0xff,0x08,0x83,0xff,0x08,0x83,0xff,
    0x08,0x83,0xff,0x08,0x83,0xff,0x08,0x83,0xff,0x08,0x83,0xff,0x08,0x83,0xff,0x08,0x83,0xff,0x08,0x83,0xff,0x08,0x83,0xff,
    0x08,0x83,0xff,0x08,0x83,0xff,0x08,0x83,0xff,0x08,0x83,0xff,0x08,0x83,0xff,0x08,0x83,0xff,0x08,0x83,0xff,0x08,0x83,0xff,
    0x08,0x83,0xff,0x08,0x83,0xff,0x08,0x83,0xff,0x08,0x83,0xff,0x08,0x83,0xff,0x08,0x83,0xff,0x08,0x83,0xff,0x08,0x83,0xff,
    0x08,0x83,0xff,0x08,0x83,0xff,0x08,0x83,0xff,0x08,0x83,0xff,0x08,0x83,0xff,0x08,0x83,0xff,0x08,0x83,0xff,0x08,0x83,0xff,
    0x08,0x82,0xff,0x08,0x82,0xff,0x08,0x82,0xff,0x08,0x82,0xff,0x10,0xa2,0xff,0xfe,0xa0,0xff,0x18,0xc2,0xff,0x18,0xe2,0xff,
    0x18,0xe2,0xff,0x18,0xc2,0xff,0x10,0xc2,0xff,0x10,0xa2,0xff,0x10,0xa2,0xff,0x08,0x82,0xff,0x08,0x82,0xff,0x08,0x82,0xff,
    0x08,0x82,0xff,0x08,0x82,0xff,0x08,0x82,0xff,0x08,0x82,0xff,0x08,0x82,0xff,0x08,0x82,0xff,0x10,0xa2,0xff,0x10,0xa2,0xff,
    0x10,0xc2,0xff,0x18,0xc2,0xff,0x18,0xc2,0xff,0x18,0xc2,0xff,0x10,0xc2,0xff,0xfe,0xa0,0xff,0x10,0xa2,0xff,0x08,0x82,0xff,
    0x08,0x82,0xff,0x08,0x82,0xff,0x08,0x82,0xff,0x08,0x83,0xff,0x08,0x83,0xff,0x08,0x83,0xff,0x08,0x83,0xff,0x08,0x83,0xff,
    0x08,0x83,0xff,0x08,0x83,0xff,0x08,0x83,0xff,0x08,0x83,0xff,0x08,0x83,0xff,0x08,0x83,0xff,0x08,0x83,0xff,0x08,0x83,0xff,
    0x08,0x83,0xff,0x08,0x83,0xff,0x08,0x83,0xff,0x08,0x83,0xff,0x08,0x83,0xff,0x08,0x83,0xff,0x08,0x83,0xff,0x08,0x83,0xff,
    0x08,0x83,0xff,0x08,0x83,0xff,0x08,0x83,0xff,0x08,0x83,0xff,0x08,0x83,0xff,0x08,0x83,0xff,0x08,0x83,0xff,0x08,0x83,0xff,
    0x08,0x83,0xff,0x08,0x83,0xff,0x08,0x83,0xff,0x08,0x83,0xff,0x08,0x83,0xff,0x02,0x6a,0xdc,0x00,0x00,0x00,0x00,0x00,0x00,
    0x00,0x00,0x00,0x00,0x00,0x00,0x02,0x6a,0xdc,0x08,0x83,0xff,0x08,0x83,0xff,0x08,0x83,0xff,0x08,0x83,0xff,0x08,0x83,0xff,
    0x08,0x83,0xff,0x08,0x83,0xff,0x08,0x83,0xff,0x08,0x83,0xff,0x08,0x83,0xff,0x08,0x83,0xff,0x08,0x83,0xff,0x08,0x83,0xff,
    0x08,0x83,0xff,0x08,0x83,0xff,0x08,0x83,0xff,0x08,0x83,0xff,0x08,0x83,0xff,0x08,0x83,0xff,0x08,0x83,0xff,0x08,0x83,0xff,
    0x08,0x83,0xff,0x08,0x83,0xff,0x08,0x83,0xff,0x08,0x83,0xff,0x08,0x83,0xff,0x08,0x83,0xff,0x08,0x83,0xff,0x08,0x83,0xff,
    0x08,0x83,0xff,0x08,0x83,0xff,0x08,0x83,0xff,0x08,0x83,0xff,0x08,0x83,0xff,0x08,0x83,0xff,0x08,0x83,0xff,0x08,0x83,0xff,
    0x08,0x83,0xff,0x08,0x83,0xff,0x08,0x83,0xff,0x08,0x83,0xff,0x08,0x83,0xff,0x08,0x83,0xff,0x08,0x83,0xff,0x08,0x83,0xff,
    0x08,0x83,0xff,0x08,0x83,0xff,0x08,0x83,0xff,0x08,0x83,0xff,0x08,0x83,0xff,0x08,0x83,0xff,0x08,0x83,0xff,0x08,0x83,0xff,
    0x08,0x83,0xff,0x08,0x83,0xff,0x08,0x83,0xff,0x08,0x83,0xff,0x08,0x83,0xff,0x08,0x83,0xff,0x08,0x83,0xff,0x08,0x83,0xff,
    0x08,0x82,0xff,0x08,0x82,0xff,0x08,0x82,0xff,0x08,0x82,0xff,0x10,0xa2,0xff,0x10,0xa2,0xff,0x10,0xa2,0xff,0x10,0xc2,0xff,
    0x10,0xa2,0xff,0x10,0xa2,0xff,0x10,0xa2,0xff,0x08,0x82,0xff,0x08,0x82,0xff,0x08,0x82,0xff,0x08,0x82,0xff,0x08,0x82,0xff,
    0x08,0x82,0xff,0x08,0x82,0xff,0x08,0x82,0xff,0x08,0x82,0xff,0x08,0x82,0xff,0x08,0x82,0xff,0x08,0x82,0xff,0x08,0x82,0xff,
    0x10,0xa2,0xff,0x10,0xa2,0xff,0x10,0xa2,0xff,0x10,0xa2,0xff,0x10,0xa2,0xff,0x10,0xa2,0xff,0x10,0x82,0xff,0x08,0x82,0xff,
    0x08,0x82,0xff,0x08,0x82,0xff,0x08,0x83,0xff,0x08,0x83,0xff,0x08,0x83,0xff,0x08,0x83,0xff,0x08,0x83,0xff,0x08,0x83,0xff,
    0x08,0x83,0xff,0x08,0x83,0xff,0x08,0x83,0xff,0x08,0x83,0xff,0x08,0x83,0xff,0x08,0x83,0xff,0x08,0x83,0xff,0x08,0x83,0xff,
    0x08,0x83,0xff,0x08,0x83,0xff,0x08,0x83,0xff,0x08,0x83,0xff,0x08,0x83,0xff,0x08,0x83,0xff,0x08,0x83,0xff,0x08,0x83,0xff,
    0x08,0x83,0xff,0x08,0x83,0xff,0x08,0x83,0xff,0x08,0x83,0xff,0x08,0x83,0xff,0x08,0x83,0xff,0x08,0x83,0xff,0x08,0x83,0xff,
    0x08,0x83,0xff,0x08,0x83,0xff,0x08,0x83,0xff,0x08,0x83,0xff,0x08,0x83,0xff,0x02,0x6a,0xdc,0x00,0x00,0x00,0x00,0x00,0x00,
    0x00,0x00,0x00,0x00,0x00,0x00,0x02,0x6a,0xdc,0x08,0x83,0xff,0x08,0x83,0xff,0x08,0x83,0xff,0x08,0x83,0xff,0x08,0x83,0xff,
    0x08,0x83,0xff,0x08,0x83,0xff,0x08,0x83,0xff,0x08,0x83,0xff,0x08,0x83,0xff,0x08,0x83,0xff,0x08,0x83,0xff,0x08,0x83,0xff,
    0x08,0x83,0xff,0x08,0x83,0xff,0x08,0x83,0xff,0x08,0x83,0xff,0x08,0x83,0xff,0x08,0x83,0xff,0x08,0x83,0xff,0x08,0x83,0xff,
    0x08,0x83,0xff,0x08,0x83,0xff,0x08,0x83,0xff,0x08,0x83,0xff,0x08,0x83,0xff,0x08,0x83,0xff,0x08,0x83,0xff,0x08,0x83,0xff,
    0x08,0x83,0xff,0x08,0x83,0xff,0x08,0x83,0xff,0x08,0x83,0xff,0x08,0x83,0xff,0x08,0x83,0xff,0x08,0x83,0xff,0x08,0x83,0xff,
    0x08,0x83,0xff,0x08,0x83,0xff,0x08,0x83,0xff,0x08,0x83,0xff,0x08,0x83,0xff,0x08,0x83,0xff,0x08,0x83,0xff,0x08,0x83,0xff,
    0x08,0x83,0xff,0x08,0x83,0xff,0x08,0x83,0xff,0x08,0x83,0xff,0x08,0x83,0xff,0x08,0x83,0xff,0x08,0x83,0xff,0x08,0x83,0xff,
    0x08,0x83,0xff,0x08,0x83,0xff,0x08,0x83,0xff,0x08,0x83,0xff,0x08,0x83,0xff,0x08,0x83,0xff,0x08,0x83,0xff,0x08,0x83,0xff,
    0x08,0x82,0xff,0x08,0x82,0xff,0x08,0x82,0xff,0x08,0x82,0xff,0x08,0x82,0xff,0x10,0xa2,0xff,0x10,0xa2,0xff,0x10,0xa2,0xff,
    0x10,0xa2,0xff,0x08,0x82,0xff,0x08,0x82,0xff,0x08,0x82,0xff,0x08,0x82,0xff,0x08,0x82,0xff,0x08,0x82,0xff,0x08,0x83,0xff,
    0x08,0x83,0xff,0x08,0x83,0xff,0x08,0x83,0xff,0x08,0x83,0xff,0x08,0x82,0xff,0x08,0x82,0xff,0x08,0x82,0xff,0x08,0x82,0xff,
    0x08,0x82,0xff,0x08,0x82,0xff,0x10,0x82,0xff,0x10,0x82,0xff,0x10,0x82,0xff,0x08,0x82,0xff,0x08,0x82,0xff,0x08,0x82,0xff,
    0x08,0x82,0xff,0x08,0x82,0xff,0x08,0x83,0xff,0x08,0x83,0xff,0x08,0x83,0xff,0x08,0x83,0xff,0x08,0x83,0xff,0x08,0x83,0xff,
    0x08,0x83,0xff,0x08,0x83,0xff,0x08,0x83,0xff,0x08,0x83,0xff,0x08,0x83,0xff,0x08,0x83,0xff,0x08,0x83,0xff,0x08,0x83,0xff,
    0x08,0x83,0xff,0x08,0x83,0xff,0x08,0x83,0xff,0x08,0x83,0xff,0x08,0x83,0xff,0x08,0x83,0xff,0x08,0x83,0xff,0x08,0x83,0xff,
    0x08,0x83,0xff,0x08,0x83,0xff,0x08,0x83,0xff,0x08,0x83,0xff,0x08,0x83,0xff,0x08,0x83,0xff,0x08,0x83,0xff,0x08,0x83,0xff,
    0x08,0x83,0xff,0x08,0x83,0xff,0x08,0x83,0xff,0x08,0x83,0xff,0x08,0x83,0xff,0x02,0x6a,0xdc,0x00,0x00,0x00,0x00,0x00,0x00,
    0x00,0x00,0x00,0x00,0x00,0x00,0x02,0x6a,0xdc,0x08,0x83,0xff,0x08,0x83,0xff,0x08,0x83,0xff,0x08,0x83,0xff,0x08,0x83,0xff,
    0x08,0x83,0xff,0x08,0x83,0xff,0x08,0x83,0xff,0x08,0x83,0xff,0x08,0x83,0xff,0x08,0x83,0xff,0x08,0x83,0xff,0x08,0x83,0xff,
    0x08,0x83,0xff,0x08,0x83,0xff,0x08,0x83,0xff,0x08,0x83,0xff,0x08,0x83,0xff,0x08,0x83,0xff,0x08,0x83,0xff,0x08,0x83,0xff,
    0x08,0x83,0xff,0x08,0x83,0xff,0x08,0x83,0xff,0x08,0x83,0xff,0x08,0x83,0xff,0x08,0x83,0xff,0x08,0x83,0xff,0x08,0x83,0xff,
    0x08,0x83,0xff,0x08,0x83,0xff,0x08,0x83,0xff,0x08,0x83,0xff,0x08,0x83,0xff,0x08,0x83,0xff,0x08,0x83,0xff,0x08,0x83,0xff,
    0x08,0x83,0xff,0x08,0x83,0xff,0x08,0x83,0xff,0x08,0x83,0xff,0x08,0x83,0xff,0x08,0x83,0xff,0x08,0x83,0xff,0x08,0x83,0xff,
    0x08,0x83,0xff,0x08,0x83,0xff,0x08,0x83,0xff,0x08,0x83,0xff,0x08,0x83,0xff,0x08,0x83,0xff,0x08,0x83,0xff,0x08,0x83,0xff,
    0x08,0x83,0xff,0x08,0x83,0xff,0x08,0x83,0xff,0x08,0x83,0xff,0x08,0x83,0xff,0x08,0x83,0xff,0x08,0x83,0xff,0x08,0x83,0xff,
    0x08,0x82,0xff,0x08,0x82,0xff,0x08,0x82,0xff,0x08,0x82,0xff,0x08,0x82,0xff,0x08,0x82,0xff,0x08,0x82,0xff,0x08,0x82,0xff,
    0x08,0x82,0xff,0x08,0x82,0xff,0x08,0x82,0xff,0x08,0x82,0xff,0x08,0x82,0xff,0x08,0x82,0xff,0x08,0x83,0xff,0x08,0x83,0xff,
    0x08,0x83,0xff,0x08,0x83,0xff,0x08,0x83,0xff,0x08,0x83,0xff,0x08,0x83,0xff,0x08,0x83,0xff,0x08,0x82,0xff,0x08,0x82,0xff,
    0x08,0x82,0xff,0x08,0x82,0xff,0x08,0x82,0xff,0x08,0x82,0xff,0x08,0x82,0xff,0x08,0x82,0xff,0x08,0x82,0xff,0x08,0x82,0xff,
    0x08,0x82,0xff,0x08,0x83,0xff,0x08,0x83,0xff,0x08,0x83,0xff,0x08,0x83,0xff,0x08,0x83,0xff,0x08,0x83,0xff,0x08,0x83,0xff,
    0x08,0x83,0xff,0x08,0x83,0xff,0x08,0x83,0xff,0x08,0x83,0xff,0x08,0x83,0xff,0x08,0x83,0xff,0x08,0x83,0xff,0x08,0x83,0xff,
    0x08,0x83,0xff,0x08,0x83,0xff,0x08,0x83,0xff,0x08,0x83,0xff,0x08,0x83,0xff,0x08,0x83,0xff,0x08,0x83,0xff,0x08,0x83,0xff,
    0x08,0x83,0xff,0x08,0x83,0xff,0x08,0x83,0xff,0x08,0x83,0xff,0x08,0x83,0xff,0x08,0x83,0xff,0x08,0x83,0xff,0x08,0x83,0xff,
    0x08,0x83,0xff,0x08,0x83,0xff,0x08,0x83,0xff,0x08,0x83,0xff,0x08,0x83,0xff,0x02,0x6a,0xdc,0x00,0x00,0x00,0x00,0x00,0x00,
    0x00,0x00,0x00,0x00,0x00,0x00,0x02,0x6a,0xdc,0x08,0x83,0xff,0x08,0x83,0xff,0x08,0x83,0xff,0x08,0x83,0xff,0x08,0x83,0xff,
    0x08,0x83,0xff,0x08,0x83,0xff,0x08,0x83,0xff,0x08,0x83,0xff,0x08,0x83,0xff,0x08,0x83,0xff,0x08,0x83,0xff,0x08,0x83,0xff,
    0x08,0x83,0xff,0x08,0x83,0xff,0x08,0x83,0xff,0x08,0x83,0xff,0x08,0x83,0xff,0x08,0x83,0xff,0x08,0x83,0xff,0x08,0x83,0xff,
    0x08,0x83,0xff,0x08,0x83,0xff,0x08,0x83,0xff,0x08,0x83,0xff,0x08,0x83,0xff,0x08,0x83,0xff,0x08,0x83,0xff,0x08,0x83,0xff,
    0x08,0x83,0xff,0x08,0x83,0xff,0x08,0x83,0xff,0x08,0x83,0xff,0x08,0x83,0xff,0x08,0x83,0xff,0x08,0x83,0xff,0x08,0x83,0xff,
    0x08,0x83,0xff,0x08,0x83,0xff,0x08,0x83,0xff,0x08,0x83,0xff,0x08,0x83,0xff,0x08,0x83,0xff,0x08,0x83,0xff,0x08,0x83,0xff,
    0x08,0x83,0xff,0x08,0x83,0xff,0x08,0x83,0xff,0x08,0x83,0xff,0x08,0x83,0xff,0x08,0x83,0xff,0x08,0x83,0xff,0x08,0x83,0xff,
    0x08,0x83,0xff,0x08,0x83,0xff,0x08,0x83,0xff,0x08,0x83,0xff,0x08,0x83,0xff,0x08,0x83,0xff,0x08,0x83,0xff,0x08,0x83,0xff,
    0x08,0x83,0xff,0x08,0x83,0xff,0x08,0x83,0xff,0x08,0x83,0xff,0x08,0x82,0xff,0x08,0x82,0xff,0x08,0x82,0xff,0x08,0x82,0xff,
    0x08,0x82,0xff,0x08,0x82,0xff,0x08,0x82,0xff,0x08,0x82,0xff,0x08,0x82,0xff,0x08,0x83,0xff,0x08,0x83,0xff,0x08,0x83,0xff,
    0x08,0x83,0xff,0x08,0x83,0xff,0x08,0x83,0xff,0x08,0x83,0xff,0x08,0x83,0xff,0x08,0x83,0xff,0x08,0x83,0xff,0x08,0x82,0xff,
    0x08,0x82,0xff,0x08,0x82,0xff,0x08,0x82,0xff,0x08,0x82,0xff,0x08,0x82,0xff,0x08,0x82,0xff,0x08,0x82,0xff,0x08,0x82,0xff,
    0x08,0x83,0xff,0x08,0x83,0xff,0x08,0x83,0xff,0x08,0x83,0xff,0x08,0x83,0xff,0x08,0x83,0xff,0x08,0x83,0xff,0x08,0x83,0xff,
    0x08,0x83,0xff,0x08,0x83,0xff,0x08,0x83,0xff,0x08,0x83,0xff,0x08,0x83,0xff,0x08,0x83,0xff,0x08,0x83,0xff,0x08,0x83,0xff,
    0x08,0x83,0xff,0x08,0x83,0xff,0x08,0x83,0xff,0x08,0x83,0xff,0x08,0x83,0xff,0x08,0x83,0xff,0x08,0x83,0xff,0x08,0x83,0xff,
    0x08,0x83,0xff,0x08,0x83,0xff,0x08,0x83,0xff,0x08,0x83,0xff,0x08,0x83,0xff,0x08,0x83,0xff,0x08,0x83,0xff,0x08,0x83,0xff,
    0x08,0x83,0xff,0x08,0x83,0xff,0x08,0x83,0xff,0x08,0x83,0xff,0x08,0x83,0xff,0x02,0x6a,0xdc,0x00,0x00,0x00,0x00,0x00,0x00,
    0x00,0x00,0x00,0x00,0x00,0x00,0x02,0x6a,0xdc,0x08,0x83,0xff,0x08,0x83,0xff,0x08,0x83,0xff,0x08,0x83,0xff,0x08,0x83,0xff,
    0x08,0x83,0xff,0x08,0x83,0xff,0x08,0x83,0xff,0x08,0x83,0xff,0x08,0x83,0xff,0x08,0x83,0xff,0x08,0x83,0xff,0x08,0x83,0xff,
    0x08,0x83,0xff,0x08,0x83,0xff,0x08,0x83,0xff,0x08,0x83,0xff,0x08,0x83,0xff,0x08,0x83,0xff,0x08,0x83,0xff,0x08,0x83,0xff,
    0x08,0x83,0xff,0x08,0x83,0xff,0x08,0x83,0xff,0x08,0x83,0xff,0x08,0x83,0xff,0x08,0x83,0xff,0x08,0x83,0xff,0x08,0x83,0xff,
    0x08,0x83,0xff,0x08,0x83,0xff,0x08,0x83,0xff,0x08,0x83,0xff,0x08,0x83,0xff,0x08,0x83,0xff,0x08,0x83,0xff,0x08,0x83,0xff,
    0x08,0x83,0xff,0x08,0x83,0xff,0x08,0x83,0xff,0x08,0x83,0xff,0x08,0x83,0xff,0x08,0x83,0xff,0x08,0x83,0xff,0x08,0x83,0xff,
    0x08,0x83,0xff,0x08,0x83,0xff,0x08,0x83,0xff,0x08,0x83,0xff,0x08,0x83,0xff,0x08,0x83,0xff,0x08,0x83,0xff,0x08,0x83,0xff,
    0x08,0x83,0xff,0x08,0x83,0xff,0x08,0x83,0xff,0x08,0x83,0xff,0x08,0x83,0xff,0x08,0x83,0xff,0x08,0x83,0xff,0x08,0x83,0xff,
    0x08,0x83,0xff,0x08,0x83,0xff,0x08,0x83,0xff,0x08,0x83,0xff,0x08,0x83,0xff,0x08,0x83,0xff,0x08,0x83,0xff,0x08,0x83,0xff,
    0x08,0x83,0xff,0x08,0x83,0xff,0x08,0x82,0xff,0x08,0x82,0xff,0x08,0x83,0xff,0x08,0x83,0xff,0x08,0x83,0xff,0x08,0x83,0xff,
    0x08,0x83,0xff,0x08,0x83,0xff,0x08,0x83,0xff,0x08,0x83,0xff,0x08,0x83,0xff,0x08,0x83,0xff,0x08,0x83,0xff,0x08,0x83,0xff,
    0x08,0x83,0xff,0x08,0x83,0xff,0x08,0x82,0xff,0x08,0x82,0xff,0x08,0x82,0xff,0x08,0x82,0xff,0x08,0x82,0xff,0x08,0x83,0xff,
    0x08,0x83,0xff,0x08,0x83,0xff,0x08,0x83,0xff,0x08,0x83,0xff,0x08,0x83,0xff,0x08,0x83,0xff,0x08,0x83,0xff,0x08,0x83,0xff,
    0x08,0x83,0xff,0x08,0x83,0xff,0x08,0x83,0xff,0x08,0x83,0xff,0x08,0x83,0xff,0x08,0x83,0xff,0x08,0x83,0xff,0x08,0x83,0xff,
    0x08,0x83,0xff,0x08,0x83,0xff,0x08,0x83,0xff,0x08,0x83,0xff,0x08,0x83,0xff,0x08,0x83,0xff,0x08,0x83,0xff,0x08,0x83,0xff,
    0x08,0x83,0xff,0x08,0x83,0xff,0x08,0x83,0xff,0x08,0x83,0xff,0x08,0x83,0xff,0x08,0x83,0xff,0x08,0x83,0xff,0x08,0x83,0xff,
    0x08,0x83,0xff,0x08,0x83,0xff,0x08,0x83,0xff,0x08,0x83,0xff,0x08,0x83,0xff,0x02,0x6a,0xdc,0x00,0x00,0x00,0x00,0x00,0x00,
    0x00,0x00,0x00,0x00,0x00,0x00,0x02,0x6a,0xdc,0x08,0x83,0xff,0x08,0x83,0xff,0x08,0x83,0xff,0x08,0x83,0xff,0x08,0x83,0xff,
    0x08,0x83,0xff,0x08,0x83,0xff,0x08,0x83,0xff,0x08,0x83,0xff,0x08,0x83,0xff,0x08,0x83,0xff,0x08,0x83,0xff,0x08,0x83,0xff,
    0x08,0x83,0xff,0x08,0x83,0xff,0x08,0x83,0xff,0x08,0x83,0xff,0x08,0x83,0xff,0x08,0x83,0xff,0x08,0x83,0xff,0x08,0x83,0xff,
    0x08,0x83,0xff,0x08,0x83,0xff,0x08,0x83,0xff,0x08,0x83,0xff,0x08,0x83,0xff,0x08,0x83,0xff,0x08,0x83,0xff,0x08,0x83,0xff,
    0x08,0x83,0xff,0x08,0x83,0xff,0x08,0x83,0xff,0x08,0x83,0xff,0x08,0x83,0xff,0x08,0x83,0xff,0x08,0x83,0xff,0x08,0x83,0xff,
    0x08,0x83,0xff,0x08,0x83,0xff,0x08,0x83,0xff,0x08,0x83,0xff,0x08,0x83,0xff,0x08,0x83,0xff,0x08,0x83,0xff,0x08,0x83,0xff,
    0x08,0x83,0xff,0x08,0x83,0xff,0x08,0x83,0xff,0x08,0x83,0xff,0x08,0x83,0xff,0x08,0x83,0xff,0x08,0x83,0xff,0x08,0x83,0xff,
    0x08,0x83,0xff,0x08,0x83,0xff,0x08,0x83,0xff,0x08,0x83,0xff,0x08,0x83,0xff,0x08,0x83,0xff,0x08,0xa3,0xff,0x08,0xa3,0xff,
    0x08,0xa3,0xff,0x08,0xa3,0xff,0x08,0xa3,0xff,0x08,0xa3,0xff,0x08,0xa3,0xff,0x08,0xa3,0xff,0x08,0xa3,0xff,0x08,0xa3,0xff,
    0x08,0x83,0xff,0x08,0x83,0xff,0x08,0x83,0xff,0x08,0x83,0xff,0x08,0x83,0xff,0x08,0x83,0xff,0x08,0x83,0xff,0x08,0x83,0xff,
    0x08,0x83,0xff,0x08,0x83,0xff,0x08,0x83,0xff,0x08,0x83,0xff,0x08,0x83,0xff,0x08,0x83,0xff,0x08,0x83,0xff,0x08,0x83,0xff,
    0x08,0x83,0xff,0x08,0x83,0xff,0x08,0x83,0xff,0x08,0x83,0xff,0x08,0x83,0xff,0x08,0x83,0xff,0x08,0x83,0xff,0x08,0x83,0xff,
    0x08,0x83,0xff,0x08,0x83,0xff,0x08,0x83,0xff,0x08,0x83,0xff,0x08,0x83,0xff,0x08,0x83,0xff,0x08,0x83,0xff,0x08,0x83,0xff,
    0x08,0x83,0xff,0x08,0x83,0xff,0x08,0x83,0xff,0x08,0x83,0xff,0x08,0x83,0xff,0x08,0x83,0xff,0x08,0x83,0xff,0x08,0x83,0xff,
    0x08,0x83,0xff,0x08,0x83,0xff,0x08,0x83,0xff,0x08,0x83,0xff,0x08,0x83,0xff,0x08,0x83,0xff,0x08,0x83,0xff,0x08,0x83,0xff,
    0x08,0x83,0xff,0x08,0x83,0xff,0x08,0x83,0xff,0x08,0x83,0xff,0x08,0x83,0xff,0x08,0x83,0xff,0x08,0x83,0xff,0x08,0x83,0xff,
    0x08,0x83,0xff,0x08,0x83,0xff,0x08,0x83,0xff,0x08,0x83,0xff,0x08,0x83,0xff,0x02,0x6a,0xdc,0x00,0x00,0x00,0x00,0x00,0x00,
    0x00,0x00,0x00,0x00,0x00,0x00,0x02,0x6a,0xdc,0x08,0x83,0xff,0x08,0x83,0xff,0x08,0x83,0xff,0x08,0x83,0xff,0x08,0x83,0xff,
    0x08,0x83,0xff,0x08,0x83,0xff,0x08,0x83,0xff,0x08,0x83,0xff,0x08,0x83,0xff,0x08,0x83,0xff,0x08,0x83,0xff,0x08,0x83,0xff,
    0x08,0x83,0xff,0x08,0x83,0xff,0x08,0x83,0xff,0x08,0x83,0xff,0x08,0x83,0xff,0x08,0x83,0xff,0x08,0x83,0xff,0x08,0x83,0xff,
    0x08,0x83,0xff,0x08,0x83,0xff,0x08,0x83,0xff,0x08,0x83,0xff,0x08,0x83,0xff,0x08,0x83,0xff,0x08,0x83,0xff,0x08,0x83,0xff,
    0x08,0x83,0xff,0x08,0x83,0xff,0x08,0x83,0xff,0x08,0x83,0xff,0x08,0x83,0xff,0x08,0x83,0xff,0x08,0x83,0xff,0x08,0x83,0xff,
    0x08,0x83,0xff,0x08,0x83,0xff,0x08,0x83,0xff,0x08,0x83,0xff,0x08,0x83,0xff,0x08,0x83,0xff,0x08,0x83,0xff,0x08,0x83,0xff,
    0x08,0x83,0xff,0x08,0x83,0xff,0x08,0x83,0xff,0x08,0x83,0xff,0x08,0x83,0xff,0x08,0x83,0xff,0x08,0x83,0xff,0x08,0x83,0xff,
    0x08,0x83,0xff,0x08,0x83,0xff,0x08,0x83,0xff,0x08,0xa3,0xff,0x08,0xa3,0xff,0x08,0xa3,0xff,0x08,0xc4,0xff,0x08,0xc4,0xff,
    0x08,0xe4,0xff,0x08,0xe4,0xff,0x08,0xe4,0xff,0x08,0xe4,0xff,0x08,0xe4,0xff,0x08,0xc4,0xff,0x08,0xc4,0xff,0x08,0xc3,0xff,
    0x08,0xa3,0xff,0x08,0xa3,0xff,0x08,0xa3,0xff,0x08,0x83,0xff,0x08,0x83,0xff,0x08,0x83,0xff,0x08,0x83,0xff,0x08,0x83,0xff,
    0x08,0x83,0xff,0x08,0x83,0xff,0x08,0x83,0xff,0x08,0x83,0xff,0x08,0x83,0xff,0x08,0x83,0xff,0x08,0x83,0xff,0x08,0x83,0xff,
    0x08,0x83,0xff,0x08,0x83,0xff,0x08,0x83,0xff,0x08,0x83,0xff,0x08,0x83,0xff,0x08,0x83,0xff,0x08,0x83,0xff,0x08,0x83,0xff,
    0x08,0x83,0xff,0x08,0x83,0xff,0x08,0x83,0xff,0x08,0x83,0xff,0x08,0x83,0xff,0x08,0x83,0xff,0x08,0x83,0xff,0x08,0x83,0xff,
    0x08,0x83,0xff,0x08,0x83,0xff,0x08,0x83,0xff,0x08,0x83,0xff,0x08,0x83,0xff,0x08,0x83,0xff,0x08,0x83,0xff,0x08,0x83,0xff,
    0x08,0x83,0xff,0x08,0x83,0xff,0x08,0x83,0xff,0x08,0x83,0xff,0x08,0x83,0xff,0x08,0x83,0xff,0x08,0x83,0xff,0x08,0x83,0xff,
    0x08,0x83,0xff,0x08,0x83,0xff,0x08,0x83,0xff,0x08,0x83,0xff,0x08,0x83,0xff,0x08,0x83,0xff,0x08,0x83,0xff,0x08,0x83,0xff,
    0x08,0x83,0xff,0x08,0x83,0xff,0x08,0x83,0xff,0x08,0x83,0xff,0x08,0x83,0xff,0x02,0x6a,0xdc,0x00,0x00,0x00,0x00,0x00,0x00,
    0x00,0x00,0x00,0x00,0x00,0x00,0x02,0x6a,0xdc,0x08,0x83,0xff,0x08,0x83,0xff,0x08,0x83,0xff,0x08,0x83,0xff,0x08,0x83,0xff,
    0x08,0x83,0xff,0x08,0x83,0xff,0x08,0x83,0xff,0x08,0x83,0xff,0x08,0x83,0xff,0x08,0x83,0xff,0x08,0x83,0xff,0x08,0x83,0xff,
    0x08,0x83,0xff,0x08,0x83,0xff,0x08,0x83,0xff,0x08,0x83,0xff,0x08,0x83,0xff,0x08,0x83,0xff,0x08,0x83,0xff,0x08,0x83,0xff,
    0x08,0x83,0xff,0x08,0x83,0xff,0x08,0x83,0xff,0x08,0x83,0xff,0x08,0x83,0xff,0x08,0x83,0xff,0x08,0x83,0xff,0x08,0x83,0xff,
    0x08,0x83,0xff,0x08,0x83,0xff,0x08,0x83,0xff,0x08,0x83,0xff,0x08,0x83,0xff,0x08,0x83,0xff,0x08,0x83,0xff,0x08,0x83,0xff,
    0x08,0x83,0xff,0x08,0x83,0xff,0x08,0x83,0xff,0x08,0x83,0xff,0x08,0x83,0xff,0x08,0x83,0xff,0x08,0x83,0xff,0x08,0x83,0xff,
    0x08,0x83,0xff,0x08,0x83,0xff,0x08,0x83,0xff,0x08,0x83,0xff,0x08,0x83,0xff,0x08,0x83,0xff,0x08,0x83,0xff,0x08,0x83,0xff,
    0x08,0x83,0xff,0x08,0xa3,0xff,0x08,0xa3,0xff,0x08,0xc4,0xff,0x08,0xc4,0xff,0x08,0xe4,0xff,0x09,0x05,0xff,0x09,0x05,0xff,
    0x09,0x25,0xff,0x09,0x25,0xff,0x09,0x25,0xff,0x09,0x25,0xff,0x09,0x25,0xff,0x09,0x05,0xff,0x09,0x05,0xff,0x08,0xe4,0xff,
    0x08,0xe4,0xff,0x08,0xc4,0xff,0x08,0xc4,0xff,0x08,0xa3,0xff,0x08,0xa3,0xff,0x08,0xa3,0xff,0x08,0xa3,0xff,0x08,0x83,0xff,
    0x08,0x83,0xff,0x08,0x83,0xff,0x08,0x83,0xff,0x08,0x83,0xff,0x08,0x83,0xff,0x08,0x83,0xff,0x08,0x83,0xff,0x08,0x83,0xff,
    0x08,0x83,0xff,0x08,0x83,0xff,0x08,0x83,0xff,0x08,0x83,0xff,0x08,0x83,0xff,0x08,0x83,0xff,0x08,0x83,0xff,0x08,0x83,0xff,
    0x08,0x83,0xff,0x08,0x83,0xff,0x08,0x83,0xff,0x08,0x83,0xff,0x08,0x83,0xff,0x08,0x83,0xff,0x08,0x83,0xff,0x08,0x83,0xff,
    0x08,0x83,0xff,0x08,0x83,0xff,0x08,0x83,0xff,0x08,0x83,0xff,0x08,0x83,0xff,0x08,0x83,0xff,0x08,0x83,0xff,0x08,0x83,0xff,
    0x08,0x83,0xff,0x08,0x83,0xff,0x08,0x83,0xff,0x08,0x83,0xff,0x08,0x83,0xff,0x08,0x83,0xff,0x08,0x83,0xff,0x08,0x83,0xff,
    0x08,0x83,0xff,0x08,0x83,0xff,0x08,0x83,0xff,0x08,0x83,0xff,0x08,0x83,0xff,0x08,0x83,0xff,0x08,0x83,0xff,0x08,0x83,0xff,
    0x08,0x83,0xff,0x08,0x83,0xff,0x08,0x83,0xff,0x08,0x83,0xff,0x08,0x83,0xff,0x02,0x6a,0xdc,0x00,0x00,0x00,0x00,0x00,0x00,
    0x00,0x00,0x00,0x00,0x00,0x00,0x02,0x6a,0xdc,0x08,0x83,0xff,0x08,0x83,0xff,0x08,0x83,0xff,0x08,0x83,0xff,0x08,0x83,0xff,
    0x08,0x83,0xff,0x08,0x83,0xff,0x08,0x83,0xff,0x08,0x83,0xff,0x08,0x83,0xff,0x08,0x83,0xff,0x08,0x83,0xff,0x08,0x83,0xff,
    0x08,0x83,0xff,0x08,0x83,0xff,0x08,0x83,0xff,0x08,0x83,0xff,0x08,0x83,0xff,0x08,0x83,0xff,0x08,0x83,0xff,0x08,0x83,0xff,
    0x08,0x83,0xff,0x08,0x83,0xff,0x08,0x83,0xff,0x08,0x83,0xff,0x08,0x83,0xff,0x08,0x83,0xff,0x08,0x83,0xff,0x08,0x83,0xff,
    0x08,0x83,0xff,0x08,0x83,0xff,0x08,0x83,0xff,0x08,0x83,0xff,0x08,0x83,0xff,0x08,0x83,0xff,0x08,0x83,0xff,0x08,0x83,0xff,
    0x08,0x83,0xff,0x08,0x83,0xff,0x08,0x83,0xff,0x08,0x83,0xff,0x08,0x83,0xff,0x08,0x83,0xff,0x08,0x83,0xff,0x08,0x83,0xff,
    0x08,0x83,0xff,0x08,0x83,0xff,0x08,0x83,0xff,0x08,0x83,0xff,0x08,0x83,0xff,0x08,0x83,0xff,0x08,0xa3,0xff,0x08,0xa3,0xff,
    0x08,0xc3,0xff,0x08,0xc4,0xff,0x08,0xe4,0xff,0x09,0x05,0xff,0x09,0x25,0xff,0x09,0x46,0xff,0x09,0x46,0xff,0x09,0x66,0xff,
    0x09,0x87,0xff,0x09,0x87,0xff,0x09,0x87,0xff,0x09,0x67,0xff,0x09,0x66,0xff,0x09,0x66,0xff,0x09,0x46,0xff,0x09,0x25,0xff,
    0x09,0x25,0xff,0x09,0x05,0xff,0x09,0x05,0xff,0x08,0xe4,0xff,0x08,0xe4,0xff,0x08,0xc4,0xff,0x08,0xc3,0xff,0x08,0xa3,0xff,
    0x08,0xa3,0xff,0x08,0xa3,0xff,0x08,0x83,0xff,0x08,0x83,0xff,0x08,0x83,0xff,0x08,0x83,0xff,0x08,0x83,0xff,0x08,0x83,0xff,
    0x08,0x83,0xff,0x08,0x83,0xff,0x08,0x83,0xff,0x08,0x83,0xff,0x08,0x83,0xff,0x08,0x83,0xff,0x08,0x83,0xff,0x08,0x83,0xff,
    0x08,0x83,0xff,0x08,0x83,0xff,0x08,0x83,0xff,0x08,0x83,0xff,0x08,0x83,0xff,0x08,0x83,0xff,0x08,0x83,0xff,0x08,0x83,0xff,
    0x08,0x83,0xff,0x08,0x83,0xff,0x08,0x83,0xff,0x08,0x83,0xff,0x08,0x83,0xff,0x08,0x83,0xff,0x08,0x83,0xff,0x08,0x83,0xff,
    0x08,0x83,0xff,0x08,0x83,0xff,0x08,0x83,0xff,0x08,0x83,0xff,0x08,0x83,0xff,0x08,0x83,0xff,0x08,0x83,0xff,0x08,0x83,0xff,
    0x08,0x83,0xff,0x08,0x83,0xff,0x08,0x83,0xff,0x08,0x83,0xff,0x08,0x83,0xff,0x08,0x83,0xff,0x08,0x83,0xff,0x08,0x83,0xff,
    0x08,0x83,0xff,0x08,0x83,0xff,0x08,0x83,0xff,0x08,0x83,0xff,0x08,0x83,0xff,0x02,0x6a,0xdc,0x00,0x00,0x00,0x00,0x00,0x00,
    0x00,0x00,0x00,0x00,0x00,0x00,0x02,0x6a,0xdc,0x08,0x83,0xff,0x08,0x83,0xff,0x08,0x83,0xff,0x08,0x83,0xff,0x08,0x83,0xff,
    0x08,0x83,0xff,0x08,0x83,0xff,0x08,0x83,0xff,0x08,0x83,0xff,0x08,0x83,0xff,0x08,0x83,0xff,0x08,0x83,0xff,0x08,0x83,0xff,
    0x08,0x83,0xff,0x08,0x83,0xff,0x08,0x83,0xff,0x08,0x83,0xff,0x08,0x83,0xff,0x08,0x83,0xff,0x08,0x83,0xff,0x08,0x83,0xff,
    0x08,0x83,0xff,0x08,0x83,0xff,0x08,0x83,0xff,0x08,0x83,0xff,0x08,0x83,0xff,0x08,0x83,0xff,0x08,0x83,0xff,0x08,0x83,0xff,
    0x08,0x83,0xff,0x08,0x83,0xff,0x08,0x83,0xff,0x08,0x83,0xff,0x08,0x83,0xff,0x08,0x83,0xff,0x08,0x83,0xff,0x08,0x83,0xff,
    0x08,0x83,0xff,0x08,0x83,0xff,0x08,0x83,0xff,0x08,0x83,0xff,0x08,0x83,0xff,0x08,0x83,0xff,0x08,0x83,0xff,0x08,0x83,0xff,
    0x08,0x83,0xff,0x08,0x83,0xff,0x08,0x83,0xff,0x08,0x83,0xff,0x08,0xa3,0xff,0x08,0xa3,0xff,0x08,0xc4,0xff,0x08,0xe4,0xff,
    0x08,0xe4,0xff,0x09,0x05,0xff,0x09,0x25,0xff,0x09,0x46,0xff,0x09,0x66,0xff,0x09,0x87,0xff,0x09,0xa7,0xff,0x09,0xc8,0xff,
    0x01,0xc8,0xff,0x01,0xc8,0xff,0x07,0x3f,0xff,0x09,0xa7,0xff,0x09,0xa7,0xff,0x09,0x87,0xff,0x09,0x87,0xff,0x09,0x66,0xff,
    0x09,0x66,0xff,0x09,0x46,0xff,0x09,0x46,0xff,0x09,0x25,0xff,0x09,0x25,0xff,0x09,0x05,0xff,0x09,0x04,0xff,0x08,0xe4,0xff,
    0x08,0xc4,0xff,0x08,0xc4,0xff,0x08,0xa3,0xff,0x08,0xa3,0xff,0x08,0x83,0xff,0x08,0x83,0xff,0x08,0x83,0xff,0x08,0x83,0xff,
    0x08,0x83,0xff,0x08,0x83,0xff,0x08,0x83,0xff,0x08,0x83,0xff,0x08,0x83,0xff,0x08,0x83,0xff,0x08,0x83,0xff,0x08,0x83,0xff,
    0x08,0x83,0xff,0x08,0x83,0xff,0x08,0x83,0xff,0x08,0x83,0xff,0x08,0x83,0xff,0x08,0x83,0xff,0x08,0x83,0xff,0x08,0x83,0xff,
    0x08,0x83,0xff,0x08,0x83,0xff,0x08,0x83,0xff,0x08,0x83,0xff,0x08,0x83,0xff,0x08,0x83,0xff,0x08,0x83,0xff,0x08,0x83,0xff,
    0x08,0x83,0xff,0x08,0x83,0xff,0x08,0x83,0xff,0x08,0x83,0xff,0x08,0x83,0xff,0x08,0x83,0xff,0x08,0x83,0xff,0x08,0x83,0xff,
    0x08,0x83,0xff,0x08,0x83,0xff,0x08,0x83,0xff,0x08,0x83,0xff,0x08,0x83,0xff,0x08,0x83,0xff,0x08,0x83,0xff,0x08,0x83,0xff,
    0x08,0x83,0xff,0x08,0x83,0xff,0x08,0x83,0xff,0x08,0x83,0xff,0x08,0x83,0xff,0x02,0x6a,0xdc,0x00,0x00,0x00,0x00,0x00,0x00,
    0x00,0x00,0x00,0x00,0x00,0x00,0x02,0x6a,0xdc,0x08,0x83,0xff,0x08,0x83,0xff,0x08,0x83,0xff,0x08,0x83,0xff,0x08,0x83,0xff,
    0x08,0x83,0xff,0x08,0x83,0xff,0x08,0x83,0xff,0x08,0x83,0xff,0x08,0x83,0xff,0x08,0x83,0xff,0x08,0x83,0xff,0x08,0x83,0xff,
    0x08,0x83,0xff,0x08,0x83,0xff,0x08,0x83,0xff,0x08,0x83,0xff,0x08,0x83,0xff,0x08,0x83,0xff,0x08,0x83,0xff,0x08,0x83,0xff,
    0x08,0x83,0xff,0x08,0x83,0xff,0x08,0x83,0xff,0x08,0x83,0xff,0x08,0x83,0xff,0x08,0x83,0xff,0x08,0x83,0xff,0x08,0x83,0xff,
    0x08,0x83,0xff,0x08,0x83,0xff,0x08,0x83,0xff,0x08,0x83,0xff,0x08,0x83,0xff,0x08,0x83,0xff,0x08,0x83,0xff,0x08,0x83,0xff,
    0x08,0x83,0xff,0x08,0x83,0xff,0x08,0x83,0xff,0x08,0x83,0xff,0x08,0x83,0xff,0x08,0x83,0xff,0x08,0x83,0xff,0x08,0x83,0xff,
    0x08,0x83,0xff,0x08,0x83,0xff,0x08,0xa3,0xff,0x08,0xc3,0xff,0x08,0xc4,0xff,0x08,0xe4,0xff,0x09,0x05,0xff,0x09,0x25,0xff,
    0x09,0x46,0xff,0x09,0x66,0xff,0x09,0x87,0xff,0x09,0xa7,0xff,0x01,0xc8,0xff,0x01,0xc8,0xff,0x01,0xe8,0xff,0x07,0x3f,0xff,
    0x07,0x3f,0xff,0x07,0x3f,0xff,0x07,0x3f,0xff,0x07,0x3f,0xff,0x07,0x3f,0xff,0x07,0x3f,0xff,0x07,0x3f,0xff,0x09,0x87,0xff,
    0x09,0x87,0xff,0x09,0x87,0xff,0x09,0x87,0xff,0x09,0x66,0xff,0x09,0x66,0xff,0x09,0x46,0xff,0x09,0x46,0xff,0x09,0x25,0xff,
    0x09,0x05,0xff,0x09,0x05,0xff,0x08,0xe4,0xff,0x08,0xc4,0xff,0x08,0xa3,0xff,0x08,0xa3,0xff,0x08,0x83,0xff,0x08,0x83,0xff,
    0x08,0x83,0xff,0x08,0x83,0xff,0x08,0x83,0xff,0x08,0x83,0xff,0x08,0x83,0xff,0x08,0x83,0xff,0x08,0x83,0xff,0x08,0x83,0xff,
    0x08,0x83,0xff,0x08,0x83,0xff,0x08,0x83,0xff,0x08,0x83,0xff,0x08,0x83,0xff,0x08,0x83,0xff,0x08,0x83,0xff,0x08,0x83,0xff,
    0x08,0x83,0xff,0x08,0x83,0xff,0x08,0x83,0xff,0x08,0x83,0xff,0x08,0x83,0xff,0x08,0x83,0xff,0x08,0x83,0xff,0x08,0x83,0xff,
    0x08,0x83,0xff,0x08,0x83,0xff,0x08,0x83,0xff,0x08,0x83,0xff,0x08,0x83,0xff,0x08,0x83,0xff,0x08,0x83,0xff,0x08,0x83,0xff,
    0x08,0x83,0xff,0x08,0x83,0xff,0x08,0x83,0xff,0x08,0x83,0xff,0x08,0x83,0xff,0x08,0x83,0xff,0x08,0x83,0xff,0x08,0x83,0xff,
    0x08,0x83,0xff,0x08,0x83,0xff,0x08,0x83,0xff,0x08,0x83,0xff,0x08,0x83,0xff,0x02,0x6a,0xdc,0x00,0x00,0x00,0x00,0x00,0x00,
    0x00,0x00,0x00,0x00,0x00,0x00,0x02,0x6a,0xdc,0x08,0x83,0xff,0x08,0x83,0xff,0x08,0x83,0xff,0x08,0x83,0xff,0x08,0x83,0xff,
    0x08,0x83,0xff,0x08,0x83,0xff,0x08,0x83,0xff,0x08,0x83,0xff,0x08,0x83,0xff,0x08,0x83,0xff,0x08,0x83,0xff,0x08,0x83,0xff,
    0x08,0x83,0xff,0x08,0x83,0xff,0x08,0x83,0xff,0x08,0x83,0xff,0x08,0x83,0xff,0x08,0x83,0xff,0x08,0x83,0xff,0x08,0x83,0xff,
    0x08,0x83,0xff,0x08,0x83,0xff,0x08,0x83,0xff,0x08,0x83,0xff,0x08,0x83,0xff,0x08,0x83,0xff,0x08,0x83,0xff,0x08,0x83,0xff,
    0x08,0x83,0xff,0x08,0x83,0xff,0x08,0x83,0xff,0x08,0x83,0xff,0x08,0x83,0xff,0x08,0x83,0xff,0x08,0x83,0xff,0x08,0x83,0xff,
    0x08,0x83,0xff,0x08,0x83,0xff,0x08,0x83,0xff,0x08,0x83,0xff,0x08,0x83,0xff,0x08,0x83,0xff,0x08,0x83,0xff,0x08,0x83,0xff,
    0x08,0xa3,0xff,0x08,0xa3,0xff,0x08,0xc4,0xff,0x08,0xe4,0xff,0x09,0x05,0xff,0x09,0x46,0xff,0x09,0x66,0xff,0x09,0x87,0xff,
    0x09,0xa7,0xff,0x09,0xa8,0xff,0x01,0xc8,0xff,0x01,0xe8,0xff,0x01,0xe8,0xff,0x07,0x3f,0xff,0x07,0x3f,0xff,0x07,0x3f,0xff,
    0x01,0xc8,0xff,0x09,0xa8,0xff,0x09,0xa7,0xff,0x09,0x87,0xff,0x09,0x87,0xff,0x09,0x87,0xff,0x07,0x3f,0xff,0x07,0x3f,0xff,
    0x07,0x3f,0xff,0x07,0x3f,0xff,0x07,0x3f,0xff,0x09,0x87,0xff,0x09,0x87,0xff,0x09,0x87,0xff,0x09,0x87,0xff,0x09,0x67,0xff,
    0x09,0x66,0xff,0x09,0x46,0xff,0x09,0x25,0xff,0x09,0x05,0xff,0x08,0xe4,0xff,0x08,0xc4,0xff,0x08,0xa3,0xff,0x08,0xa3,0xff,
    0x08,0x83,0xff,0x08,0x83,0xff,0x08,0x83,0xff,0x08,0x83,0xff,0x08,0x83,0xff,0x08,0x83,0xff,0x08,0x83,0xff,0x08,0x83,0xff,
    0x08,0x83,0xff,0x08,0x83,0xff,0x08,0x83,0xff,0x08,0x83,0xff,0x08,0x83,0xff,0x08,0x83,0xff,0x08,0x83,0xff,0x08,0x83,0xff,
    0x08,0x83,0xff,0x08,0x83,0xff,0x08,0x83,0xff,0x08,0x83,0xff,0x08,0x83,0xff,0x08,0x83,0xff,0x08,0x83,0xff,0x08,0x83,0xff,
    0x08,0x83,0xff,0x08,0x83,0xff,0x08,0x83,0xff,0x08,0x83,0xff,0x08,0x83,0xff,0x08,0x83,0xff,0x08,0x83,0xff,0x08,0x83,0xff,
    0x08,0x83,0xff,0x08,0x83,0xff,0x08,0x83,0xff,0x08,0x83,0xff,0x08,0x83,0xff,0x08,0x83,0xff,0x08,0x83,0xff,0x08,0x83,0xff,
    0x08,0x83,0xff,0x08,0x83,0xff,0x08,0x83,0xff,0x08,0x83,0xff,0x08,0x83,0xff,0x02,0x6a,0xdc,0x00,0x00,0x00,0x00,0x00,0x00,
    0x00,0x00,0x00,0x00,0x00,0x00,0x02,0x6a,0xdc,0x08,0x83,0xff,0x08,0x83,0xff,0x08,0x83,0xff,0x08,0x83,0xff,0x08,0x83,0xff,
    0x08,0x83,0xff,0x08,0x83,0xff,0x08,0x83,0xff,0x08,0x83,0xff,0x08,0x83,0xff,0x08,0x83,0xff,0x08,0x83,0xff,0x08,0x83,0xff,
    0x08,0x83,0xff,0x08,0x83,0xff,0x08,0x83,0xff,0x08,0x83,0xff,0x08,0x83,0xff,0x08,0x83,0xff,0x08,0x83,0xff,0x08,0x83,0xff,
    0x08,0x83,0xff,0x08,0x83,0xff,0x08,0x83,0xff,0x08,0x83,0xff,0x08,0x83,0xff,0x08,0x83,0xff,0x08,0x83,0xff,0x08,0x83,0xff,
    0x08,0x83,0xff,0x08,0x83,0xff,0x08,0x83,0xff,0x08,0x83,0xff,0x08,0x83,0xff,0x08,0x83,0xff,0x08,0x83,0xff,0x08,0x83,0xff,
    0x08,0x83,0xff,0x08,0x83,0xff,0x08,0x83,0xff,0x08,0x83,0xff,0x08,0x83,0xff,0x08,0x83,0xff,0x08,0x83,0xff,0x08,0xa3,0xff,
    0x08,0xc4,0xff,0x08,0xe4,0xff,0x09,0x05,0xff,0x09,0x46,0xff,0x09,0x66,0xff,0x09,0x87,0xff,0x09,0xa7,0xff,0x01,0xc8,0xff,
    0x01,0xe8,0xff,0x01,0xe8,0xff,0x07,0x3f,0xff,0x07,0x3f,0xff,0x07,0x3f,0xff,0x07,0x3f,0xff,0x09,0xa8,0xff,0x09,0x87,0xff,
    0x09,0x87,0xff,0x09,0x66,0xff,0x09,0x46,0xff,0x09,0x46,0xff,0x09,0x46,0xff,0x09,0x46,0xff,0x09,0x46,0xff,0x09,0x46,0xff,
    0x09,0x66,0xff,0x09,0x66,0xff,0x07,0x3f,0xff,0x07,0x3f,0xff,0x07,0x3f,0xff,0x07,0x3f,0xff,0x07,0x3f,0xff,0x09,0xa7,0xff,
    0x09,0xa7,0xff,0x09,0x87,0xff,0x09,0x87,0xff,0x09,0x66,0xff,0x09,0x25,0xff,0x09,0x05,0xff,0x08,0xe4,0xff,0x08,0xa3,0xff,
    0x08,0xa3,0xff,0x08,0x83,0xff,0x08,0x83,0xff,0x08,0x83,0xff,0x08,0x83,0xff,0x08,0x83,0xff,0x08,0x83,0xff,0x08,0x83,0xff,
    0x08,0x83,0xff,0x08,0x83,0xff,0x08,0x83,0xff,0x08,0x83,0xff,0x08,0x83,0xff,0x08,0x83,0xff,0x08,0x83,0xff,0x08,0x83,0xff,
    0x08,0x83,0xff,0x08,0x83,0xff,0x08,0x83,0xff,0x08,0x83,0xff,0x08,0x83,0xff,0x08,0x83,0xff,0x08,0x83,0xff,0x08,0x83,0xff,
    0x08,0x83,0xff,0x08,0x83,0xff,0x08,0x83,0xff,0x08,0x83,0xff,0x08,0x83,0xff,0x08,0x83,0xff,0x08,0x83,0xff,0x08,0x83,0xff,
    0x08,0x83,0xff,0x08,0x83,0xff,0x08,0x83,0xff,0x08,0x83,0xff,0x08,0x83,0xff,0x08,0x83,0xff,0x08,0x83,0xff,0x08,0x83,0xff,
    0x08,0x83,0xff,0x08,0x83,0xff,0x08,0x83,0xff,0x08,0x83,0xff,0x08,0x83,0xff,0x02,0x6a,0xdc,0x00,0x00,0x00,0x00,0x00,0x00,
    0x00,0x00,0x00,0x00,0x00,0x00,0x02,0x6a,0xdc,0x08,0x83,0xff,0x08,0x83,0xff,0x08,0x83,0xff,0x08,0x83,0xff,0x08,0x83,0xff,
    0x08,0x83,0xff,0x08,0x83,0xff,0x08,0x83,0xff,0x08,0x83,0xff,0x08,0x83,0xff,0x08,0x83,0xff,0x08,0x83,0xff,0x08,0x83,0xff,
    0x08,0x83,0xff,0x08,0x83,0xff,0x08,0x83,0xff,0x08,0x83,0xff,0x08,0x83,0xff,0x08,0x83,0xff,0x08,0x83,0xff,0x08,0x83,0xff,
    0x08,0x83,0xff,0x08,0x83,0xff,0x08,0x83,0xff,0x08,0x83,0xff,0x08,0x83,0xff,0x08,0x83,0xff,0x08,0x83,0xff,0x08,0x83,0xff,
    0x08,0x83,0xff,0x08,0x83,0xff,0x08,0x83,0xff,0x08,0x83,0xff,0x08,0x83,0xff,0x08,0x83,0xff,0x08,0x83,0xff,0x08,0x83,0xff,
    0x08,0x83,0xff,0x08,0x83,0xff,0x08,0x83,0xff,0x08,0x83,0xff,0x08,0x83,0xff,0x08,0x83,0xff,0x08,0xa3,0xff,0x08,0xc4,0xff,
    0x09,0x04,0xff,0x09,0x25,0xff,0x09,0x66,0xff,0x09,0x87,0xff,0x09,0xc8,0xff,0x01,0xc8,0xff,0x01,0xe8,0xff,0x07,0x3f,0xff,
    0x07,0x3f,0xff,0x07,0x3f,0xff,0x07,0x3f,0xff,0x09,0xa8,0xff,0x09,0xa7,0xff,0x09,0x87,0xff,0x09,0x66,0xff,0x09,0x46,0xff,
    0x09,0x25,0xff,0x09,0x05,0xff,0x09,0x05,0xff,0x09,0x05,0xff,0x09,0x04,0xff,0x09,0x05,0xff,0x09,0x05,0xff,0x09,0x05,0xff,
    0x09,0x25,0xff,0x09,0x25,0xff,0x09,0x46,0xff,0x09,0x46,0xff,0x09,0x66,0xff,0x09,0x87,0xff,0x07,0x3f,0xff,0x07,0x3f,0xff,
    0x07,0x3f,0xff,0x07,0x3f,0xff,0x07,0x3f,0xff,0x07,0x3f,0xff,0x09,0x87,0xff,0x09,0x46,0xff,0x09,0x05,0xff,0x08,0xe4,0xff,
    0x08,0xa3,0xff,0x08,0xa3,0xff,0x08,0x83,0xff,0x08,0x83,0xff,0x08,0x83,0xff,0x08,0x83,0xff,0x08,0x83,0xff,0x08,0x83,0xff,
    0x08,0x83,0xff,0x08,0x83,0xff,0x08,0x83,0xff,0x08,0x83,0xff,0x08,0x83,0xff,0x08,0x83,0xff,0x08,0x83,0xff,0x08,0x83,0xff,
    0x08,0x83,0xff,0x08,0x83,0xff,0x08,0x83,0xff,0x08,0x83,0xff,0x08,0x83,0xff,0x08,0x83,0xff,0x08,0x83,0xff,0x08,0x83,0xff,
    0x08,0x83,0xff,0x08,0x83,0xff,0x08,0x83,0xff,0x08,0x83,0xff,0x08,0x83,0xff,0x08,0x83,0xff,0x08,0x83,0xff,0x08,0x83,0xff,
    0x08,0x83,0xff,0x08,0x83,0xff,0x08,0x83,0xff,0x08,0x83,0xff,0x08,0x83,0xff,0x08,0x83,0xff,0x08,0x83,0xff,0x08,0x83,0xff,
    0x08,0x83,0xff,0x08,0x83,0xff,0x08,0x83,0xff,0x08,0x83,0xff,0x08,0x83,0xff,0x02,0x6a,0xdc,0x00,0x00,0x00,0x00,0x00,0x00,
    0x00,0x00,0x00,0x00,0x00,0x00,0x02,0x6a,0xdc,0x08,0x83,0xff,0x08,0x83,0xff,0x08,0x83,0xff,0x08,0x83,0xff,0x08,0x83,0xff,
    0x08,0x83,0xff,0x08,0x83,0xff,0x08,0x83,0xff,0x08,0x83,0xff,0x08,0x83,0xff,0x08,0x83,0xff,0x08,0x83,0xff,0x08,0x83,0xff,
    0x08,0x83,0xff,0x08,0x83,0xff,0x08,0x83,0xff,0x08,0x83,0xff,0x08,0x83,0xff,0x08,0x83,0xff,0x08,0x83,0xff,0x08,0x83,0xff,
    0x08,0x83,0xff,0x08,0x83,0xff,0x08,0x83,0xff,0x08,0x83,0xff,0x08,0x83,0xff,0x08,0x83,0xff,0x08,0x83,0xff,0x08,0x83,0xff,
    0x08,0x83,0xff,0x08,0x83,0xff,0x08,0x83,0xff,0x08,0x83,0xff,0x08,0x83,0xff,0x08,0x83,0xff,0x08,0x83,0xff,0x08,0x83,0xff,
    0x08,0x83,0xff,0x08,0x83,0xff,0x08,0x83,0xff,0x08,0x83,0xff,0x08,0x83,0xff,0x08,0xa3,0xff,0x08,0xc4,0xff,0x09,0x05,0xff,
    0x09,0x46,0xff,0x09,0x87,0xff,0x09,0xa8,0xff,0x01,0xe8,0xff,0x01,0xe9,0xff,0x07,0x3f,0xff,0x07,0x3f,0xff,0x07,0x3f,0xff,
    0x01,0xc8,0xff,0x09,0xa7,0xff,0x09,0x87,0xff,0x09,0x66,0xff,0x09,0x46,0xff,0x09,0x25,0xff,0x09,0x05,0xff,0x08,0xe4,0xff,
    0x08,0xe4,0xff,0x08,0xc4,0xff,0x08,0xc4,0xff,0x08,0xc3,0xff,0x08,0xc3,0xff,0x08,0xc3,0xff,0x08,0xc4,0xff,0x08,0xc4,0xff,
    0x08,0xe4,0xff,0x08,0xe4,0xff,0x09,0x05,0xff,0x09,0x05,0xff,0x09,0x25,0xff,0x09,0x46,0xff,0x09,0x66,0xff,0x09,0x87,0xff,
    0x09,0xa7,0xff,0x01,0xc8,0xff,0x07,0x3f,0xff,0x07,0x3f,0xff,0x07,0x3f,0xff,0x09,0xa7,0xff,0x09,0x66,0xff,0x09,0x25,0xff,
    0x08,0xe4,0xff,0x08,0xa3,0xff,0x08,0x83,0xff,0x08,0x83,0xff,0x08,0x83,0xff,0x08,0x83,0xff,0x08,0x83,0xff,0x08,0x83,0xff,
    0x08,0x83,0xff,0x08,0x83,0xff,0x08,0x83,0xff,0x08,0x83,0xff,0x08,0x83,0xff,0x08,0x83,0xff,0x08,0x83,0xff,0x08,0x83,0xff,
    0x08,0x83,0xff,0x08,0x83,0xff,0x08,0x83,0xff,0x08,0x83,0xff,0x08,0x83,0xff,0x08,0x83,0xff,0x08,0x83,0xff,0x08,0x83,0xff,
    0x08,0x83,0xff,0x08,0x83,0xff,0x08,0x83,0xff,0x08,0x83,0xff,0x08,0x83,0xff,0x08,0x83,0xff,0x08,0x83,0xff,0x08,0x83,0xff,
    0x08,0x83,0xff,0x08,0x83,0xff,0x08,0x83,0xff,0x08,0x83,0xff,0x08,0x83,0xff,0x08,0x83,0xff,0x08,0x83,0xff,0x08,0x83,0xff,
    0x08,0x83,0xff,0x08,0x83,0xff,0x08,0x83,0xff,0x08,0x83,0xff,0x08,0x83,0xff,0x02,0x6a,0xdc,0x00,0x00,0x00,0x00,0x00,0x00,
    0x00,0x00,0x00,0x00,0x00,0x00,0x02,0x6a,0xdc,0x08,0x83,0xff,0x08,0x83,0xff,0x08,0x83,0xff,0x08,0x83,0xff,0x08,0x83,0xff,
    0x08,0x83,0xff,0x08,0x83,0xff,0x08,0x83,0xff,0x08,0x83,0xff,0x08,0x83,0xff,0x08,0x83,0xff,0x08,0x83,0xff,0x08,0x83,0xff,
    0x08,0x83,0xff,0x08,0x83,0xff,0x08,0x83,0xff,0x08,0x83,0xff,0x08,0x83,0xff,0x08,0x83,0xff,0x08,0x83,0xff,0x08,0x83,0xff,
    0x08,0x83,0xff,0x08,0x83,0xff,0x08,0x83,0xff,0x08,0x83,0xff,0x08,0x83,0xff,0x08,0x83,0xff,0x08,0x83,0xff,0x08,0x83,0xff,
    0x08,0x83,0xff,0x08,0x83,0xff,0x08,0x83,0xff,0x08,0x83,0xff,0x08,0x83,0xff,0x08,0x83,0xff,0x08,0x83,0xff,0x08,0x83,0xff,
    0x08,0x83,0xff,0x08,0x83,0xff,0x08,0x83,0xff,0x08,0x83,0xff,0x08,0xa3,0xff,0x08,0xc4,0xff,0x09,0x05,0xff,0x09,0x46,0xff,
    0x09,0x87,0xff,0x07,0x3f,0xff,0x07,0x3f,0xff,0x07,0x3f,0xff,0x07,0x3f,0xff,0x07,0x3f,0xff,0x01,0xc8,0xff,0x09,0xa7,0xff,
    0x09,0x87,0xff,0x09,0x46,0xff,0x09,0x25,0xff,0x09,0x05,0xff,0x08,0xe4,0xff,0x08,0xe4,0xff,0x08,0xc4,0xff,0x08,0xa3,0xff,
    0x08,0xa3,0xff,0x08,0xa3,0xff,0x08,0xa3,0xff,0x08,0x83,0xff,0x08,0x83,0xff,0x08,0xa3,0xff,0x08,0xa3,0xff,0x08,0xa3,0xff,
    0x08,0xa3,0xff,0x08,0xa3,0xff,0x08,0xc4,0xff,0x08,0xc4,0xff,0x08,0xe4,0xff,0x09,0x04,0xff,0x09,0x25,0xff,0x09,0x46,0xff,
    0x09,0x66,0xff,0x09,0xa7,0xff,0x01,0xc8,0xff,0x07,0x3f,0xff,0x07,0x3f,0xff,0x07,0x3f,0xff,0x09,0xa7,0xff,0x09,0x66,0xff,
    0x09,0x05,0xff,0x08,0xe4,0xff,0x08,0xa3,0xff,0x08,0x83,0xff,0x08,0x83,0xff,0x08,0x83,0xff,0x08,0x83,0xff,0x08,0x83,0xff,
    0x08,0x83,0xff,0x08,0x83,0xff,0x08,0x83,0xff,0x08,0x83,0xff,0x08,0x83,0xff,0x08,0x83,0xff,0x08,0x83,0xff,0x08,0x83,0xff,
    0x08,0x83,0xff,0x08,0x83,0xff,0x08,0x83,0xff,0x08,0x83,0xff,0x08,0x83,0xff,0x08,0x83,0xff,0x08,0x83,0xff,0x08,0x83,0xff,
    0x08,0x83,0xff,0x08,0x83,0xff,0x08,0x83,0xff,0x08,0x83,0xff,0x08,0x83,0xff,0x08,0x83,0xff,0x08,0x83,0xff,0x08,0x83,0xff,
    0x08,0x83,0xff,0x08,0x83,0xff,0x08,0x83,0xff,0x08,0x83,0xff,0x08,0x83,0xff,0x08,0x83,0xff,0x08,0x83,0xff,0x08,0x83,0xff,
    0x08,0x83,0xff,0x08,0x83,0xff,0x08,0x83,0xff,0x08,0x83,0xff,0x08,0x83,0xff,0x02,0x6a,0xdc,0x00,0x00,0x00,0x00,0x00,0x00,
    0x00,0x00,0x00,0x00,0x00,0x00,0x02,0x6a,0xdc,0x08,0x83,0xff,0x08,0x83,0xff,0x08,0x83,0xff,0x08,0x83,0xff,0x08,0x83,0xff,
    0x08,0x83,0xff,0x08,0x83,0xff,0x08,0x83,0xff,0x08,0x83,0xff,0x08,0x83,0xff,0x08,0x83,0xff,0x08,0x83,0xff,0x08,0x83,0xff,
    0x08,0x83,0xff,0x08,0x83,0xff,0x08,0x83,0xff,0x08,0x83,0xff,0x08,0x83,0xff,0x08,0x83,0xff,0x08,0x83,0xff,0x08,0x83,0xff,
    0x08,0x83,0xff,0x08,0x83,0xff,0x08,0x83,0xff,0x08,0x83,0xff,0x08,0x83,0xff,0x08,0x83,0xff,0x08,0x83,0xff,0x08,0x83,0xff,
    0x08,0x83,0xff,0x08,0x83,0xff,0x08,0x83,0xff,0x08,0x83,0xff,0x08,0x83,0xff,0x08,0x83,0xff,0x08,0x83,0xff,0x08,0x83,0xff,
    0x08,0x83,0xff,0x08,0x83,0xff,0x08,0x83,0xff,0x08,0xa3,0xff,0x08,0xc4,0xff,0x09,0x04,0xff,0x09,0x46,0xff,0x09,0x87,0xff,
    0x07,0x3f,0xff,0x07,0x3f,0xff,0x07,0x3f,0xff,0x02,0x09,0xff,0x01,0xe8,0xff,0x09,0xa8,0xff,0x09,0x87,0xff,0x09,0x46,0xff,
    0x09,0x25,0xff,0x09,0x05,0xff,0x08,0xe4,0xff,0x08,0xc4,0xff,0x08,0xc3,0xff,0x08,0xa3,0xff,0x08,0xa3,0xff,0x08,0x83,0xff,
    0x08,0x83,0xff,0x08,0x83,0xff,0x08,0x83,0xff,0x08,0x83,0xff,0x08,0x83,0xff,0x08,0x83,0xff,0x08,0x83,0xff,0x08,0x83,0xff,
    0x08,0x83,0xff,0x08,0x83,0xff,0x08,0xa3,0xff,0x08,0xa3,0xff,0x08,0xa3,0xff,0x08,0xc4,0xff,0x08,0xe4,0xff,0x09,0x05,0xff,
    0x09,0x25,0xff,0x09,0x66,0xff,0x09,0xa7,0xff,0x01,0xe8,0xff,0x07,0x3f,0xff,0x07,0x3f,0xff,0x07,0x3f,0xff,0x09,0xa7,0xff,
    0x09,0x66,0xff,0x09,0x05,0xff,0x08,0xc4,0xff,0x08,0xa3,0xff,0x08,0x83,0xff,0x08,0x83,0xff,0x08,0x83,0xff,0x08,0x83,0xff,
    0x08,0x83,0xff,0x08,0x83,0xff,0x08,0x83,0xff,0x08,0x83,0xff,0x08,0x83,0xff,0x08,0x83,0xff,0x08,0x83,0xff,0x08,0x83,0xff,
    0x08,0x83,0xff,0x08,0x83,0xff,0x08,0x83,0xff,0x08,0x83,0xff,0x08,0x83,0xff,0x08,0x83,0xff,0x08,0x83,0xff,0x08,0x83,0xff,
    0x08,0x83,0xff,0x08,0x83,0xff,0x08,0x83,0xff,0x08,0x83,0xff,0x08,0x83,0xff,0x08,0x83,0xff,0x08,0x83,0xff,0x08,0x83,0xff,
    0x08,0x83,0xff,0x08,0x83,0xff,0x08,0x83,0xff,0x08,0x83,0xff,0x08,0x83,0xff,0x08,0x83,0xff,0x08,0x83,0xff,0x08,0x83,0xff,
    0x08,0x83,0xff,0x08,0x83,0xff,0x08,0x83,0xff,0x08,0x83,0xff,0x08,0x83,0xff,0x02,0x6a,0xdc,0x00,0x00,0x00,0x00,0x00,0x00,
    0x00,0x00,0x00,0x00,0x00,0x00,0x02,0x6a,0xdc,0x08,0x83,0xff,0x08,0x83,0xff,0x08,0x83,0xff,0x08,0x83,0xff,0x08,0x83,0xff,
    0x08,0x83,0xff,0x08,0x83,0xff,0x08,0x83,0xff,0x08,0x83,0xff,0x08,0x83,0xff,0x08,0x83,0xff,0x08,0x83,0xff,0x08,0x83,0xff,
    0x08,0x83,0xff,0x08,0x83,0xff,0x08,0x83,0xff,0x08,0x83,0xff,0x08,0x83,0xff,0x08,0x83,0xff,0x08,0x83,0xff,0x08,0x83,0xff,
    0x08,0x83,0xff,0x08,0x83,0xff,0x08,0x83,0xff,0x08,0x83,0xff,0x08,0x83,0xff,0x08,0x83,0xff,0x08,0x83,0xff,0x08,0x83,0xff,
    0x08,0x83,0xff,0x08,0x83,0xff,0x08,0x83,0xff,0x08,0x83,0xff,0x08,0x83,0xff,0x08,0x83,0xff,0x08,0x83,0xff,0x08,0x83,0xff,
    0x08,0x83,0xff,0x08,0x83,0xff,0x08,0x83,0xff,0x08,0xa3,0xff,0x08,0xe4,0xff,0x09,0x25,0xff,0x09,0x87,0xff,0x01,0xc8,0xff,
    0x07,0x3f,0xff,0x07,0x3f,0xff,0x02,0x09,0xff,0x01,0xe8,0xff,0x09,0xa7,0xff,0x09,0x66,0xff,0x09,0x25,0xff,0x09,0x05,0xff,
    0x08,0xe4,0xff,0x08,0xc4,0xff,0x08,0xa3,0xff,0x08,0xa3,0xff,0x08,0x83,0xff,0x08,0x83,0xff,0x08,0x83,0xff,0x08,0x83,0xff,
    0x08,0x83,0xff,0x08,0x83,0xff,0x08,0x83,0xff,0x08,0x83,0xff,0x08,0x83,0xff,0x08,0x83,0xff,0x08,0x83,0xff,0x08,0x83,0xff,
    0x08,0x83,0xff,0x08,0x83,0xff,0x08,0x83,0xff,0x08,0x83,0xff,0x08,0x83,0xff,0x08,0xa3,0xff,0x08,0xa3,0xff,0x08,0xc4,0xff,
    0x08,0xe4,0xff,0x09,0x25,0xff,0x09,0x66,0xff,0x09,0xa8,0xff,0x01,0xe9,0xff,0x07,0x3f,0xff,0x07,0x3f,0xff,0x01,0xe8,0xff,
    0x09,0xa7,0xff,0x09,0x46,0xff,0x09,0x05,0xff,0x08,0xc4,0xff,0x08,0xa3,0xff,0x08,0x83,0xff,0x08,0x83,0xff,0x08,0x83,0xff,
    0x08,0x83,0xff,0x08,0x83,0xff,0x08,0x83,0xff,0x08,0x83,0xff,0x08,0x83,0xff,0x08,0x83,0xff,0x08,0x83,0xff,0x08,0x83,0xff,
    0x08,0x83,0xff,0x08,0x83,0xff,0x08,0x83,0xff,0x08,0x83,0xff,0x08,0x83,0xff,0x08,0x83,0xff,0x08,0x83,0xff,0x08,0x83,0xff,
    0x08,0x83,0xff,0x08,0x83,0xff,0x08,0x83,0xff,0x08,0x83,0xff,0x08,0x83,0xff,0x08,0x83,0xff,0x08,0x83,0xff,0x08,0x83,0xff,
    0x08,0x83,0xff,0x08,0x83,0xff,0x08,0x83,0xff,0x08,0x83,0xff,0x08,0x83,0xff,0x08,0x83,0xff,0x08,0x83,0xff,0x08,0x83,0xff,
    0x08,0x83,0xff,0x08,0x83,0xff,0x08,0x83,0xff,0x08,0x83,0xff,0x08,0x83,0xff,0x02,0x6a,0xdc,0x00,0x00,0x00,0x00,0x00,0x00,
    0x00,0x00,0x00,0x00,0x00,0x00,0x02,0x6a,0xdc,0x08,0x83,0xff,0x08,0x83,0xff,0x08,0x83,0xff,0x08,0x83,0xff,0x08,0x83,0xff,
    0x08,0x83,0xff,0x08,0x83,0xff,0x08,0x83,0xff,0x08,0x83,0xff,0x08,0x83,0xff,0x08,0x83,0xff,0x08,0x83,0xff,0x08,0x83,0xff,
    0x08,0x83,0xff,0x08,0x83,0xff,0x08,0x83,0xff,0x08,0x83,0xff,0x08,0x83,0xff,0x08,0x83,0xff,0x08,0x83,0xff,0x08,0x83,0xff,
    0x08,0x83,0xff,0x08,0x83,0xff,0x08,0x83,0xff,0x08,0x83,0xff,0x08,0x83,0xff,0x08,0x83,0xff,0x08,0x83,0xff,0x08,0x83,0xff,
    0x08,0x83,0xff,0x08,0x83,0xff,0x08,0x83,0xff,0x08,0x83,0xff,0x08,0x83,0xff,0x08,0x83,0xff,0x08,0x83,0xff,0x08,0x83,0xff,
    0x08,0x83,0xff,0x08,0x83,0xff,0x08,0xa3,0xff,0x08,0xe4,0xff,0x09,0x25,0xff,0x09,0x66,0xff,0x01,0xc8,0xff,0x07,0x3f,0xff,
    0x07,0x3f,0xff,0x07,0x3f,0xff,0x01,0xe8,0xff,0x09,0xa7,0xff,0x09,0x66,0xff,0x09,0x25,0xff,0x08,0xe4,0xff,0x08,0xc4,0xff,
    0x08,0xa3,0xff,0x08,0xa3,0xff,0x08,0x83,0xff,0x08,0x83,0xff,0x08,0x83,0xff,0x08,0x83,0xff,0x08,0x83,0xff,0x08,0x83,0xff,
    0x08,0x83,0xff,0x08,0x83,0xff,0x08,0x83,0xff,0x08,0x83,0xff,0x08,0x83,0xff,0x08,0x83,0xff,0x08,0x83,0xff,0x08,0x83,0xff,
    0x08,0x83,0xff,0x08,0x83,0xff,0x08,0x83,0xff,0x08,0x83,0xff,0x08,0x83,0xff,0x08,0x83,0xff,0x08,0x83,0xff,0x08,0xa3,0xff,
    0x08,0xc3,0xff,0x08,0xe4,0xff,0x09,0x25,0xff,0x09,0x66,0xff,0x09,0xc8,0xff,0x07,0x3f,0xff,0x07,0x3f,0xff,0x07,0x3f,0xff,
    0x01,0xc8,0xff,0x09,0x87,0xff,0x09,0x46,0xff,0x09,0x05,0xff,0x08,0xc4,0xff,0x08,0xa3,0xff,0x08,0x83,0xff,0x08,0x83,0xff,
    0x08,0x83,0xff,0x08,0x83,0xff,0x08,0x83,0xff,0x08,0x83,0xff,0x08,0x83,0xff,0x08,0x83,0xff,0x08,0x83,0xff,0x08,0x83,0xff,
    0x08,0x83,0xff,0x08,0x83,0xff,0x08,0x83,0xff,0x08,0x83,0xff,0x08,0x83,0xff,0x08,0x83,0xff,0x08,0x83,0xff,0x08,0x83,0xff,
    0x08,0x83,0xff,0x08,0x83,0xff,0x08,0x83,0xff,0x08,0x83,0xff,0x08,0x83,0xff,0x08,0x83,0xff,0x08,0x83,0xff,0x08,0x83,0xff,
    0x08,0x83,0xff,0x08,0x83,0xff,0x08,0x83,0xff,0x08,0x83,0xff,0x08,0x83,0xff,0x08,0x83,0xff,0x08,0x83,0xff,0x08,0x83,0xff,
    0x08,0x83,0xff,0x08,0x83,0xff,0x08,0x83,0xff,0x08,0x83,0xff,0x08,0x83,0xff,0x02,0x6a,0xdc,0x00,0x00,0x00,0x00,0x00,0x00,
    0x00,0x00,0x00,0x00,0x00,0x00,0x02,0x6a,0xdc,0x08,0x83,0xff,0x08,0x83,0xff,0x08,0x83,0xff,0x08,0x83,0xff,0x08,0x83,0xff,
    0x08,0x83,0xff,0x08,0x83,0xff,0x08,0x83,0xff,0x08,0x83,0xff,0x08,0x83,0xff,0x08,0x83,0xff,0x08,0x83,0xff,0x08,0x83,0xff,
    0x08,0x83,0xff,0x08,0x83,0xff,0x08,0x83,0xff,0x08,0x83,0xff,0x08,0x83,0xff,0x08,0x83,0xff,0x08,0x83,0xff,0x08,0x83,0xff,
    0x08,0x83,0xff,0x08,0x83,0xff,0x08,0x83,0xff,0x08,0x83,0xff,0x08,0x83,0xff,0x08,0x83,0xff,0x08,0x83,0xff,0x08,0x83,0xff,
    0x08,0x83,0xff,0x08,0x83,0xff,0x08,0x83,0xff,0x08,0x83,0xff,0x08,0x83,0xff,0x08,0x83,0xff,0x08,0x83,0xff,0x08,0x83,0xff,
    0x08,0x83,0xff,0x08,0xa3,0xff,0x08,0xc4,0xff,0x09,0x05,0xff,0x09,0x66,0xff,0x09,0xa8,0xff,0x07,0x3f,0xff,0x07,0x3f,0xff,
    0x07,0x3f,0xff,0x01,0xe9,0xff,0x09,0xa7,0xff,0x09,0x66,0xff,0x09,0x05,0xff,0x08,0xe4,0xff,0x08,0xa3,0xff,0x08,0xa3,0xff,
    0x08,0x83,0xff,0x08,0x83,0xff,0x08,0x83,0xff,0x08,0x83,0xff,0x08,0x83,0xff,0x08,0x83,0xff,0x08,0x83,0xff,0x08,0x83,0xff,
    0x08,0x83,0xff,0x08,0x83,0xff,0x08,0x83,0xff,0x08,0x83,0xff,0x08,0x83,0xff,0x08,0x83,0xff,0x08,0x83,0xff,0x08,0x83,0xff,
    0x08,0x83,0xff,0x08,0x83,0xff,0x08,0x83,0xff,0x08,0x83,0xff,0x08,0x83,0xff,0x08,0x83,0xff,0x08,0x83,0xff,0x08,0x83,0xff,
    0x08,0xa3,0xff,0x08,0xc3,0xff,0x08,0xe4,0xff,0x09,0x25,0xff,0x09,0x87,0xff,0x01,0xc8,0xff,0x07,0x3f,0xff,0x07,0x3f,0xff,
    0x07,0x3f,0xff,0x01,0xc8,0xff,0x09,0x87,0xff,0x09,0x46,0xff,0x09,0x04,0xff,0x08,0xc4,0xff,0x08,0xa3,0xff,0x08,0x83,0xff,
    0x08,0x83,0xff,0x08,0x83,0xff,0x08,0x83,0xff,0x08,0x83,0xff,0x08,0x83,0xff,0x08,0x83,0xff,0x08,0x83,0xff,0x08,0x83,0xff,
    0x08,0x83,0xff,0x08,0x83,0xff,0x08,0x83,0xff,0x08,0x83,0xff,0x08,0x83,0xff,0x08,0x83,0xff,0x08,0x83,0xff,0x08,0x83,0xff,
    0x08,0x83,0xff,0x08,0x83,0xff,0x08,0x83,0xff,0x08,0x83,0xff,0x08,0x83,0xff,0x08,0x83,0xff,0x08,0x83,0xff,0x08,0x83,0xff,
    0x08,0x83,0xff,0x08,0x83,0xff,0x08,0x83,0xff,0x08,0x83,0xff,0x08,0x83,0xff,0x08,0x83,0xff,0x08,0x83,0xff,0x08,0x83,0xff,
    0x08,0x83,0xff,0x08,0x83,0xff,0x08,0x83,0xff,0x08,0x83,0xff,0x08,0x83,0xff,0x02,0x6a,0xdc,0x00,0x00,0x00,0x00,0x00,0x00,
    0x00,0x00,0x00,0x00,0x00,0x00,0x02,0x6a,0xdc,0x08,0x83,0xff,0x08,0x83,0xff,0x08,0x83,0xff,0x08,0x83,0xff,0x08,0x83,0xff,
    0x08,0x83,0xff,0x08,0x83,0xff,0x08,0x83,0xff,0x08,0x83,0xff,0x08,0x83,0xff,0x08,0x83,0xff,0x08,0x83,0xff,0x08,0x83,0xff,
    0x08,0x83,0xff,0x08,0x83,0xff,0x08,0x83,0xff,0x08,0x83,0xff,0x08,0x83,0xff,0x08,0x83,0xff,0x08,0x83,0xff,0x08,0x83,0xff,
    0x08,0x83,0xff,0x08,0x83,0xff,0x08,0x83,0xff,0x08,0x83,0xff,0x08,0x83,0xff,0x08,0x83,0xff,0x08,0x83,0xff,0x08,0x83,0xff,
    0x08,0x83,0xff,0x08,0x83,0xff,0x08,0x83,0xff,0x08,0x83,0xff,0x08,0x83,0xff,0x08,0x83,0xff,0x08,0x83,0xff,0x08,0x83,0xff,
    0x08,0x83,0xff,0x08,0xc3,0xff,0x08,0xe4,0xff,0x09,0x46,0xff,0x09,0x87,0xff,0x01,0xe9,0xff,0x07,0x3f,0xff,0x07,0x3f,0xff,
    0x02,0x09,0xff,0x09,0xc8,0xff,0x09,0x66,0xff,0x09,0x05,0xff,0x08,0xe4,0xff,0x08,0xa3,0xff,0x08,0xa3,0xff,0x08,0x83,0xff,
    0x08,0x83,0xff,0x08,0x83,0xff,0x08,0x83,0xff,0x08,0x83,0xff,0x08,0x83,0xff,0x08,0x83,0xff,0x08,0x83,0xff,0x08,0x83,0xff,
    0x08,0x83,0xff,0x08,0x83,0xff,0x08,0x83,0xff,0x08,0x83,0xff,0x08,0x83,0xff,0x08,0x83,0xff,0x08,0x83,0xff,0x08,0x83,0xff,
    0x08,0x83,0xff,0x08,0x83,0xff,0x08,0x83,0xff,0x08,0x83,0xff,0x08,0x83,0xff,0x08,0x83,0xff,0x08,0x83,0xff,0x08,0x83,0xff,
    0x08,0x83,0xff,0x08,0xa3,0xff,0x08,0xc3,0xff,0x08,0xe4,0xff,0x09,0x25,0xff,0x09,0x87,0xff,0x01,0xc8,0xff,0x07,0x3f,0xff,
    0x07,0x3f,0xff,0x07,0x3f,0xff,0x01,0xc8,0xff,0x09,0x87,0xff,0x09,0x25,0xff,0x08,0xe4,0xff,0x08,0xc3,0xff,0x08,0xa3,0xff,
    0x08,0x83,0xff,0x08,0x83,0xff,0x08,0x83,0xff,0x08,0x83,0xff,0x08,0x83,0xff,0x08,0x83,0xff,0x08,0x83,0xff,0x08,0x83,0xff,
    0x08,0x83,0xff,0x08,0x83,0xff,0x08,0x83,0xff,0x08,0x83,0xff,0x08,0x83,0xff,0x08,0x83,0xff,0x08,0x83,0xff,0x08,0x83,0xff,
    0x08,0x83,0xff,0x08,0x83,0xff,0x08,0x83,0xff,0x08,0x83,0xff,0x08,0x83,0xff,0x08,0x83,0xff,0x08,0x83,0xff,0x08,0x83,0xff,
    0x08,0x83,0xff,0x08,0x83,0xff,0x08,0x83,0xff,0x08,0x83,0xff,0x08,0x83,0xff,0x08,0x83,0xff,0x08,0x83,0xff,0x08,0x83,0xff,
    0x08,0x83,0xff,0x08,0x83,0xff,0x08,0x83,0xff,0x08,0x83,0xff,0x08,0x83,0xff,0x02,0x6a,0xdc,0x00,0x00,0x00,0x00,0x00,0x00,
    0x00,0x00,0x00,0x00,0x00,0x00,0x02,0x6a,0xdc,0x08,0x83,0xff,0x08,0x83,0xff,0x08,0x83,0xff,0x08,0x83,0xff,0x08,0x83,0xff,
    0x08,0x83,0xff,0x08,0x83,0xff,0x08,0x83,0xff,0x08,0x83,0xff,0x08,0x83,0xff,0x08,0x83,0xff,0x08,0x83,0xff,0x08,0x83,0xff,
    0x08,0x83,0xff,0x08,0x83,0xff,0x08,0x83,0xff,0x08,0x83,0xff,0x08,0x83,0xff,0x08,0x83,0xff,0x08,0x83,0xff,0x08,0x83,0xff,
    0x08,0x83,0xff,0x08,0x83,0xff,0x08,0x83,0xff,0x08,0x83,0xff,0x08,0x83,0xff,0x08,0x83,0xff,0x08,0x83,0xff,0x08,0x83,0xff,
    0x08,0x83,0xff,0x08,0x83,0xff,0x08,0x83,0xff,0x08,0x83,0xff,0x08,0x83,0xff,0x08,0x83,0xff,0x08,0x83,0xff,0x08,0x83,0xff,
    0x08,0xa3,0xff,0x08,0xe4,0xff,0x09,0x25,0xff,0x09,0x67,0xff,0x01,0xc8,0xff,0x07,0x3f,0xff,0x07,0x3f,0xff,0x07,0x3f,0xff,
    0x01,0xc8,0xff,0x09,0x87,0xff,0x09,0x25,0xff,0x08,0xe4,0xff,0x08,0xa3,0xff,0x08,0x83,0xff,0x08,0x83,0xff,0x08,0x83,0xff,
    0x08,0x83,0xff,0x08,0x83,0xff,0x08,0x83,0xff,0x08,0x83,0xff,0x08,0x83,0xff,0x08,0x83,0xff,0x08,0x83,0xff,0x08,0x83,0xff,
    0x08,0x83,0xff,0x08,0x83,0xff,0x08,0x83,0xff,0x08,0x83,0xff,0x08,0x83,0xff,0x08,0x83,0xff,0x08,0x83,0xff,0x08,0x83,0xff,
    0x08,0x83,0xff,0x08,0x83,0xff,0x08,0x83,0xff,0x08,0x83,0xff,0x08,0x83,0xff,0x08,0x83,0xff,0x08,0x83,0xff,0x08,0x83,0xff,
    0x08,0x83,0xff,0x08,0x83,0xff,0x08,0xa3,0xff,0x08,0xc4,0xff,0x09,0x04,0xff,0x09,0x46,0xff,0x09,0x87,0xff,0x01,0xc8,0xff,
    0x07,0x3f,0xff,0x07,0x3f,0xff,0x07,0x3f,0xff,0x01,0xc8,0xff,0x09,0x67,0xff,0x09,0x25,0xff,0x08,0xe4,0xff,0x08,0xa3,0xff,
    0x08,0x83,0xff,0x08,0x83,0xff,0x08,0x83,0xff,0x08,0x83,0xff,0x08,0x83,0xff,0x08,0x83,0xff,0x08,0x83,0xff,0x08,0x83,0xff,
    0x08,0x83,0xff,0x08,0x83,0xff,0x08,0x83,0xff,0x08,0x83,0xff,0x08,0x83,0xff,0x08,0x83,0xff,0x08,0x83,0xff,0x08,0x83,0xff,
    0x08,0x83,0xff,0x08,0x83,0xff,0x08,0x83,0xff,0x08,0x83,0xff,0x08,0x83,0xff,0x08,0x83,0xff,0x08,0x83,0xff,0x08,0x83,0xff,
    0x08,0x83,0xff,0x08,0x83,0xff,0x08,0x83,0xff,0x08,0x83,0xff,0x08,0x83,0xff,0x08,0x83,0xff,0x08,0x83,0xff,0x08,0x83,0xff,
    0x08,0x83,0xff,0x08,0x83,0xff,0x08,0x83,0xff,0x08,0x83,0xff,0x08,0x83,0xff,0x02,0x6a,0xdc,0x00,0x00,0x00,0x00,0x00,0x00,
    0x00,0x00,0x00,0x00,0x00,0x00,0x02,0x6a,0xdc,0x08,0x83,0xff,0x08,0x83,0xff,0x08,0x83,0xff,0x08,0x83,0xff,0x08,0x83,0xff,
    0x08,0x83,0xff,0x08,0x83,0xff,0x08,0x83,0xff,0x08,0x83,0xff,0x08,0x83,0xff,0x08,0x83,0xff,0x08,0x83,0xff,0x08,0x83,0xff,
    0x08,0x83,0xff,0x08,0x83,0xff,0x08,0x83,0xff,0x08,0x83,0xff,0x08,0x83,0xff,0x08,0x83,0xff,0x08,0x83,0xff,0x08,0x83,0xff,
    0x08,0x83,0xff,0x08,0x83,0xff,0x08,0x83,0xff,0x08,0x83,0xff,0x08,0x83,0xff,0x08,0x83,0xff,0x08,0x83,0xff,0x08,0x83,0xff,
    0x08,0x83,0xff,0x08,0x83,0xff,0x08,0x83,0xff,0x08,0x83,0xff,0x08,0x83,0xff,0x08,0x83,0xff,0x08,0x83,0xff,0x08,0xa3,0xff,
    0x08,0xc4,0xff,0x09,0x05,0xff,0x09,0x46,0xff,0x09,0xa8,0xff,0x07,0x3f,0xff,0x07,0x3f,0xff,0x07,0x3f,0xff,0x01,0xe9,0xff,
    0x09,0xa7,0xff,0x09,0x46,0xff,0x08,0xe4,0xff,0x08,0xc3,0xff,0x08,0xa3,0xff,0x08,0x83,0xff,0x08,0x83,0xff,0x08,0x83,0xff,
    0x08,0x83,0xff,0x08,0x83,0xff,0x08,0x83,0xff,0x08,0x83,0xff,0x08,0x83,0xff,0x08,0x83,0xff,0x08,0x83,0xff,0x08,0x83,0xff,
    0x08,0x83,0xff,0x08,0x83,0xff,0x08,0x83,0xff,0x08,0x83,0xff,0x08,0x83,0xff,0x08,0x83,0xff,0x08,0x83,0xff,0x08,0x83,0xff,
    0x08,0x83,0xff,0x08,0x83,0xff,0x08,0x83,0xff,0x08,0x83,0xff,0x08,0x83,0xff,0x08,0x83,0xff,0x08,0x83,0xff,0x08,0x83,0xff,
    0x08,0x83,0xff,0x08,0x83,0xff,0x08,0x83,0xff,0x08,0xa3,0xff,0x08,0xc4,0xff,0x09,0x05,0xff,0x09,0x46,0xff,0x09,0x87,0xff,
    0x01,0xe8,0xff,0x07,0x3f,0xff,0x07,0x3f,0xff,0x07,0x3f,0xff,0x09,0xc8,0xff,0x09,0x66,0xff,0x09,0x05,0xff,0x08,0xc4,0xff,
    0x08,0xa3,0xff,0x08,0x83,0xff,0x08,0x83,0xff,0x08,0x83,0xff,0x08,0x83,0xff,0x08,0x83,0xff,0x08,0x83,0xff,0x08,0x83,0xff,
    0x08,0x83,0xff,0x08,0x83,0xff,0x08,0x83,0xff,0x08,0x83,0xff,0x08,0x83,0xff,0x08,0x83,0xff,0x08,0x83,0xff,0x08,0x83,0xff,
    0x08,0x83,0xff,0x08,0x83,0xff,0x08,0x83,0xff,0x08,0x83,0xff,0x08,0x83,0xff,0x08,0x83,0xff,0x08,0x83,0xff,0x08,0x83,0xff,
    0x08,0x83,0xff,0x08,0x83,0xff,0x08,0x83,0xff,0x08,0x83,0xff,0x08,0x83,0xff,0x08,0x83,0xff,0x08,0x83,0xff,0x08,0x83,0xff,
    0x08,0x83,0xff,0x08,0x83,0xff,0x08,0x83,0xff,0x08,0x83,0xff,0x08,0x83,0xff,0x02,0x6a,0xdc,0x00,0x00,0x00,0x00,0x00,0x00,
    0x00,0x00,0x00,0x00,0x00,0x00,0x02,0x6a,0xdc,0x08,0x83,0xff,0x08,0x83,0xff,0x08,0x83,0xff,0x08,0x83,0xff,0x08,0x83,0xff,
    0x08,0x83,0xff,0x08,0x83,0xff,0x08,0x83,0xff,0x08,0x83,0xff,0x08,0x83,0xff,0x08,0x83,0xff,0x08,0x83,0xff,0x08,0x83,0xff,
    0x08,0x83,0xff,0x08,0x83,0xff,0x08,0x83,0xff,0x08,0x83,0xff,0x08,0x83,0xff,0x08,0x83,0xff,0x08,0x83,0xff,0x08,0x83,0xff,
    0x08,0x83,0xff,0x08,0x83,0xff,0x08,0x83,0xff,0x08,0x83,0xff,0x08,0x83,0xff,0x08,0x83,0xff,0x08,0x83,0xff,0x08,0x83,0xff,
    0x08,0x83,0xff,0x08,0x83,0xff,0x08,0x83,0xff,0x08,0x83,0xff,0x08,0x83,0xff,0x08,0x83,0xff,0x08,0x83,0xff,0x08,0xa3,0xff,
    0x08,0xe4,0xff,0x09,0x25,0xff,0x09,0x87,0xff,0x01,0xe8,0xff,0x07,0x3f,0xff,0x07,0x3f,0xff,0x02,0x09,0xff,0x09,0xa8,0xff,
    0x09,0x66,0xff,0x09,0x05,0xff,0x08,0xc4,0xff,0x08,0xa3,0xff,0x08,0x83,0xff,0x08,0x83,0xff,0x08,0x83,0xff,0x08,0x83,0xff,
    0x08,0x83,0xff,0x08,0x83,0xff,0x08,0x83,0xff,0x08,0x83,0xff,0x08,0x83,0xff,0x08,0x83,0xff,0x08,0x83,0xff,0x08,0x83,0xff,
    0x08,0x83,0xff,0x08,0x83,0xff,0x08,0x83,0xff,0x08,0x83,0xff,0x08,0x83,0xff,0x08,0x83,0xff,0x08,0x83,0xff,0x08,0x83,0xff,
    0x08,0x83,0xff,0x08,0x83,0xff,0x08,0x83,0xff,0x08,0x83,0xff,0x08,0x83,0xff,0x08,0x83,0xff,0x08,0x83,0xff,0x08,0x83,0xff,
    0x08,0x83,0xff,0x08,0x83,0xff,0x08,0x83,0xff,0x08,0x83,0xff,0x08,0xa3,0xff,0x08,0xc4,0xff,0x09,0x05,0xff,0x09,0x46,0xff,
    0x09,0xa7,0xff,0x01,0xe9,0xff,0x07,0x3f,0xff,0x07,0x3f,0xff,0x07,0x3f,0xff,0x09,0xa7,0xff,0x09,0x46,0xff,0x09,0x05,0xff,
    0x08,0xc4,0xff,0x08,0xa3,0xff,0x08,0x83,0xff,0x08,0x83,0xff,0x08,0x83,0xff,0x08,0x83,0xff,0x08,0x83,0xff,0x08,0x83,0xff,
    0x08,0x83,0xff,0x08,0x83,0xff,0x08,0x83,0xff,0x08,0x83,0xff,0x08,0x83,0xff,0x08,0x83,0xff,0x08,0x83,0xff,0x08,0x83,0xff,
    0x08,0x83,0xff,0x08,0x83,0xff,0x08,0x83,0xff,0x08,0x83,0xff,0x08,0x83,0xff,0x08,0x83,0xff,0x08,0x83,0xff,0x08,0x83,0xff,
    0x08,0x83,0xff,0x08,0x83,0xff,0x08,0x83,0xff,0x08,0x83,0xff,0x08,0x83,0xff,0x08,0x83,0xff,0x08,0x83,0xff,0x08,0x83,0xff,
    0x08,0x83,0xff,0x08,0x83,0xff,0x08,0x83,0xff,0x08,0x83,0xff,0x08,0x83,0xff,0x02,0x6a,0xdc,0x00,0x00,0x00,0x00,0x00,0x00,
    0x00,0x00,0x00,0x00,0x00,0x00,0x02,0x6a,0xdc,0x08,0x83,0xff,0x08,0x83,0xff,0x08,0x83,0xff,0x08,0x83,0xff,0x08,0x83,0xff,
    0x08,0x83,0xff,0x08,0x83,0xff,0x08,0x83,0xff,0x08,0x83,0xff,0x08,0x83,0xff,0x08,0x83,0xff,0x08,0x83,0xff,0x08,0x83,0xff,
    0x08,0x83,0xff,0x08,0x83,0xff,0x08,0x83,0xff,0x08,0x83,0xff,0x08,0x83,0xff,0x08,0x83,0xff,0x08,0x83,0xff,0x08,0x83,0xff,
    0x08,0x83,0xff,0x08,0x83,0xff,0x08,0x83,0xff,0x08,0x83,0xff,0x08,0x83,0xff,0x08,0x83,0xff,0x08,0x83,0xff,0x08,0x83,0xff,
    0x08,0x83,0xff,0x08,0x83,0xff,0x08,0x83,0xff,0x08,0x83,0xff,0x08,0x83,0xff,0x08,0x83,0xff,0x08,0xa3,0xff,0x08,0xc4,0xff,
    0x09,0x05,0xff,0x09,0x66,0xff,0x01,0xc8,0xff,0x07,0x3f,0xff,0x07,0x3f,0xff,0x07,0x3f,0xff,0x01,0xe8,0xff,0x09,0x87,0xff,
    0x09,0x25,0xff,0x08,0xe4,0xff,0x08,0xa3,0xff,0x08,0x83,0xff,0x08,0x83,0xff,0x08,0x83,0xff,0x08,0x83,0xff,0x08,0x83,0xff,
    0x08,0x83,0xff,0x08,0x83,0xff,0x08,0x83,0xff,0x08,0x83,0xff,0x08,0x83,0xff,0x08,0x83,0xff,0x08,0x83,0xff,0x08,0x83,0xff,
    0x08,0x83,0xff,0x08,0x83,0xff,0x08,0x83,0xff,0x08,0x83,0xff,0x08,0x83,0xff,0x08,0x83,0xff,0x08,0x83,0xff,0x08,0x83,0xff,
    0x08,0x83,0xff,0x08,0x83,0xff,0x08,0x83,0xff,0x08,0x83,0xff,0x08,0x83,0xff,0x08,0x83,0xff,0x08,0x83,0xff,0x08,0x83,0xff,
    0x08,0x83,0xff,0x08,0x83,0xff,0x08,0x83,0xff,0x08,0x83,0xff,0x08,0x83,0xff,0x08,0xa3,0xff,0x08,0xc4,0xff,0x09,0x05,0xff,
    0x09,0x66,0xff,0x09,0xa8,0xff,0x02,0x09,0xff,0x07,0x3f,0xff,0x07,0x3f,0xff,0x01,0xe8,0xff,0x09,0x87,0xff,0x09,0x25,0xff,
    0x08,0xe4,0xff,0x08,0xa3,0xff,0x08,0x83,0xff,0x08,0x83,0xff,0x08,0x83,0xff,0x08,0x83,0xff,0x08,0x83,0xff,0x08,0x83,0xff,
    0x08,0x83,0xff,0x08,0x83,0xff,0x08,0x83,0xff,0x08,0x83,0xff,0x08,0x83,0xff,0x08,0x83,0xff,0x08,0x83,0xff,0x08,0x83,0xff,
    0x08,0x83,0xff,0x08,0x83,0xff,0x08,0x83,0xff,0x08,0x83,0xff,0x08,0x83,0xff,0x08,0x83,0xff,0x08,0x83,0xff,0x08,0x83,0xff,
    0x08,0x83,0xff,0x08,0x83,0xff,0x08,0x83,0xff,0x08,0x83,0xff,0x08,0x83,0xff,0x08,0x83,0xff,0x08,0x83,0xff,0x08,0x83,0xff,
    0x08,0x83,0xff,0x08,0x83,0xff,0x08,0x83,0xff,0x08,0x83,0xff,0x08,0x83,0xff,0x02,0x6a,0xdc,0x00,0x00,0x00,0x00,0x00,0x00,
    0x00,0x00,0x00,0x00,0x00,0x00,0x02,0x6a,0xdc,0x08,0x83,0xff,0x08,0x83,0xff,0x08,0x83,0xff,0x08,0x83,0xff,0x08,0x83,0xff,
    0x08,0x83,0xff,0x08,0x83,0xff,0x08,0x83,0xff,0x08,0x83,0xff,0x08,0x83,0xff,0x08,0x83,0xff,0x08,0x83,0xff,0x08,0x83,0xff,
    0x08,0x83,0xff,0x08,0x83,0xff,0x08,0x83,0xff,0x08,0x83,0xff,0x08,0x83,0xff,0x08,0x83,0xff,0x08,0x83,0xff,0x08,0x83,0xff,
    0x08,0x83,0xff,0x08,0x83,0xff,0x08,0x83,0xff,0x08,0x83,0xff,0x08,0x83,0xff,0x08,0x83,0xff,0x08,0x83,0xff,0x08,0x83,0xff,
    0x08,0x83,0xff,0x08,0x83,0xff,0x08,0x83,0xff,0x08,0x83,0xff,0x08,0x83,0xff,0x08,0x83,0xff,0x08,0xa3,0xff,0x08,0xe4,0xff,
    0x09,0x25,0xff,0x09,0x87,0xff,0x07,0x3f,0xff,0x07,0x3f,0xff,0x07,0x3f,0xff,0x02,0x09,0xff,0x09,0xa7,0xff,0x09,0x46,0xff,
    0x09,0x04,0xff,0x08,0xc3,0xff,0x08,0xa3,0xff,0x08,0x83,0xff,0x08,0x83,0xff,0x08,0x83,0xff,0x08,0x83,0xff,0x08,0x83,0xff,
    0x08,0x83,0xff,0x08,0x83,0xff,0x08,0x83,0xff,0x08,0x83,0xff,0x08,0x83,0xff,0x08,0x83,0xff,0x08,0x83,0xff,0x08,0x83,0xff,
    0x08,0x83,0xff,0x08,0x83,0xff,0x08,0x83,0xff,0x08,0x83,0xff,0x08,0x83,0xff,0x08,0x83,0xff,0x08,0x83,0xff,0x08,0x83,0xff,
    0x08,0x83,0xff,0x08,0x83,0xff,0x08,0x83,0xff,0x08,0x83,0xff,0x08,0x83,0xff,0x08,0x83,0xff,0x08,0x83,0xff,0x08,0x83,0xff,
    0x08,0x83,0xff,0x08,0x83,0xff,0x08,0x83,0xff,0x08,0x83,0xff,0x08,0x83,0xff,0x08,0x83,0xff,0x08,0xa3,0xff,0x08,0xe4,0xff,
    0x09,0x25,0xff,0x09,0x87,0xff,0x01,0xc8,0xff,0x07,0x3f,0xff,0x07,0x3f,0xff,0x07,0x3f,0xff,0x01,0xc8,0xff,0x09,0x66,0xff,
    0x09,0x05,0xff,0x08,0xc4,0xff,0x08,0xa3,0xff,0x08,0x83,0xff,0x08,0x83,0xff,0x08,0x83,0xff,0x08,0x83,0xff,0x08,0x83,0xff,
    0x08,0x83,0xff,0x08,0x83,0xff,0x08,0x83,0xff,0x08,0x83,0xff,0x08,0x83,0xff,0x08,0x83,0xff,0x08,0x83,0xff,0x08,0x83,0xff,
    0x08,0x83,0xff,0x08,0x83,0xff,0x08,0x83,0xff,0x08,0x83,0xff,0x08,0x83,0xff,0x08,0x83,0xff,0x08,0x83,0xff,0x08,0x83,0xff,
    0x08,0x83,0xff,0x08,0x83,0xff,0x08,0x83,0xff,0x08,0x83,0xff,0x08,0x83,0xff,0x08,0x83,0xff,0x08,0x83,0xff,0x08,0x83,0xff,
    0x08,0x83,0xff,0x08,0x83,0xff,0x08,0x83,0xff,0x08,0x83,0xff,0x08,0x83,0xff,0x02,0x6a,0xdc,0x00,0x00,0x00,0x00,0x00,0x00,
    0x00,0x00,0x00,0x00,0x00,0x00,0x02,0x6a,0xdc,0x08,0x83,0xff,0x08,0x83,0xff,0x08,0x83,0xff,0x08,0x83,0xff,0x08,0x83,0xff,
    0x08,0x83,0xff,0x08,0x83,0xff,0x08,0x83,0xff,0x08,0x83,0xff,0x08,0x83,0xff,0x08,0x83,0xff,0x08,0x83,0xff,0x08,0x83,0xff,
    0x08,0x83,0xff,0x08,0x83,0xff,0x08,0x83,0xff,0x08,0x83,0xff,0x08,0x83,0xff,0x08,0x83,0xff,0x08,0x83,0xff,0x08,0x83,0xff,
    0x08,0x83,0xff,0x08,0x83,0xff,0x08,0x83,0xff,0x08,0x83,0xff,0x08,0x83,0xff,0x08,0x83,0xff,0x08,0x83,0xff,0x08,0x83,0xff,
    0x08,0x83,0xff,0x08,0x83,0xff,0x08,0x83,0xff,0x08,0x83,0xff,0x08,0x83,0xff,0x08,0x83,0xff,0x08,0xa3,0xff,0x08,0xe4,0xff,
    0x09,0x46,0xff,0x09,0xa8,0xff,0x07,0x3f,0xff,0x07,0x3f,0xff,0x02,0x2a,0xff,0x01,0xe8,0xff,0x09,0x87,0xff,0x09,0x25,0xff,
    0x08,0xe4,0xff,0x08,0xa3,0xff,0x08,0x83,0xff,0x08,0x83,0xff,0x08,0x83,0xff,0x08,0x83,0xff,0x08,0x83,0xff,0x08,0x83,0xff,
    0x08,0x83,0xff,0x08,0x83,0xff,0x08,0x83,0xff,0x08,0x83,0xff,0x08,0x83,0xff,0x08,0x83,0xff,0x08,0x83,0xff,0x08,0x83,0xff,
    0x08,0x83,0xff,0x08,0x83,0xff,0x08,0x83,0xff,0x08,0x83,0xff,0x08,0x83,0xff,0x08,0x83,0xff,0x08,0x83,0xff,0x08,0x83,0xff,
    0x08,0x83,0xff,0x08,0x83,0xff,0x08,0x83,0xff,0x08,0x83,0xff,0x08,0x83,0xff,0x08,0x83,0xff,0x08,0x83,0xff,0x08,0x83,0xff,
    0x08,0x83,0xff,0x08,0x83,0xff,0x08,0x83,0xff,0x08,0x83,0xff,0x08,0x83,0xff,0x08,0x83,0xff,0x08,0xa3,0xff,0x08,0xc4,0xff,
    0x09,0x05,0xff,0x09,0x46,0xff,0x09,0xa7,0xff,0x01,0xe9,0xff,0x07,0x3f,0xff,0x07,0x3f,0xff,0x07,0x3f,0xff,0x09,0xa7,0xff,
    0x09,0x26,0xff,0x08,0xe4,0xff,0x08,0xa3,0xff,0x08,0x83,0xff,0x08,0x83,0xff,0x08,0x83,0xff,0x08,0x83,0xff,0x08,0x83,0xff,
    0x08,0x83,0xff,0x08,0x83,0xff,0x08,0x83,0xff,0x08,0x83,0xff,0x08,0x83,0xff,0x08,0x83,0xff,0x08,0x83,0xff,0x08,0x83,0xff,
    0x08,0x83,0xff,0x08,0x83,0xff,0x08,0x83,0xff,0x08,0x83,0xff,0x08,0x83,0xff,0x08,0x83,0xff,0x08,0x83,0xff,0x08,0x83,0xff,
    0x08,0x83,0xff,0x08,0x83,0xff,0x08,0x83,0xff,0x08,0x83,0xff,0x08,0x83,0xff,0x08,0x83,0xff,0x08,0x83,0xff,0x08,0x83,0xff,
    0x08,0x83,0xff,0x08,0x83,0xff,0x08,0x83,0xff,0x08,0x83,0xff,0x08,0x83,0xff,0x02,0x6a,0xdc,0x00,0x00,0x00,0x00,0x00,0x00,
    0x00,0x00,0x00,0x00,0x00,0x00,0x02,0x6a,0xdc,0x08,0x83,0xff,0x08,0x83,0xff,0x08,0x83,0xff,0x08,0x83,0xff,0x08,0x83,0xff,
    0x08,0x83,0xff,0x08,0x83,0xff,0x08,0x83,0xff,0x08,0x83,0xff,0x08,0x83,0xff,0x08,0x83,0xff,0x08,0x83,0xff,0x08,0x83,0xff,
    0x08,0x83,0xff,0x08,0x83,0xff,0x08,0x83,0xff,0x08,0x83,0xff,0x08,0x83,0xff,0x08,0x83,0xff,0x08,0x83,0xff,0x08,0x83,0xff,
    0x08,0x83,0xff,0x08,0x83,0xff,0x08,0x83,0xff,0x08,0x83,0xff,0x08,0x83,0xff,0x08,0x83,0xff,0x08,0x83,0xff,0x08,0x83,0xff,
    0x08,0x83,0xff,0x08,0x83,0xff,0x08,0x83,0xff,0x08,0x83,0xff,0x08,0x83,0xff,0x08,0xa3,0xff,0x08,0xc4,0xff,0x09,0x05,0xff,
    0x09,0x66,0xff,0x07,0x3f,0xff,0x07,0x3f,0xff,0x07,0x3f,0xff,0x02,0x09,0xff,0x01,0xc8,0xff,0x09,0x66,0xff,0x09,0x05,0xff,
    0x08,0xc4,0xff,0x08,0xa3,0xff,0x08,0x83,0xff,0x08,0x83,0xff,0x08,0x83,0xff,0x08,0x83,0xff,0x08,0x83,0xff,0x08,0x83,0xff,
    0x08,0x83,0xff,0x08,0x83,0xff,0x08,0x83,0xff,0x08,0x83,0xff,0x08,0x83,0xff,0x08,0x83,0xff,0x08,0x83,0xff,0x08,0x83,0xff,
    0x08,0x83,0xff,0x08,0x83,0xff,0x08,0x83,0xff,0x08,0x83,0xff,0x08,0x83,0xff,0x08,0x83,0xff,0x08,0x83,0xff,0x08,0x83,0xff,
    0x08,0x83,0xff,0x08,0x83,0xff,0x08,0x83,0xff,0x08,0x83,0xff,0x08,0x83,0xff,0x08,0x83,0xff,0x08,0x83,0xff,0x08,0x83,0xff,
    0x08,0x83,0xff,0x08,0x83,0xff,0x08,0x83,0xff,0x08,0x83,0xff,0x08,0x83,0xff,0x08,0x83,0xff,0x08,0x83,0xff,0x08,0xa3,0xff,
    0x08,0xe4,0xff,0x09,0x25,0xff,0x09,0x87,0xff,0x01,0xe8,0xff,0x02,0x2a,0xff,0x07,0x3f,0xff,0x07,0x3f,0xff,0x07,0x3f,0xff,
    0x09,0x66,0xff,0x09,0x05,0xff,0x08,0xc3,0xff,0x08,0x83,0xff,0x08,0x83,0xff,0x08,0x83,0xff,0x08,0x83,0xff,0x08,0x83,0xff,
    0x08,0x83,0xff,0x08,0x83,0xff,0x08,0x83,0xff,0x08,0x83,0xff,0x08,0x83,0xff,0x08,0x83,0xff,0x08,0x83,0xff,0x08,0x83,0xff,
    0x08,0x83,0xff,0x08,0x83,0xff,0x08,0x83,0xff,0x08,0x83,0xff,0x08,0x83,0xff,0x08,0x83,0xff,0x08,0x83,0xff,0x08,0x83,0xff,
    0x08,0x83,0xff,0x08,0x83,0xff,0x08,0x83,0xff,0x08,0x83,0xff,0x08,0x83,0xff,0x08,0x83,0xff,0x08,0x83,0xff,0x08,0x83,0xff,
    0x08,0x83,0xff,0x08,0x83,0xff,0x08,0x83,0xff,0x08,0x83,0xff,0x08,0x83,0xff,0x02,0x6a,0xdc,0x00,0x00,0x00,0x00,0x00,0x00,
    0x00,0x00,0x00,0x00,0x00,0x00,0x02,0x6a,0xdc,0x08,0x83,0xff,0x08,0x83,0xff,0x08,0x83,0xff,0x08,0x83,0xff,0x08,0x83,0xff,
    0x08,0x83,0xff,0x08,0x83,0xff,0x08,0x83,0xff,0x08,0x83,0xff,0x08,0x83,0xff,0x08,0x83,0xff,0x08,0x83,0xff,0x08,0x83,0xff,
    0x08,0x83,0xff,0x08,0x83,0xff,0x08,0x83,0xff,0x08,0x83,0xff,0x08,0x83,0xff,0x08,0x83,0xff,0x08,0x83,0xff,0x08,0x83,0xff,
    0x08,0x83,0xff,0x08,0x83,0xff,0x08,0x83,0xff,0x08,0x83,0xff,0x08,0x83,0xff,0x08,0x83,0xff,0x08,0x83,0xff,0x08,0x83,0xff,
    0x08,0x83,0xff,0x08,0x83,0xff,0x08,0x83,0xff,0x08,0x83,0xff,0x08,0x83,0xff,0x08,0xa3,0xff,0x08,0xc4,0xff,0x09,0x25,0xff,
    0x09,0x87,0xff,0x07,0x3f,0xff,0x07,0x3f,0xff,0x02,0x4a,0xff,0x02,0x09,0xff,0x09,0xa8,0xff,0x09,0x46,0xff,0x09,0x05,0xff,
    0x08,0xc4,0xff,0x08,0xa3,0xff,0x08,0x83,0xff,0x08,0x83,0xff,0x08,0x83,0xff,0x08,0x83,0xff,0x08,0x83,0xff,0x08,0x83,0xff,
    0x08,0x83,0xff,0x08,0x83,0xff,0x08,0x83,0xff,0x08,0x83,0xff,0x08,0x83,0xff,0x08,0x83,0xff,0x08,0x83,0xff,0x08,0x83,0xff,
    0x08,0x83,0xff,0x08,0x83,0xff,0x08,0x83,0xff,0x08,0x83,0xff,0x08,0x83,0xff,0x08,0x83,0xff,0x08,0x83,0xff,0x08,0x83,0xff,
    0x08,0x83,0xff,0x08,0x83,0xff,0x08,0x83,0xff,0x08,0x83,0xff,0x08,0x83,0xff,0x08,0x83,0xff,0x08,0x83,0xff,0x08,0x83,0xff,
    0x08,0x83,0xff,0x08,0x83,0xff,0x08,0x83,0xff,0x08,0x83,0xff,0x08,0x83,0xff,0x08,0x83,0xff,0x08,0x83,0xff,0x08,0xa3,0xff,
    0x08,0xc4,0xff,0x09,0x05,0xff,0x09,0x66,0xff,0x01,0xc8,0xff,0x02,0x29,0xff,0x02,0x4a,0xff,0x07,0x3f,0xff,0x07,0x3f,0xff,
    0x09,0x67,0xff,0x09,0x05,0xff,0x08,0xc4,0xff,0x08,0xa3,0xff,0x08,0x83,0xff,0x08,0x83,0xff,0x08,0x83,0xff,0x08,0x83,0xff,
    0x08,0x83,0xff,0x08,0x83,0xff,0x08,0x83,0xff,0x08,0x83,0xff,0x08,0x83,0xff,0x08,0x83,0xff,0x08,0x83,0xff,0x08,0x83,0xff,
    0x08,0x83,0xff,0x08,0x83,0xff,0x08,0x83,0xff,0x08,0x83,0xff,0x08,0x83,0xff,0x08,0x83,0xff,0x08,0x83,0xff,0x08,0x83,0xff,
    0x08,0x83,0xff,0x08,0x83,0xff,0x08,0x83,0xff,0x08,0x83,0xff,0x08,0x83,0xff,0x08,0x83,0xff,0x08,0x83,0xff,0x08,0x83,0xff,
    0x08,0x83,0xff,0x08,0x83,0xff,0x08,0x83,0xff,0x08,0x83,0xff,0x08,0x83,0xff,0x02,0x6a,0xdc,0x00,0x00,0x00,0x00,0x00,0x00,
    0x00,0x00,0x00,0x00,0x00,0x00,0x02,0x6a,0xdc,0x08,0x83,0xff,0x08,0x83,0xff,0x08,0x83,0xff,0x08,0x83,0xff,0x08,0x83,0xff,
    0x08,0x83,0xff,0x08,0x83,0xff,0x08,0x83,0xff,0x08,0x83,0xff,0x08,0x83,0xff,0x08,0x83,0xff,0x08,0x83,0xff,0x08,0x83,0xff,
    0x08,0x83,0xff,0x08,0x83,0xff,0x08,0x83,0xff,0x08,0x83,0xff,0x08,0x83,0xff,0x08,0x83,0xff,0x08,0x83,0xff,0x08,0x83,0xff,
    0x08,0x83,0xff,0x08,0x83,0xff,0x08,0x83,0xff,0x08,0x83,0xff,0x08,0x83,0xff,0x08,0x83,0xff,0x08,0x83,0xff,0x08,0x83,0xff,
    0x08,0x83,0xff,0x08,0x83,0xff,0x08,0x83,0xff,0x08,0x83,0xff,0x08,0x83,0xff,0x08,0xa3,0xff,0x08,0xc4,0xff,0x09,0x25,0xff,
    0x09,0x87,0xff,0x07,0x3f,0xff,0x07,0x3f,0xff,0x02,0x4a,0xff,0x02,0x09,0xff,0x09,0xc8,0xff,0x09,0x66,0xff,0x09,0x05,0xff,
    0x08,0xc4,0xff,0x08,0xa3,0xff,0x08,0xa3,0xff,0x08,0x83,0xff,0x08,0x83,0xff,0x08,0x83,0xff,0x08,0x83,0xff,0x08,0x83,0xff,
    0x08,0x83,0xff,0x08,0x83,0xff,0x08,0x83,0xff,0x08,0x83,0xff,0x08,0x83,0xff,0x08,0x83,0xff,0x08,0x83,0xff,0x08,0x83,0xff,
    0x08,0x83,0xff,0x08,0x83,0xff,0x08,0x83,0xff,0x08,0x83,0xff,0x08,0x83,0xff,0x08,0x83,0xff,0x08,0x83,0xff,0x08,0x83,0xff,
    0x08,0x83,0xff,0x08,0x83,0xff,0x08,0x83,0xff,0x08,0x83,0xff,0x08,0x83,0xff,0x08,0x83,0xff,0x08,0x83,0xff,0x08,0x83,0xff,
    0x08,0x83,0xff,0x08,0x83,0xff,0x08,0x83,0xff,0x08,0x83,0xff,0x08,0x83,0xff,0x08,0x83,0xff,0x08,0xa3,0xff,0x08,0xa3,0xff,
    0x08,0xe4,0xff,0x09,0x25,0xff,0x09,0x66,0xff,0x01,0xc8,0xff,0x02,0x2a,0xff,0x02,0x4a,0xff,0x07,0x3f,0xff,0x07,0x3f,0xff,
    0x09,0x87,0xff,0x09,0x25,0xff,0x08,0xc4,0xff,0x08,0xa3,0xff,0x08,0x83,0xff,0x08,0x83,0xff,0x08,0x83,0xff,0x08,0x83,0xff,
    0x08,0x83,0xff,0x08,0x83,0xff,0x08,0x83,0xff,0x08,0x83,0xff,0x08,0x83,0xff,0x08,0x83,0xff,0x08,0x83,0xff,0x08,0x83,0xff,
    0x08,0x83,0xff,0x08,0x83,0xff,0x08,0x83,0xff,0x08,0x83,0xff,0x08,0x83,0xff,0x08,0x83,0xff,0x08,0x83,0xff,0x08,0x83,0xff,
    0x08,0x83,0xff,0x08,0x83,0xff,0x08,0x83,0xff,0x08,0x83,0xff,0x08,0x83,0xff,0x08,0x83,0xff,0x08,0x83,0xff,0x08,0x83,0xff,
    0x08,0x83,0xff,0x08,0x83,0xff,0x08,0x83,0xff,0x08,0x83,0xff,0x08,0x83,0xff,0x02,0x6a,0xdc,0x00,0x00,0x00,0x00,0x00,0x00,
    0x00,0x00,0x00,0x00,0x00,0x00,0x02,0x6a,0xdc,0x08,0x83,0xff,0x08,0x83,0xff,0x08,0x83,0xff,0x08,0x83,0xff,0x08,0x83,0xff,
    0x08,0x83,0xff,0x08,0x83,0xff,0x08,0x83,0xff,0x08,0x83,0xff,0x08,0x83,0xff,0x08,0x83,0xff,0x08,0x83,0xff,0x08,0x83,0xff,
    0x08,0x83,0xff,0x08,0x83,0xff,0x08,0x83,0xff,0x08,0x83,0xff,0x08,0x83,0xff,0x08,0x83,0xff,0x08,0x83,0xff,0x08,0x83,0xff,
    0x08,0x83,0xff,0x08,0x83,0xff,0x08,0x83,0xff,0x08,0x83,0xff,0x08,0x83,0xff,0x08,0x83,0xff,0x08,0x83,0xff,0x08,0x83,0xff,
    0x08,0x83,0xff,0x08,0x83,0xff,0x08,0x83,0xff,0x08,0x83,0xff,0x08,0x83,0xff,0x08,0xa3,0xff,0x08,0xc4,0xff,0x09,0x25,0xff,
    0x09,0x87,0xff,0x07,0x3f,0xff,0x07,0x3f,0xff,0x02,0x6a,0xff,0x02,0x2a,0xff,0x01,0xe8,0xff,0x09,0x87,0xff,0x09,0x25,0xff,
    0x08,0xe4,0xff,0x08,0xc4,0xff,0x08,0xc3,0xff,0x08,0xa3,0xff,0x08,0xa3,0xff,0x08,0xa3,0xff,0x08,0xa3,0xff,0x08,0xa3,0xff,
    0x08,0xa3,0xff,0x08,0xa3,0xff,0x08,0xa3,0xff,0x08,0xa3,0xff,0x08,0xa3,0xff,0x08,0xa3,0xff,0x08,0xa3,0xff,0x08,0xa3,0xff,
    0x08,0xa3,0xff,0x08,0xa3,0xff,0x08,0xa3,0xff,0x08,0xa3,0xff,0x08,0xa3,0xff,0x08,0xa3,0xff,0x08,0xa3,0xff,0x08,0xa3,0xff,
    0x08,0xa3,0xff,0x08,0xa3,0xff,0x08,0xa3,0xff,0x08,0xa3,0xff,0x08,0xa3,0xff,0x08,0xa3,0xff,0x08,0xa3,0xff,0x08,0xa3,0xff,
    0x08,0xa3,0xff,0x08,0xa3,0xff,0x08,0xa3,0xff,0x08,0xa3,0xff,0x08,0xa3,0xff,0x08,0xa3,0xff,0x08,0xc3,0xff,0x08,0xc4,0xff,
    0x09,0x05,0xff,0x09,0x46,0xff,0x09,0x87,0xff,0x01,0xe8,0xff,0x02,0x2a,0xff,0x02,0x6a,0xff,0x07,0x3f,0xff,0x07,0x3f,0xff,
    0x09,0x87,0xff,0x09,0x25,0xff,0x08,0xc4,0xff,0x08,0xa3,0xff,0x08,0x83,0xff,0x08,0x83,0xff,0x08,0x83,0xff,0x08,0x83,0xff,
    0x08,0x83,0xff,0x08,0x83,0xff,0x08,0x83,0xff,0x08,0x83,0xff,0x08,0x83,0xff,0x08,0x83,0xff,0x08,0x83,0xff,0x08,0x83,0xff,
    0x08,0x83,0xff,0x08,0x83,0xff,0x08,0x83,0xff,0x08,0x83,0xff,0x08,0x83,0xff,0x08,0x83,0xff,0x08,0x83,0xff,0x08,0x83,0xff,
    0x08,0x83,0xff,0x08,0x83,0xff,0x08,0x83,0xff,0x08,0x83,0xff,0x08,0x83,0xff,0x08,0x83,0xff,0x08,0x83,0xff,0x08,0x83,0xff,
    0x08,0x83,0xff,0x08,0x83,0xff,0x08,0x83,0xff,0x08,0x83,0xff,0x08,0x83,0xff,0x02,0x6a,0xdc,0x00,0x00,0x00,0x00,0x00,0x00,
    0x00,0x00,0x00,0x00,0x00,0x00,0x02,0x6a,0xdc,0x08,0x83,0xff,0x08,0x83,0xff,0x08,0x83,0xff,0x08,0x83,0xff,0x08,0x83,0xff,
    0x08,0x83,0xff,0x08,0x83,0xff,0x08,0x83,0xff,0x08,0x83,0xff,0x08,0x83,0xff,0x08,0x83,0xff,0x08,0x83,0xff,0x08,0x83,0xff,
    0x08,0x83,0xff,0x08,0x83,0xff,0x08,0x83,0xff,0x08,0x83,0xff,0x08,0x83,0xff,0x08,0x83,0xff,0x08,0x83,0xff,0x08,0x83,0xff,
    0x08,0x83,0xff,0x08,0x83,0xff,0x08,0x83,0xff,0x08,0x83,0xff,0x08,0x83,0xff,0x08,0x83,0xff,0x08,0x83,0xff,0x08,0x83,0xff,
    0x08,0x83,0xff,0x08,0x83,0xff,0x08,0x83,0xff,0x08,0x83,0xff,0x08,0x83,0xff,0x08,0xa3,0xff,0x08,0xc4,0xff,0x09,0x25,0xff,
    0x09,0x87,0xff,0x07,0x3f,0xff,0x07,0x3f,0xff,0x02,0x6b,0xff,0x02,0x4a,0xff,0x02,0x09,0xff,0x09,0xa8,0xff,0x09,0x66,0xff,
    0x09,0x25,0xff,0x09,0x05,0xff,0x08,0xe4,0xff,0x08,0xe4,0xff,0x08,0xe4,0xff,0x08,0xe4,0xff,0x08,0xe4,0xff,0x08,0xe4,0xff,
    0x08,0xe4,0xff,0x08,0xe4,0xff,0x08,0xe4,0xff,0x08,0xe4,0xff,0x08,0xe4,0xff,0x08,0xe4,0xff,0x08,0xe4,0xff,0x08,0xe4,0xff,
    0x08,0xe4,0xff,0x08,0xe4,0xff,0x08,0xe4,0xff,0x08,0xe4,0xff,0x08,0xe4,0xff,0x08,0xe4,0xff,0x08,0xe4,0xff,0x08,0xe4,0xff,
    0x08,0xe4,0xff,0x08,0xe4,0xff,0x08,0xe4,0xff,0x08,0xe4,0xff,0x08,0xe4,0xff,0x08,0xe4,0xff,0x08,0xe4,0xff,0x08,0xe4,0xff,
    0x08,0xe4,0xff,0x08,0xe4,0xff,0x08,0xe4,0xff,0x08,0xe4,0xff,0x08,0xe4,0xff,0x08,0xe4,0xff,0x08,0xe4,0xff,0x09,0x05,0xff,
    0x09,0x26,0xff,0x09,0x66,0xff,0x01,0xc8,0xff,0x02,0x09,0xff,0x02,0x4a,0xff,0x02,0x6b,0xff,0x07,0x3f,0xff,0x07,0x3f,0xff,
    0x09,0x87,0xff,0x09,0x25,0xff,0x08,0xc4,0xff,0x08,0xa3,0xff,0x08,0x83,0xff,0x08,0x83,0xff,0x08,0x83,0xff,0x08,0x83,0xff,
    0x08,0x83,0xff,0x08,0x83,0xff,0x08,0x83,0xff,0x08,0x83,0xff,0x08,0x83,0xff,0x08,0x83,0xff,0x08,0x83,0xff,0x08,0x83,0xff,
    0x08,0x83,0xff,0x08,0x83,0xff,0x08,0x83,0xff,0x08,0x83,0xff,0x08,0x83,0xff,0x08,0x83,0xff,0x08,0x83,0xff,0x08,0x83,0xff,
    0x08,0x83,0xff,0x08,0x83,0xff,0x08,0x83,0xff,0x08,0x83,0xff,0x08,0x83,0xff,0x08,0x83,0xff,0x08,0x83,0xff,0x08,0x83,0xff,
    0x08,0x83,0xff,0x08,0x83,0xff,0x08,0x83,0xff,0x08,0x83,0xff,0x08,0x83,0xff,0x02,0x6a,0xdc,0x00,0x00,0x00,0x00,0x00,0x00,
    0x00,0x00,0x00,0x00,0x00,0x00,0x02,0x6a,0xdc,0x08,0x83,0xff,0x08,0x83,0xff,0x08,0x83,0xff,0x08,0x83,0xff,0x08,0x83,0xff,
    0x08,0x83,0xff,0x08,0x83,0xff,0x08,0x83,0xff,0x08,0x83,0xff,0x08,0x83,0xff,0x08,0x83,0xff,0x08,0x83,0xff,0x08,0x83,0xff,
    0x08,0x83,0xff,0x08,0x83,0xff,0x08,0x83,0xff,0x08,0x83,0xff,0x08,0x83,0xff,0x08,0x83,0xff,0x08,0x83,0xff,0x08,0x83,0xff,
    0x08,0x83,0xff,0x08,0x83,0xff,0x08,0x83,0xff,0x08,0x83,0xff,0x08,0x83,0xff,0x08,0x83,0xff,0x08,0x83,0xff,0x08,0x83,0xff,
    0x08,0x83,0xff,0x08,0x83,0xff,0x08,0x83,0xff,0x08,0x83,0xff,0x08,0x83,0xff,0x08,0xa3,0xff,0x08,0xc4,0xff,0x09,0x25,0xff,
    0x09,0x87,0xff,0x07,0x3f,0xff,0x07,0x3f,0xff,0x02,0x6b,0xff,0x02,0x6b,0xff,0x02,0x4a,0xff,0x02,0x09,0xff,0x09,0xa8,0xff,
    0x09,0x87,0xff,0x09,0x66,0xff,0x09,0x46,0xff,0x09,0x46,0xff,0x09,0x25,0xff,0x09,0x25,0xff,0x09,0x25,0xff,0x09,0x25,0xff,
    0x09,0x25,0xff,0x09,0x25,0xff,0x09,0x25,0xff,0x09,0x25,0xff,0x09,0x25,0xff,0x09,0x25,0xff,0x09,0x25,0xff,0x09,0x25,0xff,
    0x09,0x25,0xff,0x09,0x25,0xff,0x09,0x25,0xff,0x09,0x25,0xff,0x09,0x25,0xff,0x09,0x25,0xff,0x09,0x25,0xff,0x09,0x25,0xff,
    0x09,0x25,0xff,0x09,0x25,0xff,0x09,0x25,0xff,0x09,0x25,0xff,0x09,0x25,0xff,0x09,0x25,0xff,0x09,0x25,0xff,0x09,0x25,0xff,
    0x09,0x25,0xff,0x09,0x25,0xff,0x09,0x25,0xff,0x09,0x25,0xff,0x09,0x25,0xff,0x09,0x46,0xff,0x09,0x46,0xff,0x09,0x66,0xff,
    0x09,0x87,0xff,0x09,0xc8,0xff,0x02,0x09,0xff,0x02,0x4a,0xff,0x02,0x6b,0xff,0x02,0x6b,0xff,0x07,0x3f,0xff,0x07,0x3f,0xff,
    0x09,0x87,0xff,0x09,0x25,0xff,0x08,0xc4,0xff,0x08,0xa3,0xff,0x08,0x83,0xff,0x08,0x83,0xff,0x08,0x83,0xff,0x08,0x83,0xff,
    0x08,0x83,0xff,0x08,0x83,0xff,0x08,0x83,0xff,0x08,0x83,0xff,0x08,0x83,0xff,0x08,0x83,0xff,0x08,0x83,0xff,0x08,0x83,0xff,
    0x08,0x83,0xff,0x08,0x83,0xff,0x08,0x83,0xff,0x08,0x83,0xff,0x08,0x83,0xff,0x08,0x83,0xff,0x08,0x83,0xff,0x08,0x83,0xff,
    0x08,0x83,0xff,0x08,0x83,0xff,0x08,0x83,0xff,0x08,0x83,0xff,0x08,0x83,0xff,0x08,0x83,0xff,0x08,0x83,0xff,0x08,0x83,0xff,
    0x08,0x83,0xff,0x08,0x83,0xff,0x08,0x83,0xff,0x08,0x83,0xff,0x08,0x83,0xff,0x02,0x6a,0xdc,0x00,0x00,0x00,0x00,0x00,0x00,
    0x00,0x00,0x00,0x00,0x00,0x00,0x02,0x6a,0xdc,0x08,0x83,0xff,0x08,0x83,0xff,0x08,0x83,0xff,0x08,0x83,0xff,0x08,0x83,0xff,
    0x08,0x83,0xff,0x08,0x83,0xff,0x08,0x83,0xff,0x08,0x83,0xff,0x08,0x83,0xff,0x08,0x83,0xff,0x08,0x83,0xff,0x08,0x83,0xff,
    0x08,0x83,0xff,0x08,0x83,0xff,0x08,0x83,0xff,0x08,0x83,0xff,0x08,0x83,0xff,0x08,0x83,0xff,0x08,0x83,0xff,0x08,0x83,0xff,
    0x08,0x83,0xff,0x08,0x83,0xff,0x08,0x83,0xff,0x08,0x83,0xff,0x08,0x83,0xff,0x08,0x83,0xff,0x08,0x83,0xff,0x08,0x83,0xff,
    0x08,0x83,0xff,0x08,0x83,0xff,0x08,0x83,0xff,0x08,0x83,0xff,0x08,0x83,0xff,0x08,0xa3,0xff,0x08,0xc4,0xff,0x09,0x05,0xff,
    0x09,0x66,0xff,0x07,0x3f,0xff,0x07,0x3f,0xff,0x02,0x6b,0xff,0x02,0x8b,0xff,0x02,0x6b,0xff,0x02,0x2a,0xff,0x02,0x09,0xff,
    0x01,0xc8,0xff,0x09,0xa8,0xff,0x09,0xa7,0xff,0x09,0xa7,0xff,0x09,0x87,0xff,0x09,0x87,0xff,0x09,0x87,0xff,0x09,0x87,0xff,
    0x09,0x87,0xff,0x09,0x87,0xff,0x09,0x87,0xff,0x09,0x87,0xff,0x09,0x87,0xff,0x09,0x87,0xff,0x09,0x87,0xff,0x09,0x87,0xff,
    0x09,0x87,0xff,0x09,0x87,0xff,0x09,0x87,0xff,0x09,0x87,0xff,0x09,0x87,0xff,0x09,0x87,0xff,0x09,0x87,0xff,0x09,0x87,0xff,
    0x09,0x87,0xff,0x09,0x87,0xff,0x09,0x87,0xff,0x09,0x87,0xff,0x09,0x87,0xff,0x09,0x87,0xff,0x09,0x87,0xff,0x09,0x87,0xff,
    0x09,0x87,0xff,0x09,0x87,0xff,0x09,0x87,0xff,0x09,0x87,0xff,0x09,0x87,0xff,0x09,0xa7,0xff,0x09,0xa7,0xff,0x09,0xc8,0xff,
    0x01,0xe8,0xff,0x02,0x09,0xff,0x02,0x4a,0xff,0x02,0x6b,0xff,0x02,0x8b,0xff,0x02,0x6b,0xff,0x07,0x3f,0xff,0x07,0x3f,0xff,
    0x09,0x66,0xff,0x09,0x05,0xff,0x08,0xc4,0xff,0x08,0xa3,0xff,0x08,0x83,0xff,0x08,0x83,0xff,0x08,0x83,0xff,0x08,0x83,0xff,
    0x08,0x83,0xff,0x08,0x83,0xff,0x08,0x83,0xff,0x08,0x83,0xff,0x08,0x83,0xff,0x08,0x83,0xff,0x08,0x83,0xff,0x08,0x83,0xff,
    0x08,0x83,0xff,0x08,0x83,0xff,0x08,0x83,0xff,0x08,0x83,0xff,0x08,0x83,0xff,0x08,0x83,0xff,0x08,0x83,0xff,0x08,0x83,0xff,
    0x08,0x83,0xff,0x08,0x83,0xff,0x08,0x83,0xff,0x08,0x83,0xff,0x08,0x83,0xff,0x08,0x83,0xff,0x08,0x83,0xff,0x08,0x83,0xff,
    0x08,0x83,0xff,0x08,0x83,0xff,0x08,0x83,0xff,0x08,0x83,0xff,0x08,0x83,0xff,0x02,0x6a,0xdc,0x00,0x00,0x00,0x00,0x00,0x00,
    0x00,0x00,0x00,0x00,0x00,0x00,0x02,0x6a,0xdc,0x08,0x83,0xff,0x08,0x83,0xff,0x08,0x83,0xff,0x08,0x83,0xff,0x08,0x83,0xff,
    0x08,0x83,0xff,0x08,0x83,0xff,0x08,0x83,0xff,0x08,0x83,0xff,0x08,0x83,0xff,0x08,0x83,0xff,0x08,0x83,0xff,0x08,0x83,0xff,
    0x08,0x83,0xff,0x08,0x83,0xff,0x08,0x83,0xff,0x08,0x83,0xff,0x08,0x83,0xff,0x08,0x83,0xff,0x08,0x83,0xff,0x08,0x83,0xff,
    0x08,0x83,0xff,0x08,0x83,0xff,0x08,0x83,0xff,0x08,0x83,0xff,0x08,0x83,0xff,0x08,0x83,0xff,0x08,0x83,0xff,0x08,0x83,0xff,
    0x08,0x83,0xff,0x08,0x83,0xff,0x08,0x83,0xff,0x08,0x83,0xff,0x08,0x83,0xff,0x08,0x83,0xff,0x08,0xa3,0xff,0x08,0xe4,0xff,
    0x09,0x46,0xff,0x07,0x3f,0xff,0x07,0x3f,0xff,0x07,0x3f,0xff,0x07,0x3f,0xff,0x07,0x3f,0xff,0x07,0x3f,0xff,0x07,0x3f,0xff,
    0x07,0x3f,0xff,0x07,0x3f,0xff,0x07,0x3f,0xff,0x07,0x3f,0xff,0x07,0x3f,0xff,0x07,0x3f,0xff,0x07,0x3f,0xff,0x07,0x3f,0xff,
    0x07,0x3f,0xff,0x07,0x3f,0xff,0x07,0x3f,0xff,0x07,0x3f,0xff,0x07,0x3f,0xff,0x07,0x3f,0xff,0x07,0x3f,0xff,0x07,0x3f,0xff,
    0x07,0x3f,0xff,0x07,0x3f,0xff,0x07,0x3f,0xff,0x07,0x3f,0xff,0x07,0x3f,0xff,0x07,0x3f,0xff,0x07,0x3f,0xff,0x07,0x3f,0xff,
    0x07,0x3f,0xff,0x07,0x3f,0xff,0x07,0x3f,0xff,0x07,0x3f,0xff,0x07,0x3f,0xff,0x07,0x3f,0xff,0x07,0x3f,0xff,0x07,0x3f,0xff,
    0x07,0x3f,0xff,0x07,0x3f,0xff,0x07,0x3f,0xff,0x07,0x3f,0xff,0x07,0x3f,0xff,0x07,0x3f,0xff,0x07,0x3f,0xff,0x07,0x3f,0xff,
    0x07,0x3f,0xff,0x07,0x3f,0xff,0x07,0x3f,0xff,0x07,0x3f,0xff,0x07,0x3f,0xff,0x07,0x3f,0xff,0x07,0x3f,0xff,0x07,0x3f,0xff,
    0x09,0x46,0xff,0x08,0xe4,0xff,0x08,0xa3,0xff,0x08,0x83,0xff,0x08,0x83,0xff,0x08,0x83,0xff,0x08,0x83,0xff,0x08,0x83,0xff,
    0x08,0x83,0xff,0x08,0x83,0xff,0x08,0x83,0xff,0x08,0x83,0xff,0x08,0x83,0xff,0x08,0x83,0xff,0x08,0x83,0xff,0x08,0x83,0xff,
    0x08,0x83,0xff,0x08,0x83,0xff,0x08,0x83,0xff,0x08,0x83,0xff,0x08,0x83,0xff,0x08,0x83,0xff,0x08,0x83,0xff,0x08,0x83,0xff,
    0x08,0x83,0xff,0x08,0x83,0xff,0x08,0x83,0xff,0x08,0x83,0xff,0x08,0x83,0xff,0x08,0x83,0xff,0x08,0x83,0xff,0x08,0x83,0xff,
    0x08,0x83,0xff,0x08,0x83,0xff,0x08,0x83,0xff,0x08,0x83,0xff,0x08,0x83,0xff,0x02,0x6a,0xdc,0x00,0x00,0x00,0x00,0x00,0x00,
    0x00,0x00,0x00,0x00,0x00,0x00,0x02,0x6a,0xdc,0x08,0x83,0xff,0x08,0x83,0xff,0x08,0x83,0xff,0x08,0x83,0xff,0x08,0x83,0xff,
    0x08,0x83,0xff,0x08,0x83,0xff,0x08,0x83,0xff,0x08,0x83,0xff,0x08,0x83,0xff,0x08,0x83,0xff,0x08,0x83,0xff,0x08,0x83,0xff,
    0x08,0x83,0xff,0x08,0x83,0xff,0x08,0x83,0xff,0x08,0x83,0xff,0x08,0x83,0xff,0x08,0x83,0xff,0x08,0x83,0xff,0x08,0x83,0xff,
    0x08,0x83,0xff,0x08,0x83,0xff,0x08,0x83,0xff,0x08,0x83,0xff,0x08,0x83,0xff,0x08,0x83,0xff,0x08,0x83,0xff,0x08,0x83,0xff,
    0x08,0x83,0xff,0x08,0x83,0xff,0x08,0x83,0xff,0x08,0x83,0xff,0x08,0x83,0xff,0x08,0x83,0xff,0x08,0xa3,0xff,0x08,0xc4,0xff,
    0x09,0x05,0xff,0x07,0x3f,0xff,0x07,0x3f,0xff,0x07,0x3f,0xff,0x07,0x3f,0xff,0x07,0x3f,0xff,0x07,0x3f,0xff,0x07,0x3f,0xff,
    0x07,0x3f,0xff,0x07,0x3f,0xff,0x07,0x3f,0xff,0x07,0x3f,0xff,0x07,0x3f,0xff,0x07,0x3f,0xff,0x07,0x3f,0xff,0x07,0x3f,0xff,
    0x07,0x3f,0xff,0x07,0x3f,0xff,0x07,0x3f,0xff,0x07,0x3f,0xff,0x07,0x3f,0xff,0x07,0x3f,0xff,0x07,0x3f,0xff,0x07,0x3f,0xff,
    0x07,0x3f,0xff,0x07,0x3f,0xff,0x07,0x3f,0xff,0x07,0x3f,0xff,0x07,0x3f,0xff,0x07,0x3f,0xff,0x07,0x3f,0xff,0x07,0x3f,0xff,
    0x07,0x3f,0xff,0x07,0x3f,0xff,0x07,0x3f,0xff,0x07,0x3f,0xff,0x07,0x3f,0xff,0x07,0x3f,0xff,0x07,0x3f,0xff,0x07,0x3f,0xff,
    0x07,0x3f,0xff,0x07,0x3f,0xff,0x07,0x3f,0xff,0x07,0x3f,0xff,0x07,0x3f,0xff,0x07,0x3f,0xff,0x07,0x3f,0xff,0x07,0x3f,0xff,
    0x07,0x3f,0xff,0x07,0x3f,0xff,0x07,0x3f,0xff,0x07,0x3f,0xff,0x07,0x3f,0xff,0x07,0x3f,0xff,0x07,0x3f,0xff,0x07,0x3f,0xff,
    0x09,0x05,0xff,0x08,0xc4,0xff,0x08,0xa3,0xff,0x08,0x83,0xff,0x08,0x83,0xff,0x08,0x83,0xff,0x08,0x83,0xff,0x08,0x83,0xff,
    0x08,0x83,0xff,0x08,0x83,0xff,0x08,0x83,0xff,0x08,0x83,0xff,0x08,0x83,0xff,0x08,0x83,0xff,0x08,0x83,0xff,0x08,0x83,0xff,
    0x08,0x83,0xff,0x08,0x83,0xff,0x08,0x83,0xff,0x08,0x83,0xff,0x08,0x83,0xff,0x08,0x83,0xff,0x08,0x83,0xff,0x08,0x83,0xff,
    0x08,0x83,0xff,0x08,0x83,0xff,0x08,0x83,0xff,0x08,0x83,0xff,0x08,0x83,0xff,0x08,0x83,0xff,0x08,0x83,0xff,0x08,0x83,0xff,
    0x08,0x83,0xff,0x08,0x83,0xff,0x08,0x83,0xff,0x08,0x83,0xff,0x08,0x83,0xff,0x02,0x6a,0xdc,0x00,0x00,0x00,0x00,0x00,0x00,
    0x00,0x00,0x00,0x00,0x00,0x00,0x02,0x6a,0xdc,0x08,0x83,0xff,0x08,0x83,0xff,0x08,0x83,0xff,0x08,0x83,0xff,0x08,0x83,0xff,
    0x08,0x83,0xff,0x08,0x83,0xff,0x08,0x83,0xff,0x08,0x83,0xff,0x08,0x83,0xff,0x08,0x83,0xff,0x08,0x83,0xff,0x08,0x83,0xff,
    0x08,0x83,0xff,0x08,0x83,0xff,0x08,0x83,0xff,0x08,0x83,0xff,0x08,0x83,0xff,0x08,0x83,0xff,0x08,0x83,0xff,0x08,0x83,0xff,
    0x08,0x83,0xff,0x08,0x83,0xff,0x08,0x83,0xff,0x08,0x83,0xff,0x08,0x83,0xff,0x08,0x83,0xff,0x08,0x83,0xff,0x08,0x83,0xff,
    0x08,0x83,0xff,0x08,0x83,0xff,0x08,0x83,0xff,0x08,0x83,0xff,0x08,0x83,0xff,0x08,0x83,0xff,0x08,0x83,0xff,0x08,0xa3,0xff,
    0x08,0xe4,0xff,0x09,0x25,0xff,0x09,0x66,0xff,0x09,0xa7,0xff,0x01,0xc8,0xff,0x01,0xe9,0xff,0x02,0x09,0xff,0x01,0xe9,0xff,
    0x01,0xe9,0xff,0x01,0xe9,0xff,0x01,0xe8,0xff,0x01,0xe8,0xff,0x01,0xe8,0xff,0x01,0xe8,0xff,0x01,0xe8,0xff,0x01,0xe8,0xff,
    0x01,0xe8,0xff,0x01,0xe8,0xff,0x01,0xe8,0xff,0x01,0xe8,0xff,0x01,0xe8,0xff,0x01,0xe8,0xff,0x01,0xe8,0xff,0x01,0xe8,0xff,
    0x01,0xe8,0xff,0x01,0xe8,0xff,0x01,0xe8,0xff,0x01,0xe8,0xff,0x01,0xe8,0xff,0x01,0xe8,0xff,0x01,0xe8,0xff,0x01,0xe8,0xff,
    0x01,0xe8,0xff,0x01,0xe8,0xff,0x01,0xe8,0xff,0x01,0xe8,0xff,0x01,0xe8,0xff,0x01,0xe8,0xff,0x01,0xe8,0xff,0x01,0xe8,0xff,
    0x01,0xe8,0xff,0x01,0xe8,0xff,0x01,0xe8,0xff,0x01,0xe8,0xff,0x01,0xe8,0xff,0x01,0xe8,0xff,0x01,0xe8,0xff,0x01,0xe9,0xff,
    0x01,0xe9,0xff,0x01,0xe9,0xff,0x02,0x09,0xff,0x01,0xe9,0xff,0x01,0xc8,0xff,0x09,0xa7,0xff,0x09,0x66,0xff,0x09,0x25,0xff,
    0x08,0xe4,0xff,0x08,0xa3,0xff,0x08,0x83,0xff,0x08,0x83,0xff,0x08,0x83,0xff,0x08,0x83,0xff,0x08,0x83,0xff,0x08,0x83,0xff,
    0x08,0x83,0xff,0x08,0x83,0xff,0x08,0x83,0xff,0x08,0x83,0xff,0x08,0x83,0xff,0x08,0x83,0xff,0x08,0x83,0xff,0x08,0x83,0xff,
    0x08,0x83,0xff,0x08,0x83,0xff,0x08,0x83,0xff,0x08,0x83,0xff,0x08,0x83,0xff,0x08,0x83,0xff,0x08,0x83,0xff,0x08,0x83,0xff,
    0x08,0x83,0xff,0x08,0x83,0xff,0x08,0x83,0xff,0x08,0x83,0xff,0x08,0x83,0xff,0x08,0x83,0xff,0x08,0x83,0xff,0x08,0x83,0xff,
    0x08,0x83,0xff,0x08,0x83,0xff,0x08,0x83,0xff,0x08,0x83,0xff,0x08,0x83,0xff,0x02,0x6a,0xdc,0x00,0x00,0x00,0x00,0x00,0x00,
    0x00,0x00,0x00,0x00,0x00,0x00,0x02,0x6a,0xdc,0x08,0x83,0xff,0x08,0x83,0xff,0x08,0x83,0xff,0x08,0x83,0xff,0x08,0x83,0xff,
    0x08,0x83,0xff,0x08,0x83,0xff,0x08,0x83,0xff,0x08,0x83,0xff,0x08,0x83,0xff,0x08,0x83,0xff,0x08,0x83,0xff,0x08,0x83,0xff,
    0x08,0x83,0xff,0x08,0x83,0xff,0x08,0x83,0xff,0x08,0x83,0xff,0x08,0x83,0xff,0x08,0x83,0xff,0x08,0x83,0xff,0x08,0x83,0xff,
    0x08,0x83,0xff,0x08,0x83,0xff,0x08,0x83,0xff,0x08,0x83,0xff,0x08,0x83,0xff,0x08,0x83,0xff,0x08,0x83,0xff,0x08,0x83,0xff,
    0x08,0x83,0xff,0x08,0x83,0xff,0x08,0x83,0xff,0x08,0x83,0xff,0x08,0x83,0xff,0x08,0x83,0xff,0x08,0x83,0xff,0x08,0xa3,0xff,
    0x08,0xc3,0xff,0x08,0xe4,0xff,0x09,0x05,0xff,0x09,0x46,0xff,0x09,0x66,0xff,0x09,0x87,0xff,0x09,0x87,0xff,0x09,0x87,0xff,
    0x09,0x87,0xff,0x09,0x87,0xff,0x09,0x87,0xff,0x09,0x87,0xff,0x09,0x87,0xff,0x09,0x87,0xff,0x09,0x87,0xff,0x09,0x87,0xff,
    0x09,0x87,0xff,0x09,0x87,0xff,0x09,0x87,0xff,0x09,0x87,0xff,0x09,0x87,0xff,0x09,0x87,0xff,0x09,0x87,0xff,0x09,0x87,0xff,
    0x09,0x87,0xff,0x09,0x87,0xff,0x09,0x87,0xff,0x09,0x87,0xff,0x09,0x87,0xff,0x09,0x87,0xff,0x09,0x87,0xff,0x09,0x87,0xff,
    0x09,0x87,0xff,0x09,0x87,0xff,0x09,0x87,0xff,0x09,0x87,0xff,0x09,0x87,0xff,0x09,0x87,0xff,0x09,0x87,0xff,0x09,0x87,0xff,
    0x09,0x87,0xff,0x09,0x87,0xff,0x09,0x87,0xff,0x09,0x87,0xff,0x09,0x87,0xff,0x09,0x87,0xff,0x09,0x87,0xff,0x09,0x87,0xff,
    0x09,0x87,0xff,0x09,0x87,0xff,0x09,0x87,0xff,0x09,0x87,0xff,0x09,0x66,0xff,0x09,0x46,0xff,0x09,0x05,0xff,0x08,0xe4,0xff,
    0x08,0xc3,0xff,0x08,0xa3,0xff,0x08,0x83,0xff,0x08,0x83,0xff,0x08,0x83,0xff,0x08,0x83,0xff,0x08,0x83,0xff,0x08,0x83,0xff,
    0x08,0x83,0xff,0x08,0x83,0xff,0x08,0x83,0xff,0x08,0x83,0xff,0x08,0x83,0xff,0x08,0x83,0xff,0x08,0x83,0xff,0x08,0x83,0xff,
    0x08,0x83,0xff,0x08,0x83,0xff,0x08,0x83,0xff,0x08,0x83,0xff,0x08,0x83,0xff,0x08,0x83,0xff,0x08,0x83,0xff,0x08,0x83,0xff,
    0x08,0x83,0xff,0x08,0x83,0xff,0x08,0x83,0xff,0x08,0x83,0xff,0x08,0x83,0xff,0x08,0x83,0xff,0x08,0x83,0xff,0x08,0x83,0xff,
    0x08,0x83,0xff,0x08,0x83,0xff,0x08,0x83,0xff,0x08,0x83,0xff,0x08,0x83,0xff,0x02,0x6a,0xdc,0x00,0x00,0x00,0x00,0x00,0x00,
    0x00,0x00,0x00,0x00,0x00,0x00,0x02,0x6a,0xdc,0x08,0x83,0xff,0x08,0x83,0xff,0x08,0x83,0xff,0x08,0x83,0xff,0x08,0x83,0xff,
    0x08,0x83,0xff,0x08,0x83,0xff,0x08,0x83,0xff,0x08,0x83,0xff,0x08,0x83,0xff,0x08,0x83,0xff,0x08,0x83,0xff,0x08,0x83,0xff,
    0x08,0x83,0xff,0x08,0x83,0xff,0x08,0x83,0xff,0x08,0x83,0xff,0x08,0x83,0xff,0x08,0x83,0xff,0x08,0x83,0xff,0x08,0x83,0xff,
    0x08,0x83,0xff,0x08,0x83,0xff,0x08,0x83,0xff,0x08,0x83,0xff,0x08,0x83,0xff,0x08,0x83,0xff,0x08,0x83,0xff,0x08,0x83,0xff,
    0x08,0x83,0xff,0x08,0x83,0xff,0x08,0x83,0xff,0x08,0x83,0xff,0x08,0x83,0xff,0x08,0x83,0xff,0x08,0x83,0xff,0x08,0x83,0xff,
    0x08,0xa3,0xff,0x08,0xa3,0xff,0x08,0xc4,0xff,0x08,0xe4,0xff,0x09,0x05,0xff,0x09,0x25,0xff,0x09,0x25,0xff,0x09,0x25,0xff,
    0x09,0x25,0xff,0x09,0x25,0xff,0x09,0x25,0xff,0x09,0x25,0xff,0x09,0x25,0xff,0x09,0x25,0xff,0x09,0x25,0xff,0x09,0x25,0xff,
    0x09,0x25,0xff,0x09,0x25,0xff,0x09,0x25,0xff,0x09,0x25,0xff,0x09,0x25,0xff,0x09,0x25,0xff,0x09,0x25,0xff,0x09,0x25,0xff,
    0x09,0x25,0xff,0x09,0x25,0xff,0x09,0x25,0xff,0x09,0x25,0xff,0x09,0x25,0xff,0x09,0x25,0xff,0x09,0x25,0xff,0x09,0x25,0xff,
    0x09,0x25,0xff,0x09,0x25,0xff,0x09,0x25,0xff,0x09,0x25,0xff,0x09,0x25,0xff,0x09,0x25,0xff,0x09,0x25,0xff,0x09,0x25,0xff,
    0x09,0x25,0xff,0x09,0x25,0xff,0x09,0x25,0xff,0x09,0x25,0xff,0x09,0x25,0xff,0x09,0x25,0xff,0x09,0x25,0xff,0x09,0x25,0xff,
    0x09,0x25,0xff,0x09,0x25,0xff,0x09,0x25,0xff,0x09,0x25,0xff,0x09,0x05,0xff,0x08,0xe4,0xff,0x08,0xc4,0xff,0x08,0xa3,0xff,
    0x08,0xa3,0xff,0x08,0x83,0xff,0x08,0x83,0xff,0x08,0x83,0xff,0x08,0x83,0xff,0x08,0x83,0xff,0x08,0x83,0xff,0x08,0x83,0xff,
    0x08,0x83,0xff,0x08,0x83,0xff,0x08,0x83,0xff,0x08,0x83,0xff,0x08,0x83,0xff,0x08,0x83,0xff,0x08,0x83,0xff,0x08,0x83,0xff,
    0x08,0x83,0xff,0x08,0x83,0xff,0x08,0x83,0xff,0x08,0x83,0xff,0x08,0x83,0xff,0x08,0x83,0xff,0x08,0x83,0xff,0x08,0x83,0xff,
    0x08,0x83,0xff,0x08,0x83,0xff,0x08,0x83,0xff,0x08,0x83,0xff,0x08,0x83,0xff,0x08,0x83,0xff,0x08,0x83,0xff,0x08,0x83,0xff,
    0x08,0x83,0xff,0x08,0x83,0xff,0x08,0x83,0xff,0x08,0x83,0xff,0x08,0x83,0xff,0x02,0x6a,0xdc,0x00,0x00,0x00,0x00,0x00,0x00,
    0x00,0x00,0x00,0x00,0x00,0x00,0x02,0x6a,0xdc,0x08,0x83,0xff,0x08,0x83,0xff,0x08,0x83,0xff,0x08,0x83,0xff,0x08,0x83,0xff,
    0x08,0x83,0xff,0x08,0x83,0xff,0x08,0x83,0xff,0x08,0x83,0xff,0x08,0x83,0xff,0x08,0x83,0xff,0x08,0x83,0xff,0x08,0x83,0xff,
    0x08,0x83,0xff,0x08,0x83,0xff,0x08,0x83,0xff,0x08,0x83,0xff,0x08,0x83,0xff,0x08,0x83,0xff,0x08,0x83,0xff,0x08,0x83,0xff,
    0x08,0x83,0xff,0x08,0x83,0xff,0x08,0x83,0xff,0x08,0x83,0xff,0x08,0x83,0xff,0x08,0x83,0xff,0x08,0x83,0xff,0x08,0x83,0xff,
    0x08,0x83,0xff,0x08,0x83,0xff,0x08,0x83,0xff,0x08,0x83,0xff,0x08,0x83,0xff,0x08,0x83,0xff,0x08,0x83,0xff,0x08,0x83,0xff,
    0x08,0x83,0xff,0x08,0x83,0xff,0x08,0xa3,0xff,0x08,0xa3,0xff,0x08,0xc4,0xff,0x08,0xc4,0xff,0x08,0xc4,0xff,0x08,0xe4,0xff,
    0x08,0xe4,0xff,0x08,0xe4,0xff,0x08,0xe4,0xff,0x08,0xe4,0xff,0x08,0xe4,0xff,0x08,0xe4,0xff,0x08,0xe4,0xff,0x08,0xe4,0xff,
    0x08,0xe4,0xff,0x08,0xe4,0xff,0x08,0xe4,0xff,0x08,0xe4,0xff,0x08,0xe4,0xff,0x08,0xe4,0xff,0x08,0xe4,0xff,0x08,0xe4,0xff,
    0x08,0xe4,0xff,0x08,0xe4,0xff,0x08,0xe4,0xff,0x08,0xe4,0xff,0x08,0xe4,0xff,0x08,0xe4,0xff,0x08,0xe4,0xff,0x08,0xe4,0xff,
    0x08,0xe4,0xff,0x08,0xe4,0xff,0x08,0xe4,0xff,0x08,0xe4,0xff,0x08,0xe4,0xff,0x08,0xe4,0xff,0x08,0xe4,0xff,0x08,0xe4,0xff,
    0x08,0xe4,0xff,0x08,0xe4,0xff,0x08,0xe4,0xff,0x08,0xe4,0xff,0x08,0xe4,0xff,0x08,0xe4,0xff,0x08,0xe4,0xff,0x08,0xe4,0xff,
    0x08,0xe4,0xff,0x08,0xe4,0xff,0x08,0xc4,0xff,0x08,0xc4,0xff,0x08,0xc4,0xff,0x08,0xa3,0xff,0x08,0xa3,0xff,0x08,0x83,0xff,
    0x08,0x83,0xff,0x08,0x83,0xff,0x08,0x83,0xff,0x08,0x83,0xff,0x08,0x83,0xff,0x08,0x83,0xff,0x08,0x83,0xff,0x08,0x83,0xff,
    0x08,0x83,0xff,0x08,0x83,0xff,0x08,0x83,0xff,0x08,0x83,0xff,0x08,0x83,0xff,0x08,0x83,0xff,0x08,0x83,0xff,0x08,0x83,0xff,
    0x08,0x83,0xff,0x08,0x83,0xff,0x08,0x83,0xff,0x08,0x83,0xff,0x08,0x83,0xff,0x08,0x83,0xff,0x08,0x83,0xff,0x08,0x83,0xff,
    0x08,0x83,0xff,0x08,0x83,0xff,0x08,0x83,0xff,0x08,0x83,0xff,0x08,0x83,0xff,0x08,0x83,0xff,0x08,0x83,0xff,0x08,0x83,0xff,
    0x08,0x83,0xff,0x08,0x83,0xff,0x08,0x83,0xff,0x08,0x83,0xff,0x08,0x83,0xff,0x02,0x6a,0xdc,0x00,0x00,0x00,0x00,0x00,0x00,
    0x00,0x00,0x00,0x00,0x00,0x00,0x02,0x6a,0xdc,0x08,0x83,0xff,0x08,0x83,0xff,0x08,0x83,0xff,0x08,0x83,0xff,0x08,0x83,0xff,
    0x08,0x83,0xff,0x08,0x83,0xff,0x08,0x83,0xff,0x08,0x83,0xff,0x08,0x83,0xff,0x08,0x83,0xff,0x08,0x83,0xff,0x08,0x83,0xff,
    0x08,0x83,0xff,0x08,0x83,0xff,0x08,0x83,0xff,0x08,0x83,0xff,0x08,0x83,0xff,0x08,0x83,0xff,0x08,0x83,0xff,0x08,0x83,0xff,
    0x08,0x83,0xff,0x08,0x83,0xff,0x08,0x83,0xff,0x08,0x83,0xff,0x08,0x83,0xff,0x08,0x83,0xff,0x08,0x83,0xff,0x08,0x83,0xff,
    0x08,0x83,0xff,0x08,0x83,0xff,0x08,0x83,0xff,0x08,0x83,0xff,0x08,0x83,0xff,0x08,0x83,0xff,0x08,0x83,0xff,0x08,0x83,0xff,
    0x08,0x83,0xff,0x08,0x83,0xff,0x08,0x83,0xff,0x08,0x83,0xff,0x08,0xa3,0xff,0x08,0xa3,0xff,0x08,0xa3,0xff,0x08,0xa3,0xff,
    0x08,0xa3,0xff,0x08,0xa3,0xff,0x08,0xa3,0xff,0x08,0xa3,0xff,0x08,0xa3,0xff,0x08,0xa3,0xff,0x08,0xa3,0xff,0x08,0xa3,0xff,
    0x08,0xa3,0xff,0x08,0xa3,0xff,0x08,0xa3,0xff,0x08,0xa3,0xff,0x08,0xa3,0xff,0x08,0xa3,0xff,0x08,0xa3,0xff,0x08,0xa3,0xff,
    0x08,0xa3,0xff,0x08,0xa3,0xff,0x08,0xa3,0xff,0x08,0xa3,0xff,0x08,0xa3,0xff,0x08,0xa3,0xff,0x08,0xa3,0xff,0x08,0xa3,0xff,
    0x08,0xa3,0xff,0x08,0xa3,0xff,0x08,0xa3,0xff,0x08,0xa3,0xff,0x08,0xa3,0xff,0x08,0xa3,0xff,0x08,0xa3,0xff,0x08,0xa3,0xff,
    0x08,0xa3,0xff,0x08,0xa3,0xff,0x08,0xa3,0xff,0x08,0xa3,0xff,0x08,0xa3,0xff,0x08,0xa3,0xff,0x08,0xa3,0xff,0x08,0xa3,0xff,
    0x08,0xa3,0xff,0x08,0xa3,0xff,0x08,0xa3,0xff,0x08,0xa3,0xff,0x08,0xa3,0xff,0x08,0x83,0xff,0x08,0x83,0xff,0x08,0x83,0xff,
    0x08,0x83,0xff,0x08,0x83,0xff,0x08,0x83,0xff,0x08,0x83,0xff,0x08,0x83,0xff,0x08,0x83,0xff,0x08,0x83,0xff,0x08,0x83,0xff,
    0x08,0x83,0xff,0x08,0x83,0xff,0x08,0x83,0xff,0x08,0x83,0xff,0x08,0x83,0xff,0x08,0x83,0xff,0x08,0x83,0xff,0x08,0x83,0xff,
    0x08,0x83,0xff,0x08,0x83,0xff,0x08,0x83,0xff,0x08,0x83,0xff,0x08,0x83,0xff,0x08,0x83,0xff,0x08,0x83,0xff,0x08,0x83,0xff,
    0x08,0x83,0xff,0x08,0x83,0xff,0x08,0x83,0xff,0x08,0x83,0xff,0x08,0x83,0xff,0x08,0x83,0xff,0x08,0x83,0xff,0x08,0x83,0xff,
    0x08,0x83,0xff,0x08,0x83,0xff,0x08,0x83,0xff,0x08,0x83,0xff,0x08,0x83,0xff,0x02,0x6a,0xdc,0x00,0x00,0x00,0x00,0x00,0x00,
    0x00,0x00,0x00,0x00,0x00,0x00,0x02,0x6a,0xdc,0x08,0x83,0xff,0x08,0x83,0xff,0x08,0x83,0xff,0x08,0x83,0xff,0x08,0x83,0xff,
    0x08,0x83,0xff,0x08,0x83,0xff,0x08,0x83,0xff,0x08,0x83,0xff,0x08,0x83,0xff,0x08,0x83,0xff,0x08,0x83,0xff,0x08,0x83,0xff,
    0x08,0x83,0xff,0x08,0x83,0xff,0x08,0x83,0xff,0x08,0x83,0xff,0x08,0x83,0xff,0x08,0x83,0xff,0x08,0x83,0xff,0x08,0x83,0xff,
    0x08,0x83,0xff,0x08,0x83,0xff,0x08,0x83,0xff,0x08,0x83,0xff,0x08,0x83,0xff,0x08,0x83,0xff,0x08,0x83,0xff,0x08,0x83,0xff,
    0x08,0x83,0xff,0x08,0x83,0xff,0x08,0x83,0xff,0x08,0x83,0xff,0x08,0x83,0xff,0x08,0x83,0xff,0x08,0x83,0xff,0x08,0x83,0xff,
    0x08,0x83,0xff,0x08,0x83,0xff,0x08,0x83,0xff,0x08,0x83,0xff,0x08,0x83,0xff,0x08,0x83,0xff,0x08,0x83,0xff,0x08,0x83,0xff,
    0x08,0x83,0xff,0x08,0x83,0xff,0x08,0x83,0xff,0x08,0x83,0xff,0x08,0x83,0xff,0x08,0x83,0xff,0x08,0x83,0xff,0x08,0x83,0xff,
    0x08,0x83,0xff,0x08,0x83,0xff,0x08,0x83,0xff,0x08,0x83,0xff,0x08,0x83,0xff,0x08,0x83,0xff,0x08,0x83,0xff,0x08,0x83,0xff,
    0x08,0x83,0xff,0x08,0x83,0xff,0x08,0x83,0xff,0x08,0x83,0xff,0x08,0x83,0xff,0x08,0x83,0xff,0x08,0x83,0xff,0x08,0x83,0xff,
    0x08,0x83,0xff,0x08,0x83,0xff,0x08,0x83,0xff,0x08,0x83,0xff,0x08,0x83,0xff,0x08,0x83,0xff,0x08,0x83,0xff,0x08,0x83,0xff,
    0x08,0x83,0xff,0x08,0x83,0xff,0x08,0x83,0xff,0x08,0x83,0xff,0x08,0x83,0xff,0x08,0x83,0xff,0x08,0x83,0xff,0x08,0x83,0xff,
    0x08,0x83,0xff,0x08,0x83,0xff,0x08,0x83,0xff,0x08,0x83,0xff,0x08,0x83,0xff,0x08,0x83,0xff,0x08,0x83,0xff,0x08,0x83,0xff,
    0x08,0x83,0xff,0x08,0x83,0xff,0x08,0x83,0xff,0x08,0x83,0xff,0x08,0x83,0xff,0x08,0x83,0xff,0x08,0x83,0xff,0x08,0x83,0xff,
    0x08,0x83,0xff,0x08,0x83,0xff,0x08,0x83,0xff,0x08,0x83,0xff,0x08,0x83,0xff,0x08,0x83,0xff,0x08,0x83,0xff,0x08,0x83,0xff,
    0x08,0x83,0xff,0x08,0x83,0xff,0x08,0x83,0xff,0x08,0x83,0xff,0x08,0x83,0xff,0x08,0x83,0xff,0x08,0x83,0xff,0x08,0x83,0xff,
    0x08,0x83,0xff,0x08,0x83,0xff,0x08,0x83,0xff,0x08,0x83,0xff,0x08,0x83,0xff,0x08,0x83,0xff,0x08,0x83,0xff,0x08,0x83,0xff,
    0x08,0x83,0xff,0x08,0x83,0xff,0x08,0x83,0xff,0x08,0x83,0xff,0x08,0x83,0xff,0x02,0x6a,0xdc,0x00,0x00,0x00,0x00,0x00,0x00,
    0x00,0x00,0x00,0x00,0x00,0x00,0x02,0x6a,0xdc,0x08,0x83,0xff,0x08,0x83,0xff,0x08,0x83,0xff,0x08,0x83,0xff,0x08,0x83,0xff,
    0x08,0x83,0xff,0x08,0x83,0xff,0x08,0x83,0xff,0x08,0x83,0xff,0x08,0x83,0xff,0x08,0x83,0xff,0x08,0x83,0xff,0x08,0x83,0xff,
    0x08,0x83,0xff,0x08,0x83,0xff,0x08,0x83,0xff,0x08,0x83,0xff,0x08,0x83,0xff,0x08,0x83,0xff,0x08,0x83,0xff,0x08,0x83,0xff,
    0x08,0x83,0xff,0x08,0x83,0xff,0x08,0x83,0xff,0x08,0x83,0xff,0x08,0x83,0xff,0x08,0x83,0xff,0x08,0x83,0xff,0x08,0x83,0xff,
    0x08,0x83,0xff,0x08,0x83,0xff,0x08,0x83,0xff,0x08,0x83,0xff,0x08,0x83,0xff,0x08,0x83,0xff,0x08,0x83,0xff,0x08,0x83,0xff,
    0x08,0x83,0xff,0x08,0x83,0xff,0x08,0x83,0xff,0x08,0x83,0xff,0x08,0x83,0xff,0x08,0x83,0xff,0x08,0x83,0xff,0x08,0x83,0xff,
    0x08,0x83,0xff,0x08,0x83,0xff,0x08,0x83,0xff,0x08,0x83,0xff,0x08,0x83,0xff,0x08,0x83,0xff,0x08,0x83,0xff,0x08,0x83,0xff,
    0x08,0x83,0xff,0x08,0x83,0xff,0x08,0x83,0xff,0x08,0x83,0xff,0x08,0x83,0xff,0x08,0x83,0xff,0x08,0x83,0xff,0x08,0x83,0xff,
    0x08,0x83,0xff,0x08,0x83,0xff,0x08,0x83,0xff,0x08,0x83,0xff,0x08,0x83,0xff,0x08,0x83,0xff,0x08,0x83,0xff,0x08,0x83,0xff,
    0x08,0x83,0xff,0x08,0x83,0xff,0x08,0x83,0xff,0x08,0x83,0xff,0x08,0x83,0xff,0x08,0x83,0xff,0x08,0x83,0xff,0x08,0x83,0xff,
    0x08,0x83,0xff,0x08,0x83,0xff,0x08,0x83,0xff,0x08,0x83,0xff,0x08,0x83,0xff,0x08,0x83,0xff,0x08,0x83,0xff,0x08,0x83,0xff,
    0x08,0x83,0xff,0x08,0x83,0xff,0x08,0x83,0xff,0x08,0x83,0xff,0x08,0x83,0xff,0x08,0x83,0xff,0x08,0x83,0xff,0x08,0x83,0xff,
    0x08,0x83,0xff,0x08,0x83,0xff,0x08,0x83,0xff,0x08,0x83,0xff,0x08,0x83,0xff,0x08,0x83,0xff,0x08,0x83,0xff,0x08,0x83,0xff,
    0x08,0x83,0xff,0x08,0x83,0xff,0x08,0x83,0xff,0x08,0x83,0xff,0x08,0x83,0xff,0x08,0x83,0xff,0x08,0x83,0xff,0x08,0x83,0xff,
    0x08,0x83,0xff,0x08,0x83,0xff,0x08,0x83,0xff,0x08,0x83,0xff,0x08,0x83,0xff,0x08,0x83,0xff,0x08,0x83,0xff,0x08,0x83,0xff,
    0x08,0x83,0xff,0x08,0x83,0xff,0x08,0x83,0xff,0x08,0x83,0xff,0x08,0x83,0xff,0x08,0x83,0xff,0x08,0x83,0xff,0x08,0x83,0xff,
    0x08,0x83,0xff,0x08,0x83,0xff,0x08,0x83,0xff,0x08,0x83,0xff,0x08,0x83,0xff,0x02,0x6a,0xdc,0x00,0x00,0x00,0x00,0x00,0x00,
    0x00,0x00,0x00,0x00,0x00,0x00,0x02,0x6a,0xdc,0x08,0x83,0xff,0x08,0x83,0xff,0x08,0x83,0xff,0x08,0x83,0xff,0x08,0x83,0xff,
    0x08,0x83,0xff,0x08,0x83,0xff,0x08,0x83,0xff,0x08,0x83,0xff,0x08,0x83,0xff,0x08,0x83,0xff,0x08,0x83,0xff,0x08,0x83,0xff,
    0x08,0x83,0xff,0x08,0x83,0xff,0x08,0x83,0xff,0x08,0x83,0xff,0x08,0x83,0xff,0x08,0x83,0xff,0x08,0x83,0xff,0x08,0x83,0xff,
    0x08,0x83,0xff,0x08,0x83,0xff,0x08,0x83,0xff,0x08,0x83,0xff,0x08,0x83,0xff,0x08,0x83,0xff,0x08,0x83,0xff,0x08,0x83,0xff,
    0x08,0x83,0xff,0x08,0x83,0xff,0x08,0x83,0xff,0x08,0x83,0xff,0x08,0x83,0xff,0x08,0x83,0xff,0x08,0x83,0xff,0x08,0x83,0xff,
    0x08,0x83,0xff,0x08,0x83,0xff,0x08,0x83,0xff,0x08,0x83,0xff,0x08,0x83,0xff,0x08,0x83,0xff,0x08,0x83,0xff,0x08,0x83,0xff,
    0x08,0x83,0xff,0x08,0x83,0xff,0x08,0x83,0xff,0x08,0x83,0xff,0x08,0x83,0xff,0x08,0x83,0xff,0x08,0x83,0xff,0x08,0x83,0xff,
    0x08,0x83,0xff,0x08,0x83,0xff,0x08,0x83,0xff,0x08,0x83,0xff,0x08,0x83,0xff,0x08,0x83,0xff,0x08,0x83,0xff,0x08,0x83,0xff,
    0x08,0x83,0xff,0x08,0x83,0xff,0x08,0x83,0xff,0x08,0x83,0xff,0x08,0x83,0xff,0x08,0x83,0xff,0x08,0x83,0xff,0x08,0x83,0xff,
    0x08,0x83,0xff,0x08,0x83,0xff,0x08,0x83,0xff,0x08,0x83,0xff,0x08,0x83,0xff,0x08,0x83,0xff,0x08,0x83,0xff,0x08,0x83,0xff,
    0x08,0x83,0xff,0x08,0x83,0xff,0x08,0x83,0xff,0x08,0x83,0xff,0x08,0x83,0xff,0x08,0x83,0xff,0x08,0x83,0xff,0x08,0x83,0xff,
    0x08,0x83,0xff,0x08,0x83,0xff,0x08,0x83,0xff,0x08,0x83,0xff,0x08,0x83,0xff,0x08,0x83,0xff,0x08,0x83,0xff,0x08,0x83,0xff,
    0x08,0x83,0xff,0x08,0x83,0xff,0x08,0x83,0xff,0x08,0x83,0xff,0x08,0x83,0xff,0x08,0x83,0xff,0x08,0x83,0xff,0x08,0x83,0xff,
    0x08,0x83,0xff,0x08,0x83,0xff,0x08,0x83,0xff,0x08,0x83,0xff,0x08,0x83,0xff,0x08,0x83,0xff,0x08,0x83,0xff,0x08,0x83,0xff,
    0x08,0x83,0xff,0x08,0x83,0xff,0x08,0x83,0xff,0x08,0x83,0xff,0x08,0x83,0xff,0x08,0x83,0xff,0x08,0x83,0xff,0x08,0x83,0xff,
    0x08,0x83,0xff,0x08,0x83,0xff,0x08,0x83,0xff,0x08,0x83,0xff,0x08,0x83,0xff,0x08,0x83,0xff,0x08,0x83,0xff,0x08,0x83,0xff,
    0x08,0x83,0xff,0x08,0x83,0xff,0x08,0x83,0xff,0x08,0x83,0xff,0x08,0x83,0xff,0x02,0x6a,0xdc,0x00,0x00,0x00,0x00,0x00,0x00,
    0x00,0x00,0x00,0x00,0x00,0x00,0x02,0x6a,0xdc,0x08,0x83,0xff,0x08,0x83,0xff,0x08,0x83,0xff,0x08,0x83,0xff,0x08,0x83,0xff,
    0x08,0x83,0xff,0x08,0x83,0xff,0x08,0x83,0xff,0x08,0x83,0xff,0x08,0x83,0xff,0x08,0x83,0xff,0x08,0x83,0xff,0x08,0x83,0xff,
    0x08,0x83,0xff,0x08,0x83,0xff,0x08,0x83,0xff,0x08,0x83,0xff,0x08,0x83,0xff,0x08,0x83,0xff,0x08,0x83,0xff,0x08,0x83,0xff,
    0x08,0x83,0xff,0x08,0x83,0xff,0x08,0x83,0xff,0x08,0x83,0xff,0x08,0x83,0xff,0x08,0x83,0xff,0x08,0x83,0xff,0x08,0x83,0xff,
    0x08,0x83,0xff,0x08,0x83,0xff,0x08,0x83,0xff,0x08,0x83,0xff,0x08,0x83,0xff,0x08,0x83,0xff,0x08,0x83,0xff,0x08,0x83,0xff,
    0x08,0x83,0xff,0x08,0x83,0xff,0x08,0x83,0xff,0x08,0x83,0xff,0x08,0x83,0xff,0x08,0x83,0xff,0x08,0x83,0xff,0x08,0x83,0xff,
    0x08,0x83,0xff,0x08,0x83,0xff,0x08,0x83,0xff,0x08,0x83,0xff,0x08,0x83,0xff,0x08,0x83,0xff,0x08,0x83,0xff,0x08,0x83,0xff,
    0x08,0x83,0xff,0x08,0x83,0xff,0x08,0x83,0xff,0x08,0x83,0xff,0x08,0x83,0xff,0x08,0x83,0xff,0x08,0x83,0xff,0x08,0x83,0xff,
    0x08,0x83,0xff,0x08,0x83,0xff,0x08,0x83,0xff,0x08,0x83,0xff,0x08,0x83,0xff,0x08,0x83,0xff,0x08,0x83,0xff,0x08,0x83,0xff,
    0x08,0x83,0xff,0x08,0x83,0xff,0x08,0x83,0xff,0x08,0x83,0xff,0x08,0x83,0xff,0x08,0x83,0xff,0x08,0x83,0xff,0x08,0x83,0xff,
    0x08,0x83,0xff,0x08,0x83,0xff,0x08,0x83,0xff,0x08,0x83,0xff,0x08,0x83,0xff,0x08,0x83,0xff,0x08,0x83,0xff,0x08,0x83,0xff,
    0x08,0x83,0xff,0x08,0x83,0xff,0x08,0x83,0xff,0x08,0x83,0xff,0x08,0x83,0xff,0x08,0x83,0xff,0x08,0x83,0xff,0x08,0x83,0xff,
    0x08,0x83,0xff,0x08,0x83,0xff,0x08,0x83,0xff,0x08,0x83,0xff,0x08,0x83,0xff,0x08,0x83,0xff,0x08,0x83,0xff,0x08,0x83,0xff,
    0x08,0x83,0xff,0x08,0x83,0xff,0x08,0x83,0xff,0x08,0x83,0xff,0x08,0x83,0xff,0x08,0x83,0xff,0x08,0x83,0xff,0x08,0x83,0xff,
    0x08,0x83,0xff,0x08,0x83,0xff,0x08,0x83,0xff,0x08,0x83,0xff,0x08,0x83,0xff,0x08,0x83,0xff,0x08,0x83,0xff,0x08,0x83,0xff,
    0x08,0x83,0xff,0x08,0x83,0xff,0x08,0x83,0xff,0x08,0x83,0xff,0x08,0x83,0xff,0x08,0x83,0xff,0x08,0x83,0xff,0x08,0x83,0xff,
    0x08,0x83,0xff,0x08,0x83,0xff,0x08,0x83,0xff,0x08,0x83,0xff,0x08,0x83,0xff,0x02,0x6a,0xdc,0x00,0x00,0x00,0x00,0x00,0x00,
    0x00,0x00,0x00,0x00,0x00,0x00,0x02,0x6a,0xdc,0x08,0x83,0xff,0x08,0x83,0xff,0x08,0x83,0xff,0x08,0x83,0xff,0x08,0x83,0xff,
    0x08,0x83,0xff,0x08,0x83,0xff,0x08,0x83,0xff,0x08,0x83,0xff,0x08,0x83,0xff,0x08,0x83,0xff,0x08,0x83,0xff,0x08,0x83,0xff,
    0x08,0x83,0xff,0x08,0x83,0xff,0x08,0x83,0xff,0x08,0x83,0xff,0x08,0x83,0xff,0x08,0x83,0xff,0x08,0x83,0xff,0x08,0x83,0xff,
    0x08,0x83,0xff,0x08,0x83,0xff,0x08,0x83,0xff,0x08,0x83,0xff,0x08,0x83,0xff,0x08,0x83,0xff,0x08,0x83,0xff,0x08,0x83,0xff,
    0x08,0x83,0xff,0x08,0x83,0xff,0x08,0x83,0xff,0x08,0x83,0xff,0x08,0x83,0xff,0x08,0x83,0xff,0x08,0x83,0xff,0x08,0x83,0xff,
    0x08,0x83,0xff,0x08,0x83,0xff,0x08,0x83,0xff,0x08,0x83,0xff,0x08,0x83,0xff,0x08,0x83,0xff,0x08,0x83,0xff,0x08,0x83,0xff,
    0x08,0x83,0xff,0x08,0x83,0xff,0x08,0x83,0xff,0x08,0x83,0xff,0x08,0x83,0xff,0x08,0x83,0xff,0x08,0x83,0xff,0x08,0x83,0xff,
    0x08,0x83,0xff,0x08,0x83,0xff,0x08,0x83,0xff,0x08,0x83,0xff,0x08,0x83,0xff,0x08,0x83,0xff,0x08,0x83,0xff,0x08,0x83,0xff,
    0x08,0x83,0xff,0x08,0x83,0xff,0x08,0x83,0xff,0x08,0x83,0xff,0x08,0x83,0xff,0x08,0x83,0xff,0x08,0x83,0xff,0x08,0x83,0xff,
    0x08,0x83,0xff,0x08,0x83,0xff,0x08,0x83,0xff,0x08,0x83,0xff,0x08,0x83,0xff,0x08,0x83,0xff,0x08,0x83,0xff,0x08,0x83,0xff,
    0x08,0x83,0xff,0x08,0x83,0xff,0x08,0x83,0xff,0x08,0x83,0xff,0x08,0x83,0xff,0x08,0x83,0xff,0x08,0x83,0xff,0x08,0x83,0xff,
    0x08,0x83,0xff,0x08,0x83,0xff,0x08,0x83,0xff,0x08,0x83,0xff,0x08,0x83,0xff,0x08,0x83,0xff,0x08,0x83,0xff,0x08,0x83,0xff,
    0x08,0x83,0xff,0x08,0x83,0xff,0x08,0x83,0xff,0x08,0x83,0xff,0x08,0x83,0xff,0x08,0x83,0xff,0x08,0x83,0xff,0x08,0x83,0xff,
    0x08,0x83,0xff,0x08,0x83,0xff,0x08,0x83,0xff,0x08,0x83,0xff,0x08,0x83,0xff,0x08,0x83,0xff,0x08,0x83,0xff,0x08,0x83,0xff,
    0x08,0x83,0xff,0x08,0x83,0xff,0x08,0x83,0xff,0x08,0x83,0xff,0x08,0x83,0xff,0x08,0x83,0xff,0x08,0x83,0xff,0x08,0x83,0xff,
    0x08,0x83,0xff,0x08,0x83,0xff,0x08,0x83,0xff,0x08,0x83,0xff,0x08,0x83,0xff,0x08,0x83,0xff,0x08,0x83,0xff,0x08,0x83,0xff,
    0x08,0x83,0xff,0x08,0x83,0xff,0x08,0x83,0xff,0x08,0x83,0xff,0x08,0x83,0xff,0x02,0x6a,0xdc,0x00,0x00,0x00,0x00,0x00,0x00,
    0x00,0x00,0x00,0x00,0x00,0x00,0x02,0x6a,0xdc,0x08,0x83,0xff,0x08,0x83,0xff,0x08,0x83,0xff,0x08,0x83,0xff,0x08,0x83,0xff,
    0x08,0x83,0xff,0x08,0x83,0xff,0x08,0x83,0xff,0x08,0x83,0xff,0x08,0x83,0xff,0x08,0x83,0xff,0x08,0x83,0xff,0x08,0x83,0xff,
    0x08,0x83,0xff,0x08,0x83,0xff,0x08,0x83,0xff,0x08,0x83,0xff,0x08,0x83,0xff,0x08,0x83,0xff,0x08,0x83,0xff,0x08,0x83,0xff,
    0x08,0x83,0xff,0x08,0x83,0xff,0x08,0x83,0xff,0x08,0x83,0xff,0x08,0x83,0xff,0x08,0x83,0xff,0x08,0x83,0xff,0x08,0x83,0xff,
    0x08,0x83,0xff,0x08,0x83,0xff,0x08,0x83,0xff,0x08,0x83,0xff,0x08,0x83,0xff,0x08,0x83,0xff,0x08,0x83,0xff,0x08,0x83,0xff,
    0x08,0x83,0xff,0x08,0x83,0xff,0x08,0x83,0xff,0x08,0x83,0xff,0x08,0x83,0xff,0x08,0x83,0xff,0x08,0x83,0xff,0x08,0x83,0xff,
    0x08,0x83,0xff,0x08,0x83,0xff,0x08,0x83,0xff,0x08,0x83,0xff,0x08,0x83,0xff,0x08,0x83,0xff,0x08,0x83,0xff,0x08,0x83,0xff,
    0x08,0x83,0xff,0x08,0x83,0xff,0x08,0x83,0xff,0x08,0x83,0xff,0x08,0x83,0xff,0x08,0x83,0xff,0x08,0x83,0xff,0x08,0x83,0xff,
    0x08,0x83,0xff,0x08,0x83,0xff,0x08,0x83,0xff,0x08,0x83,0xff,0x08,0x83,0xff,0x08,0x83,0xff,0x08,0x83,0xff,0x08,0x83,0xff,
    0x08,0x83,0xff,0x08,0x83,0xff,0x08,0x83,0xff,0x08,0x83,0xff,0x08,0x83,0xff,0x08,0x83,0xff,0x08,0x83,0xff,0x08,0x83,0xff,
    0x08,0x83,0xff,0x08,0x83,0xff,0x08,0x83,0xff,0x08,0x83,0xff,0x08,0x83,0xff,0x08,0x83,0xff,0x08,0x83,0xff,0x08,0x83,0xff,
    0x08,0x83,0xff,0x08,0x83,0xff,0x08,0x83,0xff,0x08,0x83,0xff,0x08,0x83,0xff,0x08,0x83,0xff,0x08,0x83,0xff,0x08,0x83,0xff,
    0x08,0x83,0xff,0x08,0x83,0xff,0x08,0x83,0xff,0x08,0x83,0xff,0x08,0x83,0xff,0x08,0x83,0xff,0x08,0x83,0xff,0x08,0x83,0xff,
    0x08,0x83,0xff,0x08,0x83,0xff,0x08,0x83,0xff,0x08,0x83,0xff,0x08,0x83,0xff,0x08,0x83,0xff,0x08,0x83,0xff,0x08,0x83,0xff,
    0x08,0x83,0xff,0x08,0x83,0xff,0x08,0x83,0xff,0x08,0x83,0xff,0x08,0x83,0xff,0x08,0x83,0xff,0x08,0x83,0xff,0x08,0x83,0xff,
    0x08,0x83,0xff,0x08,0x83,0xff,0x08,0x83,0xff,0x08,0x83,0xff,0x08,0x83,0xff,0x08,0x83,0xff,0x08,0x83,0xff,0x08,0x83,0xff,
    0x08,0x83,0xff,0x08,0x83,0xff,0x08,0x83,0xff,0x08,0x83,0xff,0x08,0x83,0xff,0x02,0x6a,0xdc,0x00,0x00,0x00,0x00,0x00,0x00,
    0x00,0x00,0x00,0x00,0x00,0x00,0x02,0x6a,0xdc,0x08,0x83,0xff,0x08,0x83,0xff,0x08,0x83,0xff,0x08,0x83,0xff,0x08,0x83,0xff,
    0x08,0x83,0xff,0x08,0x83,0xff,0x08,0x83,0xff,0x08,0x83,0xff,0x08,0x83,0xff,0x08,0x83,0xff,0x08,0x83,0xff,0x08,0x83,0xff,
    0x08,0x83,0xff,0x08,0x83,0xff,0x08,0x83,0xff,0x08,0x83,0xff,0x08,0x83,0xff,0x08,0x83,0xff,0x08,0x83,0xff,0x08,0x83,0xff,
    0x08,0x83,0xff,0x08,0x83,0xff,0x08,0x83,0xff,0x08,0x83,0xff,0x08,0x83,0xff,0x08,0x83,0xff,0x08,0x83,0xff,0x08,0x83,0xff,
    0x08,0x83,0xff,0x08,0x83,0xff,0x08,0x83,0xff,0x08,0x83,0xff,0x08,0x83,0xff,0x08,0x83,0xff,0x08,0x83,0xff,0x08,0x83,0xff,
    0x08,0x83,0xff,0x08,0x83,0xff,0x08,0x83,0xff,0x08,0x83,0xff,0x08,0x83,0xff,0x08,0x83,0xff,0x08,0x83,0xff,0x08,0x83,0xff,
    0x08,0x83,0xff,0x08,0x83,0xff,0x08,0x83,0xff,0x08,0x83,0xff,0x08,0x83,0xff,0x08,0x83,0xff,0x08,0x83,0xff,0x08,0x83,0xff,
    0x08,0x83,0xff,0x08,0x83,0xff,0x08,0x83,0xff,0x08,0x83,0xff,0x08,0x83,0xff,0x08,0x83,0xff,0x08,0x83,0xff,0x08,0x83,0xff,
    0x08,0x83,0xff,0x08,0x83,0xff,0x08,0x83,0xff,0x08,0x83,0xff,0x08,0x83,0xff,0x08,0x83,0xff,0x08,0x83,0xff,0x08,0x83,0xff,
    0x08,0x83,0xff,0x08,0x83,0xff,0x08,0x83,0xff,0x08,0x83,0xff,0x08,0x83,0xff,0x08,0x83,0xff,0x08,0x83,0xff,0x08,0x83,0xff,
    0x08,0x83,0xff,0x08,0x83,0xff,0x08,0x83,0xff,0x08,0x83,0xff,0x08,0x83,0xff,0x08,0x83,0xff,0x08,0x83,0xff,0x08,0x83,0xff,
    0x08,0x83,0xff,0x08,0x83,0xff,0x08,0x83,0xff,0x08,0x83,0xff,0x08,0x83,0xff,0x08,0x83,0xff,0x08,0x83,0xff,0x08,0x83,0xff,
    0x08,0x83,0xff,0x08,0x83,0xff,0x08,0x83,0xff,0x08,0x83,0xff,0x08,0x83,0xff,0x08,0x83,0xff,0x08,0x83,0xff,0x08,0x83,0xff,
    0x08,0x83,0xff,0x08,0x83,0xff,0x08,0x83,0xff,0x08,0x83,0xff,0x08,0x83,0xff,0x08,0x83,0xff,0x08,0x83,0xff,0x08,0x83,0xff,
    0x08,0x83,0xff,0x08,0x83,0xff,0x08,0x83,0xff,0x08,0x83,0xff,0x08,0x83,0xff,0x08,0x83,0xff,0x08,0x83,0xff,0x08,0x83,0xff,
    0x08,0x83,0xff,0x08,0x83,0xff,0x08,0x83,0xff,0x08,0x83,0xff,0x08,0x83,0xff,0x08,0x83,0xff,0x08,0x83,0xff,0x08,0x83,0xff,
    0x08,0x83,0xff,0x08,0x83,0xff,0x08,0x83,0xff,0x08,0x83,0xff,0x08,0x83,0xff,0x02,0x6a,0xdc,0x00,0x00,0x00,0x00,0x00,0x00,
    0x00,0x00,0x00,0x00,0x00,0x00,0x02,0x6a,0xdc,0x08,0x83,0xff,0x08,0x83,0xff,0x08,0x83,0xff,0x08,0x83,0xff,0x08,0x83,0xff,
    0x08,0x83,0xff,0x08,0x83,0xff,0x08,0x83,0xff,0x08,0x83,0xff,0x08,0x83,0xff,0x08,0x83,0xff,0x08,0x83,0xff,0x08,0x83,0xff,
    0x08,0x83,0xff,0x08,0x83,0xff,0x08,0x83,0xff,0x08,0x83,0xff,0x08,0x83,0xff,0x08,0x83,0xff,0x08,0x83,0xff,0x08,0x83,0xff,
    0x08,0x83,0xff,0x08,0x83,0xff,0x08,0x83,0xff,0x08,0x83,0xff,0x08,0x83,0xff,0x08,0x83,0xff,0x08,0x83,0xff,0x08,0x83,0xff,
    0x08,0x83,0xff,0x08,0x83,0xff,0x08,0x83,0xff,0x08,0x83,0xff,0x08,0x83,0xff,0x08,0x83,0xff,0x08,0x83,0xff,0x08,0x83,0xff,
    0x08,0x83,0xff,0x08,0x83,0xff,0x08,0x83,0xff,0x08,0x83,0xff,0x08,0x83,0xff,0x08,0x83,0xff,0x08,0x83,0xff,0x08,0x83,0xff,
    0x08,0x83,0xff,0x08,0x83,0xff,0x08,0x83,0xff,0x08,0x83,0xff,0x08,0x83,0xff,0x08,0x83,0xff,0x08,0x83,0xff,0x08,0x83,0xff,
    0x08,0x83,0xff,0x08,0x83,0xff,0x08,0x83,0xff,0x08,0x83,0xff,0x08,0x83,0xff,0x08,0x83,0xff,0x08,0x83,0xff,0x08,0x83,0xff,
    0x08,0x83,0xff,0x08,0x83,0xff,0x08,0x83,0xff,0x08,0x83,0xff,0x08,0x83,0xff,0x08,0x83,0xff,0x08,0x83,0xff,0x08,0x83,0xff,
    0x08,0x83,0xff,0x08,0x83,0xff,0x08,0x83,0xff,0x08,0x83,0xff,0x08,0x83,0xff,0x08,0x83,0xff,0x08,0x83,0xff,0x08,0x83,0xff,
    0x08,0x83,0xff,0x08,0x83,0xff,0x08,0x83,0xff,0x08,0x83,0xff,0x08,0x83,0xff,0x08,0x83,0xff,0x08,0x83,0xff,0x08,0x83,0xff,
    0x08,0x83,0xff,0x08,0x83,0xff,0x08,0x83,0xff,0x08,0x83,0xff,0x08,0x83,0xff,0x08,0x83,0xff,0x08,0x83,0xff,0x08,0x83,0xff,
    0x08,0x83,0xff,0x08,0x83,0xff,0x08,0x83,0xff,0x08,0x83,0xff,0x08,0x83,0xff,0x08,0x83,0xff,0x08,0x83,0xff,0x08,0x83,0xff,
    0x08,0x83,0xff,0x08,0x83,0xff,0x08,0x83,0xff,0x08,0x83,0xff,0x08,0x83,0xff,0x08,0x83,0xff,0x08,0x83,0xff,0x08,0x83,0xff,
    0x08,0x83,0xff,0x08,0x83,0xff,0x08,0x83,0xff,0x08,0x83,0xff,0x08,0x83,0xff,0x08,0x83,0xff,0x08,0x83,0xff,0x08,0x83,0xff,
    0x08,0x83,0xff,0x08,0x83,0xff,0x08,0x83,0xff,0x08,0x83,0xff,0x08,0x83,0xff,0x08,0x83,0xff,0x08,0x83,0xff,0x08,0x83,0xff,
    0x08,0x83,0xff,0x08,0x83,0xff,0x08,0x83,0xff,0x08,0x83,0xff,0x08,0x83,0xff,0x02,0x6a,0xdc,0x00,0x00,0x00,0x00,0x00,0x00,
    0x00,0x00,0x00,0x00,0x00,0x00,0x02,0x6a,0xdc,0x08,0x83,0xff,0x08,0x83,0xff,0x08,0x83,0xff,0x08,0x83,0xff,0x08,0x83,0xff,
    0x08,0x83,0xff,0x08,0x83,0xff,0x08,0x83,0xff,0x08,0x83,0xff,0x08,0x83,0xff,0x08,0x83,0xff,0x08,0x83,0xff,0x08,0x83,0xff,
    0x08,0x83,0xff,0x08,0x83,0xff,0x08,0x83,0xff,0x08,0x83,0xff,0x08,0x83,0xff,0x08,0x83,0xff,0x08,0x83,0xff,0x08,0x83,0xff,
    0x08,0x83,0xff,0x08,0x83,0xff,0x08,0x83,0xff,0x08,0x83,0xff,0x08,0x83,0xff,0x08,0x83,0xff,0x08,0x83,0xff,0x08,0x83,0xff,
    0x08,0x83,0xff,0x08,0x83,0xff,0x08,0x83,0xff,0x08,0x83,0xff,0x08,0x83,0xff,0x08,0x83,0xff,0x08,0x83,0xff,0x08,0x83,0xff,
    0x08,0x83,0xff,0x08,0x83,0xff,0x08,0x83,0xff,0x08,0x83,0xff,0x08,0x83,0xff,0x08,0x83,0xff,0x08,0x83,0xff,0x08,0x83,0xff,
    0x08,0x83,0xff,0x08,0x83,0xff,0x08,0x83,0xff,0x08,0x83,0xff,0x08,0x83,0xff,0x08,0x83,0xff,0x08,0x83,0xff,0x08,0x83,0xff,
    0x08,0x83,0xff,0x08,0x83,0xff,0x08,0x83,0xff,0x08,0x83,0xff,0x08,0x83,0xff,0x08,0x83,0xff,0x08,0x83,0xff,0x08,0x83,0xff,
    0x08,0x83,0xff,0x08,0x83,0xff,0x08,0x83,0xff,0x08,0x83,0xff,0x08,0x83,0xff,0x08,0x83,0xff,0x08,0x83,0xff,0x08,0x83,0xff,
    0x08,0x83,0xff,0x08,0x83,0xff,0x08,0x83,0xff,0x08,0x83,0xff,0x08,0x83,0xff,0x08,0x83,0xff,0x08,0x83,0xff,0x08,0x83,0xff,
    0x08,0x83,0xff,0x08,0x83,0xff,0x08,0x83,0xff,0x08,0x83,0xff,0x08,0x83,0xff,0x08,0x83,0xff,0x08,0x83,0xff,0x08,0x83,0xff,
    0x08,0x83,0xff,0x08,0x83,0xff,0x08,0x83,0xff,0x08,0x83,0xff,0x08,0x83,0xff,0x08,0x83,0xff,0x08,0x83,0xff,0x08,0x83,0xff,
    0x08,0x83,0xff,0x08,0x83,0xff,0x08,0x83,0xff,0x08,0x83,0xff,0x08,0x83,0xff,0x08,0x83,0xff,0x08,0x83,0xff,0x08,0x83,0xff,
    0x08,0x83,0xff,0x08,0x83,0xff,0x08,0x83,0xff,0x08,0x83,0xff,0x08,0x83,0xff,0x08,0x83,0xff,0x08,0x83,0xff,0x08,0x83,0xff,
    0x08,0x83,0xff,0x08,0x83,0xff,0x08,0x83,0xff,0x08,0x83,0xff,0x08,0x83,0xff,0x08,0x83,0xff,0x08,0x83,0xff,0x08,0x83,0xff,
    0x08,0x83,0xff,0x08,0x83,0xff,0x08,0x83,0xff,0x08,0x83,0xff,0x08,0x83,0xff,0x08,0x83,0xff,0x08,0x83,0xff,0x08,0x83,0xff,
    0x08,0x83,0xff,0x08,0x83,0xff,0x08,0x83,0xff,0x08,0x83,0xff,0x08,0x83,0xff,0x02,0x6a,0xdc,0x00,0x00,0x00,0x00,0x00,0x00,
    0x00,0x00,0x00,0x00,0x00,0x00,0x02,0x6a,0xdc,0x08,0x83,0xff,0x08,0x83,0xff,0x08,0x83,0xff,0x08,0x83,0xff,0x08,0x83,0xff,
    0x08,0x83,0xff,0x08,0x83,0xff,0x08,0x83,0xff,0x08,0x83,0xff,0x08,0x83,0xff,0x08,0x83,0xff,0x08,0x83,0xff,0x08,0x83,0xff,
    0x08,0x83,0xff,0x08,0x83,0xff,0x08,0x83,0xff,0x08,0x83,0xff,0x08,0x83,0xff,0x08,0x83,0xff,0x08,0x83,0xff,0x08,0x83,0xff,
    0x08,0x83,0xff,0x08,0x83,0xff,0x08,0x83,0xff,0x08,0x83,0xff,0x08,0x83,0xff,0x08,0x83,0xff,0x08,0x83,0xff,0x08,0x83,0xff,
    0x08,0x83,0xff,0x08,0x83,0xff,0x08,0x83,0xff,0x08,0x83,0xff,0x08,0x83,0xff,0x08,0x83,0xff,0x08,0x83,0xff,0x08,0x83,0xff,
    0x08,0x83,0xff,0x08,0x83,0xff,0x08,0x83,0xff,0x08,0x83,0xff,0x08,0x83,0xff,0x08,0x83,0xff,0x08,0x83,0xff,0x08,0x83,0xff,
    0x08,0x83,0xff,0x08,0x83,0xff,0x08,0x83,0xff,0x08,0x83,0xff,0x08,0x83,0xff,0x08,0x83,0xff,0x08,0x83,0xff,0x08,0x83,0xff,
    0x08,0x83,0xff,0x08,0x83,0xff,0x08,0x83,0xff,0x08,0x83,0xff,0x08,0x83,0xff,0x08,0x83,0xff,0x08,0x83,0xff,0x08,0x83,0xff,
    0x08,0x83,0xff,0x08,0x83,0xff,0x08,0x83,0xff,0x08,0x83,0xff,0x08,0x83,0xff,0x08,0x83,0xff,0x08,0x83,0xff,0x08,0x83,0xff,
    0x08,0x83,0xff,0x08,0x83,0xff,0x08,0x83,0xff,0x08,0x83,0xff,0x08,0x83,0xff,0x08,0x83,0xff,0x08,0x83,0xff,0x08,0x83,0xff,
    0x08,0x83,0xff,0x08,0x83,0xff,0x08,0x83,0xff,0x08,0x83,0xff,0x08,0x83,0xff,0x08,0x83,0xff,0x08,0x83,0xff,0x08,0x83,0xff,
    0x08,0x83,0xff,0x08,0x83,0xff,0x08,0x83,0xff,0x08,0x83,0xff,0x08,0x83,0xff,0x08,0x83,0xff,0x08,0x83,0xff,0x08,0x83,0xff,
    0x08,0x83,0xff,0x08,0x83,0xff,0x08,0x83,0xff,0x08,0x83,0xff,0x08,0x83,0xff,0x08,0x83,0xff,0x08,0x83,0xff,0x08,0x83,0xff,
    0x08,0x83,0xff,0x08,0x83,0xff,0x08,0x83,0xff,0x08,0x83,0xff,0x08,0x83,0xff,0x08,0x83,0xff,0x08,0x83,0xff,0x08,0x83,0xff,
    0x08,0x83,0xff,0x08,0x83,0xff,0x08,0x83,0xff,0x08,0x83,0xff,0x08,0x83,0xff,0x08,0x83,0xff,0x08,0x83,0xff,0x08,0x83,0xff,
    0x08,0x83,0xff,0x08,0x83,0xff,0x08,0x83,0xff,0x08,0x83,0xff,0x08,0x83,0xff,0x08,0x83,0xff,0x08,0x83,0xff,0x08,0x83,0xff,
    0x08,0x83,0xff,0x08,0x83,0xff,0x08,0x83,0xff,0x08,0x83,0xff,0x08,0x83,0xff,0x02,0x6a,0xdc,0x00,0x00,0x00,0x00,0x00,0x00,
    0x00,0x00,0x00,0x00,0x00,0x00,0x02,0x6a,0xdc,0x08,0x83,0xff,0x08,0x83,0xff,0x08,0x83,0xff,0x08,0x83,0xff,0x08,0x83,0xff,
    0x08,0x83,0xff,0x08,0x83,0xff,0x08,0x83,0xff,0x08,0x83,0xff,0x08,0x83,0xff,0x08,0x83,0xff,0x08,0x83,0xff,0x08,0x83,0xff,
    0x08,0x83,0xff,0x08,0x83,0xff,0x08,0x83,0xff,0x08,0x83,0xff,0x08,0x83,0xff,0x08,0x83,0xff,0x08,0x83,0xff,0x08,0x83,0xff,
    0x08,0x83,0xff,0x08,0x83,0xff,0x08,0x83,0xff,0x08,0x83,0xff,0x08,0x83,0xff,0x08,0x83,0xff,0x08,0x83,0xff,0x08,0x83,0xff,
    0x08,0x83,0xff,0x08,0x83,0xff,0x08,0x83,0xff,0x08,0x83,0xff,0x08,0x83,0xff,0x08,0x83,0xff,0x08,0x83,0xff,0x08,0x83,0xff,
    0x08,0x83,0xff,0x08,0x83,0xff,0x08,0x83,0xff,0x08,0x83,0xff,0x08,0x83,0xff,0x08,0x83,0xff,0x08,0x83,0xff,0x08,0x83,0xff,
    0x08,0x83,0xff,0x08,0x83,0xff,0x08,0x83,0xff,0x08,0x83,0xff,0x08,0x83,0xff,0x08,0x83,0xff,0x08,0x83,0xff,0x08,0x83,0xff,
    0x08,0x83,0xff,0x08,0x83,0xff,0x08,0x83,0xff,0x08,0x83,0xff,0x08,0x83,0xff,0x08,0x83,0xff,0x08,0x83,0xff,0x08,0x83,0xff,
    0x08,0x83,0xff,0x08,0x83,0xff,0x08,0x83,0xff,0x08,0x83,0xff,0x08,0x83,0xff,0x08,0x83,0xff,0x08,0x83,0xff,0x08,0x83,0xff,
    0x08,0x83,0xff,0x08,0x83,0xff,0x08,0x83,0xff,0x08,0x83,0xff,0x08,0x83,0xff,0x08,0x83,0xff,0x08,0x83,0xff,0x08,0x83,0xff,
    0x08,0x83,0xff,0x08,0x83,0xff,0x08,0x83,0xff,0x08,0x83,0xff,0x08,0x83,0xff,0x08,0x83,0xff,0x08,0x83,0xff,0x08,0x83,0xff,
    0x08,0x83,0xff,0x08,0x83,0xff,0x08,0x83,0xff,0x08,0x83,0xff,0x08,0x83,0xff,0x08,0x83,0xff,0x08,0x83,0xff,0x08,0x83,0xff,
    0x08,0x83,0xff,0x08,0x83,0xff,0x08,0x83,0xff,0x08,0x83,0xff,0x08,0x83,0xff,0x08,0x83,0xff,0x08,0x83,0xff,0x08,0x83,0xff,
    0x08,0x83,0xff,0x08,0x83,0xff,0x08,0x83,0xff,0x08,0x83,0xff,0x08,0x83,0xff,0x08,0x83,0xff,0x08,0x83,0xff,0x08,0x83,0xff,
    0x08,0x83,0xff,0x08,0x83,0xff,0x08,0x83,0xff,0x08,0x83,0xff,0x08,0x83,0xff,0x08,0x83,0xff,0x08,0x83,0xff,0x08,0x83,0xff,
    0x08,0x83,0xff,0x08,0x83,0xff,0x08,0x83,0xff,0x08,0x83,0xff,0x08,0x83,0xff,0x08,0x83,0xff,0x08,0x83,0xff,0x08,0x83,0xff,
    0x08,0x83,0xff,0x08,0x83,0xff,0x08,0x83,0xff,0x08,0x83,0xff,0x08,0x83,0xff,0x02,0x6a,0xdc,0x00,0x00,0x00,0x00,0x00,0x00,
    0x00,0x00,0x00,0x00,0x00,0x00,0x02,0x6a,0xdc,0x08,0x83,0xff,0x08,0x83,0xff,0x08,0x83,0xff,0x08,0x83,0xff,0x08,0x83,0xff,
    0x08,0x83,0xff,0x08,0x83,0xff,0x08,0x83,0xff,0x08,0x83,0xff,0x08,0x83,0xff,0x08,0x83,0xff,0x08,0x83,0xff,0x08,0x83,0xff,
    0x08,0x83,0xff,0x08,0x83,0xff,0x08,0x83,0xff,0x08,0x83,0xff,0x08,0x83,0xff,0x08,0x83,0xff,0x08,0x83,0xff,0x08,0x83,0xff,
    0x08,0x83,0xff,0x08,0x83,0xff,0x08,0x83,0xff,0x08,0x83,0xff,0x08,0x83,0xff,0x08,0x83,0xff,0x08,0x83,0xff,0x08,0x83,0xff,
    0x08,0x83,0xff,0x08,0x83,0xff,0x08,0x83,0xff,0x08,0x83,0xff,0x08,0x83,0xff,0x08,0x83,0xff,0x08,0x83,0xff,0x08,0x83,0xff,
    0x08,0x83,0xff,0x08,0x83,0xff,0x08,0x83,0xff,0x08,0x83,0xff,0x08,0x83,0xff,0x08,0x83,0xff,0x08,0x83,0xff,0x08,0x83,0xff,
    0x08,0x83,0xff,0x08,0x83,0xff,0x08,0x83,0xff,0x08,0x83,0xff,0x08,0x83,0xff,0x08,0x83,0xff,0x08,0x83,0xff,0x08,0x83,0xff,
    0x08,0x83,0xff,0x08,0x83,0xff,0x08,0x83,0xff,0x08,0x83,0xff,0x08,0x83,0xff,0x08,0x83,0xff,0x08,0x83,0xff,0x08,0x83,0xff,
    0x08,0x83,0xff,0x08,0x83,0xff,0x08,0x83,0xff,0x08,0x83,0xff,0x08,0x83,0xff,0x08,0x83,0xff,0x08,0x83,0xff,0x08,0x83,0xff,
    0x08,0x83,0xff,0x08,0x83,0xff,0x08,0x83,0xff,0x08,0x83,0xff,0x08,0x83,0xff,0x08,0x83,0xff,0x08,0x83,0xff,0x08,0x83,0xff,
    0x08,0x83,0xff,0x08,0x83,0xff,0x08,0x83,0xff,0x08,0x83,0xff,0x08,0x83,0xff,0x08,0x83,0xff,0x08,0x83,0xff,0x08,0x83,0xff,
    0x08,0x83,0xff,0x08,0x83,0xff,0x08,0x83,0xff,0x08,0x83,0xff,0x08,0x83,0xff,0x08,0x83,0xff,0x08,0x83,0xff,0x08,0x83,0xff,
    0x08,0x83,0xff,0x08,0x83,0xff,0x08,0x83,0xff,0x08,0x83,0xff,0x08,0x83,0xff,0x08,0x83,0xff,0x08,0x83,0xff,0x08,0x83,0xff,
    0x08,0x83,0xff,0x08,0x83,0xff,0x08,0x83,0xff,0x08,0x83,0xff,0x08,0x83,0xff,0x08,0x83,0xff,0x08,0x83,0xff,0x08,0x83,0xff,
    0x08,0x83,0xff,0x08,0x83,0xff,0x08,0x83,0xff,0x08,0x83,0xff,0x08,0x83,0xff,0x08,0x83,0xff,0x08,0x83,0xff,0x08,0x83,0xff,
    0x08,0x83,0xff,0x08,0x83,0xff,0x08,0x83,0xff,0x08,0x83,0xff,0x08,0x83,0xff,0x08,0x83,0xff,0x08,0x83,0xff,0x08,0x83,0xff,
    0x08,0x83,0xff,0x08,0x83,0xff,0x08,0x83,0xff,0x08,0x83,0xff,0x08,0x83,0xff,0x02,0x6a,0xdc,0x00,0x00,0x00,0x00,0x00,0x00,
    0x00,0x00,0x00,0x00,0x00,0x00,0x02,0x6a,0xdc,0x08,0x83,0xff,0x08,0x83,0xff,0x08,0x83,0xff,0x08,0x83,0xff,0x08,0x83,0xff,
    0x08,0x83,0xff,0x08,0x83,0xff,0x08,0x83,0xff,0x08,0x83,0xff,0x08,0x83,0xff,0x08,0x83,0xff,0x08,0x83,0xff,0x08,0x83,0xff,
    0x08,0x83,0xff,0x08,0x83,0xff,0x08,0x83,0xff,0x08,0x83,0xff,0x08,0x83,0xff,0x08,0x83,0xff,0x08,0x83,0xff,0x08,0x83,0xff,
    0x08,0x83,0xff,0x08,0x83,0xff,0x08,0x83,0xff,0x08,0x83,0xff,0x08,0x83,0xff,0x08,0x83,0xff,0x08,0x83,0xff,0x08,0x83,0xff,
    0x08,0x83,0xff,0x08,0x83,0xff,0x08,0x83,0xff,0x08,0x83,0xff,0x08,0x83,0xff,0x08,0x83,0xff,0x08,0x83,0xff,0x08,0x83,0xff,
    0x08,0x83,0xff,0x08,0x83,0xff,0x08,0x83,0xff,0x08,0x83,0xff,0x08,0x83,0xff,0x08,0x83,0xff,0x08,0x83,0xff,0x08,0x83,0xff,
    0x08,0x83,0xff,0x08,0x83,0xff,0x08,0x83,0xff,0x08,0x83,0xff,0x08,0x83,0xff,0x08,0x83,0xff,0x08,0x83,0xff,0x08,0x83,0xff,
    0x08,0x83,0xff,0x08,0x83,0xff,0x08,0x83,0xff,0x08,0x83,0xff,0x08,0x83,0xff,0x08,0x83,0xff,0x08,0x83,0xff,0x08,0x83,0xff,
    0x08,0x83,0xff,0x08,0x83,0xff,0x08,0x83,0xff,0x08,0x83,0xff,0x08,0x83,0xff,0x08,0x83,0xff,0x08,0x83,0xff,0x08,0x83,0xff,
    0x08,0x83,0xff,0x08,0x83,0xff,0x08,0x83,0xff,0x08,0x83,0xff,0x08,0x83,0xff,0x08,0x83,0xff,0x08,0x83,0xff,0x08,0x83,0xff,
    0x08,0x83,0xff,0x08,0x83,0xff,0x08,0x83,0xff,0x08,0x83,0xff,0x08,0x83,0xff,0x08,0x83,0xff,0x08,0x83,0xff,0x08,0x83,0xff,
    0x08,0x83,0xff,0x08,0x83,0xff,0x08,0x83,0xff,0x08,0x83,0xff,0x08,0x83,0xff,0x08,0x83,0xff,0x08,0x83,0xff,0x08,0x83,0xff,
    0x08,0x83,0xff,0x08,0x83,0xff,0x08,0x83,0xff,0x08,0x83,0xff,0x08,0x83,0xff,0x08,0x83,0xff,0x08,0x83,0xff,0x08,0x83,0xff,
    0x08,0x83,0xff,0x08,0x83,0xff,0x08,0x83,0xff,0x08,0x83,0xff,0x08,0x83,0xff,0x08,0x83,0xff,0x08,0x83,0xff,0x08,0x83,0xff,
    0x08,0x83,0xff,0x08,0x83,0xff,0x08,0x83,0xff,0x08,0x83,0xff,0x08,0x83,0xff,0x08,0x83,0xff,0x08,0x83,0xff,0x08,0x83,0xff,
    0x08,0x83,0xff,0x08,0x83,0xff,0x08,0x83,0xff,0x08,0x83,0xff,0x08,0x83,0xff,0x08,0x83,0xff,0x08,0x83,0xff,0x08,0x83,0xff,
    0x08,0x83,0xff,0x08,0x83,0xff,0x08,0x83,0xff,0x08,0x83,0xff,0x08,0x83,0xff,0x02,0x6a,0xdc,0x00,0x00,0x00,0x00,0x00,0x00,
    0x00,0x00,0x00,0x00,0x00,0x00,0x02,0x6a,0xdc,0x08,0x83,0xff,0x08,0x83,0xff,0x08,0x83,0xff,0x08,0x83,0xff,0x08,0x83,0xff,
    0x08,0x83,0xff,0x08,0x83,0xff,0x08,0x83,0xff,0x08,0x83,0xff,0x08,0x83,0xff,0x08,0x83,0xff,0x08,0x83,0xff,0x08,0x83,0xff,
    0x08,0x83,0xff,0x08,0x83,0xff,0x08,0x83,0xff,0x08,0x83,0xff,0x08,0x83,0xff,0x08,0x83,0xff,0x08,0x83,0xff,0x08,0x83,0xff,
    0x08,0x83,0xff,0x08,0x83,0xff,0x08,0x83,0xff,0x08,0x83,0xff,0x08,0x83,0xff,0x08,0x83,0xff,0x08,0x83,0xff,0x08,0x83,0xff,
    0x08,0x83,0xff,0x08,0x83,0xff,0x08,0x83,0xff,0x08,0x83,0xff,0x08,0x83,0xff,0x08,0x83,0xff,0x08,0x83,0xff,0x08,0x83,0xff,
    0x08,0x83,0xff,0x08,0x83,0xff,0x08,0x83,0xff,0x08,0x83,0xff,0x08,0x83,0xff,0x08,0x83,0xff,0x08,0x83,0xff,0x08,0x83,0xff,
    0x08,0x83,0xff,0x08,0x83,0xff,0x08,0x83,0xff,0x08,0x83,0xff,0x08,0x83,0xff,0x08,0x83,0xff,0x08,0x83,0xff,0x08,0x83,0xff,
    0x08,0x83,0xff,0x08,0x83,0xff,0x08,0x83,0xff,0x08,0x83,0xff,0x08,0x83,0xff,0x08,0x83,0xff,0x08,0x83,0xff,0x08,0x83,0xff,
    0x08,0x83,0xff,0x08,0x83,0xff,0x08,0x83,0xff,0x08,0x83,0xff,0x08,0x83,0xff,0x08,0x83,0xff,0x08,0x83,0xff,0x08,0x83,0xff,
    0x08,0x83,0xff,0x08,0x83,0xff,0x08,0x83,0xff,0x08,0x83,0xff,0x08,0x83,0xff,0x08,0x83,0xff,0x08,0x83,0xff,0x08,0x83,0xff,
    0x08,0x83,0xff,0x08,0x83,0xff,0x08,0x83,0xff,0x08,0x83,0xff,0x08,0x83,0xff,0x08,0x83,0xff,0x08,0x83,0xff,0x08,0x83,0xff,
    0x08,0x83,0xff,0x08,0x83,0xff,0x08,0x83,0xff,0x08,0x83,0xff,0x08,0x83,0xff,0x08,0x83,0xff,0x08,0x83,0xff,0x08,0x83,0xff,
    0x08,0x83,0xff,0x08,0x83,0xff,0x08,0x83,0xff,0x08,0x83,0xff,0x08,0x83,0xff,0x08,0x83,0xff,0x08,0x83,0xff,0x08,0x83,0xff,
    0x08,0x83,0xff,0x08,0x83,0xff,0x08,0x83,0xff,0x08,0x83,0xff,0x08,0x83,0xff,0x08,0x83,0xff,0x08,0x83,0xff,0x08,0x83,0xff,
    0x08,0x83,0xff,0x08,0x83,0xff,0x08,0x83,0xff,0x08,0x83,0xff,0x08,0x83,0xff,0x08,0x83,0xff,0x08,0x83,0xff,0x08,0x83,0xff,
    0x08,0x83,0xff,0x08,0x83,0xff,0x08,0x83,0xff,0x08,0x83,0xff,0x08,0x83,0xff,0x08,0x83,0xff,0x08,0x83,0xff,0x08,0x83,0xff,
    0x08,0x83,0xff,0x08,0x83,0xff,0x08,0x83,0xff,0x08,0x83,0xff,0x08,0x83,0xff,0x02,0x6a,0xdc,0x00,0x00,0x00,0x00,0x00,0x00,
    0x00,0x00,0x00,0x00,0x00,0x00,0x02,0x6a,0xdc,0x08,0x83,0xff,0x08,0x83,0xff,0x08,0x83,0xff,0x08,0x83,0xff,0x08,0x83,0xff,
    0x08,0x83,0xff,0x08,0x83,0xff,0x08,0x83,0xff,0x08,0x83,0xff,0x08,0x83,0xff,0x08,0x83,0xff,0x08,0x83,0xff,0x08,0x83,0xff,
    0x08,0x83,0xff,0x08,0x83,0xff,0x08,0x83,0xff,0x08,0x83,0xff,0x08,0x83,0xff,0x08,0x83,0xff,0x08,0x83,0xff,0x08,0x83,0xff,
    0x08,0x83,0xff,0x08,0x83,0xff,0x08,0x83,0xff,0x08,0x83,0xff,0x08,0x83,0xff,0x08,0x83,0xff,0x08,0x83,0xff,0x08,0x83,0xff,
    0x08,0x83,0xff,0x08,0x83,0xff,0x08,0x83,0xff,0x08,0x83,0xff,0x08,0x83,0xff,0x08,0x83,0xff,0x08,0x83,0xff,0x08,0x83,0xff,
    0x08,0x83,0xff,0x08,0x83,0xff,0x08,0x83,0xff,0x08,0x83,0xff,0x08,0x83,0xff,0x08,0x83,0xff,0x08,0x83,0xff,0x08,0x83,0xff,
    0x08,0x83,0xff,0x08,0x83,0xff,0x08,0x83,0xff,0x08,0x83,0xff,0x08,0x83,0xff,0x08,0x83,0xff,0x08,0x83,0xff,0x08,0x83,0xff,
    0x08,0x83,0xff,0x08,0x83,0xff,0x08,0x83,0xff,0x08,0x83,0xff,0x08,0x83,0xff,0x08,0x83,0xff,0x08,0x83,0xff,0x08,0x83,0xff,
    0x08,0x83,0xff,0x08,0x83,0xff,0x08,0x83,0xff,0x08,0x83,0xff,0x08,0x83,0xff,0x08,0x83,0xff,0x08,0x83,0xff,0x08,0x83,0xff,
    0x08,0x83,0xff,0x08,0x83,0xff,0x08,0x83,0xff,0x08,0x83,0xff,0x08,0x83,0xff,0x08,0x83,0xff,0x08,0x83,0xff,0x08,0x83,0xff,
    0x08,0x83,0xff,0x08,0x83,0xff,0x08,0x83,0xff,0x08,0x83,0xff,0x08,0x83,0xff,0x08,0x83,0xff,0x08,0x83,0xff,0x08,0x83,0xff,
    0x08,0x83,0xff,0x08,0x83,0xff,0x08,0x83,0xff,0x08,0x83,0xff,0x08,0x83,0xff,0x08,0x83,0xff,0x08,0x83,0xff,0x08,0x83,0xff,
    0x08,0x83,0xff,0x08,0x83,0xff,0x08,0x83,0xff,0x08,0x83,0xff,0x08,0x83,0xff,0x08,0x83,0xff,0x08,0x83,0xff,0x08,0x83,0xff,
    0x08,0x83,0xff,0x08,0x83,0xff,0x08,0x83,0xff,0x08,0x83,0xff,0x08,0x83,0xff,0x08,0x83,0xff,0x08,0x83,0xff,0x08,0x83,0xff,
    0x08,0x83,0xff,0x08,0x83,0xff,0x08,0x83,0xff,0x08,0x83,0xff,0x08,0x83,0xff,0x08,0x83,0xff,0x08,0x83,0xff,0x08,0x83,0xff,
    0x08,0x83,0xff,0x08,0x83,0xff,0x08,0x83,0xff,0x08,0x83,0xff,0x08,0x83,0xff,0x08,0x83,0xff,0x08,0x83,0xff,0x08,0x83,0xff,
    0x08,0x83,0xff,0x08,0x83,0xff,0x08,0x83,0xff,0x08,0x83,0xff,0x08,0x83,0xff,0x02,0x6a,0xdc,0x00,0x00,0x00,0x00,0x00,0x00,
    0x00,0x00,0x00,0x00,0x00,0x00,0x02,0x6a,0xdc,0x08,0x83,0xff,0x08,0x83,0xff,0x08,0x83,0xff,0x08,0x83,0xff,0x08,0x83,0xff,
    0x08,0x83,0xff,0x08,0x83,0xff,0x08,0x83,0xff,0x08,0x83,0xff,0x08,0x83,0xff,0x08,0x83,0xff,0x08,0x83,0xff,0x08,0x83,0xff,
    0x08,0x83,0xff,0x08,0x83,0xff,0x08,0x83,0xff,0x08,0x83,0xff,0x08,0x83,0xff,0x08,0x83,0xff,0x08,0x83,0xff,0x08,0x83,0xff,
    0x08,0x83,0xff,0x08,0x83,0xff,0x08,0x83,0xff,0x08,0x83,0xff,0x08,0x83,0xff,0x08,0x83,0xff,0x08,0x83,0xff,0x08,0x83,0xff,
    0x08,0x83,0xff,0x08,0x83,0xff,0x08,0x83,0xff,0x08,0x83,0xff,0x08,0x83,0xff,0x08,0x83,0xff,0x08,0x83,0xff,0x08,0x83,0xff,
    0x08,0x83,0xff,0x08,0x83,0xff,0x08,0x83,0xff,0x08,0x83,0xff,0x08,0x83,0xff,0x08,0x83,0xff,0x08,0x83,0xff,0x08,0x83,0xff,
    0x08,0x83,0xff,0x08,0x83,0xff,0x08,0x83,0xff,0x08,0x83,0xff,0x08,0x83,0xff,0x08,0x83,0xff,0x08,0x83,0xff,0x08,0x83,0xff,
    0x08,0x83,0xff,0x08,0x83,0xff,0x08,0x83,0xff,0x08,0x83,0xff,0x08,0x83,0xff,0x08,0x83,0xff,0x08,0x83,0xff,0x08,0x83,0xff,
    0x08,0x83,0xff,0x08,0x83,0xff,0x08,0x83,0xff,0x08,0x83,0xff,0x08,0x83,0xff,0x08,0x83,0xff,0x08,0x83,0xff,0x08,0x83,0xff,
    0x08,0x83,0xff,0x08,0x83,0xff,0x08,0x83,0xff,0x08,0x83,0xff,0x08,0x83,0xff,0x08,0x83,0xff,0x08,0x83,0xff,0x08,0x83,0xff,
    0x08,0x83,0xff,0x08,0x83,0xff,0x08,0x83,0xff,0x08,0x83,0xff,0x08,0x83,0xff,0x08,0x83,0xff,0x08,0x83,0xff,0x08,0x83,0xff,
    0x08,0x83,0xff,0x08,0x83,0xff,0x08,0x83,0xff,0x08,0x83,0xff,0x08,0x83,0xff,0x08,0x83,0xff,0x08,0x83,0xff,0x08,0x83,0xff,
    0x08,0x83,0xff,0x08,0x83,0xff,0x08,0x83,0xff,0x08,0x83,0xff,0x08,0x83,0xff,0x08,0x83,0xff,0x08,0x83,0xff,0x08,0x83,0xff,
    0x08,0x83,0xff,0x08,0x83,0xff,0x08,0x83,0xff,0x08,0x83,0xff,0x08,0x83,0xff,0x08,0x83,0xff,0x08,0x83,0xff,0x08,0x83,0xff,
    0x08,0x83,0xff,0x08,0x83,0xff,0x08,0x83,0xff,0x08,0x83,0xff,0x08,0x83,0xff,0x08,0x83,0xff,0x08,0x83,0xff,0x08,0x83,0xff,
    0x08,0x83,0xff,0x08,0x83,0xff,0x08,0x83,0xff,0x08,0x83,0xff,0x08,0x83,0xff,0x08,0x83,0xff,0x08,0x83,0xff,0x08,0x83,0xff,
    0x08,0x83,0xff,0x08,0x83,0xff,0x08,0x83,0xff,0x08,0x83,0xff,0x08,0x83,0xff,0x02,0x6a,0xdc,0x00,0x00,0x00,0x00,0x00,0x00,
    0x00,0x00,0x00,0x00,0x00,0x00,0x02,0x6a,0xdc,0x08,0x83,0xff,0x08,0x83,0xff,0x08,0x83,0xff,0x08,0x83,0xff,0x08,0x83,0xff,
    0x08,0x83,0xff,0x08,0x83,0xff,0x08,0x83,0xff,0x08,0x83,0xff,0x08,0x83,0xff,0x08,0x83,0xff,0x08,0x83,0xff,0x08,0x83,0xff,
    0x08,0x83,0xff,0x08,0x83,0xff,0x08,0x83,0xff,0x08,0x83,0xff,0x08,0x83,0xff,0x08,0x83,0xff,0x08,0x83,0xff,0x08,0x83,0xff,
    0x08,0x83,0xff,0x08,0x83,0xff,0x08,0x83,0xff,0x08,0x83,0xff,0x08,0x83,0xff,0x08,0x83,0xff,0x08,0x83,0xff,0x08,0x83,0xff,
    0x08,0x83,0xff,0x08,0x83,0xff,0x08,0x83,0xff,0x08,0x83,0xff,0x08,0x83,0xff,0x08,0x83,0xff,0x08,0x83,0xff,0x08,0x83,0xff,
    0x08,0x83,0xff,0x08,0x83,0xff,0x08,0x83,0xff,0x08,0x83,0xff,0x08,0x83,0xff,0x08,0x83,0xff,0x08,0x83,0xff,0x08,0x83,0xff,
    0x08,0x83,0xff,0x08,0x83,0xff,0x08,0x83,0xff,0x08,0x83,0xff,0x08,0x83,0xff,0x08,0x83,0xff,0x08,0x83,0xff,0x08,0x83,0xff,
    0x08,0x83,0xff,0x08,0x83,0xff,0x08,0x83,0xff,0x08,0x83,0xff,0x08,0x83,0xff,0x08,0x83,0xff,0x08,0x83,0xff,0x08,0x83,0xff,
    0x08,0x83,0xff,0x08,0x83,0xff,0x08,0x83,0xff,0x08,0x83,0xff,0x08,0x83,0xff,0x08,0x83,0xff,0x08,0x83,0xff,0x08,0x83,0xff,
    0x08,0x83,0xff,0x08,0x83,0xff,0x08,0x83,0xff,0x08,0x83,0xff,0x08,0x83,0xff,0x08,0x83,0xff,0x08,0x83,0xff,0x08,0x83,0xff,
    0x08,0x83,0xff,0x08,0x83,0xff,0x08,0x83,0xff,0x08,0x83,0xff,0x08,0x83,0xff,0x08,0x83,0xff,0x08,0x83,0xff,0x08,0x83,0xff,
    0x08,0x83,0xff,0x08,0x83,0xff,0x08,0x83,0xff,0x08,0x83,0xff,0x08,0x83,0xff,0x08,0x83,0xff,0x08,0x83,0xff,0x08,0x83,0xff,
    0x08,0x83,0xff,0x08,0x83,0xff,0x08,0x83,0xff,0x08,0x83,0xff,0x08,0x83,0xff,0x08,0x83,0xff,0x08,0x83,0xff,0x08,0x83,0xff,
    0x08,0x83,0xff,0x08,0x83,0xff,0x08,0x83,0xff,0x08,0x83,0xff,0x08,0x83,0xff,0x08,0x83,0xff,0x08,0x83,0xff,0x08,0x83,0xff,
    0x08,0x83,0xff,0x08,0x83,0xff,0x08,0x83,0xff,0x08,0x83,0xff,0x08,0x83,0xff,0x08,0x83,0xff,0x08,0x83,0xff,0x08,0x83,0xff,
    0x08,0x83,0xff,0x08,0x83,0xff,0x08,0x83,0xff,0x08,0x83,0xff,0x08,0x83,0xff,0x08,0x83,0xff,0x08,0x83,0xff,0x08,0x83,0xff,
    0x08,0x83,0xff,0x08,0x83,0xff,0x08,0x83,0xff,0x08,0x83,0xff,0x08,0x83,0xff,0x02,0x6a,0xdc,0x00,0x00,0x00,0x00,0x00,0x00,
    0x00,0x00,0x00,0x00,0x00,0x00,0x02,0x6a,0xdc,0x08,0x83,0xff,0x08,0x83,0xff,0x08,0x83,0xff,0x08,0x83,0xff,0x08,0x83,0xff,
    0x08,0x83,0xff,0x08,0x83,0xff,0x08,0x83,0xff,0x08,0x83,0xff,0x08,0x83,0xff,0x08,0x83,0xff,0x08,0x83,0xff,0x08,0x83,0xff,
    0x08,0x83,0xff,0x08,0x83,0xff,0x08,0x83,0xff,0x08,0x83,0xff,0x08,0x83,0xff,0x08,0x83,0xff,0x08,0x83,0xff,0x08,0x83,0xff,
    0x08,0x83,0xff,0x08,0x83,0xff,0x08,0x83,0xff,0x08,0x83,0xff,0x08,0x83,0xff,0x08,0x83,0xff,0x08,0x83,0xff,0x08,0x83,0xff,
    0x08,0x83,0xff,0x08,0x83,0xff,0x08,0x83,0xff,0x08,0x83,0xff,0x08,0x83,0xff,0x08,0x83,0xff,0x08,0x83,0xff,0x08,0x83,0xff,
    0x08,0x83,0xff,0x08,0x83,0xff,0x08,0x83,0xff,0x08,0x83,0xff,0x08,0x83,0xff,0x08,0x83,0xff,0x08,0x83,0xff,0x08,0x83,0xff,
    0x08,0x83,0xff,0x08,0x83,0xff,0x08,0x83,0xff,0x08,0x83,0xff,0x08,0x83,0xff,0x08,0x83,0xff,0x08,0x83,0xff,0x08,0x83,0xff,
    0x08,0x83,0xff,0x08,0x83,0xff,0x08,0x83,0xff,0x08,0x83,0xff,0x08,0x83,0xff,0x08,0x83,0xff,0x08,0x83,0xff,0x08,0x83,0xff,
    0x08,0x83,0xff,0x08,0x83,0xff,0x08,0x83,0xff,0x08,0x83,0xff,0x08,0x83,0xff,0x08,0x83,0xff,0x08,0x83,0xff,0x08,0x83,0xff,
    0x08,0x83,0xff,0x08,0x83,0xff,0x08,0x83,0xff,0x08,0x83,0xff,0x08,0x83,0xff,0x08,0x83,0xff,0x08,0x83,0xff,0x08,0x83,0xff,
    0x08,0x83,0xff,0x08,0x83,0xff,0x08,0x83,0xff,0x08,0x83,0xff,0x08,0x83,0xff,0x08,0x83,0xff,0x08,0x83,0xff,0x08,0x83,0xff,
    0x08,0x83,0xff,0x08,0x83,0xff,0x08,0x83,0xff,0x08,0x83,0xff,0x08,0x83,0xff,0x08,0x83,0xff,0x08,0x83,0xff,0x08,0x83,0xff,
    0x08,0x83,0xff,0x08,0x83,0xff,0x08,0x83,0xff,0x08,0x83,0xff,0x08,0x83,0xff,0x08,0x83,0xff,0x08,0x83,0xff,0x08,0x83,0xff,
    0x08,0x83,0xff,0x08,0x83,0xff,0x08,0x83,0xff,0x08,0x83,0xff,0x08,0x83,0xff,0x08,0x83,0xff,0x08,0x83,0xff,0x08,0x83,0xff,
    0x08,0x83,0xff,0x08,0x83,0xff,0x08,0x83,0xff,0x08,0x83,0xff,0x08,0x83,0xff,0x08,0x83,0xff,0x08,0x83,0xff,0x08,0x83,0xff,
    0x08,0x83,0xff,0x08,0x83,0xff,0x08,0x83,0xff,0x08,0x83,0xff,0x08,0x83,0xff,0x08,0x83,0xff,0x08,0x83,0xff,0x08,0x83,0xff,
    0x08,0x83,0xff,0x08,0x83,0xff,0x08,0x83,0xff,0x08,0x83,0xff,0x08,0x83,0xff,0x02,0x6a,0xdc,0x00,0x00,0x00,0x00,0x00,0x00,
    0x00,0x00,0x00,0x00,0x00,0x00,0x02,0x6a,0xdc,0x08,0x83,0xff,0x08,0x83,0xff,0x08,0x83,0xff,0x08,0x83,0xff,0x08,0x83,0xff,
    0x08,0x83,0xff,0x08,0x83,0xff,0x08,0x83,0xff,0x08,0x83,0xff,0x08,0x83,0xff,0x08,0x83,0xff,0x08,0x83,0xff,0x08,0x83,0xff,
    0x08,0x83,0xff,0x08,0x83,0xff,0x08,0x83,0xff,0x08,0x83,0xff,0x08,0x83,0xff,0x08,0x83,0xff,0x08,0x83,0xff,0x08,0x83,0xff,
    0x08,0x83,0xff,0x08,0x83,0xff,0x08,0x83,0xff,0x08,0x83,0xff,0x08,0x83,0xff,0x08,0x83,0xff,0x08,0x83,0xff,0x08,0x83,0xff,
    0x08,0x83,0xff,0x08,0x83,0xff,0x08,0x83,0xff,0x08,0x83,0xff,0x08,0x83,0xff,0x08,0x83,0xff,0x08,0x83,0xff,0x08,0x83,0xff,
    0x08,0x83,0xff,0x08,0x83,0xff,0x08,0x83,0xff,0x08,0x83,0xff,0x08,0x83,0xff,0x08,0x83,0xff,0x08,0x83,0xff,0x08,0x83,0xff,
    0x08,0x83,0xff,0x08,0x83,0xff,0x08,0x83,0xff,0x08,0x83,0xff,0x08,0x83,0xff,0x08,0x83,0xff,0x08,0x83,0xff,0x08,0x83,0xff,
    0x08,0x83,0xff,0x08,0x83,0xff,0x08,0x83,0xff,0x08,0x83,0xff,0x08,0x83,0xff,0x08,0x83,0xff,0x08,0x83,0xff,0x08,0x83,0xff,
    0x08,0x83,0xff,0x08,0x83,0xff,0x08,0x83,0xff,0x08,0x83,0xff,0x08,0x83,0xff,0x08,0x83,0xff,0x08,0x83,0xff,0x08,0x83,0xff,
    0x08,0x83,0xff,0x08,0x83,0xff,0x08,0x83,0xff,0x08,0x83,0xff,0x08,0x83,0xff,0x08,0x83,0xff,0x08,0x83,0xff,0x08,0x83,0xff,
    0x08,0x83,0xff,0x08,0x83,0xff,0x08,0x83,0xff,0x08,0x83,0xff,0x08,0x83,0xff,0x08,0x83,0xff,0x08,0x83,0xff,0x08,0x83,0xff,
    0x08,0x83,0xff,0x08,0x83,0xff,0x08,0x83,0xff,0x08,0x83,0xff,0x08,0x83,0xff,0x08,0x83,0xff,0x08,0x83,0xff,0x08,0x83,0xff,
    0x08,0x83,0xff,0x08,0x83,0xff,0x08,0x83,0xff,0x08,0x83,0xff,0x08,0x83,0xff,0x08,0x83,0xff,0x08,0x83,0xff,0x08,0x83,0xff,
    0x08,0x83,0xff,0x08,0x83,0xff,0x08,0x83,0xff,0x08,0x83,0xff,0x08,0x83,0xff,0x08,0x83,0xff,0x08,0x83,0xff,0x08,0x83,0xff,
    0x08,0x83,0xff,0x08,0x83,0xff,0x08,0x83,0xff,0x08,0x83,0xff,0x08,0x83,0xff,0x08,0x83,0xff,0x08,0x83,0xff,0x08,0x83,0xff,
    0x08,0x83,0xff,0x08,0x83,0xff,0x08,0x83,0xff,0x08,0x83,0xff,0x08,0x83,0xff,0x08,0x83,0xff,0x08,0x83,0xff,0x08,0x83,0xff,
    0x08,0x83,0xff,0x08,0x83,0xff,0x08,0x83,0xff,0x08,0x83,0xff,0x08,0x83,0xff,0x02,0x6a,0xdc,0x00,0x00,0x00,0x00,0x00,0x00,
    0x00,0x00,0x00,0x00,0x00,0x00,0x02,0x6a,0xdc,0x08,0x83,0xff,0x08,0x83,0xff,0x08,0x83,0xff,0x08,0x83,0xff,0x08,0x83,0xff,
    0x08,0x83,0xff,0x08,0x83,0xff,0x08,0x83,0xff,0x08,0x83,0xff,0x08,0x83,0xff,0x08,0x83,0xff,0x08,0x83,0xff,0x08,0x83,0xff,
    0x08,0x83,0xff,0x08,0x83,0xff,0x08,0x83,0xff,0x08,0x83,0xff,0x08,0x83,0xff,0x08,0x83,0xff,0x08,0x83,0xff,0x08,0x83,0xff,
    0x08,0x83,0xff,0x08,0x83,0xff,0x08,0x83,0xff,0x08,0x83,0xff,0x08,0x83,0xff,0x08,0x83,0xff,0x08,0x83,0xff,0x08,0x83,0xff,
    0x08,0x83,0xff,0x08,0x83,0xff,0x08,0x83,0xff,0x08,0x83,0xff,0x08,0x83,0xff,0x08,0x83,0xff,0x08,0x83,0xff,0x08,0x83,0xff,
    0x08,0x83,0xff,0x08,0x83,0xff,0x08,0x83,0xff,0x08,0x83,0xff,0x08,0x83,0xff,0x08,0x83,0xff,0x08,0x83,0xff,0x08,0x83,0xff,
    0x08,0x83,0xff,0x08,0x83,0xff,0x08,0x83,0xff,0x08,0x83,0xff,0x08,0x83,0xff,0x08,0x83,0xff,0x08,0x83,0xff,0x08,0x83,0xff,
    0x08,0x83,0xff,0x08,0x83,0xff,0x08,0x83,0xff,0x08,0x83,0xff,0x08,0x83,0xff,0x08,0x83,0xff,0x08,0x83,0xff,0x08,0x83,0xff,
    0x08,0x83,0xff,0x08,0x83,0xff,0x08,0x83,0xff,0x08,0x83,0xff,0x08,0x83,0xff,0x08,0x83,0xff,0x08,0x83,0xff,0x08,0x83,0xff,
    0x08,0x83,0xff,0x08,0x83,0xff,0x08,0x83,0xff,0x08,0x83,0xff,0x08,0x83,0xff,0x08,0x83,0xff,0x08,0x83,0xff,0x08,0x83,0xff,
    0x08,0x83,0xff,0x08,0x83,0xff,0x08,0x83,0xff,0x08,0x83,0xff,0x08,0x83,0xff,0x08,0x83,0xff,0x08,0x83,0xff,0x08,0x83,0xff,
    0x08,0x83,0xff,0x08,0x83,0xff,0x08,0x83,0xff,0x08,0x83,0xff,0x08,0x83,0xff,0x08,0x83,0xff,0x08,0x83,0xff,0x08,0x83,0xff,
    0x08,0x83,0xff,0x08,0x83,0xff,0x08,0x83,0xff,0x08,0x83,0xff,0x08,0x83,0xff,0x08,0x83,0xff,0x08,0x83,0xff,0x08,0x83,0xff,
    0x08,0x83,0xff,0x08,0x83,0xff,0x08,0x83,0xff,0x08,0x83,0xff,0x08,0x83,0xff,0x08,0x83,0xff,0x08,0x83,0xff,0x08,0x83,0xff,
    0x08,0x83,0xff,0x08,0x83,0xff,0x08,0x83,0xff,0x08,0x83,0xff,0x08,0x83,0xff,0x08,0x83,0xff,0x08,0x83,0xff,0x08,0x83,0xff,
    0x08,0x83,0xff,0x08,0x83,0xff,0x08,0x83,0xff,0x08,0x83,0xff,0x08,0x83,0xff,0x08,0x83,0xff,0x08,0x83,0xff,0x08,0x83,0xff,
    0x08,0x83,0xff,0x08,0x83,0xff,0x08,0x83,0xff,0x08,0x83,0xff,0x08,0x83,0xff,0x02,0x6a,0xdc,0x00,0x00,0x00,0x00,0x00,0x00,
    0x00,0x00,0x00,0x00,0x00,0x00,0x02,0x6a,0xdc,0x08,0x83,0xff,0x08,0x83,0xff,0x08,0x83,0xff,0x08,0x83,0xff,0x08,0x83,0xff,
    0x08,0x83,0xff,0x08,0x83,0xff,0x08,0x83,0xff,0x08,0x83,0xff,0x08,0x83,0xff,0x08,0x83,0xff,0x08,0x83,0xff,0x08,0x83,0xff,
    0x08,0x83,0xff,0x08,0x83,0xff,0x08,0x83,0xff,0x08,0x83,0xff,0x08,0x83,0xff,0x08,0x83,0xff,0x08,0x83,0xff,0x08,0x83,0xff,
    0x08,0x83,0xff,0x08,0x83,0xff,0x08,0x83,0xff,0x08,0x83,0xff,0x08,0x83,0xff,0x08,0x83,0xff,0x08,0x83,0xff,0x08,0x83,0xff,
    0x08,0x83,0xff,0x08,0x83,0xff,0x08,0x83,0xff,0x08,0x83,0xff,0x08,0x83,0xff,0x08,0x83,0xff,0x08,0x83,0xff,0x08,0x83,0xff,
    0x08,0x83,0xff,0x08,0x83,0xff,0x08,0x83,0xff,0x08,0x83,0xff,0x08,0x83,0xff,0x08,0x83,0xff,0x08,0x83,0xff,0x08,0x83,0xff,
    0x08,0x83,0xff,0x08,0x83,0xff,0x08,0x83,0xff,0x08,0x83,0xff,0x08,0x83,0xff,0x08,0x83,0xff,0x08,0x83,0xff,0x08,0x83,0xff,
    0x08,0x83,0xff,0x08,0x83,0xff,0x08,0x83,0xff,0x08,0x83,0xff,0x08,0x83,0xff,0x08,0x83,0xff,0x08,0x83,0xff,0x08,0x83,0xff,
    0x08,0x83,0xff,0x08,0x83,0xff,0x08,0x83,0xff,0x08,0x83,0xff,0x08,0x83,0xff,0x08,0x83,0xff,0x08,0x83,0xff,0x08,0x83,0xff,
    0x08,0x83,0xff,0x08,0x83,0xff,0x08,0x83,0xff,0x08,0x83,0xff,0x08,0x83,0xff,0x08,0x83,0xff,0x08,0x83,0xff,0x08,0x83,0xff,
    0x08,0x83,0xff,0x08,0x83,0xff,0x08,0x83,0xff,0x08,0x83,0xff,0x08,0x83,0xff,0x08,0x83,0xff,0x08,0x83,0xff,0x08,0x83,0xff,
    0x08,0x83,0xff,0x08,0x83,0xff,0x08,0x83,0xff,0x08,0x83,0xff,0x08,0x83,0xff,0x08,0x83,0xff,0x08,0x83,0xff,0x08,0x83,0xff,
    0x08,0x83,0xff,0x08,0x83,0xff,0x08,0x83,0xff,0x08,0x83,0xff,0x08,0x83,0xff,0x08,0x83,0xff,0x08,0x83,0xff,0x08,0x83,0xff,
    0x08,0x83,0xff,0x08,0x83,0xff,0x08,0x83,0xff,0x08,0x83,0xff,0x08,0x83,0xff,0x08,0x83,0xff,0x08,0x83,0xff,0x08,0x83,0xff,
    0x08,0x83,0xff,0x08,0x83,0xff,0x08,0x83,0xff,0x08,0x83,0xff,0x08,0x83,0xff,0x08,0x83,0xff,0x08,0x83,0xff,0x08,0x83,0xff,
    0x08,0x83,0xff,0x08,0x83,0xff,0x08,0x83,0xff,0x08,0x83,0xff,0x08,0x83,0xff,0x08,0x83,0xff,0x08,0x83,0xff,0x08,0x83,0xff,
    0x08,0x83,0xff,0x08,0x83,0xff,0x08,0x83,0xff,0x08,0x83,0xff,0x08,0x83,0xff,0x02,0x6a,0xdc,0x00,0x00,0x00,0x00,0x00,0x00,
    0x00,0x00,0x00,0x00,0x00,0x00,0x02,0x6a,0xdc,0x08,0x83,0xff,0x08,0x83,0xff,0x08,0x83,0xff,0x08,0x83,0xff,0x08,0x83,0xff,
    0x08,0x83,0xff,0x08,0x83,0xff,0x08,0x83,0xff,0x08,0x83,0xff,0x08,0x83,0xff,0x08,0x83,0xff,0x08,0x83,0xff,0x08,0x83,0xff,
    0x08,0x83,0xff,0x08,0x83,0xff,0x08,0x83,0xff,0x08,0x83,0xff,0x08,0x83,0xff,0x08,0x83,0xff,0x08,0x83,0xff,0x08,0x83,0xff,
    0x08,0x83,0xff,0x08,0x83,0xff,0x08,0x83,0xff,0x08,0x83,0xff,0x08,0x83,0xff,0x08,0x83,0xff,0x08,0x83,0xff,0x08,0x83,0xff,
    0x08,0x83,0xff,0x08,0x83,0xff,0x08,0x83,0xff,0x08,0x83,0xff,0x08,0x83,0xff,0x08,0x83,0xff,0x08,0x83,0xff,0x08,0x83,0xff,
    0x08,0x83,0xff,0x08,0x83,0xff,0x08,0x83,0xff,0x08,0x83,0xff,0x08,0x83,0xff,0x08,0x83,0xff,0x08,0x83,0xff,0x08,0x83,0xff,
    0x08,0x83,0xff,0x08,0x83,0xff,0x08,0x83,0xff,0x08,0x83,0xff,0x08,0x83,0xff,0x08,0x83,0xff,0x08,0x83,0xff,0x08,0x83,0xff,
    0x08,0x83,0xff,0x08,0x83,0xff,0x08,0x83,0xff,0x08,0x83,0xff,0x08,0x83,0xff,0x08,0x83,0xff,0x08,0x83,0xff,0x08,0x83,0xff,
    0x08,0x83,0xff,0x08,0x83,0xff,0x08,0x83,0xff,0x08,0x83,0xff,0x08,0x83,0xff,0x08,0x83,0xff,0x08,0x83,0xff,0x08,0x83,0xff,
    0x08,0x83,0xff,0x08,0x83,0xff,0x08,0x83,0xff,0x08,0x83,0xff,0x08,0x83,0xff,0x08,0x83,0xff,0x08,0x83,0xff,0x08,0x83,0xff,
    0x08,0x83,0xff,0x08,0x83,0xff,0x08,0x83,0xff,0x08,0x83,0xff,0x08,0x83,0xff,0x08,0x83,0xff,0x08,0x83,0xff,0x08,0x83,0xff,
    0x08,0x83,0xff,0x08,0x83,0xff,0x08,0x83,0xff,0x08,0x83,0xff,0x08,0x83,0xff,0x08,0x83,0xff,0x08,0x83,0xff,0x08,0x83,0xff,
    0x08,0x83,0xff,0x08,0x83,0xff,0x08,0x83,0xff,0x08,0x83,0xff,0x08,0x83,0xff,0x08,0x83,0xff,0x08,0x83,0xff,0x08,0x83,0xff,
    0x08,0x83,0xff,0x08,0x83,0xff,0x08,0x83,0xff,0x08,0x83,0xff,0x08,0x83,0xff,0x08,0x83,0xff,0x08,0x83,0xff,0x08,0x83,0xff,
    0x08,0x83,0xff,0x08,0x83,0xff,0x08,0x83,0xff,0x08,0x83,0xff,0x08,0x83,0xff,0x08,0x83,0xff,0x08,0x83,0xff,0x08,0x83,0xff,
    0x08,0x83,0xff,0x08,0x83,0xff,0x08,0x83,0xff,0x08,0x83,0xff,0x08,0x83,0xff,0x08,0x83,0xff,0x08,0x83,0xff,0x08,0x83,0xff,
    0x08,0x83,0xff,0x08,0x83,0xff,0x08,0x83,0xff,0x08,0x83,0xff,0x08,0x83,0xff,0x02,0x6a,0xdc,0x00,0x00,0x00,0x00,0x00,0x00,
    0x00,0x00,0x00,0x00,0x00,0x00,0x02,0x6a,0xdc,0x08,0x83,0xff,0x08,0x83,0xff,0x08,0x83,0xff,0x08,0x83,0xff,0x08,0x83,0xff,
    0x08,0x83,0xff,0x08,0x83,0xff,0x08,0x83,0xff,0x08,0x83,0xff,0x08,0x83,0xff,0x08,0x83,0xff,0x08,0x83,0xff,0x08,0x83,0xff,
    0x08,0x83,0xff,0x08,0x83,0xff,0x08,0x83,0xff,0x08,0x83,0xff,0x08,0x83,0xff,0x08,0x83,0xff,0x08,0x83,0xff,0x08,0x83,0xff,
    0x08,0x83,0xff,0x08,0x83,0xff,0x08,0x83,0xff,0x08,0x83,0xff,0x08,0x83,0xff,0x08,0x83,0xff,0x08,0x83,0xff,0x08,0x83,0xff,
    0x08,0x83,0xff,0x08,0x83,0xff,0x08,0x83,0xff,0x08,0x83,0xff,0x08,0x83,0xff,0x08,0x83,0xff,0x08,0x83,0xff,0x08,0x83,0xff,
    0x08,0x83,0xff,0x08,0x83,0xff,0x08,0x83,0xff,0x08,0x83,0xff,0x08,0x83,0xff,0x08,0x83,0xff,0x08,0x83,0xff,0x08,0x83,0xff,
    0x08,0x83,0xff,0x08,0x83,0xff,0x08,0x83,0xff,0x08,0x83,0xff,0x08,0x83,0xff,0x08,0x83,0xff,0x08,0x83,0xff,0x08,0x83,0xff,
    0x08,0x83,0xff,0x08,0x83,0xff,0x08,0x83,0xff,0x08,0x83,0xff,0x08,0x83,0xff,0x08,0x83,0xff,0x08,0x83,0xff,0x08,0x83,0xff,
    0x08,0x83,0xff,0x08,0x83,0xff,0x08,0x83,0xff,0x08,0x83,0xff,0x08,0x83,0xff,0x08,0x83,0xff,0x08,0x83,0xff,0x08,0x83,0xff,
    0x08,0x83,0xff,0x08,0x83,0xff,0x08,0x83,0xff,0x08,0x83,0xff,0x08,0x83,0xff,0x08,0x83,0xff,0x08,0x83,0xff,0x08,0x83,0xff,
    0x08,0x83,0xff,0x08,0x83,0xff,0x08,0x83,0xff,0x08,0x83,0xff,0x08,0x83,0xff,0x08,0x83,0xff,0x08,0x83,0xff,0x08,0x83,0xff,
    0x08,0x83,0xff,0x08,0x83,0xff,0x08,0x83,0xff,0x08,0x83,0xff,0x08,0x83,0xff,0x08,0x83,0xff,0x08,0x83,0xff,0x08,0x83,0xff,
    0x08,0x83,0xff,0x08,0x83,0xff,0x08,0x83,0xff,0x08,0x83,0xff,0x08,0x83,0xff,0x08,0x83,0xff,0x08,0x83,0xff,0x08,0x83,0xff,
    0x08,0x83,0xff,0x08,0x83,0xff,0x08,0x83,0xff,0x08,0x83,0xff,0x08,0x83,0xff,0x08,0x83,0xff,0x08,0x83,0xff,0x08,0x83,0xff,
    0x08,0x83,0xff,0x08,0x83,0xff,0x08,0x83,0xff,0x08,0x83,0xff,0x08,0x83,0xff,0x08,0x83,0xff,0x08,0x83,0xff,0x08,0x83,0xff,
    0x08,0x83,0xff,0x08,0x83,0xff,0x08,0x83,0xff,0x08,0x83,0xff,0x08,0x83,0xff,0x08,0x83,0xff,0x08,0x83,0xff,0x08,0x83,0xff,
    0x08,0x83,0xff,0x08,0x83,0xff,0x08,0x83,0xff,0x08,0x83,0xff,0x08,0x83,0xff,0x02,0x6a,0xdc,0x00,0x00,0x00,0x00,0x00,0x00,
    0x00,0x00,0x00,0x00,0x00,0x00,0x02,0x6a,0xdc,0x08,0x83,0xff,0x08,0x83,0xff,0x08,0x83,0xff,0x08,0x83,0xff,0x08,0x83,0xff,
    0x08,0x83,0xff,0x08,0x83,0xff,0x08,0x83,0xff,0x08,0x83,0xff,0x08,0x83,0xff,0x08,0x83,0xff,0x08,0x83,0xff,0x08,0x83,0xff,
    0x08,0x83,0xff,0x08,0x83,0xff,0x08,0x83,0xff,0x08,0x83,0xff,0x08,0x83,0xff,0x08,0x83,0xff,0x08,0x83,0xff,0x08,0x83,0xff,
    0x08,0x83,0xff,0x08,0x83,0xff,0x08,0x83,0xff,0x08,0x83,0xff,0x08,0x83,0xff,0x08,0x83,0xff,0x08,0x83,0xff,0x08,0x83,0xff,
    0x08,0x83,0xff,0x08,0x83,0xff,0x08,0x83,0xff,0x08,0x83,0xff,0x08,0x83,0xff,0x08,0x83,0xff,0x08,0x83,0xff,0x08,0x83,0xff,
    0x08,0x83,0xff,0x08,0x83,0xff,0x08,0x83,0xff,0x08,0x83,0xff,0x08,0x83,0xff,0x08,0x83,0xff,0x08,0x83,0xff,0x08,0x83,0xff,
    0x08,0x83,0xff,0x08,0x83,0xff,0x08,0x83,0xff,0x08,0x83,0xff,0x08,0x83,0xff,0x08,0x83,0xff,0x08,0x83,0xff,0x08,0x83,0xff,
    0x08,0x83,0xff,0x08,0x83,0xff,0x08,0x83,0xff,0x08,0x83,0xff,0x08,0x83,0xff,0x08,0x83,0xff,0x08,0x83,0xff,0x08,0x83,0xff,
    0x08,0x83,0xff,0x08,0x83,0xff,0x08,0x83,0xff,0x08,0x83,0xff,0x08,0x83,0xff,0x08,0x83,0xff,0x08,0x83,0xff,0x08,0x83,0xff,
    0x08,0x83,0xff,0x08,0x83,0xff,0x08,0x83,0xff,0x08,0x83,0xff,0x08,0x83,0xff,0x08,0x83,0xff,0x08,0x83,0xff,0x08,0x83,0xff,
    0x08,0x83,0xff,0x08,0x83,0xff,0x08,0x83,0xff,0x08,0x83,0xff,0x08,0x83,0xff,0x08,0x83,0xff,0x08,0x83,0xff,0x08,0x83,0xff,
    0x08,0x83,0xff,0x08,0x83,0xff,0x08,0x83,0xff,0x08,0x83,0xff,0x08,0x83,0xff,0x08,0x83,0xff,0x08,0x83,0xff,0x08,0x83,0xff,
    0x08,0x83,0xff,0x08,0x83,0xff,0x08,0x83,0xff,0x08,0x83,0xff,0x08,0x83,0xff,0x08,0x83,0xff,0x08,0x83,0xff,0x08,0x83,0xff,
    0x08,0x83,0xff,0x08,0x83,0xff,0x08,0x83,0xff,0x08,0x83,0xff,0x08,0x83,0xff,0x08,0x83,0xff,0x08,0x83,0xff,0x08,0x83,0xff,
    0x08,0x83,0xff,0x08,0x83,0xff,0x08,0x83,0xff,0x08,0x83,0xff,0x08,0x83,0xff,0x08,0x83,0xff,0x08,0x83,0xff,0x08,0x83,0xff,
    0x08,0x83,0xff,0x08,0x83,0xff,0x08,0x83,0xff,0x08,0x83,0xff,0x08,0x83,0xff,0x08,0x83,0xff,0x08,0x83,0xff,0x08,0x83,0xff,
    0x08,0x83,0xff,0x08,0x83,0xff,0x08,0x83,0xff,0x08,0x83,0xff,0x08,0x83,0xff,0x02,0x6a,0xdc,0x00,0x00,0x00,0x00,0x00,0x00,
    0x00,0x00,0x00,0x00,0x00,0x00,0x02,0x6a,0xdc,0x08,0x83,0xff,0x08,0x83,0xff,0x08,0x83,0xff,0x08,0x83,0xff,0x08,0x83,0xff,
    0x08,0x83,0xff,0x08,0x83,0xff,0x08,0x83,0xff,0x08,0x83,0xff,0x08,0x83,0xff,0x08,0x83,0xff,0x08,0x83,0xff,0x08,0x83,0xff,
    0x08,0x83,0xff,0x08,0x83,0xff,0x08,0x83,0xff,0x08,0x83,0xff,0x08,0x83,0xff,0x08,0x83,0xff,0x08,0x83,0xff,0x08,0x83,0xff,
    0x08,0x83,0xff,0x08,0x83,0xff,0x08,0x83,0xff,0x08,0x83,0xff,0x08,0x83,0xff,0x08,0x83,0xff,0x08,0x83,0xff,0x08,0x83,0xff,
    0x08,0x83,0xff,0x08,0x83,0xff,0x08,0x83,0xff,0x08,0x83,0xff,0x08,0x83,0xff,0x08,0x83,0xff,0x08,0x83,0xff,0x08,0x83,0xff,
    0x08,0x83,0xff,0x08,0x83,0xff,0x08,0x83,0xff,0x08,0x83,0xff,0x08,0x83,0xff,0x08,0x83,0xff,0x08,0x83,0xff,0x08,0x83,0xff,
    0x08,0x83,0xff,0x08,0x83,0xff,0x08,0x83,0xff,0x08,0x83,0xff,0x08,0x83,0xff,0x08,0x83,0xff,0x08,0x83,0xff,0x08,0x83,0xff,
    0x08,0x83,0xff,0x08,0x83,0xff,0x08,0x83,0xff,0x08,0x83,0xff,0x08,0x83,0xff,0x08,0x83,0xff,0x08,0x83,0xff,0x08,0x83,0xff,
    0x08,0x83,0xff,0x08,0x83,0xff,0x08,0x83,0xff,0x08,0x83,0xff,0x08,0x83,0xff,0x08,0x83,0xff,0x08,0x83,0xff,0x08,0x83,0xff,
    0x08,0x83,0xff,0x08,0x83,0xff,0x08,0x83,0xff,0x08,0x83,0xff,0x08,0x83,0xff,0x08,0x83,0xff,0x08,0x83,0xff,0x08,0x83,0xff,
    0x08,0x83,0xff,0x08,0x83,0xff,0x08,0x83,0xff,0x08,0x83,0xff,0x08,0x83,0xff,0x08,0x83,0xff,0x08,0x83,0xff,0x08,0x83,0xff,
    0x08,0x83,0xff,0x08,0x83,0xff,0x08,0x83,0xff,0x08,0x83,0xff,0x08,0x83,0xff,0x08,0x83,0xff,0x08,0x83,0xff,0x08,0x83,0xff,
    0x08,0x83,0xff,0x08,0x83,0xff,0x08,0x83,0xff,0x08,0x83,0xff,0x08,0x83,0xff,0x08,0x83,0xff,0x08,0x83,0xff,0x08,0x83,0xff,
    0x08,0x83,0xff,0x08,0x83,0xff,0x08,0x83,0xff,0x08,0x83,0xff,0x08,0x83,0xff,0x08,0x83,0xff,0x08,0x83,0xff,0x08,0x83,0xff,
    0x08,0x83,0xff,0x08,0x83,0xff,0x08,0x83,0xff,0x08,0x83,0xff,0x08,0x83,0xff,0x08,0x83,0xff,0x08,0x83,0xff,0x08,0x83,0xff,
    0x08,0x83,0xff,0x08,0x83,0xff,0x08,0x83,0xff,0x08,0x83,0xff,0x08,0x83,0xff,0x08,0x83,0xff,0x08,0x83,0xff,0x08,0x83,0xff,
    0x08,0x83,0xff,0x08,0x83,0xff,0x08,0x83,0xff,0x08,0x83,0xff,0x08,0x83,0xff,0x02,0x6a,0xdc,0x00,0x00,0x00,0x00,0x00,0x00,
    0x00,0x00,0x00,0x00,0x00,0x00,0x02,0x6a,0xdc,0x08,0x83,0xff,0x08,0x83,0xff,0x08,0x83,0xff,0x08,0x83,0xff,0x08,0x83,0xff,
    0x08,0x83,0xff,0x08,0x83,0xff,0x08,0x83,0xff,0x08,0x83,0xff,0x08,0x83,0xff,0x08,0x83,0xff,0x08,0x83,0xff,0x08,0x83,0xff,
    0x08,0x83,0xff,0x08,0x83,0xff,0x08,0x83,0xff,0x08,0x83,0xff,0x08,0x83,0xff,0x08,0x83,0xff,0x08,0x83,0xff,0x08,0x83,0xff,
    0x08,0x83,0xff,0x08,0x83,0xff,0x08,0x83,0xff,0x08,0x83,0xff,0x08,0x83,0xff,0x08,0x83,0xff,0x08,0x83,0xff,0x08,0x83,0xff,
    0x08,0x83,0xff,0x08,0x83,0xff,0x08,0x83,0xff,0x08,0x83,0xff,0x08,0x83,0xff,0x08,0x83,0xff,0x08,0x83,0xff,0x08,0x83,0xff,
    0x08,0x83,0xff,0x08,0x83,0xff,0x08,0x83,0xff,0x08,0x83,0xff,0x08,0x83,0xff,0x08,0x83,0xff,0x08,0x83,0xff,0x08,0x83,0xff,
    0x08,0x83,0xff,0x08,0x83,0xff,0x08,0x83,0xff,0x08,0x83,0xff,0x08,0x83,0xff,0x08,0x83,0xff,0x08,0x83,0xff,0x08,0x83,0xff,
    0x08,0x83,0xff,0x08,0x83,0xff,0x08,0x83,0xff,0x08,0x83,0xff,0x08,0x83,0xff,0x08,0x83,0xff,0x08,0x83,0xff,0x08,0x83,0xff,
    0x08,0x83,0xff,0x08,0x83,0xff,0x08,0x83,0xff,0x08,0x83,0xff,0x08,0x83,0xff,0x08,0x83,0xff,0x08,0x83,0xff,0x08,0x83,0xff,
    0x08,0x83,0xff,0x08,0x83,0xff,0x08,0x83,0xff,0x08,0x83,0xff,0x08,0x83,0xff,0x08,0x83,0xff,0x08,0x83,0xff,0x08,0x83,0xff,
    0x08,0x83,0xff,0x08,0x83,0xff,0x08,0x83,0xff,0x08,0x83,0xff,0x08,0x83,0xff,0x08,0x83,0xff,0x08,0x83,0xff,0x08,0x83,0xff,
    0x08,0x83,0xff,0x08,0x83,0xff,0x08,0x83,0xff,0x08,0x83,0xff,0x08,0x83,0xff,0x08,0x83,0xff,0x08,0x83,0xff,0x08,0x83,0xff,
    0x08,0x83,0xff,0x08,0x83,0xff,0x08,0x83,0xff,0x08,0x83,0xff,0x08,0x83,0xff,0x08,0x83,0xff,0x08,0x83,0xff,0x08,0x83,0xff,
    0x08,0x83,0xff,0x08,0x83,0xff,0x08,0x83,0xff,0x08,0x83,0xff,0x08,0x83,0xff,0x08,0x83,0xff,0x08,0x83,0xff,0x08,0x83,0xff,
    0x08,0x83,0xff,0x08,0x83,0xff,0x08,0x83,0xff,0x08,0x83,0xff,0x08,0x83,0xff,0x08,0x83,0xff,0x08,0x83,0xff,0x08,0x83,0xff,
    0x08,0x83,0xff,0x08,0x83,0xff,0x08,0x83,0xff,0x08,0x83,0xff,0x08,0x83,0xff,0x08,0x83,0xff,0x08,0x83,0xff,0x08,0x83,0xff,
    0x08,0x83,0xff,0x08,0x83,0xff,0x08,0x83,0xff,0x08,0x83,0xff,0x08,0x83,0xff,0x02,0x6a,0xdc,0x00,0x00,0x00,0x00,0x00,0x00,
    0x00,0x00,0x00,0x00,0x00,0x00,0x02,0x6a,0xdc,0x08,0x83,0xff,0x08,0x83,0xff,0x08,0x83,0xff,0x08,0x83,0xff,0x08,0x83,0xff,
    0x08,0x83,0xff,0x08,0x83,0xff,0x08,0x83,0xff,0x08,0x83,0xff,0x08,0x83,0xff,0x08,0x83,0xff,0x08,0x83,0xff,0x08,0x83,0xff,
    0x08,0x83,0xff,0x08,0x83,0xff,0x08,0x83,0xff,0x08,0x83,0xff,0x08,0x83,0xff,0x08,0x83,0xff,0x08,0x83,0xff,0x08,0x83,0xff,
    0x08,0x83,0xff,0x08,0x83,0xff,0x08,0x83,0xff,0x08,0x83,0xff,0x08,0x83,0xff,0x08,0x83,0xff,0x08,0x83,0xff,0x08,0x83,0xff,
    0x08,0x83,0xff,0x08,0x83,0xff,0x08,0x83,0xff,0x08,0x83,0xff,0x08,0x83,0xff,0x08,0x83,0xff,0x08,0x83,0xff,0x08,0x83,0xff,
    0x08,0x83,0xff,0x08,0x83,0xff,0x08,0x83,0xff,0x08,0x83,0xff,0x08,0x83,0xff,0x08,0x83,0xff,0x08,0x83,0xff,0x08,0x83,0xff,
    0x08,0x83,0xff,0x08,0x83,0xff,0x08,0x83,0xff,0x08,0x83,0xff,0x08,0x83,0xff,0x08,0x83,0xff,0x08,0x83,0xff,0x08,0x83,0xff,
    0x08,0x83,0xff,0x08,0x83,0xff,0x08,0x83,0xff,0x08,0x83,0xff,0x08,0x83,0xff,0x08,0x83,0xff,0x08,0x83,0xff,0x08,0x83,0xff,
    0x08,0x83,0xff,0x08,0x83,0xff,0x08,0x83,0xff,0x08,0x83,0xff,0x08,0x83,0xff,0x08,0x83,0xff,0x08,0x83,0xff,0x08,0x83,0xff,
    0x08,0x83,0xff,0x08,0x83,0xff,0x08,0x83,0xff,0x08,0x83,0xff,0x08,0x83,0xff,0x08,0x83,0xff,0x08,0x83,0xff,0x08,0x83,0xff,
    0x08,0x83,0xff,0x08,0x83,0xff,0x08,0x83,0xff,0x08,0x83,0xff,0x08,0x83,0xff,0x08,0x83,0xff,0x08,0x83,0xff,0x08,0x83,0xff,
    0x08,0x83,0xff,0x08,0x83,0xff,0x08,0x83,0xff,0x08,0x83,0xff,0x08,0x83,0xff,0x08,0x83,0xff,0x08,0x83,0xff,0x08,0x83,0xff,
    0x08,0x83,0xff,0x08,0x83,0xff,0x08,0x83,0xff,0x08,0x83,0xff,0x08,0x83,0xff,0x08,0x83,0xff,0x08,0x83,0xff,0x08,0x83,0xff,
    0x08,0x83,0xff,0x08,0x83,0xff,0x08,0x83,0xff,0x08,0x83,0xff,0x08,0x83,0xff,0x08,0x83,0xff,0x08,0x83,0xff,0x08,0x83,0xff,
    0x08,0x83,0xff,0x08,0x83,0xff,0x08,0x83,0xff,0x08,0x83,0xff,0x08,0x83,0xff,0x08,0x83,0xff,0x08,0x83,0xff,0x08,0x83,0xff,
    0x08,0x83,0xff,0x08,0x83,0xff,0x08,0x83,0xff,0x08,0x83,0xff,0x08,0x83,0xff,0x08,0x83,0xff,0x08,0x83,0xff,0x08,0x83,0xff,
    0x08,0x83,0xff,0x08,0x83,0xff,0x08,0x83,0xff,0x08,0x83,0xff,0x08,0x83,0xff,0x02,0x6a,0xdc,0x00,0x00,0x00,0x00,0x00,0x00,
    0x00,0x00,0x00,0x00,0x00,0x00,0x02,0x6a,0xdc,0x08,0x83,0xff,0x08,0x83,0xff,0x08,0x83,0xff,0x08,0x83,0xff,0x08,0x83,0xff,
    0x08,0x83,0xff,0x08,0x83,0xff,0x08,0x83,0xff,0x08,0x83,0xff,0x08,0x83,0xff,0x08,0x83,0xff,0x08,0x83,0xff,0x08,0x83,0xff,
    0x08,0x83,0xff,0x08,0x83,0xff,0x08,0x83,0xff,0x08,0x83,0xff,0x08,0x83,0xff,0x08,0x83,0xff,0x08,0x83,0xff,0x08,0x83,0xff,
    0x08,0x83,0xff,0x08,0x83,0xff,0x08,0x83,0xff,0x08,0x83,0xff,0x08,0x83,0xff,0x08,0x83,0xff,0x08,0x83,0xff,0x08,0x83,0xff,
    0x08,0x83,0xff,0x08,0x83,0xff,0x08,0x83,0xff,0x08,0x83,0xff,0x08,0x83,0xff,0x08,0x83,0xff,0x08,0x83,0xff,0x08,0x83,0xff,
    0x08,0x83,0xff,0x08,0x83,0xff,0x08,0x83,0xff,0x08,0x83,0xff,0x08,0x83,0xff,0x08,0x83,0xff,0x08,0x83,0xff,0x08,0x83,0xff,
    0x08,0x83,0xff,0x08,0x83,0xff,0x08,0x83,0xff,0x08,0x83,0xff,0x08,0x83,0xff,0x08,0x83,0xff,0x08,0x83,0xff,0x08,0x83,0xff,
    0x08,0x83,0xff,0x08,0x83,0xff,0x08,0x83,0xff,0x08,0x83,0xff,0x08,0x83,0xff,0x08,0x83,0xff,0x08,0x83,0xff,0x08,0x83,0xff,
    0x08,0x83,0xff,0x08,0x83,0xff,0x08,0x83,0xff,0x08,0x83,0xff,0x08,0x83,0xff,0x08,0x83,0xff,0x08,0x83,0xff,0x08,0x83,0xff,
    0x08,0x83,0xff,0x08,0x83,0xff,0x08,0x83,0xff,0x08,0x83,0xff,0x08,0x83,0xff,0x08,0x83,0xff,0x08,0x83,0xff,0x08,0x83,0xff,
    0x08,0x83,0xff,0x08,0x83,0xff,0x08,0x83,0xff,0x08,0x83,0xff,0x08,0x83,0xff,0x08,0x83,0xff,0x08,0x83,0xff,0x08,0x83,0xff,
    0x08,0x83,0xff,0x08,0x83,0xff,0x08,0x83,0xff,0x08,0x83,0xff,0x08,0x83,0xff,0x08,0x83,0xff,0x08,0x83,0xff,0x08,0x83,0xff,
    0x08,0x83,0xff,0x08,0x83,0xff,0x08,0x83,0xff,0x08,0x83,0xff,0x08,0x83,0xff,0x08,0x83,0xff,0x08,0x83,0xff,0x08,0x83,0xff,
    0x08,0x83,0xff,0x08,0x83,0xff,0x08,0x83,0xff,0x08,0x83,0xff,0x08,0x83,0xff,0x08,0x83,0xff,0x08,0x83,0xff,0x08,0x83,0xff,
    0x08,0x83,0xff,0x08,0x83,0xff,0x08,0x83,0xff,0x08,0x83,0xff,0x08,0x83,0xff,0x08,0x83,0xff,0x08,0x83,0xff,0x08,0x83,0xff,
    0x08,0x83,0xff,0x08,0x83,0xff,0x08,0x83,0xff,0x08,0x83,0xff,0x08,0x83,0xff,0x08,0x83,0xff,0x08,0x83,0xff,0x08,0x83,0xff,
    0x08,0x83,0xff,0x08,0x83,0xff,0x08,0x83,0xff,0x08,0x83,0xff,0x08,0x83,0xff,0x02,0x6a,0xdc,0x00,0x00,0x00,0x00,0x00,0x00,
    0x00,0x00,0x00,0x00,0x00,0x00,0x02,0x6a,0xdc,0x08,0x83,0xff,0x08,0x83,0xff,0x08,0x83,0xff,0x08,0x83,0xff,0x08,0x83,0xff,
    0x08,0x83,0xff,0x08,0x83,0xff,0x08,0x83,0xff,0x08,0x83,0xff,0x08,0x83,0xff,0x08,0x83,0xff,0x08,0x83,0xff,0x08,0x83,0xff,
    0x08,0x83,0xff,0x08,0x83,0xff,0x08,0x83,0xff,0x08,0x83,0xff,0x08,0x83,0xff,0x08,0x83,0xff,0x08,0x83,0xff,0x08,0x83,0xff,
    0x08,0x83,0xff,0x08,0x83,0xff,0x08,0x83,0xff,0x08,0x83,0xff,0x08,0x83,0xff,0x08,0x83,0xff,0x08,0x83,0xff,0x08,0x83,0xff,
    0x08,0x83,0xff,0x08,0x83,0xff,0x08,0x83,0xff,0x08,0x83,0xff,0x08,0x83,0xff,0x08,0x83,0xff,0x08,0x83,0xff,0x08,0x83,0xff,
    0x08,0x83,0xff,0x08,0x83,0xff,0x08,0x83,0xff,0x08,0x83,0xff,0x08,0x83,0xff,0x08,0x83,0xff,0x08,0x83,0xff,0x08,0x83,0xff,
    0x08,0x83,0xff,0x08,0x83,0xff,0x08,0x83,0xff,0x08,0x83,0xff,0x08,0x83,0xff,0x08,0x83,0xff,0x08,0x83,0xff,0x08,0x83,0xff,
    0x08,0x83,0xff,0x08,0x83,0xff,0x08,0x83,0xff,0x08,0x83,0xff,0x08,0x83,0xff,0x08,0x83,0xff,0x08,0x83,0xff,0x08,0x83,0xff,
    0x08,0x83,0xff,0x08,0x83,0xff,0x08,0x83,0xff,0x08,0x83,0xff,0x08,0x83,0xff,0x08,0x83,0xff,0x08,0x83,0xff,0x08,0x83,0xff,
    0x08,0x83,0xff,0x08,0x83,0xff,0x08,0x83,0xff,0x08,0x83,0xff,0x08,0x83,0xff,0x08,0x83,0xff,0x08,0x83,0xff,0x08,0x83,0xff,
    0x08,0x83,0xff,0x08,0x83,0xff,0x08,0x83,0xff,0x08,0x83,0xff,0x08,0x83,0xff,0x08,0x83,0xff,0x08,0x83,0xff,0x08,0x83,0xff,
    0x08,0x83,0xff,0x08,0x83,0xff,0x08,0x83,0xff,0x08,0x83,0xff,0x08,0x83,0xff,0x08,0x83,0xff,0x08,0x83,0xff,0x08,0x83,0xff,
    0x08,0x83,0xff,0x08,0x83,0xff,0x08,0x83,0xff,0x08,0x83,0xff,0x08,0x83,0xff,0x08,0x83,0xff,0x08,0x83,0xff,0x08,0x83,0xff,
    0x08,0x83,0xff,0x08,0x83,0xff,0x08,0x83,0xff,0x08,0x83,0xff,0x08,0x83,0xff,0x08,0x83,0xff,0x08,0x83,0xff,0x08,0x83,0xff,
    0x08,0x83,0xff,0x08,0x83,0xff,0x08,0x83,0xff,0x08,0x83,0xff,0x08,0x83,0xff,0x08,0x83,0xff,0x08,0x83,0xff,0x08,0x83,0xff,
    0x08,0x83,0xff,0x08,0x83,0xff,0x08,0x83,0xff,0x08,0x83,0xff,0x08,0x83,0xff,0x08,0x83,0xff,0x08,0x83,0xff,0x08,0x83,0xff,
    0x08,0x83,0xff,0x08,0x83,0xff,0x08,0x83,0xff,0x08,0x83,0xff,0x08,0x83,0xff,0x02,0x6a,0xdc,0x00,0x00,0x00,0x00,0x00,0x00,
    0x00,0x00,0x00,0x00,0x00,0x00,0x02,0x6a,0xdc,0x08,0x83,0xff,0x08,0x83,0xff,0x08,0x83,0xff,0x08,0x83,0xff,0x08,0x83,0xff,
    0x08,0x83,0xff,0x08,0x83,0xff,0x08,0x83,0xff,0x08,0x83,0xff,0x08,0x83,0xff,0x08,0x83,0xff,0x08,0x83,0xff,0x08,0x83,0xff,
    0x08,0x83,0xff,0x08,0x83,0xff,0x08,0x83,0xff,0x08,0x83,0xff,0x08,0x83,0xff,0x08,0x83,0xff,0x08,0x83,0xff,0x08,0x83,0xff,
    0x08,0x83,0xff,0x08,0x83,0xff,0x08,0x83,0xff,0x08,0x83,0xff,0x08,0x83,0xff,0x08,0x83,0xff,0x08,0x83,0xff,0x08,0x83,0xff,
    0x08,0x83,0xff,0x08,0x83,0xff,0x08,0x83,0xff,0x08,0x83,0xff,0x08,0x83,0xff,0x08,0x83,0xff,0x08,0x83,0xff,0x08,0x83,0xff,
    0x08,0x83,0xff,0x08,0x83,0xff,0x08,0x83,0xff,0x08,0x83,0xff,0x08,0x83,0xff,0x08,0x83,0xff,0x08,0x83,0xff,0x08,0x83,0xff,
    0x08,0x83,0xff,0x08,0x83,0xff,0x08,0x83,0xff,0x08,0x83,0xff,0x08,0x83,0xff,0x08,0x83,0xff,0x08,0x83,0xff,0x08,0x83,0xff,
    0x08,0x83,0xff,0x08,0x83,0xff,0x08,0x83,0xff,0x08,0x83,0xff,0x08,0x83,0xff,0x08,0x83,0xff,0x08,0x83,0xff,0x08,0x83,0xff,
    0x08,0x83,0xff,0x08,0x83,0xff,0x08,0x83,0xff,0x08,0x83,0xff,0x08,0x83,0xff,0x08,0x83,0xff,0x08,0x83,0xff,0x08,0x83,0xff,
    0x08,0x83,0xff,0x08,0x83,0xff,0x08,0x83,0xff,0x08,0x83,0xff,0x08,0x83,0xff,0x08,0x83,0xff,0x08,0x83,0xff,0x08,0x83,0xff,
    0x08,0x83,0xff,0x08,0x83,0xff,0x08,0x83,0xff,0x08,0x83,0xff,0x08,0x83,0xff,0x08,0x83,0xff,0x08,0x83,0xff,0x08,0x83,0xff,
    0x08,0x83,0xff,0x08,0x83,0xff,0x08,0x83,0xff,0x08,0x83,0xff,0x08,0x83,0xff,0x08,0x83,0xff,0x08,0x83,0xff,0x08,0x83,0xff,
    0x08,0x83,0xff,0x08,0x83,0xff,0x08,0x83,0xff,0x08,0x83,0xff,0x08,0x83,0xff,0x08,0x83,0xff,0x08,0x83,0xff,0x08,0x83,0xff,
    0x08,0x83,0xff,0x08,0x83,0xff,0x08,0x83,0xff,0x08,0x83,0xff,0x08,0x83,0xff,0x08,0x83,0xff,0x08,0x83,0xff,0x08,0x83,0xff,
    0x08,0x83,0xff,0x08,0x83,0xff,0x08,0x83,0xff,0x08,0x83,0xff,0x08,0x83,0xff,0x08,0x83,0xff,0x08,0x83,0xff,0x08,0x83,0xff,
    0x08,0x83,0xff,0x08,0x83,0xff,0x08,0x83,0xff,0x08,0x83,0xff,0x08,0x83,0xff,0x08,0x83,0xff,0x08,0x83,0xff,0x08,0x83,0xff,
    0x08,0x83,0xff,0x08,0x83,0xff,0x08,0x83,0xff,0x08,0x83,0xff,0x08,0x83,0xff,0x02,0x6a,0xdc,0x00,0x00,0x00,0x00,0x00,0x00,
    0x00,0x00,0x00,0x00,0x00,0x00,0x02,0x6a,0xdc,0x08,0x83,0xff,0x08,0x83,0xff,0x08,0x83,0xff,0x08,0x83,0xff,0x08,0x83,0xff,
    0x08,0x83,0xff,0x08,0x83,0xff,0x08,0x83,0xff,0x08,0x83,0xff,0x08,0x83,0xff,0x08,0x83,0xff,0x08,0x83,0xff,0x08,0x83,0xff,
    0x08,0x83,0xff,0x08,0x83,0xff,0x08,0x83,0xff,0x08,0x83,0xff,0x08,0x83,0xff,0x08,0x83,0xff,0x08,0x83,0xff,0x08,0x83,0xff,
    0x08,0x83,0xff,0x08,0x83,0xff,0x08,0x83,0xff,0x08,0x83,0xff,0x08,0x83,0xff,0x08,0x83,0xff,0x08,0x83,0xff,0x08,0x83,0xff,
    0x08,0x83,0xff,0x08,0x83,0xff,0x08,0x83,0xff,0x08,0x83,0xff,0x08,0x83,0xff,0x08,0x83,0xff,0x08,0x83,0xff,0x08,0x83,0xff,
    0x08,0x83,0xff,0x08,0x83,0xff,0x08,0x83,0xff,0x08,0x83,0xff,0x08,0x83,0xff,0x08,0x83,0xff,0x08,0x83,0xff,0x08,0x83,0xff,
    0x08,0x83,0xff,0x08,0x83,0xff,0x08,0x83,0xff,0x08,0x83,0xff,0x08,0x83,0xff,0x08,0x83,0xff,0x08,0x83,0xff,0x08,0x83,0xff,
    0x08,0x83,0xff,0x08,0x83,0xff,0x08,0x83,0xff,0x08,0x83,0xff,0x08,0x83,0xff,0x08,0x83,0xff,0x08,0x83,0xff,0x08,0x83,0xff,
    0x08,0x83,0xff,0x08,0x83,0xff,0x08,0x83,0xff,0x08,0x83,0xff,0x08,0x83,0xff,0x08,0x83,0xff,0x08,0x83,0xff,0x08,0x83,0xff,
    0x08,0x83,0xff,0x08,0x83,0xff,0x08,0x83,0xff,0x08,0x83,0xff,0x08,0x83,0xff,0x08,0x83,0xff,0x08,0x83,0xff,0x08,0x83,0xff,
    0x08,0x83,0xff,0x08,0x83,0xff,0x08,0x83,0xff,0x08,0x83,0xff,0x08,0x83,0xff,0x08,0x83,0xff,0x08,0x83,0xff,0x08,0x83,0xff,
    0x08,0x83,0xff,0x08,0x83,0xff,0x08,0x83,0xff,0x08,0x83,0xff,0x08,0x83,0xff,0x08,0x83,0xff,0x08,0x83,0xff,0x08,0x83,0xff,
    0x08,0x83,0xff,0x08,0x83,0xff,0x08,0x83,0xff,0x08,0x83,0xff,0x08,0x83,0xff,0x08,0x83,0xff,0x08,0x83,0xff,0x08,0x83,0xff,
    0x08,0x83,0xff,0x08,0x83,0xff,0x08,0x83,0xff,0x08,0x83,0xff,0x08,0x83,0xff,0x08,0x83,0xff,0x08,0x83,0xff,0x08,0x83,0xff,
    0x08,0x83,0xff,0x08,0x83,0xff,0x08,0x83,0xff,0x08,0x83,0xff,0x08,0x83,0xff,0x08,0x83,0xff,0x08,0x83,0xff,0x08,0x83,0xff,
    0x08,0x83,0xff,0x08,0x83,0xff,0x08,0x83,0xff,0x08,0x83,0xff,0x08,0x83,0xff,0x08,0x83,0xff,0x08,0x83,0xff,0x08,0x83,0xff,
    0x08,0x83,0xff,0x08,0x83,0xff,0x08,0x83,0xff,0x08,0x83,0xff,0x08,0x83,0xff,0x02,0x6a,0xdc,0x00,0x00,0x00,0x00,0x00,0x00,
    0x00,0x00,0x00,0x00,0x00,0x00,0x02,0x6a,0xdc,0x08,0x83,0xff,0x08,0x83,0xff,0x08,0x83,0xff,0x08,0x83,0xff,0x08,0x83,0xff,
    0x08,0x83,0xff,0x08,0x83,0xff,0x08,0x83,0xff,0x08,0x83,0xff,0x08,0x83,0xff,0x08,0x83,0xff,0x08,0x83,0xff,0x08,0x83,0xff,
    0x08,0x83,0xff,0x08,0x83,0xff,0x08,0x83,0xff,0x08,0x83,0xff,0x08,0x83,0xff,0x08,0x83,0xff,0x08,0x83,0xff,0x08,0x83,0xff,
    0x08,0x83,0xff,0x08,0x83,0xff,0x08,0x83,0xff,0x08,0x83,0xff,0x08,0x83,0xff,0x08,0x83,0xff,0x08,0x83,0xff,0x08,0x83,0xff,
    0x08,0x83,0xff,0x08,0x83,0xff,0x08,0x83,0xff,0x08,0x83,0xff,0x08,0x83,0xff,0x08,0x83,0xff,0x08,0x83,0xff,0x08,0x83,0xff,
    0x08,0x83,0xff,0x08,0x83,0xff,0x08,0x83,0xff,0x08,0x83,0xff,0x08,0x83,0xff,0x08,0x83,0xff,0x08,0x83,0xff,0x08,0x83,0xff,
    0x08,0x83,0xff,0x08,0x83,0xff,0x08,0x83,0xff,0x08,0x83,0xff,0x08,0x83,0xff,0x08,0x83,0xff,0x08,0x83,0xff,0x08,0x83,0xff,
    0x08,0x83,0xff,0x08,0x83,0xff,0x08,0x83,0xff,0x08,0x83,0xff,0x08,0x83,0xff,0x08,0x83,0xff,0x08,0x83,0xff,0x08,0x83,0xff,
    0x08,0x83,0xff,0x08,0x83,0xff,0x08,0x83,0xff,0x08,0x83,0xff,0x08,0x83,0xff,0x08,0x83,0xff,0x08,0x83,0xff,0x08,0x83,0xff,
    0x08,0x83,0xff,0x08,0x83,0xff,0x08,0x83,0xff,0x08,0x83,0xff,0x08,0x83,0xff,0x08,0x83,0xff,0x08,0x83,0xff,0x08,0x83,0xff,
    0x08,0x83,0xff,0x08,0x83,0xff,0x08,0x83,0xff,0x08,0x83,0xff,0x08,0x83,0xff,0x08,0x83,0xff,0x08,0x83,0xff,0x08,0x83,0xff,
    0x08,0x83,0xff,0x08,0x83,0xff,0x08,0x83,0xff,0x08,0x83,0xff,0x08,0x83,0xff,0x08,0x83,0xff,0x08,0x83,0xff,0x08,0x83,0xff,
    0x08,0x83,0xff,0x08,0x83,0xff,0x08,0x83,0xff,0x08,0x83,0xff,0x08,0x83,0xff,0x08,0x83,0xff,0x08,0x83,0xff,0x08,0x83,0xff,
    0x08,0x83,0xff,0x08,0x83,0xff,0x08,0x83,0xff,0x08,0x83,0xff,0x08,0x83,0xff,0x08,0x83,0xff,0x08,0x83,0xff,0x08,0x83,0xff,
    0x08,0x83,0xff,0x08,0x83,0xff,0x08,0x83,0xff,0x08,0x83,0xff,0x08,0x83,0xff,0x08,0x83,0xff,0x08,0x83,0xff,0x08,0x83,0xff,
    0x08,0x83,0xff,0x08,0x83,0xff,0x08,0x83,0xff,0x08,0x83,0xff,0x08,0x83,0xff,0x08,0x83,0xff,0x08,0x83,0xff,0x08,0x83,0xff,
    0x08,0x83,0xff,0x08,0x83,0xff,0x08,0x83,0xff,0x08,0x83,0xff,0x08,0x83,0xff,0x02,0x6a,0xdc,0x00,0x00,0x00,0x00,0x00,0x00,
    0x00,0x00,0x00,0x00,0x00,0x00,0x02,0x6a,0xdc,0x08,0x83,0xff,0x08,0x83,0xff,0x08,0x83,0xff,0x08,0x83,0xff,0x08,0x83,0xff,
    0x08,0x83,0xff,0x08,0x83,0xff,0x08,0x83,0xff,0x08,0x83,0xff,0x08,0x83,0xff,0x08,0x83,0xff,0x08,0x83,0xff,0x08,0x83,0xff,
    0x08,0x83,0xff,0x08,0x83,0xff,0x08,0x83,0xff,0x08,0x83,0xff,0x08,0x83,0xff,0x08,0x83,0xff,0x08,0x83,0xff,0x08,0x83,0xff,
    0x08,0x83,0xff,0x08,0x83,0xff,0x08,0x83,0xff,0x08,0x83,0xff,0x08,0x83,0xff,0x08,0x83,0xff,0x08,0x83,0xff,0x08,0x83,0xff,
    0x08,0x83,0xff,0x08,0x83,0xff,0x08,0x83,0xff,0x08,0x83,0xff,0x08,0x83,0xff,0x08,0x83,0xff,0x08,0x83,0xff,0x08,0x83,0xff,
    0x08,0x83,0xff,0x08,0x83,0xff,0x08,0x83,0xff,0x08,0x83,0xff,0x08,0x83,0xff,0x08,0x83,0xff,0x08,0x83,0xff,0x08,0x83,0xff,
    0x08,0x83,0xff,0x08,0x83,0xff,0x08,0x83,0xff,0x08,0x83,0xff,0x08,0x83,0xff,0x08,0x83,0xff,0x08,0x83,0xff,0x08,0x83,0xff,
    0x08,0x83,0xff,0x08,0x83,0xff,0x08,0x83,0xff,0x08,0x83,0xff,0x08,0x83,0xff,0x08,0x83,0xff,0x08,0x83,0xff,0x08,0x83,0xff,
    0x08,0x83,0xff,0x08,0x83,0xff,0x08,0x83,0xff,0x08,0x83,0xff,0x08,0x83,0xff,0x08,0x83,0xff,0x08,0x83,0xff,0x08,0x83,0xff,
    0x08,0x83,0xff,0x08,0x83,0xff,0x08,0x83,0xff,0x08,0x83,0xff,0x08,0x83,0xff,0x08,0x83,0xff,0x08,0x83,0xff,0x08,0x83,0xff,
    0x08,0x83,0xff,0x08,0x83,0xff,0x08,0x83,0xff,0x08,0x83,0xff,0x08,0x83,0xff,0x08,0x83,0xff,0x08,0x83,0xff,0x08,0x83,0xff,
    0x08,0x83,0xff,0x08,0x83,0xff,0x08,0x83,0xff,0x08,0x83,0xff,0x08,0x83,0xff,0x08,0x83,0xff,0x08,0x83,0xff,0x08,0x83,0xff,
    0x08,0x83,0xff,0x08,0x83,0xff,0x08,0x83,0xff,0x08,0x83,0xff,0x08,0x83,0xff,0x08,0x83,0xff,0x08,0x83,0xff,0x08,0x83,0xff,
    0x08,0x83,0xff,0x08,0x83,0xff,0x08,0x83,0xff,0x08,0x83,0xff,0x08,0x83,0xff,0x08,0x83,0xff,0x08,0x83,0xff,0x08,0x83,0xff,
    0x08,0x83,0xff,0x08,0x83,0xff,0x08,0x83,0xff,0x08,0x83,0xff,0x08,0x83,0xff,0x08,0x83,0xff,0x08,0x83,0xff,0x08,0x83,0xff,
    0x08,0x83,0xff,0x08,0x83,0xff,0x08,0x83,0xff,0x08,0x83,0xff,0x08,0x83,0xff,0x08,0x83,0xff,0x08,0x83,0xff,0x08,0x83,0xff,
    0x08,0x83,0xff,0x08,0x83,0xff,0x08,0x83,0xff,0x08,0x83,0xff,0x08,0x83,0xff,0x02,0x6a,0xdc,0x00,0x00,0x00,0x00,0x00,0x00,
    0x00,0x00,0x00,0x00,0x00,0x00,0x02,0x6a,0xdc,0x08,0x83,0xff,0x08,0x83,0xff,0x08,0x83,0xff,0x08,0x83,0xff,0x08,0x83,0xff,
    0x08,0x83,0xff,0x08,0x83,0xff,0x08,0x83,0xff,0x08,0x83,0xff,0x08,0x83,0xff,0x08,0x83,0xff,0x08,0x83,0xff,0x08,0x83,0xff,
    0x08,0x83,0xff,0x08,0x83,0xff,0x08,0x83,0xff,0x08,0x83,0xff,0x08,0x83,0xff,0x08,0x83,0xff,0x08,0x83,0xff,0x08,0x83,0xff,
    0x08,0x83,0xff,0x08,0x83,0xff,0x08,0x83,0xff,0x08,0x83,0xff,0x08,0x83,0xff,0x08,0x83,0xff,0x08,0x83,0xff,0x08,0x83,0xff,
    0x08,0x83,0xff,0x08,0x83,0xff,0x08,0x83,0xff,0x08,0x83,0xff,0x08,0x83,0xff,0x08,0x83,0xff,0x08,0x83,0xff,0x08,0x83,0xff,
    0x08,0x83,0xff,0x08,0x83,0xff,0x08,0x83,0xff,0x08,0x83,0xff,0x08,0x83,0xff,0x08,0x83,0xff,0x08,0x83,0xff,0x08,0x83,0xff,
    0x08,0x83,0xff,0x08,0x83,0xff,0x08,0x83,0xff,0x08,0x83,0xff,0x08,0x83,0xff,0x08,0x83,0xff,0x08,0x83,0xff,0x08,0x83,0xff,
    0x08,0x83,0xff,0x08,0x83,0xff,0x08,0x83,0xff,0x08,0x83,0xff,0x08,0x83,0xff,0x08,0x83,0xff,0x08,0x83,0xff,0x08,0x83,0xff,
    0x08,0x83,0xff,0x08,0x83,0xff,0x08,0x83,0xff,0x08,0x83,0xff,0x08,0x83,0xff,0x08,0x83,0xff,0x08,0x83,0xff,0x08,0x83,0xff,
    0x08,0x83,0xff,0x08,0x83,0xff,0x08,0x83,0xff,0x08,0x83,0xff,0x08,0x83,0xff,0x08,0x83,0xff,0x08,0x83,0xff,0x08,0x83,0xff,
    0x08,0x83,0xff,0x08,0x83,0xff,0x08,0x83,0xff,0x08,0x83,0xff,0x08,0x83,0xff,0x08,0x83,0xff,0x08,0x83,0xff,0x08,0x83,0xff,
    0x08,0x83,0xff,0x08,0x83,0xff,0x08,0x83,0xff,0x08,0x83,0xff,0x08,0x83,0xff,0x08,0x83,0xff,0x08,0x83,0xff,0x08,0x83,0xff,
    0x08,0x83,0xff,0x08,0x83,0xff,0x08,0x83,0xff,0x08,0x83,0xff,0x08,0x83,0xff,0x08,0x83,0xff,0x08,0x83,0xff,0x08,0x83,0xff,
    0x08,0x83,0xff,0x08,0x83,0xff,0x08,0x83,0xff,0x08,0x83,0xff,0x08,0x83,0xff,0x08,0x83,0xff,0x08,0x83,0xff,0x08,0x83,0xff,
    0x08,0x83,0xff,0x08,0x83,0xff,0x08,0x83,0xff,0x08,0x83,0xff,0x08,0x83,0xff,0x08,0x83,0xff,0x08,0x83,0xff,0x08,0x83,0xff,
    0x08,0x83,0xff,0x08,0x83,0xff,0x08,0x83,0xff,0x08,0x83,0xff,0x08,0x83,0xff,0x08,0x83,0xff,0x08,0x83,0xff,0x08,0x83,0xff,
    0x08,0x83,0xff,0x08,0x83,0xff,0x08,0x83,0xff,0x08,0x83,0xff,0x08,0x83,0xff,0x02,0x6a,0xdc,0x00,0x00,0x00,0x00,0x00,0x00,
    0x00,0x00,0x00,0x00,0x00,0x00,0x02,0x6a,0xdc,0x08,0x83,0xff,0x08,0x83,0xff,0x08,0x83,0xff,0x08,0x83,0xff,0x08,0x83,0xff,
    0x08,0x83,0xff,0x08,0x83,0xff,0x08,0x83,0xff,0x08,0x83,0xff,0x08,0x83,0xff,0x08,0x83,0xff,0x08,0x83,0xff,0x08,0x83,0xff,
    0x08,0x83,0xff,0x08,0x83,0xff,0x08,0x83,0xff,0x08,0x83,0xff,0x08,0x83,0xff,0x08,0x83,0xff,0x08,0x83,0xff,0x08,0x83,0xff,
    0x08,0x83,0xff,0x08,0x83,0xff,0x08,0x83,0xff,0x08,0x83,0xff,0x08,0x83,0xff,0x08,0x83,0xff,0x08,0x83,0xff,0x08,0x83,0xff,
    0x08,0x83,0xff,0x08,0x83,0xff,0x08,0x83,0xff,0x08,0x83,0xff,0x08,0x83,0xff,0x08,0x83,0xff,0x08,0x83,0xff,0x08,0x83,0xff,
    0x08,0x83,0xff,0x08,0x83,0xff,0x08,0x83,0xff,0x08,0x83,0xff,0x08,0x83,0xff,0x08,0x83,0xff,0x08,0x83,0xff,0x08,0x83,0xff,
    0x08,0x83,0xff,0x08,0x83,0xff,0x08,0x83,0xff,0x08,0x83,0xff,0x08,0x83,0xff,0x08,0x83,0xff,0x08,0x83,0xff,0x08,0x83,0xff,
    0x08,0x83,0xff,0x08,0x83,0xff,0x08,0x83,0xff,0x08,0x83,0xff,0x08,0x83,0xff,0x08,0x83,0xff,0x08,0x83,0xff,0x08,0x83,0xff,
    0x08,0x83,0xff,0x08,0x83,0xff,0x08,0x83,0xff,0x08,0x83,0xff,0x08,0x83,0xff,0x08,0x83,0xff,0x08,0x83,0xff,0x08,0x83,0xff,
    0x08,0x83,0xff,0x08,0x83,0xff,0x08,0x83,0xff,0x08,0x83,0xff,0x08,0x83,0xff,0x08,0x83,0xff,0x08,0x83,0xff,0x08,0x83,0xff,
    0x08,0x83,0xff,0x08,0x83,0xff,0x08,0x83,0xff,0x08,0x83,0xff,0x08,0x83,0xff,0x08,0x83,0xff,0x08,0x83,0xff,0x08,0x83,0xff,
    0x08,0x83,0xff,0x08,0x83,0xff,0x08,0x83,0xff,0x08,0x83,0xff,0x08,0x83,0xff,0x08,0x83,0xff,0x08,0x83,0xff,0x08,0x83,0xff,
    0x08,0x83,0xff,0x08,0x83,0xff,0x08,0x83,0xff,0x08,0x83,0xff,0x08,0x83,0xff,0x08,0x83,0xff,0x08,0x83,0xff,0x08,0x83,0xff,
    0x08,0x83,0xff,0x08,0x83,0xff,0x08,0x83,0xff,0x08,0x83,0xff,0x08,0x83,0xff,0x08,0x83,0xff,0x08,0x83,0xff,0x08,0x83,0xff,
    0x08,0x83,0xff,0x08,0x83,0xff,0x08,0x83,0xff,0x08,0x83,0xff,0x08,0x83,0xff,0x08,0x83,0xff,0x08,0x83,0xff,0x08,0x83,0xff,
    0x08,0x83,0xff,0x08,0x83,0xff,0x08,0x83,0xff,0x08,0x83,0xff,0x08,0x83,0xff,0x08,0x83,0xff,0x08,0x83,0xff,0x08,0x83,0xff,
    0x08,0x83,0xff,0x08,0x83,0xff,0x08,0x83,0xff,0x08,0x83,0xff,0x08,0x83,0xff,0x02,0x6a,0xdc,0x00,0x00,0x00,0x00,0x00,0x00,
    0x00,0x00,0x00,0x00,0x00,0x00,0x02,0x6a,0xdc,0x08,0x83,0xff,0x08,0x83,0xff,0x08,0x83,0xff,0x08,0x83,0xff,0x08,0x83,0xff,
    0x08,0x83,0xff,0x08,0x83,0xff,0x08,0x83,0xff,0x08,0x83,0xff,0x08,0x83,0xff,0x08,0x83,0xff,0x08,0x83,0xff,0x08,0x83,0xff,
    0x08,0x83,0xff,0x08,0x83,0xff,0x08,0x83,0xff,0x08,0x83,0xff,0x08,0x83,0xff,0x08,0x83,0xff,0x08,0x83,0xff,0x08,0x83,0xff,
    0x08,0x83,0xff,0x08,0x83,0xff,0x08,0x83,0xff,0x08,0x83,0xff,0x08,0x83,0xff,0x08,0x83,0xff,0x08,0x83,0xff,0x08,0x83,0xff,
    0x08,0x83,0xff,0x08,0x83,0xff,0x08,0x83,0xff,0x08,0x83,0xff,0x08,0x83,0xff,0x08,0x83,0xff,0x08,0x83,0xff,0x08,0x83,0xff,
    0x08,0x83,0xff,0x08,0x83,0xff,0x08,0x83,0xff,0x08,0x83,0xff,0x08,0x83,0xff,0x08,0x83,0xff,0x08,0x83,0xff,0x08,0x83,0xff,
    0x08,0x83,0xff,0x08,0x83,0xff,0x08,0x83,0xff,0x08,0x83,0xff,0x08,0x83,0xff,0x08,0x83,0xff,0x08,0x83,0xff,0x08,0x83,0xff,
    0x08,0x83,0xff,0x08,0x83,0xff,0x08,0x83,0xff,0x08,0x83,0xff,0x08,0x83,0xff,0x08,0x83,0xff,0x08,0x83,0xff,0x08,0x83,0xff,
    0x08,0x83,0xff,0x08,0x83,0xff,0x08,0x83,0xff,0x08,0x83,0xff,0x08,0x83,0xff,0x08,0x83,0xff,0x08,0x83,0xff,0x08,0x83,0xff,
    0x08,0x83,0xff,0x08,0x83,0xff,0x08,0x83,0xff,0x08,0x83,0xff,0x08,0x83,0xff,0x08,0x83,0xff,0x08,0x83,0xff,0x08,0x83,0xff,
    0x08,0x83,0xff,0x08,0x83,0xff,0x08,0x83,0xff,0x08,0x83,0xff,0x08,0x83,0xff,0x08,0x83,0xff,0x08,0x83,0xff,0x08,0x83,0xff,
    0x08,0x83,0xff,0x08,0x83,0xff,0x08,0x83,0xff,0x08,0x83,0xff,0x08,0x83,0xff,0x08,0x83,0xff,0x08,0x83,0xff,0x08,0x83,0xff,
    0x08,0x83,0xff,0x08,0x83,0xff,0x08,0x83,0xff,0x08,0x83,0xff,0x08,0x83,0xff,0x08,0x83,0xff,0x08,0x83,0xff,0x08,0x83,0xff,
    0x08,0x83,0xff,0x08,0x83,0xff,0x08,0x83,0xff,0x08,0x83,0xff,0x08,0x83,0xff,0x08,0x83,0xff,0x08,0x83,0xff,0x08,0x83,0xff,
    0x08,0x83,0xff,0x08,0x83,0xff,0x08,0x83,0xff,0x08,0x83,0xff,0x08,0x83,0xff,0x08,0x83,0xff,0x08,0x83,0xff,0x08,0x83,0xff,
    0x08,0x83,0xff,0x08,0x83,0xff,0x08,0x83,0xff,0x08,0x83,0xff,0x08,0x83,0xff,0x08,0x83,0xff,0x08,0x83,0xff,0x08,0x83,0xff,
    0x08,0x83,0xff,0x08,0x83,0xff,0x08,0x83,0xff,0x08,0x83,0xff,0x08,0x83,0xff,0x02,0x6a,0xdc,0x00,0x00,0x00,0x00,0x00,0x00,
    0x00,0x00,0x00,0x00,0x00,0x00,0x02,0x6a,0xdc,0x08,0x83,0xff,0x08,0x83,0xff,0x08,0x83,0xff,0x08,0x83,0xff,0x08,0x83,0xff,
    0x08,0x83,0xff,0x08,0x83,0xff,0x08,0x83,0xff,0x08,0x83,0xff,0x08,0x83,0xff,0x08,0x83,0xff,0x08,0x83,0xff,0x08,0x83,0xff,
    0x08,0x83,0xff,0x08,0x83,0xff,0x08,0x83,0xff,0x08,0x83,0xff,0x08,0x83,0xff,0x08,0x83,0xff,0x08,0x83,0xff,0x08,0x83,0xff,
    0x08,0x83,0xff,0x08,0x83,0xff,0x08,0x83,0xff,0x08,0x83,0xff,0x08,0x83,0xff,0x08,0x83,0xff,0x08,0x83,0xff,0x08,0x83,0xff,
    0x08,0x83,0xff,0x08,0x83,0xff,0x08,0x83,0xff,0x08,0x83,0xff,0x08,0x83,0xff,0x08,0x83,0xff,0x08,0x83,0xff,0x08,0x83,0xff,
    0x08,0x83,0xff,0x08,0x83,0xff,0x08,0x83,0xff,0x08,0x83,0xff,0x08,0x83,0xff,0x08,0x83,0xff,0x08,0x83,0xff,0x08,0x83,0xff,
    0x08,0x83,0xff,0x08,0x83,0xff,0x08,0x83,0xff,0x08,0x83,0xff,0x08,0x83,0xff,0x08,0x83,0xff,0x08,0x83,0xff,0x08,0x83,0xff,
    0x08,0x83,0xff,0x08,0x83,0xff,0x08,0x83,0xff,0x08,0x83,0xff,0x08,0x83,0xff,0x08,0x83,0xff,0x08,0x83,0xff,0x08,0x83,0xff,
    0x08,0x83,0xff,0x08,0x83,0xff,0x08,0x83,0xff,0x08,0x83,0xff,0x08,0x83,0xff,0x08,0x83,0xff,0x08,0x83,0xff,0x08,0x83,0xff,
    0x08,0x83,0xff,0x08,0x83,0xff,0x08,0x83,0xff,0x08,0x83,0xff,0x08,0x83,0xff,0x08,0x83,0xff,0x08,0x83,0xff,0x08,0x83,0xff,
    0x08,0x83,0xff,0x08,0x83,0xff,0x08,0x83,0xff,0x08,0x83,0xff,0x08,0x83,0xff,0x08,0x83,0xff,0x08,0x83,0xff,0x08,0x83,0xff,
    0x08,0x83,0xff,0x08,0x83,0xff,0x08,0x83,0xff,0x08,0x83,0xff,0x08,0x83,0xff,0x08,0x83,0xff,0x08,0x83,0xff,0x08,0x83,0xff,
    0x08,0x83,0xff,0x08,0x83,0xff,0x08,0x83,0xff,0x08,0x83,0xff,0x08,0x83,0xff,0x08,0x83,0xff,0x08,0x83,0xff,0x08,0x83,0xff,
    0x08,0x83,0xff,0x08,0x83,0xff,0x08,0x83,0xff,0x08,0x83,0xff,0x08,0x83,0xff,0x08,0x83,0xff,0x08,0x83,0xff,0x08,0x83,0xff,
    0x08,0x83,0xff,0x08,0x83,0xff,0x08,0x83,0xff,0x08,0x83,0xff,0x08,0x83,0xff,0x08,0x83,0xff,0x08,0x83,0xff,0x08,0x83,0xff,
    0x08,0x83,0xff,0x08,0x83,0xff,0x08,0x83,0xff,0x08,0x83,0xff,0x08,0x83,0xff,0x08,0x83,0xff,0x08,0x83,0xff,0x08,0x83,0xff,
    0x08,0x83,0xff,0x08,0x83,0xff,0x08,0x83,0xff,0x08,0x83,0xff,0x08,0x83,0xff,0x02,0x6a,0xdc,0x00,0x00,0x00,0x00,0x00,0x00,
    0x00,0x00,0x00,0x00,0x00,0x00,0x02,0x6a,0xdc,0x08,0x83,0xff,0x08,0x83,0xff,0x08,0x83,0xff,0x08,0x83,0xff,0x08,0x83,0xff,
    0x08,0x83,0xff,0x08,0x83,0xff,0x08,0x83,0xff,0x08,0x83,0xff,0x08,0x83,0xff,0x08,0x83,0xff,0x08,0x83,0xff,0x08,0x83,0xff,
    0x08,0x83,0xff,0x08,0x83,0xff,0x08,0x83,0xff,0x08,0x83,0xff,0x08,0x83,0xff,0x08,0x83,0xff,0x08,0x83,0xff,0x08,0x83,0xff,
    0x08,0x83,0xff,0x08,0x83,0xff,0x08,0x83,0xff,0x08,0x83,0xff,0x08,0x83,0xff,0x08,0x83,0xff,0x08,0x83,0xff,0x08,0x83,0xff,
    0x08,0x83,0xff,0x08,0x83,0xff,0x08,0x83,0xff,0x08,0x83,0xff,0x08,0x83,0xff,0x08,0x83,0xff,0x08,0x83,0xff,0x08,0x83,0xff,
    0x08,0x83,0xff,0x08,0x83,0xff,0x08,0x83,0xff,0x08,0x83,0xff,0x08,0x83,0xff,0x08,0x83,0xff,0x08,0x83,0xff,0x08,0x83,0xff,
    0x08,0x83,0xff,0x08,0x83,0xff,0x08,0x83,0xff,0x08,0x83,0xff,0x08,0x83,0xff,0x08,0x83,0xff,0x08,0x83,0xff,0x08,0x83,0xff,
    0x08,0x83,0xff,0x08,0x83,0xff,0x08,0x83,0xff,0x08,0x83,0xff,0x08,0x83,0xff,0x08,0x83,0xff,0x08,0x83,0xff,0x08,0x83,0xff,
    0x08,0x83,0xff,0x08,0x83,0xff,0x08,0x83,0xff,0x08,0x83,0xff,0x08,0x83,0xff,0x08,0x83,0xff,0x08,0x83,0xff,0x08,0x83,0xff,
    0x08,0x83,0xff,0x08,0x83,0xff,0x08,0x83,0xff,0x08,0x83,0xff,0x08,0x83,0xff,0x08,0x83,0xff,0x08,0x83,0xff,0x08,0x83,0xff,
    0x08,0x83,0xff,0x08,0x83,0xff,0x08,0x83,0xff,0x08,0x83,0xff,0x08,0x83,0xff,0x08,0x83,0xff,0x08,0x83,0xff,0x08,0x83,0xff,
    0x08,0x83,0xff,0x08,0x83,0xff,0x08,0x83,0xff,0x08,0x83,0xff,0x08,0x83,0xff,0x08,0x83,0xff,0x08,0x83,0xff,0x08,0x83,0xff,
    0x08,0x83,0xff,0x08,0x83,0xff,0x08,0x83,0xff,0x08,0x83,0xff,0x08,0x83,0xff,0x08,0x83,0xff,0x08,0x83,0xff,0x08,0x83,0xff,
    0x08,0x83,0xff,0x08,0x83,0xff,0x08,0x83,0xff,0x08,0x83,0xff,0x08,0x83,0xff,0x08,0x83,0xff,0x08,0x83,0xff,0x08,0x83,0xff,
    0x08,0x83,0xff,0x08,0x83,0xff,0x08,0x83,0xff,0x08,0x83,0xff,0x08,0x83,0xff,0x08,0x83,0xff,0x08,0x83,0xff,0x08,0x83,0xff,
    0x08,0x83,0xff,0x08,0x83,0xff,0x08,0x83,0xff,0x08,0x83,0xff,0x08,0x83,0xff,0x08,0x83,0xff,0x08,0x83,0xff,0x08,0x83,0xff,
    0x08,0x83,0xff,0x08,0x83,0xff,0x08,0x83,0xff,0x08,0x83,0xff,0x08,0x83,0xff,0x02,0x6a,0xdc,0x00,0x00,0x00,0x00,0x00,0x00,
    0x00,0x00,0x00,0x00,0x00,0x00,0x02,0x6a,0xdc,0x08,0x83,0xff,0x08,0x83,0xff,0x08,0x83,0xff,0x08,0x83,0xff,0x08,0x83,0xff,
    0x08,0x83,0xff,0x08,0x83,0xff,0x08,0x83,0xff,0x08,0x83,0xff,0x08,0x83,0xff,0x08,0x83,0xff,0x08,0x83,0xff,0x08,0x83,0xff,
    0x08,0x83,0xff,0x08,0x83,0xff,0x08,0x83,0xff,0x08,0x83,0xff,0x08,0x83,0xff,0x08,0x83,0xff,0x08,0x83,0xff,0x08,0x83,0xff,
    0x08,0x83,0xff,0x08,0x83,0xff,0x08,0x83,0xff,0x08,0x83,0xff,0x08,0x83,0xff,0x08,0x83,0xff,0x08,0x83,0xff,0x08,0x83,0xff,
    0x08,0x83,0xff,0x08,0x83,0xff,0x08,0x83,0xff,0x08,0x83,0xff,0x08,0x83,0xff,0x08,0x83,0xff,0x08,0x83,0xff,0x08,0x83,0xff,
    0x08,0x83,0xff,0x08,0x83,0xff,0x08,0x83,0xff,0x08,0x83,0xff,0x08,0x83,0xff,0x08,0x83,0xff,0x08,0x83,0xff,0x08,0x83,0xff,
    0x08,0x83,0xff,0x08,0x83,0xff,0x08,0x83,0xff,0x08,0x83,0xff,0x08,0x83,0xff,0x08,0x83,0xff,0x08,0x83,0xff,0x08,0x83,0xff,
    0x08,0x83,0xff,0x08,0x83,0xff,0x08,0x83,0xff,0x08,0x83,0xff,0x08,0x83,0xff,0x08,0x83,0xff,0x08,0x83,0xff,0x08,0x83,0xff,
    0x08,0x83,0xff,0x08,0x83,0xff,0x08,0x83,0xff,0x08,0x83,0xff,0x08,0x83,0xff,0x08,0x83,0xff,0x08,0x83,0xff,0x08,0x83,0xff,
    0x08,0x83,0xff,0x08,0x83,0xff,0x08,0x83,0xff,0x08,0x83,0xff,0x08,0x83,0xff,0x08,0x83,0xff,0x08,0x83,0xff,0x08,0x83,0xff,
    0x08,0x83,0xff,0x08,0x83,0xff,0x08,0x83,0xff,0x08,0x83,0xff,0x08,0x83,0xff,0x08,0x83,0xff,0x08,0x83,0xff,0x08,0x83,0xff,
    0x08,0x83,0xff,0x08,0x83,0xff,0x08,0x83,0xff,0x08,0x83,0xff,0x08,0x83,0xff,0x08,0x83,0xff,0x08,0x83,0xff,0x08,0x83,0xff,
    0x08,0x83,0xff,0x08,0x83,0xff,0x08,0x83,0xff,0x08,0x83,0xff,0x08,0x83,0xff,0x08,0x83,0xff,0x08,0x83,0xff,0x08,0x83,0xff,
    0x08,0x83,0xff,0x08,0x83,0xff,0x08,0x83,0xff,0x08,0x83,0xff,0x08,0x83,0xff,0x08,0x83,0xff,0x08,0x83,0xff,0x08,0x83,0xff,
    0x08,0x83,0xff,0x08,0x83,0xff,0x08,0x83,0xff,0x08,0x83,0xff,0x08,0x83,0xff,0x08,0x83,0xff,0x08,0x83,0xff,0x08,0x83,0xff,
    0x08,0x83,0xff,0x08,0x83,0xff,0x08,0x83,0xff,0x08,0x83,0xff,0x08,0x83,0xff,0x08,0x83,0xff,0x08,0x83,0xff,0x08,0x83,0xff,
    0x08,0x83,0xff,0x08,0x83,0xff,0x08,0x83,0xff,0x08,0x83,0xff,0x08,0x83,0xff,0x02,0x6a,0xdc,0x00,0x00,0x00,0x00,0x00,0x00,
    0x00,0x00,0x00,0x00,0x00,0x00,0x02,0x6a,0xdc,0x08,0x83,0xff,0x08,0x83,0xff,0x08,0x83,0xff,0x08,0x83,0xff,0x08,0x83,0xff,
    0x08,0x83,0xff,0x08,0x83,0xff,0x08,0x83,0xff,0x08,0x83,0xff,0x08,0x83,0xff,0x08,0x83,0xff,0x08,0x83,0xff,0x08,0x83,0xff,
    0x08,0x83,0xff,0x08,0x83,0xff,0x08,0x83,0xff,0x08,0x83,0xff,0x08,0x83,0xff,0x08,0x83,0xff,0x08,0x83,0xff,0x08,0x83,0xff,
    0x08,0x83,0xff,0x08,0x83,0xff,0x08,0x83,0xff,0x08,0x83,0xff,0x08,0x83,0xff,0x08,0x83,0xff,0x08,0x83,0xff,0x08,0x83,0xff,
    0x08,0x83,0xff,0x08,0x83,0xff,0x08,0x83,0xff,0x08,0x83,0xff,0x08,0x83,0xff,0x08,0x83,0xff,0x08,0x83,0xff,0x08,0x83,0xff,
    0x08,0x83,0xff,0x08,0x83,0xff,0x08,0x83,0xff,0x08,0x83,0xff,0x08,0x83,0xff,0x08,0x83,0xff,0x08,0x83,0xff,0x08,0x83,0xff,
    0x08,0x83,0xff,0x08,0x83,0xff,0x08,0x83,0xff,0x08,0x83,0xff,0x08,0x83,0xff,0x08,0x83,0xff,0x08,0x83,0xff,0x08,0x83,0xff,
    0x08,0x83,0xff,0x08,0x83,0xff,0x08,0x83,0xff,0x08,0x83,0xff,0x08,0x83,0xff,0x08,0x83,0xff,0x08,0x83,0xff,0x08,0x83,0xff,
    0x08,0x83,0xff,0x08,0x83,0xff,0x08,0x83,0xff,0x08,0x83,0xff,0x08,0x83,0xff,0x08,0x83,0xff,0x08,0x83,0xff,0x08,0x83,0xff,
    0x08,0x83,0xff,0x08,0x83,0xff,0x08,0x83,0xff,0x08,0x83,0xff,0x08,0x83,0xff,0x08,0x83,0xff,0x08,0x83,0xff,0x08,0x83,0xff,
    0x08,0x83,0xff,0x08,0x83,0xff,0x08,0x83,0xff,0x08,0x83,0xff,0x08,0x83,0xff,0x08,0x83,0xff,0x08,0x83,0xff,0x08,0x83,0xff,
    0x08,0x83,0xff,0x08,0x83,0xff,0x08,0x83,0xff,0x08,0x83,0xff,0x08,0x83,0xff,0x08,0x83,0xff,0x08,0x83,0xff,0x08,0x83,0xff,
    0x08,0x83,0xff,0x08,0x83,0xff,0x08,0x83,0xff,0x08,0x83,0xff,0x08,0x83,0xff,0x08,0x83,0xff,0x08,0x83,0xff,0x08,0x83,0xff,
    0x08,0x83,0xff,0x08,0x83,0xff,0x08,0x83,0xff,0x08,0x83,0xff,0x08,0x83,0xff,0x08,0x83,0xff,0x08,0x83,0xff,0x08,0x83,0xff,
    0x08,0x83,0xff,0x08,0x83,0xff,0x08,0x83,0xff,0x08,0x83,0xff,0x08,0x83,0xff,0x08,0x83,0xff,0x08,0x83,0xff,0x08,0x83,0xff,
    0x08,0x83,0xff,0x08,0x83,0xff,0x08,0x83,0xff,0x08,0x83,0xff,0x08,0x83,0xff,0x08,0x83,0xff,0x08,0x83,0xff,0x08,0x83,0xff,
    0x08,0x83,0xff,0x08,0x83,0xff,0x08,0x83,0xff,0x08,0x83,0xff,0x08,0x83,0xff,0x02,0x6a,0xdc,0x00,0x00,0x00,0x00,0x00,0x00,
    0x00,0x00,0x00,0x00,0x00,0x00,0x02,0x6a,0xdc,0x08,0x83,0xff,0x08,0x83,0xff,0x08,0x83,0xff,0x08,0x83,0xff,0x08,0x83,0xff,
    0x08,0x83,0xff,0x08,0x83,0xff,0x08,0x83,0xff,0x08,0x83,0xff,0x08,0x83,0xff,0x08,0x83,0xff,0x08,0x83,0xff,0x08,0x83,0xff,
    0x08,0x83,0xff,0x08,0x83,0xff,0x08,0x83,0xff,0x08,0x83,0xff,0x08,0x83,0xff,0x08,0x83,0xff,0x08,0x83,0xff,0x08,0x83,0xff,
    0x08,0x83,0xff,0x08,0x83,0xff,0x08,0x83,0xff,0x08,0x83,0xff,0x08,0x83,0xff,0x08,0x83,0xff,0x08,0x83,0xff,0x08,0x83,0xff,
    0x08,0x83,0xff,0x08,0x83,0xff,0x08,0x83,0xff,0x08,0x83,0xff,0x08,0x83,0xff,0x08,0x83,0xff,0x08,0x83,0xff,0x08,0x83,0xff,
    0x08,0x83,0xff,0x08,0x83,0xff,0x08,0x83,0xff,0x08,0x83,0xff,0x08,0x83,0xff,0x08,0x83,0xff,0x08,0x83,0xff,0x08,0x83,0xff,
    0x08,0x83,0xff,0x08,0x83,0xff,0x08,0x83,0xff,0x08,0x83,0xff,0x08,0x83,0xff,0x08,0x83,0xff,0x08,0x83,0xff,0x08,0x83,0xff,
    0x08,0x83,0xff,0x08,0x83,0xff,0x08,0x83,0xff,0x08,0x83,0xff,0x08,0x83,0xff,0x08,0x83,0xff,0x08,0x83,0xff,0x08,0x83,0xff,
    0x08,0x83,0xff,0x08,0x83,0xff,0x08,0x83,0xff,0x08,0x83,0xff,0x08,0x83,0xff,0x08,0x83,0xff,0x08,0x83,0xff,0x08,0x83,0xff,
    0x08,0x83,0xff,0x08,0x83,0xff,0x08,0x83,0xff,0x08,0x83,0xff,0x08,0x83,0xff,0x08,0x83,0xff,0x08,0x83,0xff,0x08,0x83,0xff,
    0x08,0x83,0xff,0x08,0x83,0xff,0x08,0x83,0xff,0x08,0x83,0xff,0x08,0x83,0xff,0x08,0x83,0xff,0x08,0x83,0xff,0x08,0x83,0xff,
    0x08,0x83,0xff,0x08,0x83,0xff,0x08,0x83,0xff,0x08,0x83,0xff,0x08,0x83,0xff,0x08,0x83,0xff,0x08,0x83,0xff,0x08,0x83,0xff,
    0x08,0x83,0xff,0x08,0x83,0xff,0x08,0x83,0xff,0x08,0x83,0xff,0x08,0x83,0xff,0x08,0x83,0xff,0x08,0x83,0xff,0x08,0x83,0xff,
    0x08,0x83,0xff,0x08,0x83,0xff,0x08,0x83,0xff,0x08,0x83,0xff,0x08,0x83,0xff,0x08,0x83,0xff,0x08,0x83,0xff,0x08,0x83,0xff,
    0x08,0x83,0xff,0x08,0x83,0xff,0x08,0x83,0xff,0x08,0x83,0xff,0x08,0x83,0xff,0x08,0x83,0xff,0x08,0x83,0xff,0x08,0x83,0xff,
    0x08,0x83,0xff,0x08,0x83,0xff,0x08,0x83,0xff,0x08,0x83,0xff,0x08,0x83,0xff,0x08,0x83,0xff,0x08,0x83,0xff,0x08,0x83,0xff,
    0x08,0x83,0xff,0x08,0x83,0xff,0x08,0x83,0xff,0x08,0x83,0xff,0x08,0x83,0xff,0x02,0x6a,0xdc,0x00,0x00,0x00,0x00,0x00,0x00,
    0x00,0x00,0x00,0x00,0x00,0x00,0x02,0x6a,0xdc,0x08,0x83,0xff,0x08,0x83,0xff,0x08,0x83,0xff,0x08,0x83,0xff,0x08,0x83,0xff,
    0x08,0x83,0xff,0x08,0x83,0xff,0x08,0x83,0xff,0x08,0x83,0xff,0x08,0x83,0xff,0x08,0x83,0xff,0x08,0x83,0xff,0x08,0x83,0xff,
    0x08,0x83,0xff,0x08,0x83,0xff,0x08,0x83,0xff,0x08,0x83,0xff,0x08,0x83,0xff,0x08,0x83,0xff,0x08,0x83,0xff,0x08,0x83,0xff,
    0x08,0x83,0xff,0x08,0x83,0xff,0x08,0x83,0xff,0x08,0x83,0xff,0x08,0x83,0xff,0x08,0x83,0xff,0x08,0x83,0xff,0x08,0x83,0xff,
    0x08,0x83,0xff,0x08,0x83,0xff,0x08,0x83,0xff,0x08,0x83,0xff,0x08,0x83,0xff,0x08,0x83,0xff,0x08,0x83,0xff,0x08,0x83,0xff,
    0x08,0x83,0xff,0x08,0x83,0xff,0x08,0x83,0xff,0x08,0x83,0xff,0x08,0x83,0xff,0x08,0x83,0xff,0x08,0x83,0xff,0x08,0x83,0xff,
    0x08,0x83,0xff,0x08,0x83,0xff,0x08,0x83,0xff,0x08,0x83,0xff,0x08,0x83,0xff,0x08,0x83,0xff,0x08,0x83,0xff,0x08,0x83,0xff,
    0x08,0x83,0xff,0x08,0x83,0xff,0x08,0x83,0xff,0x08,0x83,0xff,0x08,0x83,0xff,0x08,0x83,0xff,0x08,0x83,0xff,0x08,0x83,0xff,
    0x08,0x83,0xff,0x08,0x83,0xff,0x08,0x83,0xff,0x08,0x83,0xff,0x08,0x83,0xff,0x08,0x83,0xff,0x08,0x83,0xff,0x08,0x83,0xff,
    0x08,0x83,0xff,0x08,0x83,0xff,0x08,0x83,0xff,0x08,0x83,0xff,0x08,0x83,0xff,0x08,0x83,0xff,0x08,0x83,0xff,0x08,0x83,0xff,
    0x08,0x83,0xff,0x08,0x83,0xff,0x08,0x83,0xff,0x08,0x83,0xff,0x08,0x83,0xff,0x08,0x83,0xff,0x08,0x83,0xff,0x08,0x83,0xff,
    0x08,0x83,0xff,0x08,0x83,0xff,0x08,0x83,0xff,0x08,0x83,0xff,0x08,0x83,0xff,0x08,0x83,0xff,0x08,0x83,0xff,0x08,0x83,0xff,
    0x08,0x83,0xff,0x08,0x83,0xff,0x08,0x83,0xff,0x08,0x83,0xff,0x08,0x83,0xff,0x08,0x83,0xff,0x08,0x83,0xff,0x08,0x83,0xff,
    0x08,0x83,0xff,0x08,0x83,0xff,0x08,0x83,0xff,0x08,0x83,0xff,0x08,0x83,0xff,0x08,0x83,0xff,0x08,0x83,0xff,0x08,0x83,0xff,
    0x08,0x83,0xff,0x08,0x83,0xff,0x08,0x83,0xff,0x08,0x83,0xff,0x08,0x83,0xff,0x08,0x83,0xff,0x08,0x83,0xff,0x08,0x83,0xff,
    0x08,0x83,0xff,0x08,0x83,0xff,0x08,0x83,0xff,0x08,0x83,0xff,0x08,0x83,0xff,0x08,0x83,0xff,0x08,0x83,0xff,0x08,0x83,0xff,
    0x08,0x83,0xff,0x08,0x83,0xff,0x08,0x83,0xff,0x08,0x83,0xff,0x08,0x83,0xff,0x02,0x6a,0xdc,0x00,0x00,0x00,0x00,0x00,0x00,
    0x00,0x00,0x00,0x00,0x00,0x00,0x02,0x6a,0xdc,0x08,0x83,0xff,0x08,0x83,0xff,0x08,0x83,0xff,0x08,0x83,0xff,0x08,0x83,0xff,
    0x08,0x83,0xff,0x08,0x83,0xff,0x08,0x83,0xff,0x08,0x83,0xff,0x08,0x83,0xff,0x08,0x83,0xff,0x08,0x83,0xff,0x08,0x83,0xff,
    0x08,0x83,0xff,0x08,0x83,0xff,0x08,0x83,0xff,0x08,0x83,0xff,0x08,0x83,0xff,0x08,0x83,0xff,0x08,0x83,0xff,0x08,0x83,0xff,
    0x08,0x83,0xff,0x08,0x83,0xff,0x08,0x83,0xff,0x08,0x83,0xff,0x08,0x83,0xff,0x08,0x83,0xff,0x08,0x83,0xff,0x08,0x83,0xff,
    0x08,0x83,0xff,0x08,0x83,0xff,0x08,0x83,0xff,0x08,0x83,0xff,0x08,0x83,0xff,0x08,0x83,0xff,0x08,0x83,0xff,0x08,0x83,0xff,
    0x08,0x83,0xff,0x08,0x83,0xff,0x08,0x83,0xff,0x08,0x83,0xff,0x08,0x83,0xff,0x08,0x83,0xff,0x08,0x83,0xff,0x08,0x83,0xff,
    0x08,0x83,0xff,0x08,0x83,0xff,0x08,0x83,0xff,0x08,0x83,0xff,0x08,0x83,0xff,0x08,0x83,0xff,0x08,0x83,0xff,0x08,0x83,0xff,
    0x08,0x83,0xff,0x08,0x83,0xff,0x08,0x83,0xff,0x08,0x83,0xff,0x08,0x83,0xff,0x08,0x83,0xff,0x08,0x83,0xff,0x08,0x83,0xff,
    0x08,0x83,0xff,0x08,0x83,0xff,0x08,0x83,0xff,0x08,0x83,0xff,0x08,0x83,0xff,0x08,0x83,0xff,0x08,0x83,0xff,0x08,0x83,0xff,
    0x08,0x83,0xff,0x08,0x83,0xff,0x08,0x83,0xff,0x08,0x83,0xff,0x08,0x83,0xff,0x08,0x83,0xff,0x08,0x83,0xff,0x08,0x83,0xff,
    0x08,0x83,0xff,0x08,0x83,0xff,0x08,0x83,0xff,0x08,0x83,0xff,0x08,0x83,0xff,0x08,0x83,0xff,0x08,0x83,0xff,0x08,0x83,0xff,
    0x08,0x83,0xff,0x08,0x83,0xff,0x08,0x83,0xff,0x08,0x83,0xff,0x08,0x83,0xff,0x08,0x83,0xff,0x08,0x83,0xff,0x08,0x83,0xff,
    0x08,0x83,0xff,0x08,0x83,0xff,0x08,0x83,0xff,0x08,0x83,0xff,0x08,0x83,0xff,0x08,0x83,0xff,0x08,0x83,0xff,0x08,0x83,0xff,
    0x08,0x83,0xff,0x08,0x83,0xff,0x08,0x83,0xff,0x08,0x83,0xff,0x08,0x83,0xff,0x08,0x83,0xff,0x08,0x83,0xff,0x08,0x83,0xff,
    0x08,0x83,0xff,0x08,0x83,0xff,0x08,0x83,0xff,0x08,0x83,0xff,0x08,0x83,0xff,0x08,0x83,0xff,0x08,0x83,0xff,0x08,0x83,0xff,
    0x08,0x83,0xff,0x08,0x83,0xff,0x08,0x83,0xff,0x08,0x83,0xff,0x08,0x83,0xff,0x08,0x83,0xff,0x08,0x83,0xff,0x08,0x83,0xff,
    0x08,0x83,0xff,0x08,0x83,0xff,0x08,0x83,0xff,0x08,0x83,0xff,0x08,0x83,0xff,0x02,0x6a,0xdc,0x00,0x00,0x00,0x00,0x00,0x00,
    0x00,0x00,0x00,0x00,0x00,0x00,0x02,0x6a,0xdc,0x08,0x83,0xff,0x08,0x83,0xff,0x08,0x83,0xff,0x08,0x83,0xff,0x08,0x83,0xff,
    0x08,0x83,0xff,0x08,0x83,0xff,0x08,0x83,0xff,0x08,0x83,0xff,0x08,0x83,0xff,0x08,0x83,0xff,0x08,0x83,0xff,0x08,0x83,0xff,
    0x08,0x83,0xff,0x08,0x83,0xff,0x08,0x83,0xff,0x08,0x83,0xff,0x08,0x83,0xff,0x08,0x83,0xff,0x08,0x83,0xff,0x08,0x83,0xff,
    0x08,0x83,0xff,0x08,0x83,0xff,0x08,0x83,0xff,0x08,0x83,0xff,0x08,0x83,0xff,0x08,0x83,0xff,0x08,0x83,0xff,0x08,0x83,0xff,
    0x08,0x83,0xff,0x08,0x83,0xff,0x08,0x83,0xff,0x08,0x83,0xff,0x08,0x83,0xff,0x08,0x83,0xff,0x08,0x83,0xff,0x08,0x83,0xff,
    0x08,0x83,0xff,0x08,0x83,0xff,0x08,0x83,0xff,0x08,0x83,0xff,0x08,0x83,0xff,0x08,0x83,0xff,0x08,0x83,0xff,0x08,0x83,0xff,
    0x08,0x83,0xff,0x08,0x83,0xff,0x08,0x83,0xff,0x08,0x83,0xff,0x08,0x83,0xff,0x08,0x83,0xff,0x08,0x83,0xff,0x08,0x83,0xff,
    0x08,0x83,0xff,0x08,0x83,0xff,0x08,0x83,0xff,0x08,0x83,0xff,0x08,0x83,0xff,0x08,0x83,0xff,0x08,0x83,0xff,0x08,0x83,0xff,
    0x08,0x83,0xff,0x08,0x83,0xff,0x08,0x83,0xff,0x08,0x83,0xff,0x08,0x83,0xff,0x08,0x83,0xff,0x08,0x83,0xff,0x08,0x83,0xff,
    0x08,0x83,0xff,0x08,0x83,0xff,0x08,0x83,0xff,0x08,0x83,0xff,0x08,0x83,0xff,0x08,0x83,0xff,0x08,0x83,0xff,0x08,0x83,0xff,
    0x08,0x83,0xff,0x08,0x83,0xff,0x08,0x83,0xff,0x08,0x83,0xff,0x08,0x83,0xff,0x08,0x83,0xff,0x08,0x83,0xff,0x08,0x83,0xff,
    0x08,0x83,0xff,0x08,0x83,0xff,0x08,0x83,0xff,0x08,0x83,0xff,0x08,0x83,0xff,0x08,0x83,0xff,0x08,0x83,0xff,0x08,0x83,0xff,
    0x08,0x83,0xff,0x08,0x83,0xff,0x08,0x83,0xff,0x08,0x83,0xff,0x08,0x83,0xff,0x08,0x83,0xff,0x08,0x83,0xff,0x08,0x83,0xff,
    0x08,0x83,0xff,0x08,0x83,0xff,0x08,0x83,0xff,0x08,0x83,0xff,0x08,0x83,0xff,0x08,0x83,0xff,0x08,0x83,0xff,0x08,0x83,0xff,
    0x08,0x83,0xff,0x08,0x83,0xff,0x08,0x83,0xff,0x08,0x83,0xff,0x08,0x83,0xff,0x08,0x83,0xff,0x08,0x83,0xff,0x08,0x83,0xff,
    0x08,0x83,0xff,0x08,0x83,0xff,0x08,0x83,0xff,0x08,0x83,0xff,0x08,0x83,0xff,0x08,0x83,0xff,0x08,0x83,0xff,0x08,0x83,0xff,
    0x08,0x83,0xff,0x08,0x83,0xff,0x08,0x83,0xff,0x08,0x83,0xff,0x08,0x83,0xff,0x02,0x6a,0xdc,0x00,0x00,0x00,0x00,0x00,0x00,
    0x00,0x00,0x00,0x00,0x00,0x00,0x02,0x6a,0xdc,0x08,0x83,0xff,0x08,0x83,0xff,0x08,0x83,0xff,0x08,0x83,0xff,0x08,0x83,0xff,
    0x08,0x83,0xff,0x08,0x83,0xff,0x08,0x83,0xff,0x08,0x83,0xff,0x08,0x83,0xff,0x08,0x83,0xff,0x08,0x83,0xff,0x08,0x83,0xff,
    0x08,0x83,0xff,0x08,0x83,0xff,0x08,0x83,0xff,0x08,0x83,0xff,0x08,0x83,0xff,0x08,0x83,0xff,0x08,0x83,0xff,0x08,0x83,0xff,
    0x08,0x83,0xff,0x08,0x83,0xff,0x08,0x83,0xff,0x08,0x83,0xff,0x08,0x83,0xff,0x08,0x83,0xff,0x08,0x83,0xff,0x08,0x83,0xff,
    0x08,0x83,0xff,0x08,0x83,0xff,0x08,0x83,0xff,0x08,0x83,0xff,0x08,0x83,0xff,0x08,0x83,0xff,0x08,0x83,0xff,0x08,0x83,0xff,
    0x08,0x83,0xff,0x08,0x83,0xff,0x08,0x83,0xff,0x08,0x83,0xff,0x08,0x83,0xff,0x08,0x83,0xff,0x08,0x83,0xff,0x08,0x83,0xff,
    0x08,0x83,0xff,0x08,0x83,0xff,0x08,0x83,0xff,0x08,0x83,0xff,0x08,0x83,0xff,0x08,0x83,0xff,0x08,0x83,0xff,0x08,0x83,0xff,
    0x08,0x83,0xff,0x08,0x83,0xff,0x08,0x83,0xff,0x08,0x83,0xff,0x08,0x83,0xff,0x08,0x83,0xff,0x08,0x83,0xff,0x08,0x83,0xff,
    0x08,0x83,0xff,0x08,0x83,0xff,0x08,0x83,0xff,0x08,0x83,0xff,0x08,0x83,0xff,0x08,0x83,0xff,0x08,0x83,0xff,0x08,0x83,0xff,
    0x08,0x83,0xff,0x08,0x83,0xff,0x08,0x83,0xff,0x08,0x83,0xff,0x08,0x83,0xff,0x08,0x83,0xff,0x08,0x83,0xff,0x08,0x83,0xff,
    0x08,0x83,0xff,0x08,0x83,0xff,0x08,0x83,0xff,0x08,0x83,0xff,0x08,0x83,0xff,0x08,0x83,0xff,0x08,0x83,0xff,0x08,0x83,0xff,
    0x08,0x83,0xff,0x08,0x83,0xff,0x08,0x83,0xff,0x08,0x83,0xff,0x08,0x83,0xff,0x08,0x83,0xff,0x08,0x83,0xff,0x08,0x83,0xff,
    0x08,0x83,0xff,0x08,0x83,0xff,0x08,0x83,0xff,0x08,0x83,0xff,0x08,0x83,0xff,0x08,0x83,0xff,0x08,0x83,0xff,0x08,0x83,0xff,
    0x08,0x83,0xff,0x08,0x83,0xff,0x08,0x83,0xff,0x08,0x83,0xff,0x08,0x83,0xff,0x08,0x83,0xff,0x08,0x83,0xff,0x08,0x83,0xff,
    0x08,0x83,0xff,0x08,0x83,0xff,0x08,0x83,0xff,0x08,0x83,0xff,0x08,0x83,0xff,0x08,0x83,0xff,0x08,0x83,0xff,0x08,0x83,0xff,
    0x08,0x83,0xff,0x08,0x83,0xff,0x08,0x83,0xff,0x08,0x83,0xff,0x08,0x83,0xff,0x08,0x83,0xff,0x08,0x83,0xff,0x08,0x83,0xff,
    0x08,0x83,0xff,0x08,0x83,0xff,0x08,0x83,0xff,0x08,0x83,0xff,0x08,0x83,0xff,0x02,0x6a,0xdc,0x00,0x00,0x00,0x00,0x00,0x00,
    0x00,0x00,0x00,0x00,0x00,0x00,0x02,0x6a,0xdc,0x08,0x83,0xff,0x08,0x83,0xff,0x08,0x83,0xff,0x08,0x83,0xff,0x08,0x83,0xff,
    0x08,0x83,0xff,0x08,0x83,0xff,0x08,0x83,0xff,0x08,0x83,0xff,0x08,0x83,0xff,0x08,0x83,0xff,0x08,0x83,0xff,0x08,0x83,0xff,
    0x08,0x83,0xff,0x08,0x83,0xff,0x08,0x83,0xff,0x08,0x83,0xff,0x08,0x83,0xff,0x08,0x83,0xff,0x08,0x83,0xff,0x08,0x83,0xff,
    0x08,0x83,0xff,0x08,0x83,0xff,0x08,0x83,0xff,0x08,0x83,0xff,0x08,0x83,0xff,0x08,0x83,0xff,0x08,0x83,0xff,0x08,0x83,0xff,
    0x08,0x83,0xff,0x08,0x83,0xff,0x08,0x83,0xff,0x08,0x83,0xff,0x08,0x83,0xff,0x08,0x83,0xff,0x08,0x83,0xff,0x08,0x83,0xff,
    0x08,0x83,0xff,0x08,0x83,0xff,0x08,0x83,0xff,0x08,0x83,0xff,0x08,0x83,0xff,0x08,0x83,0xff,0x08,0x83,0xff,0x08,0x83,0xff,
    0x08,0x83,0xff,0x08,0x83,0xff,0x08,0x83,0xff,0x08,0x83,0xff,0x08,0x83,0xff,0x08,0x83,0xff,0x08,0x83,0xff,0x08,0x83,0xff,
    0x08,0x83,0xff,0x08,0x83,0xff,0x08,0x83,0xff,0x08,0x83,0xff,0x08,0x83,0xff,0x08,0x83,0xff,0x08,0x83,0xff,0x08,0x83,0xff,
    0x08,0x83,0xff,0x08,0x83,0xff,0x08,0x83,0xff,0x08,0x83,0xff,0x08,0x83,0xff,0x08,0x83,0xff,0x08,0x83,0xff,0x08,0x83,0xff,
    0x08,0x83,0xff,0x08,0x83,0xff,0x08,0x83,0xff,0x08,0x83,0xff,0x08,0x83,0xff,0x08,0x83,0xff,0x08,0x83,0xff,0x08,0x83,0xff,
    0x08,0x83,0xff,0x08,0x83,0xff,0x08,0x83,0xff,0x08,0x83,0xff,0x08,0x83,0xff,0x08,0x83,0xff,0x08,0x83,0xff,0x08,0x83,0xff,
    0x08,0x83,0xff,0x08,0x83,0xff,0x08,0x83,0xff,0x08,0x83,0xff,0x08,0x83,0xff,0x08,0x83,0xff,0x08,0x83,0xff,0x08,0x83,0xff,
    0x08,0x83,0xff,0x08,0x83,0xff,0x08,0x83,0xff,0x08,0x83,0xff,0x08,0x83,0xff,0x08,0x83,0xff,0x08,0x83,0xff,0x08,0x83,0xff,
    0x08,0x83,0xff,0x08,0x83,0xff,0x08,0x83,0xff,0x08,0x83,0xff,0x08,0x83,0xff,0x08,0x83,0xff,0x08,0x83,0xff,0x08,0x83,0xff,
    0x08,0x83,0xff,0x08,0x83,0xff,0x08,0x83,0xff,0x08,0x83,0xff,0x08,0x83,0xff,0x08,0x83,0xff,0x08,0x83,0xff,0x08,0x83,0xff,
    0x08,0x83,0xff,0x08,0x83,0xff,0x08,0x83,0xff,0x08,0x83,0xff,0x08,0x83,0xff,0x08,0x83,0xff,0x08,0x83,0xff,0x08,0x83,0xff,
    0x08,0x83,0xff,0x08,0x83,0xff,0x08,0x83,0xff,0x08,0x83,0xff,0x08,0x83,0xff,0x02,0x6a,0xdc,0x00,0x00,0x00,0x00,0x00,0x00,
    0x00,0x00,0x00,0x00,0x00,0x00,0x02,0x6a,0xdc,0x08,0x83,0xff,0x08,0x83,0xff,0x08,0x83,0xff,0x08,0x83,0xff,0x08,0x83,0xff,
    0x08,0x83,0xff,0x08,0x83,0xff,0x08,0x83,0xff,0x08,0x83,0xff,0x08,0x83,0xff,0x08,0x83,0xff,0x08,0x83,0xff,0x08,0x83,0xff,
    0x08,0x83,0xff,0x08,0x83,0xff,0x08,0x83,0xff,0x08,0x83,0xff,0x08,0x83,0xff,0x08,0x83,0xff,0x08,0x83,0xff,0x08,0x83,0xff,
    0x08,0x83,0xff,0x08,0x83,0xff,0x08,0x83,0xff,0x08,0x83,0xff,0x08,0x83,0xff,0x08,0x83,0xff,0x08,0x83,0xff,0x08,0x83,0xff,
    0x08,0x83,0xff,0x08,0x83,0xff,0x08,0x83,0xff,0x08,0x83,0xff,0x08,0x83,0xff,0x08,0x83,0xff,0x08,0x83,0xff,0x08,0x83,0xff,
    0x08,0x83,0xff,0x08,0x83,0xff,0x08,0x83,0xff,0x08,0x83,0xff,0x08,0x83,0xff,0x08,0x83,0xff,0x08,0x83,0xff,0x08,0x83,0xff,
    0x08,0x83,0xff,0x08,0x83,0xff,0x08,0x83,0xff,0x08,0x83,0xff,0x08,0x83,0xff,0x08,0x83,0xff,0x08,0x83,0xff,0x08,0x83,0xff,
    0x08,0x83,0xff,0x08,0x83,0xff,0x08,0x83,0xff,0x08,0x83,0xff,0x08,0x83,0xff,0x08,0x83,0xff,0x08,0x83,0xff,0x08,0x83,0xff,
    0x08,0x83,0xff,0x08,0x83,0xff,0x08,0x83,0xff,0x08,0x83,0xff,0x08,0x83,0xff,0x08,0x83,0xff,0x08,0x83,0xff,0x08,0x83,0xff,
    0x08,0x83,0xff,0x08,0x83,0xff,0x08,0x83,0xff,0x08,0x83,0xff,0x08,0x83,0xff,0x08,0x83,0xff,0x08,0x83,0xff,0x08,0x83,0xff,
    0x08,0x83,0xff,0x08,0x83,0xff,0x08,0x83,0xff,0x08,0x83,0xff,0x08,0x83,0xff,0x08,0x83,0xff,0x08,0x83,0xff,0x08,0x83,0xff,
    0x08,0x83,0xff,0x08,0x83,0xff,0x08,0x83,0xff,0x08,0x83,0xff,0x08,0x83,0xff,0x08,0x83,0xff,0x08,0x83,0xff,0x08,0x83,0xff,
    0x08,0x83,0xff,0x08,0x83,0xff,0x08,0x83,0xff,0x08,0x83,0xff,0x08,0x83,0xff,0x08,0x83,0xff,0x08,0x83,0xff,0x08,0x83,0xff,
    0x08,0x83,0xff,0x08,0x83,0xff,0x08,0x83,0xff,0x08,0x83,0xff,0x08,0x83,0xff,0x08,0x83,0xff,0x08,0x83,0xff,0x08,0x83,0xff,
    0x08,0x83,0xff,0x08,0x83,0xff,0x08,0x83,0xff,0x08,0x83,0xff,0x08,0x83,0xff,0x08,0x83,0xff,0x08,0x83,0xff,0x08,0x83,0xff,
    0x08,0x83,0xff,0x08,0x83,0xff,0x08,0x83,0xff,0x08,0x83,0xff,0x08,0x83,0xff,0x08,0x83,0xff,0x08,0x83,0xff,0x08,0x83,0xff,
    0x08,0x83,0xff,0x08,0x83,0xff,0x08,0x83,0xff,0x08,0x83,0xff,0x08,0x83,0xff,0x02,0x6a,0xdc,0x00,0x00,0x00,0x00,0x00,0x00,
    0x00,0x00,0x00,0x00,0x00,0x00,0x02,0x6a,0xdc,0x08,0x83,0xff,0x08,0x83,0xff,0x08,0x83,0xff,0x08,0x83,0xff,0x08,0x83,0xff,
    0x08,0x83,0xff,0x08,0x83,0xff,0x08,0x83,0xff,0x08,0x83,0xff,0x08,0x83,0xff,0x08,0x83,0xff,0x08,0x83,0xff,0x08,0x83,0xff,
    0x08,0x83,0xff,0x08,0x83,0xff,0x08,0x83,0xff,0x08,0x83,0xff,0x08,0x83,0xff,0x08,0x83,0xff,0x08,0x83,0xff,0x08,0x83,0xff,
    0x08,0x83,0xff,0x08,0x83,0xff,0x08,0x83,0xff,0x08,0x83,0xff,0x08,0x83,0xff,0x08,0x83,0xff,0x08,0x83,0xff,0x08,0x83,0xff,
    0x08,0x83,0xff,0x08,0x83,0xff,0x08,0x83,0xff,0x08,0x83,0xff,0x08,0x83,0xff,0x08,0x83,0xff,0x08,0x83,0xff,0x08,0x83,0xff,
    0x08,0x83,0xff,0x08,0x83,0xff,0x08,0x83,0xff,0x08,0x83,0xff,0x08,0x83,0xff,0x08,0x83,0xff,0x08,0x83,0xff,0x08,0x83,0xff,
    0x08,0x83,0xff,0x08,0x83,0xff,0x08,0x83,0xff,0x08,0x83,0xff,0x08,0x83,0xff,0x08,0x83,0xff,0x08,0x83,0xff,0x08,0x83,0xff,
    0x08,0x83,0xff,0x08,0x83,0xff,0x08,0x83,0xff,0x08,0x83,0xff,0x08,0x83,0xff,0x08,0x83,0xff,0x08,0x83,0xff,0x08,0x83,0xff,
    0x08,0x83,0xff,0x08,0x83,0xff,0x08,0x83,0xff,0x08,0x83,0xff,0x08,0x83,0xff,0x08,0x83,0xff,0x08,0x83,0xff,0x08,0x83,0xff,
    0x08,0x83,0xff,0x08,0x83,0xff,0x08,0x83,0xff,0x08,0x83,0xff,0x08,0x83,0xff,0x08,0x83,0xff,0x08,0x83,0xff,0x08,0x83,0xff,
    0x08,0x83,0xff,0x08,0x83,0xff,0x08,0x83,0xff,0x08,0x83,0xff,0x08,0x83,0xff,0x08,0x83,0xff,0x08,0x83,0xff,0x08,0x83,0xff,
    0x08,0x83,0xff,0x08,0x83,0xff,0x08,0x83,0xff,0x08,0x83,0xff,0x08,0x83,0xff,0x08,0x83,0xff,0x08,0x83,0xff,0x08,0x83,0xff,
    0x08,0x83,0xff,0x08,0x83,0xff,0x08,0x83,0xff,0x08,0x83,0xff,0x08,0x83,0xff,0x08,0x83,0xff,0x08,0x83,0xff,0x08,0x83,0xff,
    0x08,0x83,0xff,0x08,0x83,0xff,0x08,0x83,0xff,0x08,0x83,0xff,0x08,0x83,0xff,0x08,0x83,0xff,0x08,0x83,0xff,0x08,0x83,0xff,
    0x08,0x83,0xff,0x08,0x83,0xff,0x08,0x83,0xff,0x08,0x83,0xff,0x08,0x83,0xff,0x08,0x83,0xff,0x08,0x83,0xff,0x08,0x83,0xff,
    0x08,0x83,0xff,0x08,0x83,0xff,0x08,0x83,0xff,0x08,0x83,0xff,0x08,0x83,0xff,0x08,0x83,0xff,0x08,0x83,0xff,0x08,0x83,0xff,
    0x08,0x83,0xff,0x08,0x83,0xff,0x08,0x83,0xff,0x08,0x83,0xff,0x08,0x83,0xff,0x02,0x6a,0xdc,0x00,0x00,0x00,0x00,0x00,0x00,
    0x00,0x00,0x00,0x00,0x00,0x00,0x02,0x6a,0xdc,0x08,0x83,0xff,0x08,0x83,0xff,0x08,0x83,0xff,0x08,0x83,0xff,0x08,0x83,0xff,
    0x08,0x83,0xff,0x08,0x83,0xff,0x08,0x83,0xff,0x08,0x83,0xff,0x08,0x83,0xff,0x08,0x83,0xff,0x08,0x83,0xff,0x08,0x83,0xff,
    0x08,0x83,0xff,0x08,0x83,0xff,0x08,0x83,0xff,0x08,0x83,0xff,0x08,0x83,0xff,0x08,0x83,0xff,0x08,0x83,0xff,0x08,0x83,0xff,
    0x08,0x83,0xff,0x08,0x83,0xff,0x08,0x83,0xff,0x08,0x83,0xff,0x08,0x83,0xff,0x08,0x83,0xff,0x08,0x83,0xff,0x08,0x83,0xff,
    0x08,0x83,0xff,0x08,0x83,0xff,0x08,0x83,0xff,0x08,0x83,0xff,0x08,0x83,0xff,0x08,0x83,0xff,0x08,0x83,0xff,0x08,0x83,0xff,
    0x08,0x83,0xff,0x08,0xa3,0xff,0x08,0x83,0xff,0x08,0x83,0xff,0x08,0x83,0xff,0x08,0x83,0xff,0x08,0x83,0xff,0x08,0x83,0xff,
    0x08,0x83,0xff,0x08,0x83,0xff,0x08,0x83,0xff,0x08,0x83,0xff,0x08,0x83,0xff,0x08,0x83,0xff,0x08,0x83,0xff,0x08,0x83,0xff,
    0x08,0x83,0xff,0x08,0x83,0xff,0x08,0x83,0xff,0x08,0x83,0xff,0x08,0xa3,0xff,0x08,0xa3,0xff,0x08,0xa3,0xff,0x08,0xa3,0xff,
    0x08,0xa3,0xff,0x08,0xa3,0xff,0x08,0xa3,0xff,0x08,0xa3,0xff,0x08,0xa3,0xff,0x08,0x83,0xff,0x08,0x83,0xff,0x08,0x83,0xff,
    0x08,0x83,0xff,0x08,0x83,0xff,0x08,0x83,0xff,0x08,0x83,0xff,0x08,0x83,0xff,0x08,0x83,0xff,0x08,0x83,0xff,0x08,0x83,0xff,
    0x08,0x83,0xff,0x08,0x83,0xff,0x08,0x83,0xff,0x08,0x83,0xff,0x08,0x83,0xff,0x08,0xa3,0xff,0x08,0xa3,0xff,0x08,0xa3,0xff,
    0x08,0xa3,0xff,0x08,0xa3,0xff,0x08,0xa3,0xff,0x08,0x83,0xff,0x08,0xa3,0xff,0x08,0xa3,0xff,0x08,0xa3,0xff,0x08,0x83,0xff,
    0x08,0x83,0xff,0x08,0x83,0xff,0x08,0x83,0xff,0x08,0x83,0xff,0x08,0x83,0xff,0x08,0x83,0xff,0x08,0x83,0xff,0x08,0x83,0xff,
    0x08,0x83,0xff,0x08,0x83,0xff,0x08,0x83,0xff,0x08,0x83,0xff,0x08,0x83,0xff,0x08,0x83,0xff,0x08,0x83,0xff,0x08,0x83,0xff,
    0x08,0x83,0xff,0x08,0x83,0xff,0x08,0x83,0xff,0x08,0x83,0xff,0x08,0x83,0xff,0x08,0x83,0xff,0x08,0x83,0xff,0x08,0x83,0xff,
    0x08,0x83,0xff,0x08,0x83,0xff,0x08,0x83,0xff,0x08,0x83,0xff,0x08,0x83,0xff,0x08,0x83,0xff,0x08,0x83,0xff,0x08,0x83,0xff,
    0x08,0x83,0xff,0x08,0x83,0xff,0x08,0x83,0xff,0x08,0x83,0xff,0x08,0x83,0xff,0x02,0x6a,0xdc,0x00,0x00,0x00,0x00,0x00,0x00,
    0x00,0x00,0x00,0x00,0x00,0x00,0x02,0x6a,0xdc,0x08,0x83,0xff,0x08,0x83,0xff,0x08,0x83,0xff,0x08,0x83,0xff,0x08,0x83,0xff,
    0x08,0x83,0xff,0x08,0x83,0xff,0x08,0x83,0xff,0x08,0x83,0xff,0x08,0x83,0xff,0x08,0x83,0xff,0x08,0x83,0xff,0x08,0x83,0xff,
    0x08,0x83,0xff,0x08,0x83,0xff,0x08,0x83,0xff,0x08,0x83,0xff,0x08,0x83,0xff,0x08,0x83,0xff,0x08,0x83,0xff,0x08,0x83,0xff,
    0x08,0x83,0xff,0x08,0x83,0xff,0x08,0x83,0xff,0x08,0x83,0xff,0x08,0x83,0xff,0x08,0x83,0xff,0x08,0x83,0xff,0x08,0x83,0xff,
    0x08,0x83,0xff,0x08,0x83,0xff,0x08,0x83,0xff,0x08,0x83,0xff,0x08,0x83,0xff,0x08,0x83,0xff,0x08,0xa3,0xff,0x08,0xa3,0xff,
    0x08,0xa3,0xff,0x08,0xa3,0xff,0x08,0xa3,0xff,0x08,0xa3,0xff,0x08,0xa3,0xff,0x08,0xa3,0xff,0x08,0xa3,0xff,0x08,0xa3,0xff,
    0x08,0x83,0xff,0x08,0x83,0xff,0x08,0x83,0xff,0x08,0x83,0xff,0x08,0x83,0xff,0x08,0x83,0xff,0x08,0x83,0xff,0x08,0x83,0xff,
    0x08,0xa3,0xff,0x08,0xa3,0xff,0x08,0xa3,0xff,0x08,0xa3,0xff,0x08,0xa3,0xff,0x08,0xa3,0xff,0x08,0xc3,0xff,0x08,0xc3,0xff,
    0x08,0xc3,0xff,0x08,0xc3,0xff,0x08,0xc3,0xff,0x08,0xa3,0xff,0x08,0xa3,0xff,0x08,0xa3,0xff,0x08,0xa3,0xff,0x08,0xa3,0xff,
    0x08,0xa3,0xff,0x08,0xa3,0xff,0x08,0xa3,0xff,0x08,0xa3,0xff,0x08,0xa3,0xff,0x08,0xa3,0xff,0x08,0xa3,0xff,0x08,0xa3,0xff,
    0x08,0x83,0xff,0x08,0x83,0xff,0x08,0xa3,0xff,0x08,0xa3,0xff,0x08,0xa3,0xff,0x08,0xa3,0xff,0x08,0xa3,0xff,0x08,0xa3,0xff,
    0x08,0xa3,0xff,0x08,0xa3,0xff,0x08,0xa3,0xff,0x08,0xa3,0xff,0x08,0xa3,0xff,0x08,0xa3,0xff,0x08,0xa3,0xff,0x08,0xa3,0xff,
    0x08,0xa3,0xff,0x08,0xa3,0xff,0x08,0x83,0xff,0x08,0x83,0xff,0x08,0x83,0xff,0x08,0x83,0xff,0x08,0x83,0xff,0x08,0x83,0xff,
    0x08,0x83,0xff,0x08,0x83,0xff,0x08,0x83,0xff,0x08,0x83,0xff,0x08,0x83,0xff,0x08,0x83,0xff,0x08,0x83,0xff,0x08,0x83,0xff,
    0x08,0x83,0xff,0x08,0x83,0xff,0x08,0x83,0xff,0x08,0x83,0xff,0x08,0x83,0xff,0x08,0x83,0xff,0x08,0x83,0xff,0x08,0x83,0xff,
    0x08,0x83,0xff,0x08,0x83,0xff,0x08,0x83,0xff,0x08,0x83,0xff,0x08,0x83,0xff,0x08,0x83,0xff,0x08,0x83,0xff,0x08,0x83,0xff,
    0x08,0x83,0xff,0x08,0x83,0xff,0x08,0x83,0xff,0x08,0x83,0xff,0x08,0x83,0xff,0x02,0x6a,0xdc,0x00,0x00,0x00,0x00,0x00,0x00,
    0x00,0x00,0x00,0x00,0x00,0x00,0x02,0x6a,0xdc,0x08,0x83,0xff,0x08,0x83,0xff,0x08,0x83,0xff,0x08,0x83,0xff,0x08,0x83,0xff,
    0x08,0x83,0xff,0x08,0x83,0xff,0x08,0x83,0xff,0x08,0x83,0xff,0x08,0x83,0xff,0x08,0x83,0xff,0x08,0x83,0xff,0x08,0x83,0xff,
    0x08,0x83,0xff,0x08,0x83,0xff,0x08,0x83,0xff,0x08,0x83,0xff,0x08,0x83,0xff,0x08,0x83,0xff,0x08,0x83,0xff,0x08,0x83,0xff,
    0x08,0x83,0xff,0x08,0x83,0xff,0x08,0x83,0xff,0x08,0x83,0xff,0x08,0x83,0xff,0x08,0x83,0xff,0x08,0x83,0xff,0x08,0x83,0xff,
    0x08,0x83,0xff,0x08,0x83,0xff,0x08,0x83,0xff,0x08,0x83,0xff,0x08,0x83,0xff,0x08,0xa3,0xff,0x08,0xa3,0xff,0x29,0xc8,0xff,
    0x9d,0x36,0xff,0xd6,0xfd,0xff,0xe7,0x7e,0xff,0xce,0xbb,0xff,0x5b,0x2d,0xff,0x08,0xa3,0xff,0x08,0xa3,0xff,0xdf,0x3e,0xff,
    0xe7,0x9f,0xff,0x21,0x46,0xff,0x08,0xa3,0xff,0x08,0x83,0xff,0x08,0x83,0xff,0x08,0xa3,0xff,0x08,0xa3,0xff,0xdf,0x3e,0xff,
    0xe7,0x9f,0xff,0x19,0x66,0xff,0x08,0xc4,0xff,0x08,0xc4,0xff,0xdf,0x3e,0xff,0xe7,0x9f,0xff,0xe7,0x9f,0xff,0x32,0x2a,0xff,
    0x08,0xe4,0xff,0x08,0xe4,0xff,0x08,0xe4,0xff,0xa5,0x76,0xff,0xe7,0x9f,0xff,0xe7,0x9f,0xff,0x63,0x8f,0xff,0x08,0xc4,0xff,
    0x08,0xc4,0xff,0x08,0xc4,0xff,0x08,0xc4,0xff,0xbe,0x39,0xff,0xe7,0x9f,0xff,0xdf,0x3d,0xff,0x10,0xe4,0xff,0x08,0xa3,0xff,
    0x08,0xa3,0xff,0x08,0xa3,0xff,0x08,0xa3,0xff,0xbe,0x39,0xff,0xe7,0x9f,0xff,0xe7,0x9f,0xff,0xe7,0x9f,0xff,0xe7,0x9f,0xff,
    0xe7,0x9f,0xff,0xe7,0x9f,0xff,0x6b,0xd0,0xff,0x08,0xc4,0xff,0x08,0xc4,0xff,0xdf,0x3e,0xff,0xe7,0x9f,0xff,0xe7,0x9f,0xff,
    0xe7,0x9f,0xff,0xe7,0x9f,0xff,0x4a,0xab,0xff,0x08,0x83,0xff,0x08,0x83,0xff,0x08,0x83,0xff,0x08,0x83,0xff,0x08,0x83,0xff,
    0x08,0x83,0xff,0x08,0x83,0xff,0x08,0x83,0xff,0x08,0x83,0xff,0x08,0x83,0xff,0x08,0x83,0xff,0x08,0x83,0xff,0x08,0x83,0xff,
    0x08,0x83,0xff,0x08,0x83,0xff,0x08,0x83,0xff,0x08,0x83,0xff,0x08,0x83,0xff,0x08,0x83,0xff,0x08,0x83,0xff,0x08,0x83,0xff,
    0x08,0x83,0xff,0x08,0x83,0xff,0x08,0x83,0xff,0x08,0x83,0xff,0x08,0x83,0xff,0x08,0x83,0xff,0x08,0x83,0xff,0x08,0x83,0xff,
    0x08,0x83,0xff,0x08,0x83,0xff,0x08,0x83,0xff,0x08,0x83,0xff,0x08,0x83,0xff,0x02,0x6a,0xdc,0x00,0x00,0x00,0x00,0x00,0x00,
    0x00,0x00,0x00,0x00,0x00,0x00,0x02,0x6a,0xdc,0x08,0x83,0xff,0x08,0x83,0xff,0x08,0x83,0xff,0x08,0x83,0xff,0x08,0x83,0xff,
    0x08,0x83,0xff,0x08,0x83,0xff,0x08,0x83,0xff,0x08,0x83,0xff,0x08,0x83,0xff,0x08,0x83,0xff,0x08,0x83,0xff,0x08,0x83,0xff,
    0x08,0x83,0xff,0x08,0x83,0xff,0x08,0x83,0xff,0x08,0x83,0xff,0x08,0x83,0xff,0x08,0x83,0xff,0x08,0x83,0xff,0x08,0x83,0xff,
    0x08,0x83,0xff,0x08,0x83,0xff,0x08,0x83,0xff,0x08,0x83,0xff,0x08,0x83,0xff,0x08,0x83,0xff,0x08,0x83,0xff,0x08,0x83,0xff,
    0x08,0x83,0xff,0x08,0x83,0xff,0x08,0x83,0xff,0x08,0x83,0xff,0x08,0xa3,0xff,0x08,0xa3,0xff,0x3a,0x4a,0xff,0xdf,0x3e,0xff,
    0xe7,0x9f,0xff,0xe7,0x9f,0xff,0xe7,0x9f,0xff,0xe7,0x9f,0xff,0x84,0x93,0xff,0x08,0xc4,0xff,0x08,0xc4,0xff,0xdf,0x3e,0xff,
    0xe7,0x9f,0xff,0x21,0x66,0xff,0x08,0xa3,0xff,0x08,0xa3,0xff,0x08,0xa3,0xff,0x08,0xa3,0xff,0x08,0xa3,0xff,0xdf,0x3e,0xff,
    0xe7,0x9f,0xff,0x19,0x87,0xff,0x08,0xe4,0xff,0x09,0x05,0xff,0xdf,0x5e,0xff,0xe7,0x7f,0xff,0xe7,0x9f,0xff,0x7c,0x72,0xff,
    0x09,0x25,0xff,0x09,0x25,0xff,0x11,0x66,0xff,0xdf,0x5e,0xff,0xe7,0x9f,0xff,0xe7,0x9f,0xff,0x63,0xaf,0xff,0x08,0xe4,0xff,
    0x08,0xe4,0xff,0x08,0xe4,0xff,0x21,0xc8,0xff,0xe7,0x9f,0xff,0xe7,0x7e,0xff,0xe7,0x9f,0xff,0x4a,0xcc,0xff,0x08,0xc4,0xff,
    0x08,0xc3,0xff,0x08,0xa3,0xff,0x08,0xa3,0xff,0xbe,0x39,0xff,0xe7,0x9f,0xff,0xe7,0x9f,0xff,0xe7,0x9f,0xff,0xe7,0x9f,0xff,
    0xe7,0x9f,0xff,0xe7,0x9f,0xff,0x6b,0xd0,0xff,0x08,0xe4,0xff,0x08,0xe4,0xff,0xdf,0x3e,0xff,0xe7,0x9f,0xff,0xe7,0x9f,0xff,
    0xe7,0x9f,0xff,0xe7,0x9f,0xff,0x4a,0xcb,0xff,0x08,0x83,0xff,0x08,0x83,0xff,0x08,0x83,0xff,0x08,0x83,0xff,0x08,0x83,0xff,
    0x08,0x83,0xff,0x08,0x83,0xff,0x08,0x83,0xff,0x08,0x83,0xff,0x08,0x83,0xff,0x08,0x83,0xff,0x08,0x83,0xff,0x08,0x83,0xff,
    0x08,0x83,0xff,0x08,0x83,0xff,0x08,0x83,0xff,0x08,0x83,0xff,0x08,0x83,0xff,0x08,0x83,0xff,0x08,0x83,0xff,0x08,0x83,0xff,
    0x08,0x83,0xff,0x08,0x83,0xff,0x08,0x83,0xff,0x08,0x83,0xff,0x08,0x83,0xff,0x08,0x83,0xff,0x08,0x83,0xff,0x08,0x83,0xff,
    0x08,0x83,0xff,0x08,0x83,0xff,0x08,0x83,0xff,0x08,0x83,0xff,0x08,0x83,0xff,0x02,0x6a,0xdc,0x00,0x00,0x00,0x00,0x00,0x00,
    0x00,0x00,0x00,0x00,0x00,0x00,0x02,0x6a,0xdc,0x08,0x83,0xff,0x08,0x83,0xff,0x08,0x83,0xff,0x08,0x83,0xff,0x08,0x83,0xff,
    0x08,0x83,0xff,0x08,0x83,0xff,0x08,0x83,0xff,0x08,0x83,0xff,0x08,0x83,0xff,0x08,0x83,0xff,0x08,0x83,0xff,0x08,0x83,0xff,
    0x08,0x83,0xff,0x08,0x83,0xff,0x08,0x83,0xff,0x08,0x83,0xff,0x08,0x83,0xff,0x08,0x83,0xff,0x08,0x83,0xff,0x08,0x83,0xff,
    0x08,0x83,0xff,0x08,0x83,0xff,0x08,0x83,0xff,0x08,0x83,0xff,0x08,0x83,0xff,0x08,0x83,0xff,0x08,0x83,0xff,0x08,0x83,0xff,
    0x08,0x83,0xff,0x08,0x83,0xff,0x08,0x83,0xff,0x08,0x83,0xff,0x08,0xa3,0xff,0x08,0xe4,0xff,0xce,0xbc,0xff,0xe7,0x9f,0xff,
    0xb6,0x19,0xff,0x32,0x4a,0xff,0x11,0x46,0xff,0x42,0xac,0xff,0x6b,0xd0,0xff,0x08,0xe4,0xff,0x08,0xe4,0xff,0xdf,0x3e,0xff,
    0xe7,0x9f,0xff,0x19,0x66,0xff,0x08,0xc3,0xff,0x08,0xa3,0xff,0x08,0xa3,0xff,0x08,0xa3,0xff,0x08,0xc4,0xff,0xdf,0x3e,0xff,
    0xe7,0x9f,0xff,0x19,0xa7,0xff,0x09,0x05,0xff,0x09,0x25,0xff,0xdf,0x5e,0xff,0xce,0xdc,0xff,0xe7,0x7f,0xff,0xc6,0x9b,0xff,
    0x09,0x66,0xff,0x09,0x66,0xff,0x4b,0x4e,0xff,0xe7,0x9f,0xff,0xc6,0xbb,0xff,0xe7,0x9f,0xff,0x63,0xd0,0xff,0x09,0x25,0xff,
    0x09,0x25,0xff,0x09,0x25,0xff,0x6c,0x11,0xff,0xe7,0x9f,0xff,0x9d,0x76,0xff,0xe7,0x9f,0xff,0x95,0x15,0xff,0x08,0xe4,0xff,
    0x08,0xc4,0xff,0x08,0xc4,0xff,0x08,0xc4,0xff,0x08,0xc4,0xff,0x08,0xe4,0xff,0x3a,0x6a,0xff,0xe7,0x9f,0xff,0xc6,0x9b,0xff,
    0x08,0xe4,0xff,0x08,0xe4,0xff,0x08,0xe4,0xff,0x08,0xe4,0xff,0x08,0xe4,0xff,0xdf,0x5e,0xff,0xe7,0x9f,0xff,0x19,0xa7,0xff,
    0x08,0xe4,0xff,0x08,0xc4,0xff,0x08,0xa3,0xff,0x08,0xa3,0xff,0x08,0x83,0xff,0x08,0x83,0xff,0x08,0x83,0xff,0x08,0x83,0xff,
    0x08,0x83,0xff,0x08,0x83,0xff,0x08,0x83,0xff,0x08,0x83,0xff,0x08,0x83,0xff,0x08,0x83,0xff,0x08,0x83,0xff,0x08,0x83,0xff,
    0x08,0x83,0xff,0x08,0x83,0xff,0x08,0x83,0xff,0x08,0x83,0xff,0x08,0x83,0xff,0x08,0x83,0xff,0x08,0x83,0xff,0x08,0x83,0xff,
    0x08,0x83,0xff,0x08,0x83,0xff,0x08,0x83,0xff,0x08,0x83,0xff,0x08,0x83,0xff,0x08,0x83,0xff,0x08,0x83,0xff,0x08,0x83,0xff,
    0x08,0x83,0xff,0x08,0x83,0xff,0x08,0x83,0xff,0x08,0x83,0xff,0x08,0x83,0xff,0x02,0x6a,0xdc,0x00,0x00,0x00,0x00,0x00,0x00,
    0x00,0x00,0x00,0x00,0x00,0x00,0x02,0x6a,0xdc,0x08,0x83,0xff,0x08,0x83,0xff,0x08,0x83,0xff,0x08,0x83,0xff,0x08,0x83,0xff,
    0x08,0x83,0xff,0x08,0x83,0xff,0x08,0x83,0xff,0x08,0x83,0xff,0x08,0x83,0xff,0x08,0x83,0xff,0x08,0x83,0xff,0x08,0x83,0xff,
    0x08,0x83,0xff,0x08,0x83,0xff,0x08,0x83,0xff,0x08,0x83,0xff,0x08,0x83,0xff,0x08,0x83,0xff,0x08,0x83,0xff,0x08,0x83,0xff,
    0x08,0x83,0xff,0x08,0x83,0xff,0x08,0x83,0xff,0x08,0x83,0xff,0x08,0x83,0xff,0x08,0x83,0xff,0x08,0x83,0xff,0x08,0x83,0xff,
    0x08,0x83,0xff,0x08,0x83,0xff,0x08,0x83,0xff,0x08,0x83,0xff,0x08,0xa3,0xff,0x4a,0xcc,0xff,0xe7,0x9f,0xff,0xdf,0x1d,0xff,
    0x19,0x87,0xff,0x09,0x05,0xff,0x09,0x05,0xff,0x08,0xe4,0xff,0x08,0xe4,0xff,0x08,0xe4,0xff,0x08,0xe4,0xff,0xdf,0x3e,0xff,
    0xe7,0x9f,0xff,0x19,0x87,0xff,0x08,0xc4,0xff,0x08,0xc4,0xff,0x08,0xc4,0xff,0x08,0xc4,0xff,0x08,0xc4,0xff,0xdf,0x3e,0xff,
    0xe7,0x9f,0xff,0x19,0xa7,0xff,0x09,0x25,0xff,0x09,0x46,0xff,0xdf,0x5e,0xff,0xce,0xdc,0xff,0xb6,0x39,0xff,0xe7,0x9f,0xff,
    0x2a,0x6b,0xff,0x09,0xa7,0xff,0x95,0x56,0xff,0xe7,0x7e,0xff,0x9d,0x76,0xff,0xe7,0x9f,0xff,0x63,0xf0,0xff,0x09,0x46,0xff,
    0x09,0x46,0xff,0x09,0x46,0xff,0xbe,0x3a,0xff,0xe7,0x9f,0xff,0x2a,0x4a,0xff,0xe7,0x7e,0xff,0xd7,0x1d,0xff,0x09,0x25,0xff,
    0x08,0xe4,0xff,0x08,0xc4,0xff,0x08,0xc4,0xff,0x08,0xc4,0xff,0x08,0xe4,0xff,0x3a,0x6a,0xff,0xe7,0x9f,0xff,0xc6,0x9b,0xff,
    0x08,0xe4,0xff,0x08,0xe4,0xff,0x08,0xe4,0xff,0x09,0x04,0xff,0x09,0x05,0xff,0xdf,0x5e,0xff,0xe7,0x9f,0xff,0x19,0xc8,0xff,
    0x09,0x05,0xff,0x08,0xe4,0xff,0x08,0xc4,0xff,0x08,0xa3,0xff,0x08,0x83,0xff,0x08,0x83,0xff,0x08,0x83,0xff,0x08,0x83,0xff,
    0x08,0x83,0xff,0x08,0x83,0xff,0x08,0x83,0xff,0x08,0x83,0xff,0x08,0x83,0xff,0x08,0x83,0xff,0x08,0x83,0xff,0x08,0x83,0xff,
    0x08,0x83,0xff,0x08,0x83,0xff,0x08,0x83,0xff,0x08,0x83,0xff,0x08,0x83,0xff,0x08,0x83,0xff,0x08,0x83,0xff,0x08,0x83,0xff,
    0x08,0x83,0xff,0x08,0x83,0xff,0x08,0x83,0xff,0x08,0x83,0xff,0x08,0x83,0xff,0x08,0x83,0xff,0x08,0x83,0xff,0x08,0x83,0xff,
    0x08,0x83,0xff,0x08,0x83,0xff,0x08,0x83,0xff,0x08,0x83,0xff,0x08,0x83,0xff,0x02,0x6a,0xdc,0x00,0x00,0x00,0x00,0x00,0x00,
    0x00,0x00,0x00,0x00,0x00,0x00,0x02,0x6a,0xdc,0x08,0x83,0xff,0x08,0x83,0xff,0x08,0x83,0xff,0x08,0x83,0xff,0x08,0x83,0xff,
    0x08,0x83,0xff,0x08,0x83,0xff,0x08,0x83,0xff,0x08,0x83,0xff,0x08,0x83,0xff,0x08,0x83,0xff,0x08,0x83,0xff,0x08,0x83,0xff,
    0x08,0x83,0xff,0x08,0x83,0xff,0x08,0x83,0xff,0x08,0x83,0xff,0x08,0x83,0xff,0x08,0x83,0xff,0x08,0x83,0xff,0x08,0x83,0xff,
    0x08,0x83,0xff,0x08,0x83,0xff,0x08,0x83,0xff,0x08,0x83,0xff,0x08,0x83,0xff,0x08,0x83,0xff,0x08,0x83,0xff,0x08,0x83,0xff,
    0x08,0x83,0xff,0x08,0x83,0xff,0x08,0x83,0xff,0x08,0xa3,0xff,0x08,0xa3,0xff,0x74,0x11,0xff,0xe7,0x9f,0xff,0xa5,0xb7,0xff,
    0x09,0x05,0xff,0x09,0x05,0xff,0x09,0x05,0xff,0x09,0x05,0xff,0x08,0xe4,0xff,0x08,0xe4,0xff,0x08,0xe4,0xff,0xdf,0x5e,0xff,
    0xe7,0x9f,0xff,0x19,0x87,0xff,0x08,0xe4,0xff,0x08,0xc4,0xff,0x08,0xc4,0xff,0x08,0xc4,0xff,0x08,0xe4,0xff,0xdf,0x5e,0xff,
    0xe7,0x9f,0xff,0x19,0xc8,0xff,0x09,0x46,0xff,0x09,0x46,0xff,0xdf,0x5e,0xff,0xce,0xfc,0xff,0x6c,0x52,0xff,0xe7,0x9f,0xff,
    0x6c,0x73,0xff,0x09,0xe8,0xff,0xd7,0x1d,0xff,0xad,0xf8,0xff,0x95,0x56,0xff,0xe7,0x9f,0xff,0x63,0xf1,0xff,0x09,0x66,0xff,
    0x09,0x66,0xff,0x22,0x29,0xff,0xe7,0x9f,0xff,0xbe,0x5a,0xff,0x09,0x67,0xff,0xad,0xf9,0xff,0xe7,0x9f,0xff,0x42,0xcc,0xff,
    0x08,0xe4,0xff,0x08,0xe4,0xff,0x08,0xc4,0xff,0x08,0xc4,0xff,0x08,0xe4,0xff,0x3a,0x6a,0xff,0xe7,0x9f,0xff,0xc6,0x9b,0xff,
    0x08,0xe4,0xff,0x08,0xe4,0xff,0x08,0xe4,0xff,0x08,0xe4,0xff,0x09,0x05,0xff,0xdf,0x5e,0xff,0xe7,0x9f,0xff,0xe7,0x9f,0xff,
    0xe7,0x9f,0xff,0xe7,0x9f,0xff,0x19,0x25,0xff,0x08,0xa3,0xff,0x08,0x83,0xff,0x08,0x83,0xff,0x08,0x83,0xff,0x08,0x83,0xff,
    0x08,0x83,0xff,0x08,0x83,0xff,0x08,0x83,0xff,0x08,0x83,0xff,0x08,0x83,0xff,0x08,0x83,0xff,0x08,0x83,0xff,0x08,0x83,0xff,
    0x08,0x83,0xff,0x08,0x83,0xff,0x08,0x83,0xff,0x08,0x83,0xff,0x08,0x83,0xff,0x08,0x83,0xff,0x08,0x83,0xff,0x08,0x83,0xff,
    0x08,0x83,0xff,0x08,0x83,0xff,0x08,0x83,0xff,0x08,0x83,0xff,0x08,0x83,0xff,0x08,0x83,0xff,0x08,0x83,0xff,0x08,0x83,0xff,
    0x08,0x83,0xff,0x08,0x83,0xff,0x08,0x83,0xff,0x08,0x83,0xff,0x08,0x83,0xff,0x02,0x6a,0xdc,0x00,0x00,0x00,0x00,0x00,0x00,
    0x00,0x00,0x00,0x00,0x00,0x00,0x02,0x6a,0xdc,0x08,0x83,0xff,0x08,0x83,0xff,0x08,0x83,0xff,0x08,0x83,0xff,0x08,0x83,0xff,
    0x08,0x83,0xff,0x08,0x83,0xff,0x08,0x83,0xff,0x08,0x83,0xff,0x08,0x83,0xff,0x08,0x83,0xff,0x08,0x83,0xff,0x08,0x83,0xff,
    0x08,0x83,0xff,0x08,0x83,0xff,0x08,0x83,0xff,0x08,0x83,0xff,0x08,0x83,0xff,0x08,0x83,0xff,0x08,0x83,0xff,0x08,0x83,0xff,
    0x08,0x83,0xff,0x08,0x83,0xff,0x08,0x83,0xff,0x08,0x83,0xff,0x08,0x83,0xff,0x08,0x83,0xff,0x08,0x83,0xff,0x08,0x83,0xff,
    0x08,0x83,0xff,0x08,0x83,0xff,0x08,0x83,0xff,0x08,0xa3,0xff,0x08,0xa3,0xff,0x7c,0x52,0xff,0xe7,0x9f,0xff,0xa5,0x97,0xff,
    0x09,0x05,0xff,0x09,0x05,0xff,0x09,0x05,0xff,0x09,0x05,0xff,0x08,0xe4,0xff,0x08,0xe4,0xff,0x08,0xe4,0xff,0xdf,0x5e,0xff,
    0xe7,0x9f,0xff,0x19,0x87,0xff,0x08,0xe4,0xff,0x08,0xe4,0xff,0x08,0xc4,0xff,0x08,0xe4,0xff,0x08,0xe4,0xff,0xdf,0x5e,0xff,
    0xe7,0x9f,0xff,0x19,0xc8,0xff,0x09,0x46,0xff,0x09,0x46,0xff,0xdf,0x5e,0xff,0xd6,0xfc,0xff,0x22,0x6a,0xff,0xe7,0x9f,0xff,
    0xb6,0x3a,0xff,0x43,0x4e,0xff,0xe7,0x9f,0xff,0x64,0x31,0xff,0x95,0x56,0xff,0xe7,0x9f,0xff,0x63,0xf1,0xff,0x09,0x67,0xff,
    0x09,0x67,0xff,0x6c,0x32,0xff,0xe7,0x9f,0xff,0x7c,0x93,0xff,0x09,0x87,0xff,0x6c,0x32,0xff,0xe7,0x9f,0xff,0x8c,0xf4,0xff,
    0x09,0x05,0xff,0x08,0xe4,0xff,0x08,0xc4,0xff,0x08,0xc4,0xff,0x08,0xe4,0xff,0x3a,0x6a,0xff,0xe7,0x9f,0xff,0xc6,0x9b,0xff,
    0x08,0xe4,0xff,0x08,0xe4,0xff,0x08,0xe4,0xff,0x08,0xe4,0xff,0x09,0x05,0xff,0xdf,0x5e,0xff,0xe7,0x9f,0xff,0xe7,0x9f,0xff,
    0xe7,0x9f,0xff,0xe7,0x9f,0xff,0x19,0x25,0xff,0x08,0xa3,0xff,0x08,0x83,0xff,0x08,0x83,0xff,0x08,0x83,0xff,0x08,0x83,0xff,
    0x08,0x83,0xff,0x08,0x83,0xff,0x08,0x83,0xff,0x08,0x83,0xff,0x08,0x83,0xff,0x08,0x83,0xff,0x08,0x83,0xff,0x08,0x83,0xff,
    0x08,0x83,0xff,0x08,0x83,0xff,0x08,0x83,0xff,0x08,0x83,0xff,0x08,0x83,0xff,0x08,0x83,0xff,0x08,0x83,0xff,0x08,0x83,0xff,
    0x08,0x83,0xff,0x08,0x83,0xff,0x08,0x83,0xff,0x08,0x83,0xff,0x08,0x83,0xff,0x08,0x83,0xff,0x08,0x83,0xff,0x08,0x83,0xff,
    0x08,0x83,0xff,0x08,0x83,0xff,0x08,0x83,0xff,0x08,0x83,0xff,0x08,0x83,0xff,0x02,0x6a,0xdc,0x00,0x00,0x00,0x00,0x00,0x00,
    0x00,0x00,0x00,0x00,0x00,0x00,0x02,0x6a,0xdc,0x08,0x83,0xff,0x08,0x83,0xff,0x08,0x83,0xff,0x08,0x83,0xff,0x08,0x83,0xff,
    0x08,0x83,0xff,0x08,0x83,0xff,0x08,0x83,0xff,0x08,0x83,0xff,0x08,0x83,0xff,0x08,0x83,0xff,0x08,0x83,0xff,0x08,0x83,0xff,
    0x08,0x83,0xff,0x08,0x83,0xff,0x08,0x83,0xff,0x08,0x83,0xff,0x08,0x83,0xff,0x08,0x83,0xff,0x08,0x83,0xff,0x08,0x83,0xff,
    0x08,0x83,0xff,0x08,0x83,0xff,0x08,0x83,0xff,0x08,0x83,0xff,0x08,0x83,0xff,0x08,0x83,0xff,0x08,0x83,0xff,0x08,0x83,0xff,
    0x08,0x83,0xff,0x08,0x83,0xff,0x08,0x83,0xff,0x08,0x83,0xff,0x08,0xa3,0xff,0x63,0x6e,0xff,0xe7,0x9f,0xff,0xd6,0xfd,0xff,
    0x11,0x46,0xff,0x09,0x05,0xff,0x09,0x05,0xff,0x08,0xe4,0xff,0x08,0xe4,0xff,0x08,0xe4,0xff,0x08,0xe4,0xff,0xdf,0x5e,0xff,
    0xe7,0x9f,0xff,0x19,0x87,0xff,0x08,0xe4,0xff,0x08,0xe4,0xff,0x08,0xe4,0xff,0x08,0xe4,0xff,0x08,0xe4,0xff,0xdf,0x5e,0xff,
    0xe7,0x9f,0xff,0x19,0xa7,0xff,0x09,0x25,0xff,0x09,0x46,0xff,0xdf,0x5e,0xff,0xd6,0xfc,0xff,0x09,0x87,0xff,0xbe,0x7a,0xff,
    0xe7,0x7f,0xff,0x8d,0x15,0xff,0xe7,0x9f,0xff,0x1a,0x4a,0xff,0x95,0x36,0xff,0xe7,0x9f,0xff,0x63,0xf1,0xff,0x09,0x66,0xff,
    0x09,0x66,0xff,0xb6,0x3a,0xff,0xe7,0x9f,0xff,0xe7,0x9f,0xff,0xe7,0x9f,0xff,0xe7,0x9f,0xff,0xe7,0x9f,0xff,0xd6,0xfc,0xff,
    0x09,0x05,0xff,0x08,0xe4,0xff,0x08,0xc4,0xff,0x08,0xc4,0xff,0x08,0xc4,0xff,0x3a,0x4a,0xff,0xe7,0x9f,0xff,0xc6,0x9b,0xff,
    0x08,0xc4,0xff,0x08,0xc4,0xff,0x08,0xc4,0xff,0x08,0xe4,0xff,0x08,0xe4,0xff,0xdf,0x5e,0xff,0xe7,0x9f,0xff,0x19,0xa7,0xff,
    0x09,0x05,0xff,0x08,0xe4,0xff,0x08,0xc4,0xff,0x08,0xa3,0xff,0x08,0x83,0xff,0x08,0x83,0xff,0x08,0x83,0xff,0x08,0x83,0xff,
    0x08,0x83,0xff,0x08,0x83,0xff,0x08,0x83,0xff,0x08,0x83,0xff,0x08,0x83,0xff,0x08,0x83,0xff,0x08,0x83,0xff,0x08,0x83,0xff,
    0x08,0x83,0xff,0x08,0x83,0xff,0x08,0x83,0xff,0x08,0x83,0xff,0x08,0x83,0xff,0x08,0x83,0xff,0x08,0x83,0xff,0x08,0x83,0xff,
    0x08,0x83,0xff,0x08,0x83,0xff,0x08,0x83,0xff,0x08,0x83,0xff,0x08,0x83,0xff,0x08,0x83,0xff,0x08,0x83,0xff,0x08,0x83,0xff,
    0x08,0x83,0xff,0x08,0x83,0xff,0x08,0x83,0xff,0x08,0x83,0xff,0x08,0x83,0xff,0x02,0x6a,0xdc,0x00,0x00,0x00,0x00,0x00,0x00,
    0x00,0x00,0x00,0x00,0x00,0x00,0x02,0x6a,0xdc,0x08,0x83,0xff,0x08,0x83,0xff,0x08,0x83,0xff,0x08,0x83,0xff,0x08,0x83,0xff,
    0x08,0x83,0xff,0x08,0x83,0xff,0x08,0x83,0xff,0x08,0x83,0xff,0x08,0x83,0xff,0x08,0x83,0xff,0x08,0x83,0xff,0x08,0x83,0xff,
    0x08,0x83,0xff,0x08,0x83,0xff,0x08,0x83,0xff,0x08,0x83,0xff,0x08,0x83,0xff,0x08,0x83,0xff,0x08,0x83,0xff,0x08,0x83,0xff,
    0x08,0x83,0xff,0x08,0x83,0xff,0x08,0x83,0xff,0x08,0x83,0xff,0x08,0x83,0xff,0x08,0x83,0xff,0x08,0x83,0xff,0x08,0x83,0xff,
    0x08,0x83,0xff,0x08,0x83,0xff,0x08,0x83,0xff,0x08,0x83,0xff,0x08,0xa3,0xff,0x21,0x66,0xff,0xe7,0x7e,0xff,0xe7,0x9f,0xff,
    0xad,0xb7,0xff,0x2a,0x09,0xff,0x11,0x46,0xff,0x4a,0xec,0xff,0x6b,0xf0,0xff,0x08,0xe4,0xff,0x08,0xe4,0xff,0xdf,0x5e,0xff,
    0xe7,0x9f,0xff,0x19,0x87,0xff,0x08,0xe4,0xff,0x08,0xe4,0xff,0x08,0xc4,0xff,0x08,0xc4,0xff,0x08,0xe4,0xff,0xdf,0x3e,0xff,
    0xe7,0x9f,0xff,0x19,0xa7,0xff,0x09,0x05,0xff,0x09,0x25,0xff,0xdf,0x5e,0xff,0xd6,0xfc,0xff,0x09,0x46,0xff,0x74,0x72,0xff,
    0xe7,0x9f,0xff,0xdf,0x5e,0xff,0xb6,0x5a,0xff,0x09,0x67,0xff,0x95,0x35,0xff,0xe7,0x9f,0xff,0x63,0xd0,0xff,0x09,0x46,0xff,
    0x21,0xe9,0xff,0xe7,0x9f,0xff,0xe7,0x9f,0xff,0xe7,0x9f,0xff,0xe7,0x9f,0xff,0xe7,0x9f,0xff,0xe7,0x9f,0xff,0xe7,0x9f,0xff,
    0x3a,0x6a,0xff,0x08,0xc4,0xff,0x08,0xc4,0xff,0x08,0xc3,0xff,0x08,0xc3,0xff,0x3a,0x4a,0xff,0xe7,0x9f,0xff,0xc6,0x9b,0xff,
    0x08,0xc3,0xff,0x08,0xc3,0xff,0x08,0xc4,0xff,0x08,0xc4,0xff,0x08,0xe4,0xff,0xdf,0x5e,0xff,0xe7,0x9f,0xff,0x19,0xa7,0xff,
    0x08,0xe4,0xff,0x08,0xc4,0xff,0x08,0xa3,0xff,0x08,0xa3,0xff,0x08,0x83,0xff,0x08,0x83,0xff,0x08,0x83,0xff,0x08,0x83,0xff,
    0x08,0x83,0xff,0x08,0x83,0xff,0x08,0x83,0xff,0x08,0x83,0xff,0x08,0x83,0xff,0x08,0x83,0xff,0x08,0x83,0xff,0x08,0x83,0xff,
    0x08,0x83,0xff,0x08,0x83,0xff,0x08,0x83,0xff,0x08,0x83,0xff,0x08,0x83,0xff,0x08,0x83,0xff,0x08,0x83,0xff,0x08,0x83,0xff,
    0x08,0x83,0xff,0x08,0x83,0xff,0x08,0x83,0xff,0x08,0x83,0xff,0x08,0x83,0xff,0x08,0x83,0xff,0x08,0x83,0xff,0x08,0x83,0xff,
    0x08,0x83,0xff,0x08,0x83,0xff,0x08,0x83,0xff,0x08,0x83,0xff,0x08,0x83,0xff,0x02,0x6a,0xdc,0x00,0x00,0x00,0x00,0x00,0x00,
    0x00,0x00,0x00,0x00,0x00,0x00,0x02,0x6a,0xdc,0x08,0x83,0xff,0x08,0x83,0xff,0x08,0x83,0xff,0x08,0x83,0xff,0x08,0x83,0xff,
    0x08,0x83,0xff,0x08,0x83,0xff,0x08,0x83,0xff,0x08,0x83,0xff,0x08,0x83,0xff,0x08,0x83,0xff,0x08,0x83,0xff,0x08,0x83,0xff,
    0x08,0x83,0xff,0x08,0x83,0xff,0x08,0x83,0xff,0x08,0x83,0xff,0x08,0x83,0xff,0x08,0x83,0xff,0x08,0x83,0xff,0x08,0x83,0xff,
    0x08,0x83,0xff,0x08,0x83,0xff,0x08,0x83,0xff,0x08,0x83,0xff,0x08,0x83,0xff,0x08,0x83,0xff,0x08,0x83,0xff,0x08,0x83,0xff,
    0x08,0x83,0xff,0x08,0x83,0xff,0x08,0x83,0xff,0x08,0x83,0xff,0x08,0xa3,0xff,0x08,0xa3,0xff,0x74,0x11,0xff,0xe7,0x9f,0xff,
    0xe7,0x9f,0xff,0xe7,0x9f,0xff,0xe7,0x9f,0xff,0xe7,0x9f,0xff,0x84,0xb3,0xff,0x08,0xc4,0xff,0x08,0xc4,0xff,0xdf,0x3e,0xff,
    0xe7,0x9f,0xff,0xe7,0x9f,0xff,0xe7,0x9f,0xff,0xe7,0x9f,0xff,0x73,0xf1,0xff,0x08,0xc4,0xff,0x08,0xc4,0xff,0xdf,0x3e,0xff,
    0xe7,0x9f,0xff,0x19,0x87,0xff,0x08,0xe4,0xff,0x08,0xe4,0xff,0xdf,0x5e,0xff,0xd6,0xdc,0xff,0x09,0x25,0xff,0x2a,0x29,0xff,
    0xe7,0x9f,0xff,0xe7,0x9f,0xff,0x74,0x32,0xff,0x09,0x26,0xff,0x95,0x15,0xff,0xe7,0x9f,0xff,0x63,0xd0,0xff,0x09,0x05,0xff,
    0x6b,0xf0,0xff,0xe7,0x9f,0xff,0xb5,0xf9,0xff,0x09,0x05,0xff,0x09,0x05,0xff,0x09,0x05,0xff,0xa5,0x77,0xff,0xe7,0x9f,0xff,
    0x84,0x93,0xff,0x08,0xc3,0xff,0x08,0xa3,0xff,0x08,0xa3,0xff,0x08,0xa3,0xff,0x3a,0x29,0xff,0xe7,0x9f,0xff,0xc6,0x7b,0xff,
    0x08,0xa3,0xff,0x08,0xa3,0xff,0x08,0xa3,0xff,0x08,0xa3,0xff,0x08,0xc4,0xff,0xdf,0x3e,0xff,0xe7,0x9f,0xff,0xe7,0x9f,0xff,
    0xe7,0x9f,0xff,0xe7,0x9f,0xff,0x7c,0x11,0xff,0x08,0xa3,0xff,0x08,0x83,0xff,0x08,0x83,0xff,0x08,0x83,0xff,0x08,0x83,0xff,
    0x08,0x83,0xff,0x08,0x83,0xff,0x08,0x83,0xff,0x08,0x83,0xff,0x08,0x83,0xff,0x08,0x83,0xff,0x08,0x83,0xff,0x08,0x83,0xff,
    0x08,0x83,0xff,0x08,0x83,0xff,0x08,0x83,0xff,0x08,0x83,0xff,0x08,0x83,0xff,0x08,0x83,0xff,0x08,0x83,0xff,0x08,0x83,0xff,
    0x08,0x83,0xff,0x08,0x83,0xff,0x08,0x83,0xff,0x08,0x83,0xff,0x08,0x83,0xff,0x08,0x83,0xff,0x08,0x83,0xff,0x08,0x83,0xff,
    0x08,0x83,0xff,0x08,0x83,0xff,0x08,0x83,0xff,0x08,0x83,0xff,0x08,0x83,0xff,0x02,0x6a,0xdc,0x00,0x00,0x00,0x00,0x00,0x00,
    0x00,0x00,0x00,0x00,0x00,0x00,0x00,0x00,0x00,0x02,0x6a,0xdc,0x08,0x83,0xff,0x08,0x83,0xff,0x08,0x83,0xff,0x08,0x83,0xff,
    0x08,0x83,0xff,0x08,0x83,0xff,0x08,0x83,0xff,0x08,0x83,0xff,0x08,0x83,0xff,0x08,0x83,0xff,0x08,0x83,0xff,0x08,0x83,0xff,
    0x08,0x83,0xff,0x08,0x83,0xff,0x08,0x83,0xff,0x08,0x83,0xff,0x08,0x83,0xff,0x08,0x83,0xff,0x08,0x83,0xff,0x08,0x83,0xff,
    0x08,0x83,0xff,0x08,0x83,0xff,0x08,0x83,0xff,0x08,0x83,0xff,0x08,0x83,0xff,0x08,0x83,0xff,0x08,0x83,0xff,0x08,0x83,0xff,
    0x08,0x83,0xff,0x08,0x83,0xff,0x08,0x83,0xff,0x08,0x83,0xff,0x08,0x83,0xff,0x08,0xa3,0xff,0x08,0xa3,0xff,0x5b,0x2d,0xff,
    0xbe,0x39,0xff,0xdf,0x5e,0xff,0xdf,0x3d,0xff,0xbe,0x39,0xff,0x4a,0xab,0xff,0x08,0xc4,0xff,0x08,0xc4,0xff,0xdf,0x3e,0xff,
    0xe7,0x9f,0xff,0xe7,0x9f,0xff,0xe7,0x9f,0xff,0xe7,0x9f,0xff,0x73,0xf0,0xff,0x08,0xa3,0xff,0x08,0xa3,0xff,0xdf,0x3e,0xff,
    0xe7,0x9f,0xff,0x19,0x66,0xff,0x08,0xc4,0xff,0x08,0xc4,0xff,0xdf,0x3e,0xff,0xd6,0xdc,0xff,0x08,0xe4,0xff,0x08,0xe4,0xff,
    0xc6,0x7b,0xff,0xe7,0x9f,0xff,0x2a,0x09,0xff,0x08,0xe4,0xff,0x94,0xf5,0xff,0xe7,0x9f,0xff,0x63,0x8f,0xff,0x08,0xe4,0xff,
    0xb6,0x19,0xff,0xe7,0x9f,0xff,0x6b,0xd0,0xff,0x08,0xe4,0xff,0x08,0xe4,0xff,0x08,0xc4,0xff,0x5b,0x2d,0xff,0xe7,0x9f,0xff,
    0xce,0xbc,0xff,0x08,0xa3,0xff,0x08,0xa3,0xff,0x08,0xa3,0xff,0x08,0xa3,0xff,0x3a,0x29,0xff,0xe7,0x9f,0xff,0xc6,0x7b,0xff,
    0x08,0xa3,0xff,0x08,0xa3,0xff,0x08,0xa3,0xff,0x08,0xa3,0xff,0x08,0xa3,0xff,0xdf,0x3e,0xff,0xe7,0x9f,0xff,0xe7,0x9f,0xff,
    0xe7,0x9f,0xff,0xe7,0x9f,0xff,0x7c,0x11,0xff,0x08,0x83,0xff,0x08,0x83,0xff,0x08,0x83,0xff,0x08,0x83,0xff,0x08,0x83,0xff,
    0x08,0x83,0xff,0x08,0x83,0xff,0x08,0x83,0xff,0x08,0x83,0xff,0x08,0x83,0xff,0x08,0x83,0xff,0x08,0x83,0xff,0x08,0x83,0xff,
    0x08,0x83,0xff,0x08,0x83,0xff,0x08,0x83,0xff,0x08,0x83,0xff,0x08,0x83,0xff,0x08,0x83,0xff,0x08,0x83,0xff,0x08,0x83,0xff,
    0x08,0x83,0xff,0x08,0x83,0xff,0x08,0x83,0xff,0x08,0x83,0xff,0x08,0x83,0xff,0x08,0x83,0xff,0x08,0x83,0xff,0x08,0x83,0xff,
    0x08,0x83,0xff,0x08,0x83,0xff,0x08,0x83,0xff,0x08,0x83,0xff,0x02,0x6a,0xdc,0x00,0x00,0x00,0x00,0x00,0x00,0x00,0x00,0x00,
    0x00,0x00,0x00,0x00,0x00,0x00,0x00,0x00,0x00,0x02,0x6a,0xdc,0x08,0x83,0xff,0x08,0x83,0xff,0x08,0x83,0xff,0x08,0x83,0xff,
    0x08,0x83,0xff,0x08,0x83,0xff,0x08,0x83,0xff,0x08,0x83,0xff,0x08,0x83,0xff,0x08,0x83,0xff,0x08,0x83,0xff,0x08,0x83,0xff,
    0x08,0x83,0xff,0x08,0x83,0xff,0x08,0x83,0xff,0x08,0x83,0xff,0x08,0x83,0xff,0x08,0x83,0xff,0x08,0x83,0xff,0x08,0x83,0xff,
    0x08,0x83,0xff,0x08,0x83,0xff,0x08,0x83,0xff,0x08,0x83,0xff,0x08,0x83,0xff,0x08,0x83,0xff,0x08,0x83,0xff,0x08,0x83,0xff,
    0x08,0x83,0xff,0x08,0x83,0xff,0x08,0x83,0xff,0x08,0x83,0xff,0x08,0x83,0xff,0x08,0x83,0xff,0x08,0xa3,0xff,0x08,0xa3,0xff,
    0x08,0xa3,0xff,0x08,0xa3,0xff,0x08,0xa3,0xff,0x08,0xa3,0xff,0x08,0xa3,0xff,0x08,0xa3,0xff,0x08,0xa3,0xff,0x08,0xa3,0xff,
    0x08,0xa3,0xff,0x08,0xa3,0xff,0x08,0xa3,0xff,0x08,0xa3,0xff,0x08,0xa3,0xff,0x08,0xa3,0xff,0x08,0xa3,0xff,0x08,0xa3,0xff,
    0x08,0xa3,0xff,0x08,0xa3,0xff,0x08,0xa3,0xff,0x08,0xa3,0xff,0x08,0xa3,0xff,0x08,0xa3,0xff,0x08,0xc3,0xff,0x08,0xc3,0xff,
    0x08,0xc4,0xff,0x08,0xc4,0xff,0x08,0xc4,0xff,0x08,0xc4,0xff,0x08,0xc4,0xff,0x08,0xc4,0xff,0x08,0xc3,0xff,0x08,0xc3,0xff,
    0x08,0xc3,0xff,0x08,0xc3,0xff,0x08,0xc3,0xff,0x08,0xa3,0xff,0x08,0xa3,0xff,0x08,0xa3,0xff,0x08,0xa3,0xff,0x08,0xa3,0xff,
    0x08,0xa3,0xff,0x08,0x83,0xff,0x08,0x83,0xff,0x08,0x83,0xff,0x08,0x83,0xff,0x08,0x83,0xff,0x08,0x83,0xff,0x08,0x83,0xff,
    0x08,0x83,0xff,0x08,0x83,0xff,0x08,0x83,0xff,0x08,0x83,0xff,0x08,0xa3,0xff,0x08,0xa3,0xff,0x08,0xa3,0xff,0x08,0xa3,0xff,
    0x08,0xa3,0xff,0x08,0xa3,0xff,0x08,0x83,0xff,0x08,0x83,0xff,0x08,0x83,0xff,0x08,0x83,0xff,0x08,0x83,0xff,0x08,0x83,0xff,
    0x08,0x83,0xff,0x08,0x83,0xff,0x08,0x83,0xff,0x08,0x83,0xff,0x08,0x83,0xff,0x08,0x83,0xff,0x08,0x83,0xff,0x08,0x83,0xff,
    0x08,0x83,0xff,0x08,0x83,0xff,0x08,0x83,0xff,0x08,0x83,0xff,0x08,0x83,0xff,0x08,0x83,0xff,0x08,0x83,0xff,0x08,0x83,0xff,
    0x08,0x83,0xff,0x08,0x83,0xff,0x08,0x83,0xff,0x08,0x83,0xff,0x08,0x83,0xff,0x08,0x83,0xff,0x08,0x83,0xff,0x08,0x83,0xff,
    0x08,0x83,0xff,0x08,0x83,0xff,0x08,0x83,0xff,0x08,0x83,0xff,0x02,0x6a,0xdc,0x00,0x00,0x00,0x00,0x00,0x00,0x00,0x00,0x00,
    0x00,0x00,0x00,0x00,0x00,0x00,0x00,0x00,0x00,0x02,0x6a,0xdc,0x08,0x83,0xff,0x08,0x83,0xff,0x08,0x83,0xff,0x08,0x83,0xff,
    0x08,0x83,0xff,0x08,0x83,0xff,0x08,0x83,0xff,0x08,0x83,0xff,0x08,0x83,0xff,0x08,0x83,0xff,0x08,0x83,0xff,0x08,0x83,0xff,
    0x08,0x83,0xff,0x08,0x83,0xff,0x08,0x83,0xff,0x08,0x83,0xff,0x08,0x83,0xff,0x08,0x83,0xff,0x08,0x83,0xff,0x08,0x83,0xff,
    0x08,0x83,0xff,0x08,0x83,0xff,0x08,0x83,0xff,0x08,0x83,0xff,0x08,0x83,0xff,0x08,0x83,0xff,0x08,0x83,0xff,0x08,0x83,0xff,
    0x08,0x83,0xff,0x08,0x83,0xff,0x08,0x83,0xff,0x08,0x83,0xff,0x08,0x83,0xff,0x08,0x83,0xff,0x08,0x83,0xff,0x08,0x83,0xff,
    0x08,0x83,0xff,0x08,0xa3,0xff,0x08,0xa3,0xff,0x08,0xa3,0xff,0x08,0xa3,0xff,0x08,0xa3,0xff,0x08,0xa3,0xff,0x08,0xa3,0xff,
    0x08,0xa3,0xff,0x08,0xa3,0xff,0x08,0xa3,0xff,0x08,0x83,0xff,0x08,0x83,0xff,0x08,0x83,0xff,0x08,0x83,0xff,0x08,0x83,0xff,
    0x08,0x83,0xff,0x08,0x83,0xff,0x08,0x83,0xff,0x08,0x83,0xff,0x08,0x83,0xff,0x08,0x83,0xff,0x08,0xa3,0xff,0x08,0xa3,0xff,
    0x08,0xa3,0xff,0x08,0xa3,0xff,0x08,0xa3,0xff,0x08,0xa3,0xff,0x08,0xa3,0xff,0x08,0xa3,0xff,0x08,0xa3,0xff,0x08,0xa3,0xff,
    0x08,0xa3,0xff,0x08,0xa3,0xff,0x08,0xa3,0xff,0x08,0xa3,0xff,0x08,0xa3,0xff,0x08,0x83,0xff,0x08,0x83,0xff,0x08,0x83,0xff,
    0x08,0x83,0xff,0x08,0x83,0xff,0x08,0x83,0xff,0x08,0x83,0xff,0x08,0x83,0xff,0x08,0x83,0xff,0x08,0x83,0xff,0x08,0x83,0xff,
    0x08,0x83,0xff,0x08,0x83,0xff,0x08,0x83,0xff,0x08,0x83,0xff,0x08,0x83,0xff,0x08,0x83,0xff,0x08,0x83,0xff,0x08,0x83,0xff,
    0x08,0x83,0xff,0x08,0x83,0xff,0x08,0x83,0xff,0x08,0x83,0xff,0x08,0x83,0xff,0x08,0x83,0xff,0x08,0x83,0xff,0x08,0x83,0xff,
    0x08,0x83,0xff,0x08,0x83,0xff,0x08,0x83,0xff,0x08,0x83,0xff,0x08,0x83,0xff,0x08,0x83,0xff,0x08,0x83,0xff,0x08,0x83,0xff,
    0x08,0x83,0xff,0x08,0x83,0xff,0x08,0x83,0xff,0x08,0x83,0xff,0x08,0x83,0xff,0x08,0x83,0xff,0x08,0x83,0xff,0x08,0x83,0xff,
    0x08,0x83,0xff,0x08,0x83,0xff,0x08,0x83,0xff,0x08,0x83,0xff,0x08,0x83,0xff,0x08,0x83,0xff,0x08,0x83,0xff,0x08,0x83,0xff,
    0x08,0x83,0xff,0x08,0x83,0xff,0x08,0x83,0xff,0x08,0x83,0xff,0x02,0x6a,0xdc,0x00,0x00,0x00,0x00,0x00,0x00,0x00,0x00,0x00,
    0x00,0x00,0x00,0x00,0x00,0x00,0x00,0x00,0x00,0x00,0x00,0x00,0x02,0x6a,0xdc,0x08,0x83,0xff,0x08,0x83,0xff,0x08,0x83,0xff,
    0x08,0x83,0xff,0x08,0x83,0xff,0x08,0x83,0xff,0x08,0x83,0xff,0x08,0x83,0xff,0x08,0x83,0xff,0x08,0x83,0xff,0x08,0x83,0xff,
    0x08,0x83,0xff,0x08,0x83,0xff,0x08,0x83,0xff,0x08,0x83,0xff,0x08,0x83,0xff,0x08,0x83,0xff,0x08,0x83,0xff,0x08,0x83,0xff,
    0x08,0x83,0xff,0x08,0x83,0xff,0x08,0x83,0xff,0x08,0x83,0xff,0x08,0x83,0xff,0x08,0x83,0xff,0x08,0x83,0xff,0x08,0x83,0xff,
    0x08,0x83,0xff,0x08,0x83,0xff,0x08,0x83,0xff,0x08,0x83,0xff,0x08,0x83,0xff,0x08,0x83,0xff,0x08,0x83,0xff,0x08,0x83,0xff,
    0x08,0x83,0xff,0x08,0x83,0xff,0x08,0x83,0xff,0x08,0x83,0xff,0x08,0x83,0xff,0x08,0x83,0xff,0x08,0x83,0xff,0x08,0x83,0xff,
    0x08,0x83,0xff,0x08,0x83,0xff,0x08,0x83,0xff,0x08,0x83,0xff,0x08,0x83,0xff,0x08,0x83,0xff,0x08,0x83,0xff,0x08,0x83,0xff,
    0x08,0x83,0xff,0x08,0x83,0xff,0x08,0x83,0xff,0x08,0x83,0xff,0x08,0x83,0xff,0x08,0x83,0xff,0x08,0x83,0xff,0x08,0x83,0xff,
    0x08,0x83,0xff,0x08,0x83,0xff,0x08,0x83,0xff,0x08,0x83,0xff,0x08,0x83,0xff,0x08,0x83,0xff,0x08,0x83,0xff,0x08,0x83,0xff,
    0x08,0x83,0xff,0x08,0x83,0xff,0x08,0x83,0xff,0x08,0x83,0xff,0x08,0x83,0xff,0x08,0x83,0xff,0x08,0x83,0xff,0x08,0x83,0xff,
    0x08,0x83,0xff,0x08,0x83,0xff,0x08,0x83,0xff,0x08,0x83,0xff,0x08,0x83,0xff,0x08,0x83,0xff,0x08,0x83,0xff,0x08,0x83,0xff,
    0x08,0x83,0xff,0x08,0x83,0xff,0x08,0x83,0xff,0x08,0x83,0xff,0x08,0x83,0xff,0x08,0x83,0xff,0x08,0x83,0xff,0x08,0x83,0xff,
    0x08,0x83,0xff,0x08,0x83,0xff,0x08,0x83,0xff,0x08,0x83,0xff,0x08,0x83,0xff,0x08,0x83,0xff,0x08,0x83,0xff,0x08,0x83,0xff,
    0x08,0x83,0xff,0x08,0x83,0xff,0x08,0x83,0xff,0x08,0x83,0xff,0x08,0x83,0xff,0x08,0x83,0xff,0x08,0x83,0xff,0x08,0x83,0xff,
    0x08,0x83,0xff,0x08,0x83,0xff,0x08,0x83,0xff,0x08,0x83,0xff,0x08,0x83,0xff,0x08,0x83,0xff,0x08,0x83,0xff,0x08,0x83,0xff,
    0x08,0x83,0xff,0x08,0x83,0xff,0x08,0x83,0xff,0x08,0x83,0xff,0x08,0x83,0xff,0x08,0x83,0xff,0x08,0x83,0xff,0x08,0x83,0xff,
    0x08,0x83,0xff,0x08,0x83,0xff,0x08,0x83,0xff,0x02,0x6a,0xdc,0x00,0x00,0x00,0x00,0x00,0x00,0x00,0x00,0x00,0x00,0x00,0x00,
    0x00,0x00,0x00,0x00,0x00,0x00,0x00,0x00,0x00,0x00,0x00,0x00,0x00,0x00,0x00,0x02,0x6a,0xdc,0x08,0x83,0xff,0x08,0x83,0xff,
    0x08,0x83,0xff,0x08,0x83,0xff,0x08,0x83,0xff,0x08,0x83,0xff,0x08,0x83,0xff,0x08,0x83,0xff,0x08,0x83,0xff,0x08,0x83,0xff,
    0x08,0x83,0xff,0x08,0x83,0xff,0x08,0x83,0xff,0x08,0x83,0xff,0x08,0x83,0xff,0x08,0x83,0xff,0x08,0x83,0xff,0x08,0x83,0xff,
    0x08,0x83,0xff,0x08,0x83,0xff,0x08,0x83,0xff,0x08,0x83,0xff,0x08,0x83,0xff,0x08,0x83,0xff,0x08,0x83,0xff,0x08,0x83,0xff,
    0x08,0x83,0xff,0x08,0x83,0xff,0x08,0x83,0xff,0x08,0x83,0xff,0x08,0x83,0xff,0x08,0x83,0xff,0x08,0x83,0xff,0x08,0x83,0xff,
    0x08,0x83,0xff,0x08,0x83,0xff,0x08,0x83,0xff,0x08,0x83,0xff,0x08,0x83,0xff,0x08,0x83,0xff,0x08,0x83,0xff,0x08,0x83,0xff,
    0x08,0x83,0xff,0x08,0x83,0xff,0x08,0x83,0xff,0x08,0x83,0xff,0x08,0x83,0xff,0x08,0x83,0xff,0x08,0x83,0xff,0x08,0x83,0xff,
    0x08,0x83,0xff,0x08,0x83,0xff,0x08,0x83,0xff,0x08,0x83,0xff,0x08,0x83,0xff,0x08,0x83,0xff,0x08,0x83,0xff,0x08,0x83,0xff,
    0x08,0x83,0xff,0x08,0x83,0xff,0x08,0x83,0xff,0x08,0x83,0xff,0x08,0x83,0xff,0x08,0x83,0xff,0x08,0x83,0xff,0x08,0x83,0xff,
    0x08,0x83,0xff,0x08,0x83,0xff,0x08,0x83,0xff,0x08,0x83,0xff,0x08,0x83,0xff,0x08,0x83,0xff,0x08,0x83,0xff,0x08,0x83,0xff,
    0x08,0x83,0xff,0x08,0x83,0xff,0x08,0x83,0xff,0x08,0x83,0xff,0x08,0x83,0xff,0x08,0x83,0xff,0x08,0x83,0xff,0x08,0x83,0xff,
    0x08,0x83,0xff,0x08,0x83,0xff,0x08,0x83,0xff,0x08,0x83,0xff,0x08,0x83,0xff,0x08,0x83,0xff,0x08,0x83,0xff,0x08,0x83,0xff,
    0x08,0x83,0xff,0x08,0x83,0xff,0x08,0x83,0xff,0x08,0x83,0xff,0x08,0x83,0xff,0x08,0x83,0xff,0x08,0x83,0xff,0x08,0x83,0xff,
    0x08,0x83,0xff,0x08,0x83,0xff,0x08,0x83,0xff,0x08,0x83,0xff,0x08,0x83,0xff,0x08,0x83,0xff,0x08,0x83,0xff,0x08,0x83,0xff,
    0x08,0x83,0xff,0x08,0x83,0xff,0x08,0x83,0xff,0x08,0x83,0xff,0x08,0x83,0xff,0x08,0x83,0xff,0x08,0x83,0xff,0x08,0x83,0xff,
    0x08,0x83,0xff,0x08,0x83,0xff,0x08,0x83,0xff,0x08,0x83,0xff,0x08,0x83,0xff,0x08,0x83,0xff,0x08,0x83,0xff,0x08,0x83,0xff,
    0x08,0x83,0xff,0x08,0x83,0xff,0x02,0x6a,0xdc,0x00,0x00,0x00,0x00,0x00,0x00,0x00,0x00,0x00,0x00,0x00,0x00,0x00,0x00,0x00,
    0x00,0x00,0x00,0x00,0x00,0x00,0x00,0x00,0x00,0x00,0x00,0x00,0x00,0x00,0x00,0x02,0x6a,0xdc,0x08,0x83,0xff,0x08,0x83,0xff,
    0x08,0x83,0xff,0x08,0x83,0xff,0x08,0x83,0xff,0x08,0x83,0xff,0x08,0x83,0xff,0x08,0x83,0xff,0x08,0x83,0xff,0x08,0x83,0xff,
    0x08,0x83,0xff,0x08,0x83,0xff,0x08,0x83,0xff,0x08,0x83,0xff,0x08,0x83,0xff,0x08,0x83,0xff,0x08,0x83,0xff,0x08,0x83,0xff,
    0x08,0x83,0xff,0x08,0x83,0xff,0x08,0x83,0xff,0x08,0x83,0xff,0x08,0x83,0xff,0x08,0x83,0xff,0x08,0x83,0xff,0x08,0x83,0xff,
    0x08,0x83,0xff,0x08,0x83,0xff,0x08,0x83,0xff,0x08,0x83,0xff,0x08,0x83,0xff,0x08,0x83,0xff,0x08,0x83,0xff,0x08,0x83,0xff,
    0x08,0x83,0xff,0x08,0x83,0xff,0x08,0x83,0xff,0x08,0x83,0xff,0x08,0x83,0xff,0x08,0x83,0xff,0x08,0x83,0xff,0x08,0x83,0xff,
    0x08,0x83,0xff,0x08,0x83,0xff,0x08,0x83,0xff,0x08,0x83,0xff,0x08,0x83,0xff,0x08,0x83,0xff,0x08,0x83,0xff,0x08,0x83,0xff,
    0x08,0x83,0xff,0x08,0x83,0xff,0x08,0x83,0xff,0x08,0x83,0xff,0x08,0x83,0xff,0x08,0x83,0xff,0x08,0x83,0xff,0x08,0x83,0xff,
    0x08,0x83,0xff,0x08,0x83,0xff,0x08,0x83,0xff,0x08,0x83,0xff,0x08,0x83,0xff,0x08,0x83,0xff,0x08,0x83,0xff,0x08,0x83,0xff,
    0x08,0x83,0xff,0x08,0x83,0xff,0x08,0x83,0xff,0x08,0x83,0xff,0x08,0x83,0xff,0x08,0x83,0xff,0x08,0x83,0xff,0x08,0x83,0xff,
    0x08,0x83,0xff,0x08,0x83,0xff,0x08,0x83,0xff,0x08,0x83,0xff,0x08,0x83,0xff,0x08,0x83,0xff,0x08,0x83,0xff,0x08,0x83,0xff,
    0x08,0x83,0xff,0x08,0x83,0xff,0x08,0x83,0xff,0x08,0x83,0xff,0x08,0x83,0xff,0x08,0x83,0xff,0x08,0x83,0xff,0x08,0x83,0xff,
    0x08,0x83,0xff,0x08,0x83,0xff,0x08,0x83,0xff,0x08,0x83,0xff,0x08,0x83,0xff,0x08,0x83,0xff,0x08,0x83,0xff,0x08,0x83,0xff,
    0x08,0x83,0xff,0x08,0x83,0xff,0x08,0x83,0xff,0x08,0x83,0xff,0x08,0x83,0xff,0x08,0x83,0xff,0x08,0x83,0xff,0x08,0x83,0xff,
    0x08,0x83,0xff,0x08,0x83,0xff,0x08,0x83,0xff,0x08,0x83,0xff,0x08,0x83,0xff,0x08,0x83,0xff,0x08,0x83,0xff,0x08,0x83,0xff,
    0x08,0x83,0xff,0x08,0x83,0xff,0x08,0x83,0xff,0x08,0x83,0xff,0x08,0x83,0xff,0x08,0x83,0xff,0x08,0x83,0xff,0x08,0x83,0xff,
    0x08,0x83,0xff,0x08,0x83,0xff,0x02,0x6a,0xdc,0x00,0x00,0x00,0x00,0x00,0x00,0x00,0x00,0x00,0x00,0x00,0x00,0x00,0x00,0x00,
    0x00,0x00,0x00,0x00,0x00,0x00,0x00,0x00,0x00,0x00,0x00,0x00,0x00,0x00,0x00,0x00,0x00,0x00,0x02,0x6a,0xdc,0x08,0x83,0xff,
    0x08,0x83,0xff,0x08,0x83,0xff,0x08,0x83,0xff,0x08,0x83,0xff,0x08,0x83,0xff,0x08,0x83,0xff,0x08,0x83,0xff,0x08,0x83,0xff,
    0x08,0x83,0xff,0x08,0x83,0xff,0x08,0x83,0xff,0x08,0x83,0xff,0x08,0x83,0xff,0x08,0x83,0xff,0x08,0x83,0xff,0x08,0x83,0xff,
    0x08,0x83,0xff,0x08,0x83,0xff,0x08,0x83,0xff,0x08,0x83,0xff,0x08,0x83,0xff,0x08,0x83,0xff,0x08,0x83,0xff,0x08,0x83,0xff,
    0x08,0x83,0xff,0x08,0x83,0xff,0x08,0x83,0xff,0x08,0x83,0xff,0x08,0x83,0xff,0x08,0x83,0xff,0x08,0x83,0xff,0x08,0x83,0xff,
    0x08,0x83,0xff,0x08,0x83,0xff,0x08,0x83,0xff,0x08,0x83,0xff,0x08,0x83,0xff,0x08,0x83,0xff,0x08,0x83,0xff,0x08,0x83,0xff,
    0x08,0x83,0xff,0x08,0x83,0xff,0x08,0x83,0xff,0x08,0x83,0xff,0x08,0x83,0xff,0x08,0x83,0xff,0x08,0x83,0xff,0x08,0x83,0xff,
    0x08,0x83,0xff,0x08,0x83,0xff,0x08,0x83,0xff,0x08,0x83,0xff,0x08,0x83,0xff,0x08,0x83,0xff,0x08,0x83,0xff,0x08,0x83,0xff,
    0x08,0x83,0xff,0x08,0x83,0xff,0x08,0x83,0xff,0x08,0x83,0xff,0x08,0x83,0xff,0x08,0x83,0xff,0x08,0x83,0xff,0x08,0x83,0xff,
    0x08,0x83,0xff,0x08,0x83,0xff,0x08,0x83,0xff,0x08,0x83,0xff,0x08,0x83,0xff,0x08,0x83,0xff,0x08,0x83,0xff,0x08,0x83,0xff,
    0x08,0x83,0xff,0x08,0x83,0xff,0x08,0x83,0xff,0x08,0x83,0xff,0x08,0x83,0xff,0x08,0x83,0xff,0x08,0x83,0xff,0x08,0x83,0xff,
    0x08,0x83,0xff,0x08,0x83,0xff,0x08,0x83,0xff,0x08,0x83,0xff,0x08,0x83,0xff,0x08,0x83,0xff,0x08,0x83,0xff,0x08,0x83,0xff,
    0x08,0x83,0xff,0x08,0x83,0xff,0x08,0x83,0xff,0x08,0x83,0xff,0x08,0x83,0xff,0x08,0x83,0xff,0x08,0x83,0xff,0x08,0x83,0xff,
    0x08,0x83,0xff,0x08,0x83,0xff,0x08,0x83,0xff,0x08,0x83,0xff,0x08,0x83,0xff,0x08,0x83,0xff,0x08,0x83,0xff,0x08,0x83,0xff,
    0x08,0x83,0xff,0x08,0x83,0xff,0x08,0x83,0xff,0x08,0x83,0xff,0x08,0x83,0xff,0x08,0x83,0xff,0x08,0x83,0xff,0x08,0x83,0xff,
    0x08,0x83,0xff,0x08,0x83,0xff,0x08,0x83,0xff,0x08,0x83,0xff,0x08,0x83,0xff,0x08,0x83,0xff,0x08,0x83,0xff,0x08,0x83,0xff,
    0x08,0x83,0xff,0x02,0x6a,0xdc,0x00,0x00,0x00,0x00,0x00,0x00,0x00,0x00,0x00,0x00,0x00,0x00,0x00,0x00,0x00,0x00,0x00,0x00,
    0x00,0x00,0x00,0x00,0x00,0x00,0x00,0x00,0x00,0x00,0x00,0x00,0x00,0x00,0x00,0x00,0x00,0x00,0x00,0x00,0x00,0x02,0x6a,0xdc,
    0x02,0x6a,0xdc,0x08,0x83,0xff,0x08,0x83,0xff,0x08,0x83,0xff,0x08,0x83,0xff,0x08,0x83,0xff,0x08,0x83,0xff,0x08,0x83,0xff,
    0x08,0x83,0xff,0x08,0x83,0xff,0x08,0x83,0xff,0x08,0x83,0xff,0x08,0x83,0xff,0x08,0x83,0xff,0x08,0x83,0xff,0x08,0x83,0xff,
    0x08,0x83,0xff,0x08,0x83,0xff,0x08,0x83,0xff,0x08,0x83,0xff,0x08,0x83,0xff,0x08,0x83,0xff,0x08,0x83,0xff,0x08,0x83,0xff,
    0x08,0x83,0xff,0x08,0x83,0xff,0x08,0x83,0xff,0x08,0x83,0xff,0x08,0x83,0xff,0x08,0x83,0xff,0x08,0x83,0xff,0x08,0x83,0xff,
    0x08,0x83,0xff,0x08,0x83,0xff,0x08,0x83,0xff,0x08,0x83,0xff,0x08,0x83,0xff,0x08,0x83,0xff,0x08,0x83,0xff,0x08,0x83,0xff,
    0x08,0x83,0xff,0x08,0x83,0xff,0x08,0x83,0xff,0x08,0x83,0xff,0x08,0x83,0xff,0x08,0x83,0xff,0x08,0x83,0xff,0x08,0x83,0xff,
    0x08,0x83,0xff,0x08,0x83,0xff,0x08,0x83,0xff,0x08,0x83,0xff,0x08,0x83,0xff,0x08,0x83,0xff,0x08,0x83,0xff,0x08,0x83,0xff,
    0x08,0x83,0xff,0x08,0x83,0xff,0x08,0x83,0xff,0x08,0x83,0xff,0x08,0x83,0xff,0x08,0x83,0xff,0x08,0x83,0xff,0x08,0x83,0xff,
    0x08,0x83,0xff,0x08,0x83,0xff,0x08,0x83,0xff,0x08,0x83,0xff,0x08,0x83,0xff,0x08,0x83,0xff,0x08,0x83,0xff,0x08,0x83,0xff,
    0x08,0x83,0xff,0x08,0x83,0xff,0x08,0x83,0xff,0x08,0x83,0xff,0x08,0x83,0xff,0x08,0x83,0xff,0x08,0x83,0xff,0x08,0x83,0xff,
    0x08,0x83,0xff,0x08,0x83,0xff,0x08,0x83,0xff,0x08,0x83,0xff,0x08,0x83,0xff,0x08,0x83,0xff,0x08,0x83,0xff,0x08,0x83,0xff,
    0x08,0x83,0xff,0x08,0x83,0xff,0x08,0x83,0xff,0x08,0x83,0xff,0x08,0x83,0xff,0x08,0x83,0xff,0x08,0x83,0xff,0x08,0x83,0xff,
    0x08,0x83,0xff,0x08,0x83,0xff,0x08,0x83,0xff,0x08,0x83,0xff,0x08,0x83,0xff,0x08,0x83,0xff,0x08,0x83,0xff,0x08,0x83,0xff,
    0x08,0x83,0xff,0x08,0x83,0xff,0x08,0x83,0xff,0x08,0x83,0xff,0x08,0x83,0xff,0x08,0x83,0xff,0x08,0x83,0xff,0x08,0x83,0xff,
    0x08,0x83,0xff,0x08,0x83,0xff,0x08,0x83,0xff,0x08,0x83,0xff,0x08,0x83,0xff,0x08,0x83,0xff,0x08,0x83,0xff,0x02,0x6a,0xdc,
    0x02,0x6a,0xdc,0x00,0x00,0x00,0x00,0x00,0x00,0x00,0x00,0x00,0x00,0x00,0x00,0x00,0x00,0x00,0x00,0x00,0x00,0x00,0x00,0x00,
    0x00,0x00,0x00,0x00,0x00,0x00,0x00,0x00,0x00,0x00,0x00,0x00,0x00,0x00,0x00,0x00,0x00,0x00,0x00,0x00,0x00,0x00,0x00,0x00,
    0x00,0x00,0x00,0x02,0x6a,0xdc,0x08,0x83,0xff,0x08,0x83,0xff,0x08,0x83,0xff,0x08,0x83,0xff,0x08,0x83,0xff,0x08,0x83,0xff,
    0x08,0x83,0xff,0x08,0x83,0xff,0x08,0x83,0xff,0x08,0x83,0xff,0x08,0x83,0xff,0x08,0x83,0xff,0x08,0x83,0xff,0x08,0x83,0xff,
    0x08,0x83,0xff,0x08,0x83,0xff,0x08,0x83,0xff,0x08,0x83,0xff,0x08,0x83,0xff,0x08,0x83,0xff,0x08,0x83,0xff,0x08,0x83,0xff,
    0x08,0x83,0xff,0x08,0x83,0xff,0x08,0x83,0xff,0x08,0x83,0xff,0x08,0x83,0xff,0x08,0x83,0xff,0x08,0x83,0xff,0x08,0x83,0xff,
    0x08,0x83,0xff,0x08,0x83,0xff,0x08,0x83,0xff,0x08,0x83,0xff,0x08,0x83,0xff,0x08,0x83,0xff,0x08,0x83,0xff,0x08,0x83,0xff,
    0x08,0x83,0xff,0x08,0x83,0xff,0x08,0x83,0xff,0x08,0x83,0xff,0x08,0x83,0xff,0x08,0x83,0xff,0x08,0x83,0xff,0x08,0x83,0xff,
    0x08,0x83,0xff,0x08,0x83,0xff,0x08,0x83,0xff,0x08,0x83,0xff,0x08,0x83,0xff,0x08,0x83,0xff,0x08,0x83,0xff,0x08,0x83,0xff,
    0x08,0x83,0xff,0x08,0x83,0xff,0x08,0x83,0xff,0x08,0x83,0xff,0x08,0x83,0xff,0x08,0x83,0xff,0x08,0x83,0xff,0x08,0x83,0xff,
    0x08,0x83,0xff,0x08,0x83,0xff,0x08,0x83,0xff,0x08,0x83,0xff,0x08,0x83,0xff,0x08,0x83,0xff,0x08,0x83,0xff,0x08,0x83,0xff,
    0x08,0x83,0xff,0x08,0x83,0xff,0x08,0x83,0xff,0x08,0x83,0xff,0x08,0x83,0xff,0x08,0x83,0xff,0x08,0x83,0xff,0x08,0x83,0xff,
    0x08,0x83,0xff,0x08,0x83,0xff,0x08,0x83,0xff,0x08,0x83,0xff,0x08,0x83,0xff,0x08,0x83,0xff,0x08,0x83,0xff,0x08,0x83,0xff,
    0x08,0x83,0xff,0x08,0x83,0xff,0x08,0x83,0xff,0x08,0x83,0xff,0x08,0x83,0xff,0x08,0x83,0xff,0x08,0x83,0xff,0x08,0x83,0xff,
    0x08,0x83,0xff,0x08,0x83,0xff,0x08,0x83,0xff,0x08,0x83,0xff,0x08,0x83,0xff,0x08,0x83,0xff,0x08,0x83,0xff,0x08,0x83,0xff,
    0x08,0x83,0xff,0x08,0x83,0xff,0x08,0x83,0xff,0x08,0x83,0xff,0x08,0x83,0xff,0x08,0x83,0xff,0x08,0x83,0xff,0x08,0x83,0xff,
    0x08,0x83,0xff,0x08,0x83,0xff,0x08,0x83,0xff,0x08,0x83,0xff,0x08,0x83,0xff,0x08,0x83,0xff,0x02,0x6a,0xdc,0x00,0x00,0x00,
    0x00,0x00,0x00,0x00,0x00,0x00,0x00,0x00,0x00,0x00,0x00,0x00,0x00,0x00,0x00,0x00,0x00,0x00,0x00,0x00,0x00,0x00,0x00,0x00,
    0x00,0x00,0x00,0x00,0x00,0x00,0x00,0x00,0x00,0x00,0x00,0x00,0x00,0x00,0x00,0x00,0x00,0x00,0x00,0x00,0x00,0x00,0x00,0x00,
    0x00,0x00,0x00,0x00,0x00,0x00,0x02,0x6a,0xdc,0x02,0x6a,0xdc,0x02,0x6a,0xdc,0x08,0x83,0xff,0x08,0x83,0xff,0x08,0x83,0xff,
    0x08,0x83,0xff,0x08,0x83,0xff,0x08,0x83,0xff,0x08,0x83,0xff,0x08,0x83,0xff,0x08,0x83,0xff,0x08,0x83,0xff,0x08,0x83,0xff,
    0x08,0x83,0xff,0x08,0x83,0xff,0x08,0x83,0xff,0x08,0x83,0xff,0x08,0x83,0xff,0x08,0x83,0xff,0x08,0x83,0xff,0x08,0x83,0xff,
    0x08,0x83,0xff,0x08,0x83,0xff,0x08,0x83,0xff,0x08,0xa3,0xff,0x08,0xa3,0xff,0x08,0xa3,0xff,0x08,0xa3,0xff,0x08,0xa3,0xff,
    0x08,0xa3,0xff,0x08,0xa3,0xff,0x08,0xa3,0xff,0x08,0xa3,0xff,0x08,0xa3,0xff,0x08,0xa3,0xff,0x08,0xa3,0xff,0x08,0xa3,0xff,
    0x08,0xa3,0xff,0x08,0xa3,0xff,0x08,0xa3,0xff,0x08,0xa3,0xff,0x08,0xa3,0xff,0x08,0xa3,0xff,0x08,0xa3,0xff,0x08,0xa3,0xff,
    0x08,0xa3,0xff,0x08,0xa3,0xff,0x08,0xa3,0xff,0x08,0xa3,0xff,0x08,0xa3,0xff,0x08,0xa3,0xff,0x08,0xa3,0xff,0x08,0xa3,0xff,
    0x08,0xa3,0xff,0x08,0xa3,0xff,0x08,0xa3,0xff,0x08,0xa3,0xff,0x08,0xa3,0xff,0x08,0xa3,0xff,0x08,0xa3,0xff,0x08,0xa3,0xff,
    0x08,0xa3,0xff,0x08,0xa3,0xff,0x08,0xa3,0xff,0x08,0xa3,0xff,0x08,0xa3,0xff,0x08,0xa3,0xff,0x08,0xa3,0xff,0x08,0xa3,0xff,
    0x08,0xa3,0xff,0x08,0xa3,0xff,0x08,0xa3,0xff,0x08,0xa3,0xff,0x08,0xa3,0xff,0x08,0xa3,0xff,0x08,0xa3,0xff,0x08,0xa3,0xff,
    0x08,0xa3,0xff,0x08,0xa3,0xff,0x08,0xa3,0xff,0x08,0xa3,0xff,0x08,0xa3,0xff,0x08,0xa3,0xff,0x08,0xa3,0xff,0x08,0xa3,0xff,
    0x08,0xa3,0xff,0x08,0xa3,0xff,0x08,0xa3,0xff,0x08,0xa3,0xff,0x08,0xa3,0xff,0x08,0xa3,0xff,0x08,0x83,0xff,0x08,0x83,0xff,
    0x08,0x83,0xff,0x08,0x83,0xff,0x08,0x83,0xff,0x08,0x83,0xff,0x08,0x83,0xff,0x08,0x83,0xff,0x08,0x83,0xff,0x08,0x83,0xff,
    0x08,0x83,0xff,0x08,0x83,0xff,0x08,0x83,0xff,0x08,0x83,0xff,0x08,0x83,0xff,0x08,0x83,0xff,0x08,0x83,0xff,0x08,0x83,0xff,
    0x08,0x83,0xff,0x08,0x83,0xff,0x08,0x83,0xff,0x02,0x6a,0xdc,0x02,0x6a,0xdc,0x02,0x6a,0xdc,0x00,0x00,0x00,0x00,0x00,0x00,
    0x00,0x00,0x00,0x00,0x00,0x00,0x00,0x00,0x00,0x00,0x00,0x00,0x00,0x00,0x00,0x00,0x00,0x00,0x00,0x00,0x00,0x00,0x00,0x00,
    0x00,0x00,0x00,0x00,0x00,0x00,0x00,0x00,0x00,0x00,0x00,0x00,0x00,0x00,0x00,0x00,0x00,0x00,0x00,0x00,0x00,0x00,0x00,0x00,
    0x00,0x00,0x00,0x00,0x00,0x00,0x00,0x00,0x00,0x00,0x00,0x00,0x00,0x00,0x00,0x02,0x6a,0xdc,0x02,0x6a,0xdc,0x02,0x6a,0xdc,
    0x02,0x6a,0xdc,0x02,0x6a,0xdc,0x02,0x6a,0xdc,0x02,0x6a,0xdc,0x02,0x6a,0xdc,0x02,0x6a,0xdc,0x02,0x6a,0xdc,0x02,0x6a,0xdc,
    0x02,0x6a,0xdc,0x02,0x6a,0xdc,0x02,0x6a,0xdc,0x02,0x4a,0xdc,0x02,0x4a,0xdc,0x02,0x4a,0xdd,0x02,0x4a,0xdd,0x02,0x4a,0xde,
    0x05,0xda,0xf5,0x05,0xda,0xf6,0x05,0xfa,0xf6,0x05,0xfa,0xf6,0x05,0xda,0xf6,0x05,0xda,0xf6,0x05,0xda,0xf6,0x05,0xfa,0xf6,
    0x05,0xfa,0xf6,0x05,0xfa,0xf6,0x05,0xfa,0xf6,0x05,0xfa,0xf6,0x05,0xfa,0xf6,0x05,0xfa,0xf6,0x05,0xfa,0xf6,0x05,0xfa,0xf6,
    0x05,0xfa,0xf6,0x05,0xfa,0xf6,0x05,0xfa,0xf6,0x05,0xfa,0xf6,0x05,0xfa,0xf6,0x05,0xfa,0xf6,0x05,0xfa,0xf6,0x05,0xfa,0xf6,
    0x05,0xfa,0xf6,0x05,0xfa,0xf6,0x05,0xfa,0xf6,0x05,0xfa,0xf6,0x05,0xfa,0xf6,0x05,0xfa,0xf6,0x05,0xfa,0xf6,0x05,0xfa,0xf6,
    0x05,0xfa,0xf6,0x05,0xfa,0xf6,0x05,0xfa,0xf6,0x05,0xfa,0xf6,0x05,0xfa,0xf6,0x05,0xfa,0xf6,0x05,0xfa,0xf6,0x05,0xfa,0xf6,
    0x05,0xfa,0xf6,0x05,0xfa,0xf6,0x05,0xfa,0xf6,0x05,0xfa,0xf6,0x05,0xfa,0xf6,0x05,0xfa,0xf6,0x05,0xfa,0xf6,0x05,0xfa,0xf6,
    0x05,0xfa,0xf6,0x05,0xfa,0xf6,0x05,0xfa,0xf6,0x05,0xfa,0xf6,0x05,0xfa,0xf6,0x05,0xfa,0xf6,0x05,0xfa,0xf6,0x05,0xfa,0xf6,
    0x05,0xfa,0xf6,0x05,0xfa,0xf6,0x05,0xfa,0xf6,0x05,0xfa,0xf6,0x05,0xfa,0xf6,0x05,0xfa,0xf6,0x05,0xfa,0xf6,0x05,0xfa,0xf6,
    0x05,0xfa,0xf6,0x05,0xfa,0xf6,0x05,0xda,0xf6,0x05,0xda,0xf6,0x05,0xda,0xf6,0x05,0xfa,0xf6,0x05,0xfa,0xf6,0x05,0xda,0xf6,
    0x05,0xda,0xf5,0x02,0x4a,0xde,0x02,0x4a,0xdd,0x02,0x4a,0xdd,0x02,0x4a,0xdc,0x02,0x4a,0xdc,0x02,0x6a,0xdc,0x02,0x6a,0xdc,
    0x02,0x6a,0xdc,0x02,0x6a,0xdc,0x02,0x6a,0xdc,0x02,0x6a,0xdc,0x02,0x6a,0xdc,0x02,0x6a,0xdc,0x02,0x6a,0xdc,0x02,0x6a,0xdc,
    0x02,0x6a,0xdc,0x02,0x6a,0xdc,0x02,0x6a,0xdc,0x00,0x00,0x00,0x00,0x00,0x00,0x00,0x00,0x00,0x00,0x00,0x00,0x00,0x00,0x00,
    0x00,0x00,0x00,0x00,0x00,0x00,0x00,0x00,0x00,0x00,0x00,0x00,0x00,0x00,0x00,0x00,0x00,0x00,0x00,0x00,0x00,0x00,0x00,0x00,
    0x00,0x00,0x00,0x00,0x00,0x00,0x00,0x00,0x00,0x00,0x00,0x00,0x00,0x00,0x00,0x00,0x00,0x00,0x00,0x00,0x00,0x00,0x00,0x00,
    0x00,0x00,0x00,0x00,0x00,0x00,0x00,0x00,0x00,0x00,0x00,0x00,0x00,0x00,0x00,0x00,0x00,0x00,0x00,0x00,0x00,0x00,0x00,0x00,
    0x00,0x00,0x00,0x00,0x00,0x00,0x00,0x00,0x00,0x00,0x00,0x00,0x00,0x00,0x00,0x00,0x00,0x00,0x00,0x00,0x00,0x00,0x00,0x00,
    0x00,0x00,0x00,0x00,0x00,0x00,0x00,0x00,0x01,0x00,0x20,0x02,0x00,0x41,0x04,0x00,0x62,0x06,0x00,0xa3,0x0a,0x00,0xe4,0x0e,
    0x01,0x45,0x11,0x01,0x86,0x15,0x01,0xc7,0x18,0x01,0xe8,0x1b,0x02,0x09,0x1d,0x02,0x29,0x1e,0x02,0x29,0x1f,0x02,0x29,0x1f,
    0x02,0x29,0x1f,0x02,0x29,0x1f,0x02,0x29,0x1f,0x02,0x29,0x1f,0x02,0x29,0x1f,0x02,0x29,0x1f,0x02,0x29,0x1f,0x02,0x29,0x1f,
    0x02,0x29,0x1f,0x02,0x29,0x1f,0x02,0x29,0x1f,0x02,0x29,0x1f,0x02,0x29,0x1f,0x02,0x29,0x1f,0x02,0x29,0x1f,0x02,0x29,0x1f,
    0x02,0x29,0x1f,0x02,0x29,0x1f,0x02,0x29,0x1f,0x02,0x29,0x1f,0x02,0x29,0x1f,0x02,0x29,0x1f,0x02,0x29,0x1f,0x02,0x29,0x1f,
    0x02,0x29,0x1f,0x02,0x29,0x1f,0x02,0x29,0x1f,0x02,0x29,0x1f,0x02,0x29,0x1f,0x02,0x29,0x1f,0x02,0x29,0x1f,0x02,0x29,0x1f,
    0x02,0x29,0x1f,0x02,0x29,0x1f,0x02,0x29,0x1f,0x02,0x29,0x1f,0x02,0x29,0x1f,0x02,0x29,0x1f,0x02,0x29,0x1f,0x02,0x29,0x1f,
    0x02,0x29,0x1f,0x02,0x29,0x1f,0x02,0x29,0x1f,0x02,0x29,0x1f,0x02,0x29,0x1f,0x02,0x29,0x1f,0x02,0x29,0x1f,0x02,0x29,0x1f,
    0x02,0x29,0x1f,0x02,0x29,0x1f,0x02,0x29,0x1f,0x02,0x29,0x1f,0x02,0x29,0x1f,0x02,0x29,0x1f,0x02,0x29,0x1f,0x02,0x29,0x1f,
    0x02,0x29,0x1f,0x02,0x29,0x1f,0x02,0x29,0x1f,0x02,0x29,0x1e,0x02,0x09,0x1d,0x01,0xe8,0x1b,0x01,0xc7,0x18,0x01,0x86,0x15,
    0x01,0x45,0x11,0x00,0xe4,0x0e,0x00,0xa3,0x0a,0x00,0x62,0x06,0x00,0x41,0x04,0x00,0x20,0x02,0x00,0x00,0x01,0x00,0x00,0x00,
    0x00,0x00,0x00,0x00,0x00,0x00,0x00,0x00,0x00,0x00,0x00,0x00,0x00,0x00,0x00,0x00,0x00,0x00,0x00,0x00,0x00,0x00,0x00,0x00,
    0x00,0x00,0x00,0x00,0x00,0x00,0x00,0x00,0x00,0x00,0x00,0x00,0x00,0x00,0x00,0x00,0x00,0x00,0x00,0x00,0x00,0x00,0x00,0x00,
    0x00,0x00,0x00,0x00,0x00,0x00,0x00,0x00,0x00,0x00,0x00,0x00,0x00,0x00,0x00,0x00,0x00,0x00,0x00,0x00,0x00,0x00,0x00,0x00,
    0x00,0x00,0x00,0x00,0x00,0x00,0x00,0x00,0x00,0x00,0x00,0x00,0x00,0x00,0x00,0x00,0x00,0x00,0x00,0x00,0x00,0x00,0x00,0x00,
    0x00,0x00,0x00,0x00,0x00,0x00,0x00,0x00,0x00,0x00,0x00,0x00,0x00,0x00,0x00,0x00,0x00,0x00,0x00,0x00,0x00,0x00,0x00,0x00,
    0x00,0x00,0x00,0x00,0x00,0x00,0x00,0x00,0x00,0x00,0x00,0x00,0x00,0x00,0x00,0x00,0x00,0x00,0x00,0x00,0x00,0x00,0x00,0x00,
    0x00,0x00,0x00,0x00,0x00,0x00,0x00,0x00,0x01,0x00,0x20,0x02,0x00,0x41,0x04,0x00,0x62,0x07,0x00,0xc3,0x0b,0x01,0x04,0x0e,
    0x01,0x45,0x12,0x01,0xa7,0x16,0x01,0xc8,0x1a,0x02,0x09,0x1d,0x02,0x29,0x1f,0x02,0x4a,0x20,0x02,0x4a,0x20,0x02,0x4a,0x20,
    0x02,0x6a,0x20,0x02,0x6a,0x20,0x02,0x6a,0x20,0x02,0x6a,0x20,0x02,0x6a,0x20,0x02,0x6a,0x20,0x02,0x6a,0x20,0x02,0x6a,0x20,
    0x02,0x6a,0x20,0x02,0x6a,0x20,0x02,0x6a,0x20,0x02,0x6a,0x20,0x02,0x6a,0x20,0x02,0x6a,0x20,0x02,0x6a,0x20,0x02,0x6a,0x20,
    0x02,0x6a,0x20,0x02,0x6a,0x20,0x02,0x6a,0x20,0x02,0x6a,0x20,0x02,0x6a,0x20,0x02,0x6a,0x20,0x02,0x6a,0x20,0x02,0x6a,0x20,
    0x02,0x6a,0x20,0x02,0x6a,0x20,0x02,0x6a,0x20,0x02,0x6a,0x20,0x02,0x6a,0x20,0x02,0x6a,0x20,0x02,0x6a,0x20,0x02,0x6a,0x20,
    0x02,0x6a,0x20,0x02,0x6a,0x20,0x02,0x6a,0x20,0x02,0x6a,0x20,0x02,0x6a,0x20,0x02,0x6a,0x20,0x02,0x6a,0x20,0x02,0x6a,0x20,
    0x02,0x6a,0x20,0x02,0x6a,0x20,0x02,0x6a,0x20,0x02,0x6a,0x20,0x02,0x6a,0x20,0x02,0x6a,0x20,0x02,0x6a,0x20,0x02,0x6a,0x20,
    0x02,0x6a,0x20,0x02,0x6a,0x20,0x02,0x6a,0x20,0x02,0x6a,0x20,0x02,0x6a,0x20,0x02,0x6a,0x20,0x02,0x6a,0x20,0x02,0x6a,0x20,
    0x02,0x6a,0x20,0x02,0x4a,0x20,0x02,0x4a,0x20,0x02,0x4a,0x20,0x02,0x29,0x1f,0x02,0x09,0x1d,0x01,0xc8,0x1a,0x01,0xa7,0x16,
    0x01,0x45,0x12,0x01,0x04,0x0e,0x00,0xc3,0x0b,0x00,0x62,0x07,0x00,0x41,0x04,0x00,0x20,0x02,0x00,0x00,0x01,0x00,0x00,0x00,
    0x00,0x00,0x00,0x00,0x00,0x00,0x00,0x00,0x00,0x00,0x00,0x00,0x00,0x00,0x00,0x00,0x00,0x00,0x00,0x00,0x00,0x00,0x00,0x00,
    0x00,0x00,0x00,0x00,0x00,0x00,0x00,0x00,0x00,0x00,0x00,0x00,0x00,0x00,0x00,0x00,0x00,0x00,0x00,0x00,0x00,0x00,0x00,0x00,
    0x00,0x00,0x00,0x00,0x00,0x00,0x00,0x00,0x00,0x00,0x00,0x00,0x00,0x00,0x00,0x00,0x00,0x00,0x00,0x00,0x00,0x00,0x00,0x00
};
const lv_img_dsc_t ui_img_images_climate_png = {
    .header.always_zero = 0,
    .header.w = 136,
    .header.h = 146,
    .data_size = sizeof(ui_img_images_climate_png_data),
    .header.cf = LV_IMG_CF_TRUE_COLOR_ALPHA,
    .data = ui_img_images_climate_png_data
};
