#include "../ui.h"

#ifndef LV_ATTRIBUTE_MEM_ALIGN
    #define LV_ATTRIBUTE_MEM_ALIGN
#endif

// IMAGE DATA: ui_img_images_livestreaming_png (136x146)
const LV_ATTRIBUTE_MEM_ALIGN uint8_t ui_img_images_livestreaming_png_data[] = {
    0x00,0x00,0x00,0x00,0x00,0x00,0x00,0x00,0x00,0x00,0x00,0x00,0x00,0x00,0x00,0x00,0x00,0x00,0x00,0x00,0x00,0x00,0x00,0x00,
    0x00,0x00,0x00,0x00,0x00,0x00,0x00,0x00,0x00,0x00,0x00,0x00,0x00,0x00,0x00,0x00,0x00,0x00,0x00,0x00,0x00,0x00,0x00,0x00,
    0x00,0x00,0x02,0x00,0x00,0x04,0x08,0x00,0x07,0x10,0x01,0x0c,0x18,0x21,0x12,0x28,0x22,0x1a,0x30,0x43,0x21,0x40,0x44,0x28,
    0x48,0x64,0x2f,0x50,0x65,0x33,0x50,0x65,0x37,0x58,0x65,0x3a,0x58,0x66,0x3a,0x58,0x66,0x3b,0x58,0x66,0x3b,0x58,0x66,0x3b,
    0x58,0x66,0x3b,0x58,0x66,0x3b,0x58,0x66,0x3b,0x58,0x66,0x3b,0x58,0x66,0x3b,0x58,0x66,0x3b,0x58,0x66,0x3b,0x58,0x66,0x3b,
    0x58,0x66,0x3b,0x58,0x66,0x3b,0x58,0x66,0x3b,0x58,0x66,0x3b,0x58,0x66,0x3b,0x58,0x66,0x3b,0x58,0x66,0x3b,0x58,0x66,0x3b,
    0x58,0x66,0x3b,0x58,0x66,0x3b,0x58,0x66,0x3b,0x58,0x66,0x3b,0x58,0x66,0x3b,0x58,0x66,0x3b,0x58,0x66,0x3b,0x58,0x66,0x3b,
    0x58,0x66,0x3b,0x58,0x66,0x3b,0x58,0x66,0x3b,0x58,0x66,0x3b,0x58,0x66,0x3b,0x58,0x66,0x3b,0x58,0x66,0x3b,0x58,0x66,0x3b,
    0x58,0x66,0x3b,0x58,0x66,0x3b,0x58,0x66,0x3b,0x58,0x66,0x3b,0x58,0x66,0x3b,0x58,0x66,0x3b,0x58,0x66,0x3b,0x58,0x66,0x3b,
    0x58,0x66,0x3b,0x58,0x66,0x3b,0x58,0x66,0x3b,0x58,0x66,0x3b,0x58,0x66,0x3b,0x58,0x66,0x3b,0x58,0x66,0x3b,0x58,0x66,0x3b,
    0x58,0x66,0x3b,0x58,0x66,0x3b,0x58,0x66,0x3b,0x58,0x66,0x3b,0x58,0x66,0x3b,0x58,0x66,0x3b,0x58,0x66,0x3b,0x58,0x66,0x3b,
    0x58,0x66,0x3b,0x58,0x66,0x3b,0x58,0x66,0x3b,0x58,0x66,0x3b,0x58,0x66,0x3b,0x58,0x66,0x3b,0x58,0x66,0x3b,0x58,0x66,0x3b,
    0x58,0x66,0x3b,0x58,0x66,0x3b,0x58,0x66,0x3b,0x58,0x66,0x3b,0x58,0x66,0x3b,0x58,0x66,0x3b,0x58,0x66,0x3b,0x58,0x66,0x3b,
    0x58,0x66,0x3b,0x58,0x66,0x3b,0x58,0x66,0x3b,0x58,0x66,0x3b,0x58,0x66,0x3a,0x58,0x65,0x3a,0x50,0x65,0x37,0x50,0x65,0x33,
    0x48,0x64,0x2f,0x40,0x44,0x28,0x30,0x43,0x21,0x28,0x22,0x1a,0x18,0x21,0x12,0x10,0x01,0x0c,0x08,0x00,0x07,0x00,0x00,0x04,
    0x00,0x00,0x02,0x00,0x00,0x00,0x00,0x00,0x00,0x00,0x00,0x00,0x00,0x00,0x00,0x00,0x00,0x00,0x00,0x00,0x00,0x00,0x00,0x00,
    0x00,0x00,0x00,0x00,0x00,0x00,0x00,0x00,0x00,0x00,0x00,0x00,0x00,0x00,0x00,0x00,0x00,0x00,0x00,0x00,0x00,0x00,0x00,0x00,
    0x00,0x00,0x00,0x00,0x00,0x00,0x00,0x00,0x00,0x00,0x00,0x00,0x00,0x00,0x00,0x00,0x00,0x00,0x00,0x00,0x00,0x00,0x00,0x00,
    0x00,0x00,0x00,0x00,0x00,0x00,0x00,0x00,0x00,0x00,0x00,0x00,0x00,0x00,0x00,0x00,0x00,0x00,0x00,0x00,0x00,0x00,0x00,0x01,
    0x00,0x00,0x02,0x00,0x00,0x05,0x08,0x00,0x08,0x10,0x21,0x0d,0x20,0x22,0x13,0x28,0x22,0x1b,0x30,0x43,0x22,0x40,0x44,0x2a,
    0x48,0x65,0x31,0x50,0x65,0x36,0x58,0x66,0x39,0x58,0x86,0x3c,0x60,0x86,0x3c,0x60,0x86,0x3d,0x60,0x86,0x3d,0x60,0x86,0x3d,
    0x60,0x86,0x3d,0x60,0x86,0x3d,0x60,0x86,0x3d,0x60,0x86,0x3d,0x60,0x86,0x3d,0x60,0x86,0x3d,0x60,0x86,0x3d,0x60,0x86,0x3d,
    0x60,0x86,0x3d,0x60,0x86,0x3d,0x60,0x86,0x3d,0x60,0x86,0x3d,0x60,0x86,0x3d,0x60,0x86,0x3d,0x60,0x86,0x3d,0x60,0x86,0x3d,
    0x60,0x86,0x3d,0x60,0x86,0x3d,0x60,0x86,0x3d,0x60,0x86,0x3d,0x60,0x86,0x3d,0x60,0x86,0x3d,0x60,0x86,0x3d,0x60,0x86,0x3d,
    0x60,0x86,0x3d,0x60,0x86,0x3d,0x60,0x86,0x3d,0x60,0x86,0x3d,0x60,0x86,0x3d,0x60,0x86,0x3d,0x60,0x86,0x3d,0x60,0x86,0x3d,
    0x60,0x86,0x3d,0x60,0x86,0x3d,0x60,0x86,0x3d,0x60,0x86,0x3d,0x60,0x86,0x3d,0x60,0x86,0x3d,0x60,0x86,0x3d,0x60,0x86,0x3d,
    0x60,0x86,0x3d,0x60,0x86,0x3d,0x60,0x86,0x3d,0x60,0x86,0x3d,0x60,0x86,0x3d,0x60,0x86,0x3d,0x60,0x86,0x3d,0x60,0x86,0x3d,
    0x60,0x86,0x3d,0x60,0x86,0x3d,0x60,0x86,0x3d,0x60,0x86,0x3d,0x60,0x86,0x3d,0x60,0x86,0x3d,0x60,0x86,0x3d,0x60,0x86,0x3d,
    0x60,0x86,0x3d,0x60,0x86,0x3d,0x60,0x86,0x3d,0x60,0x86,0x3d,0x60,0x86,0x3d,0x60,0x86,0x3d,0x60,0x86,0x3d,0x60,0x86,0x3d,
    0x60,0x86,0x3d,0x60,0x86,0x3d,0x60,0x86,0x3d,0x60,0x86,0x3d,0x60,0x86,0x3d,0x60,0x86,0x3d,0x60,0x86,0x3d,0x60,0x86,0x3d,
    0x60,0x86,0x3d,0x60,0x86,0x3d,0x60,0x86,0x3d,0x60,0x86,0x3d,0x60,0x86,0x3c,0x58,0x86,0x3c,0x58,0x66,0x39,0x50,0x65,0x36,
    0x48,0x65,0x31,0x40,0x44,0x2a,0x30,0x43,0x22,0x28,0x22,0x1b,0x20,0x22,0x13,0x10,0x21,0x0d,0x08,0x00,0x08,0x00,0x00,0x05,
    0x00,0x00,0x02,0x00,0x00,0x01,0x00,0x00,0x00,0x00,0x00,0x00,0x00,0x00,0x00,0x00,0x00,0x00,0x00,0x00,0x00,0x00,0x00,0x00,
    0x00,0x00,0x00,0x00,0x00,0x00,0x00,0x00,0x00,0x00,0x00,0x00,0x00,0x00,0x00,0x00,0x00,0x00,0x00,0x00,0x00,0x00,0x00,0x00,
    0x00,0x00,0x00,0x00,0x00,0x00,0x00,0x00,0x00,0x00,0x00,0x00,0x00,0x00,0x00,0x00,0x00,0x00,0x00,0x00,0x00,0x00,0x00,0x00,
    0x00,0x00,0x00,0x00,0x00,0x00,0x00,0x00,0x00,0x00,0x00,0x00,0x00,0x00,0x00,0x50,0x65,0xdc,0x50,0x65,0xdc,0x50,0x65,0xdc,
    0x50,0x65,0xdc,0x50,0x65,0xdd,0x50,0x65,0xdd,0x50,0x65,0xde,0x50,0x65,0xdf,0x50,0x65,0xe0,0x50,0x65,0xe1,0x50,0x65,0xe2,
    0x50,0x65,0xe3,0x50,0x65,0xe4,0x50,0x65,0xe4,0x58,0x65,0xe4,0x58,0x65,0xe4,0x58,0x65,0xe5,0x58,0x65,0xe5,0x58,0x65,0xe5,
    0x58,0x65,0xe5,0x58,0x65,0xe5,0x58,0x65,0xe5,0x58,0x65,0xe5,0x58,0x65,0xe5,0x58,0x65,0xe5,0x58,0x65,0xe5,0x58,0x65,0xe5,
    0x58,0x65,0xe5,0x58,0x65,0xe5,0x58,0x65,0xe5,0x58,0x65,0xe5,0x58,0x65,0xe5,0x58,0x65,0xe5,0x58,0x65,0xe5,0x58,0x65,0xe5,
    0x58,0x65,0xe5,0x58,0x65,0xe5,0x58,0x65,0xe5,0x58,0x65,0xe5,0x58,0x65,0xe5,0x58,0x65,0xe5,0x58,0x65,0xe5,0x58,0x65,0xe5,
    0x58,0x65,0xe5,0x58,0x65,0xe5,0x58,0x65,0xe5,0x58,0x65,0xe5,0x58,0x65,0xe5,0x58,0x65,0xe5,0x58,0x65,0xe5,0x58,0x65,0xe5,
    0x58,0x65,0xe5,0x58,0x65,0xe5,0x58,0x65,0xe5,0x58,0x65,0xe5,0x58,0x65,0xe5,0x58,0x65,0xe5,0x58,0x65,0xe5,0x58,0x65,0xe5,
    0x58,0x65,0xe5,0x58,0x65,0xe5,0x58,0x65,0xe5,0x58,0x65,0xe5,0x58,0x65,0xe5,0x58,0x65,0xe5,0x58,0x65,0xe5,0x58,0x65,0xe5,
    0x58,0x65,0xe5,0x58,0x65,0xe5,0x58,0x65,0xe5,0x58,0x65,0xe5,0x58,0x65,0xe5,0x58,0x65,0xe5,0x58,0x65,0xe5,0x58,0x65,0xe5,
    0x58,0x65,0xe5,0x58,0x65,0xe5,0x58,0x65,0xe5,0x58,0x65,0xe5,0x58,0x65,0xe5,0x58,0x65,0xe5,0x58,0x65,0xe5,0x58,0x65,0xe5,
    0x58,0x65,0xe5,0x58,0x65,0xe5,0x58,0x65,0xe5,0x58,0x65,0xe5,0x58,0x65,0xe5,0x58,0x65,0xe5,0x58,0x65,0xe5,0x58,0x65,0xe5,
    0x58,0x65,0xe5,0x58,0x65,0xe5,0x58,0x65,0xe5,0x58,0x65,0xe5,0x58,0x65,0xe4,0x58,0x65,0xe4,0x50,0x65,0xe4,0x50,0x65,0xe4,
    0x50,0x65,0xe3,0x50,0x65,0xe2,0x50,0x65,0xe1,0x50,0x65,0xe0,0x50,0x65,0xdf,0x50,0x65,0xde,0x50,0x65,0xdd,0x50,0x65,0xdd,
    0x50,0x65,0xdc,0x50,0x65,0xdc,0x50,0x65,0xdc,0x00,0x00,0x00,0x00,0x00,0x00,0x00,0x00,0x00,0x00,0x00,0x00,0x00,0x00,0x00,
    0x00,0x00,0x00,0x00,0x00,0x00,0x00,0x00,0x00,0x00,0x00,0x00,0x00,0x00,0x00,0x00,0x00,0x00,0x00,0x00,0x00,0x00,0x00,0x00,
    0x00,0x00,0x00,0x00,0x00,0x00,0x00,0x00,0x00,0x00,0x00,0x00,0x00,0x00,0x00,0x00,0x00,0x00,0x00,0x00,0x00,0x00,0x00,0x00,
    0x00,0x00,0x00,0x00,0x00,0x00,0x50,0x65,0xdc,0x50,0x65,0xdc,0x50,0x65,0xdc,0x08,0x83,0xff,0x08,0x83,0xff,0x08,0x83,0xff,
    0x08,0x83,0xff,0x08,0x83,0xff,0x08,0x82,0xff,0x08,0x82,0xff,0x08,0x82,0xff,0x08,0x83,0xff,0xf9,0x50,0xff,0xf9,0x50,0xff,
    0xf9,0x50,0xff,0xf9,0x50,0xff,0xf9,0x50,0xff,0xf9,0x50,0xff,0xf9,0x50,0xff,0xf9,0x50,0xff,0xf9,0x50,0xff,0xf9,0x50,0xff,
    0xf9,0x50,0xff,0xf9,0x50,0xff,0xf9,0x50,0xff,0xf9,0x50,0xff,0xf9,0x50,0xff,0xf9,0x50,0xff,0xf9,0x50,0xff,0xf9,0x50,0xff,
    0xf9,0x50,0xff,0xf9,0x50,0xff,0xf9,0x50,0xff,0xf9,0x50,0xff,0xf9,0x50,0xff,0xf9,0x50,0xff,0xf9,0x50,0xff,0xf9,0x50,0xff,
    0xf9,0x50,0xff,0xf9,0x50,0xff,0xf9,0x50,0xff,0xf9,0x50,0xff,0xf9,0x50,0xff,0xf9,0x50,0xff,0xf9,0x50,0xff,0xf9,0x50,0xff,
    0xf9,0x50,0xff,0xf9,0x50,0xff,0xf9,0x50,0xff,0xf9,0x50,0xff,0xf9,0x50,0xff,0xf9,0x50,0xff,0xf9,0x50,0xff,0xf9,0x50,0xff,
    0xf9,0x50,0xff,0xf9,0x50,0xff,0xf9,0x50,0xff,0xf9,0x50,0xff,0xf9,0x50,0xff,0xf9,0x50,0xff,0xf9,0x50,0xff,0xf9,0x50,0xff,
    0xf9,0x50,0xff,0xf9,0x50,0xff,0xf9,0x50,0xff,0xf9,0x50,0xff,0xf9,0x50,0xff,0xf9,0x50,0xff,0xf9,0x50,0xff,0xf9,0x50,0xff,
    0xf9,0x50,0xff,0xf9,0x50,0xff,0xf9,0x50,0xff,0xf9,0x50,0xff,0xf9,0x50,0xff,0xf9,0x50,0xff,0xf9,0x50,0xff,0xf9,0x50,0xff,
    0xf9,0x50,0xff,0xf9,0x50,0xff,0xf9,0x50,0xff,0xf9,0x50,0xff,0xf9,0x50,0xff,0xf9,0x50,0xff,0xf9,0x50,0xff,0xf9,0x50,0xff,
    0xf9,0x50,0xff,0xf9,0x50,0xff,0xf9,0x50,0xff,0xf9,0x50,0xff,0xf9,0x50,0xff,0xf9,0x50,0xff,0xf9,0x50,0xff,0xf9,0x50,0xff,
    0xf9,0x50,0xff,0xf9,0x50,0xff,0xf9,0x50,0xff,0xf9,0x50,0xff,0xf9,0x50,0xff,0xf9,0x50,0xff,0xf9,0x50,0xff,0xf9,0x50,0xff,
    0xf9,0x50,0xff,0xf9,0x50,0xff,0xf9,0x50,0xff,0x08,0x83,0xff,0x08,0x82,0xff,0x08,0x82,0xff,0x08,0x82,0xff,0x08,0x83,0xff,
    0x08,0x83,0xff,0x08,0x83,0xff,0x08,0x83,0xff,0x50,0x65,0xdc,0x50,0x65,0xdc,0x50,0x65,0xdc,0x00,0x00,0x00,0x00,0x00,0x00,
    0x00,0x00,0x00,0x00,0x00,0x00,0x00,0x00,0x00,0x00,0x00,0x00,0x00,0x00,0x00,0x00,0x00,0x00,0x00,0x00,0x00,0x00,0x00,0x00,
    0x00,0x00,0x00,0x00,0x00,0x00,0x00,0x00,0x00,0x00,0x00,0x00,0x00,0x00,0x00,0x00,0x00,0x00,0x00,0x00,0x00,0x00,0x00,0x00,
    0x00,0x00,0x00,0x50,0x65,0xdc,0x08,0x83,0xff,0x08,0x83,0xff,0x08,0x83,0xff,0x08,0x83,0xff,0x08,0x83,0xff,0x08,0x83,0xff,
    0x08,0x83,0xff,0x08,0x83,0xff,0x08,0x83,0xff,0x08,0x82,0xff,0x08,0x82,0xff,0x08,0x83,0xff,0x10,0x83,0xff,0x10,0x83,0xff,
    0x10,0x83,0xff,0x18,0x83,0xff,0x18,0x83,0xff,0x18,0x83,0xff,0x18,0x83,0xff,0x18,0x83,0xff,0x18,0x83,0xff,0x18,0x83,0xff,
    0x18,0x83,0xff,0x18,0x83,0xff,0x18,0x83,0xff,0x18,0x83,0xff,0x18,0x83,0xff,0x18,0x83,0xff,0x18,0x83,0xff,0x18,0x83,0xff,
    0x18,0x83,0xff,0x18,0x83,0xff,0x18,0x83,0xff,0x18,0x83,0xff,0x18,0x83,0xff,0x18,0x83,0xff,0x18,0x83,0xff,0x18,0x83,0xff,
    0x18,0x83,0xff,0x18,0x83,0xff,0x18,0x83,0xff,0x18,0x83,0xff,0x18,0x83,0xff,0x18,0x83,0xff,0x18,0x83,0xff,0x18,0x83,0xff,
    0x18,0x83,0xff,0x18,0x83,0xff,0x18,0x83,0xff,0x18,0x83,0xff,0x18,0x83,0xff,0x18,0x83,0xff,0x18,0x83,0xff,0x18,0x83,0xff,
    0x18,0x83,0xff,0x18,0x83,0xff,0x18,0x83,0xff,0x18,0x83,0xff,0x18,0x83,0xff,0x18,0x83,0xff,0x18,0x83,0xff,0x18,0x83,0xff,
    0x18,0x83,0xff,0x18,0x83,0xff,0x18,0x83,0xff,0x18,0x83,0xff,0x18,0x83,0xff,0x18,0x83,0xff,0x18,0x83,0xff,0x18,0x83,0xff,
    0x18,0x83,0xff,0x18,0x83,0xff,0x18,0x83,0xff,0x18,0x83,0xff,0x18,0x83,0xff,0x18,0x83,0xff,0x18,0x83,0xff,0x18,0x83,0xff,
    0x18,0x83,0xff,0x18,0x83,0xff,0x18,0x83,0xff,0x18,0x83,0xff,0x18,0x83,0xff,0x18,0x83,0xff,0x18,0x83,0xff,0x18,0x83,0xff,
    0x18,0x83,0xff,0x18,0x83,0xff,0x18,0x83,0xff,0x18,0x83,0xff,0x18,0x83,0xff,0x18,0x83,0xff,0x18,0x83,0xff,0x18,0x83,0xff,
    0x18,0x83,0xff,0x18,0x83,0xff,0x18,0x83,0xff,0x18,0x83,0xff,0x18,0x83,0xff,0x18,0x83,0xff,0x18,0x83,0xff,0x18,0x83,0xff,
    0x10,0x83,0xff,0x10,0x83,0xff,0x10,0x83,0xff,0x08,0x83,0xff,0x08,0x82,0xff,0x08,0x82,0xff,0x08,0x83,0xff,0x08,0x83,0xff,
    0x08,0x83,0xff,0x08,0x83,0xff,0x08,0x83,0xff,0x08,0x83,0xff,0x08,0x83,0xff,0x08,0x83,0xff,0x50,0x65,0xdc,0x00,0x00,0x00,
    0x00,0x00,0x00,0x00,0x00,0x00,0x00,0x00,0x00,0x00,0x00,0x00,0x00,0x00,0x00,0x00,0x00,0x00,0x00,0x00,0x00,0x00,0x00,0x00,
    0x00,0x00,0x00,0x00,0x00,0x00,0x00,0x00,0x00,0x00,0x00,0x00,0x00,0x00,0x00,0x00,0x00,0x00,0x00,0x00,0x00,0x50,0x65,0xdc,
    0x50,0x65,0xdc,0x08,0x83,0xff,0x08,0x83,0xff,0x08,0x83,0xff,0x08,0x83,0xff,0x08,0x83,0xff,0x08,0x83,0xff,0x08,0x83,0xff,
    0x08,0x83,0xff,0x08,0x83,0xff,0x08,0x83,0xff,0x08,0x82,0xff,0x08,0x82,0xff,0x08,0x82,0xff,0x10,0x83,0xff,0x10,0x83,0xff,
    0x10,0x83,0xff,0x10,0x83,0xff,0x10,0x83,0xff,0x18,0x83,0xff,0x18,0x83,0xff,0x18,0x83,0xff,0x18,0x83,0xff,0x18,0x83,0xff,
    0x18,0x83,0xff,0x18,0x83,0xff,0x18,0x83,0xff,0x18,0x83,0xff,0x18,0x83,0xff,0x18,0x83,0xff,0x18,0x83,0xff,0x18,0x83,0xff,
    0x18,0x83,0xff,0x18,0x83,0xff,0x18,0x83,0xff,0x18,0x83,0xff,0x18,0x83,0xff,0x18,0x83,0xff,0x18,0x83,0xff,0x18,0x83,0xff,
    0x18,0x83,0xff,0x18,0x83,0xff,0x18,0x83,0xff,0x18,0x83,0xff,0x18,0x83,0xff,0x18,0x83,0xff,0x18,0x83,0xff,0x18,0x83,0xff,
    0x18,0x83,0xff,0x18,0x83,0xff,0x18,0x83,0xff,0x18,0x83,0xff,0x18,0x83,0xff,0x18,0x83,0xff,0x18,0x83,0xff,0x18,0x83,0xff,
    0x18,0x83,0xff,0x18,0x83,0xff,0x18,0x83,0xff,0x18,0x83,0xff,0x18,0x83,0xff,0x18,0x83,0xff,0x18,0x83,0xff,0x18,0x83,0xff,
    0x18,0x83,0xff,0x18,0x83,0xff,0x18,0x83,0xff,0x18,0x83,0xff,0x18,0x83,0xff,0x18,0x83,0xff,0x18,0x83,0xff,0x18,0x83,0xff,
    0x18,0x83,0xff,0x18,0x83,0xff,0x18,0x83,0xff,0x18,0x83,0xff,0x18,0x83,0xff,0x18,0x83,0xff,0x18,0x83,0xff,0x18,0x83,0xff,
    0x18,0x83,0xff,0x18,0x83,0xff,0x18,0x83,0xff,0x18,0x83,0xff,0x18,0x83,0xff,0x18,0x83,0xff,0x18,0x83,0xff,0x18,0x83,0xff,
    0x18,0x83,0xff,0x18,0x83,0xff,0x18,0x83,0xff,0x18,0x83,0xff,0x18,0x83,0xff,0x18,0x83,0xff,0x18,0x83,0xff,0x18,0x83,0xff,
    0x18,0x83,0xff,0x18,0x83,0xff,0x18,0x83,0xff,0x18,0x83,0xff,0x18,0x83,0xff,0x18,0x83,0xff,0x10,0x83,0xff,0x10,0x83,0xff,
    0x10,0x83,0xff,0x10,0x83,0xff,0x10,0x83,0xff,0x08,0x82,0xff,0x08,0x82,0xff,0x08,0x82,0xff,0x08,0x83,0xff,0x08,0x83,0xff,
    0x08,0x83,0xff,0x08,0x83,0xff,0x08,0x83,0xff,0x08,0x83,0xff,0x08,0x83,0xff,0x08,0x83,0xff,0x08,0x83,0xff,0x50,0x65,0xdc,
    0x50,0x65,0xdc,0x00,0x00,0x00,0x00,0x00,0x00,0x00,0x00,0x00,0x00,0x00,0x00,0x00,0x00,0x00,0x00,0x00,0x00,0x00,0x00,0x00,
    0x00,0x00,0x00,0x00,0x00,0x00,0x00,0x00,0x00,0x00,0x00,0x00,0x00,0x00,0x00,0x00,0x00,0x00,0x50,0x65,0xdc,0x08,0x83,0xff,
    0x08,0x83,0xff,0x08,0x83,0xff,0x08,0x83,0xff,0x08,0x83,0xff,0x08,0x83,0xff,0x08,0x83,0xff,0x08,0x83,0xff,0x08,0x83,0xff,
    0x08,0x83,0xff,0x08,0x83,0xff,0x08,0x83,0xff,0x08,0x82,0xff,0x08,0x82,0xff,0x08,0x82,0xff,0x08,0x82,0xff,0x08,0x83,0xff,
    0x10,0x83,0xff,0x10,0x83,0xff,0x10,0x83,0xff,0x10,0x83,0xff,0x10,0x83,0xff,0x10,0x83,0xff,0x10,0x83,0xff,0x10,0x83,0xff,
    0x10,0x83,0xff,0x10,0x83,0xff,0x10,0x83,0xff,0x10,0x83,0xff,0x10,0x83,0xff,0x10,0x83,0xff,0x10,0x83,0xff,0x10,0x83,0xff,
    0x10,0x83,0xff,0x10,0x83,0xff,0x10,0x83,0xff,0x10,0x83,0xff,0x10,0x83,0xff,0x10,0x83,0xff,0x10,0x83,0xff,0x10,0x83,0xff,
    0x10,0x83,0xff,0x10,0x83,0xff,0x10,0x83,0xff,0x10,0x83,0xff,0x10,0x83,0xff,0x10,0x83,0xff,0x10,0x83,0xff,0x10,0x83,0xff,
    0x10,0x83,0xff,0x10,0x83,0xff,0x10,0x83,0xff,0x10,0x83,0xff,0x10,0x83,0xff,0x10,0x83,0xff,0x10,0x83,0xff,0x10,0x83,0xff,
    0x10,0x83,0xff,0x10,0x83,0xff,0x10,0x83,0xff,0x10,0x83,0xff,0x10,0x83,0xff,0x10,0x83,0xff,0x10,0x83,0xff,0x10,0x83,0xff,
    0x10,0x83,0xff,0x10,0x83,0xff,0x10,0x83,0xff,0x10,0x83,0xff,0x10,0x83,0xff,0x10,0x83,0xff,0x10,0x83,0xff,0x10,0x83,0xff,
    0x10,0x83,0xff,0x10,0x83,0xff,0x10,0x83,0xff,0x10,0x83,0xff,0x10,0x83,0xff,0x10,0x83,0xff,0x10,0x83,0xff,0x10,0x83,0xff,
    0x10,0x83,0xff,0x10,0x83,0xff,0x10,0x83,0xff,0x10,0x83,0xff,0x10,0x83,0xff,0x10,0x83,0xff,0x10,0x83,0xff,0x10,0x83,0xff,
    0x10,0x83,0xff,0x10,0x83,0xff,0x10,0x83,0xff,0x10,0x83,0xff,0x10,0x83,0xff,0x10,0x83,0xff,0x10,0x83,0xff,0x10,0x83,0xff,
    0x10,0x83,0xff,0x10,0x83,0xff,0x10,0x83,0xff,0x10,0x83,0xff,0x10,0x83,0xff,0x10,0x83,0xff,0x10,0x83,0xff,0x10,0x83,0xff,
    0x10,0x83,0xff,0x08,0x83,0xff,0x08,0x82,0xff,0x08,0x82,0xff,0x08,0x82,0xff,0x08,0x82,0xff,0x08,0x83,0xff,0x08,0x83,0xff,
    0x08,0x83,0xff,0x08,0x83,0xff,0x08,0x83,0xff,0x08,0x83,0xff,0x08,0x83,0xff,0x08,0x83,0xff,0x08,0x83,0xff,0x08,0x83,0xff,
    0x08,0x83,0xff,0x50,0x65,0xdc,0x00,0x00,0x00,0x00,0x00,0x00,0x00,0x00,0x00,0x00,0x00,0x00,0x00,0x00,0x00,0x00,0x00,0x00,
    0x00,0x00,0x00,0x00,0x00,0x00,0x00,0x00,0x00,0x00,0x00,0x00,0x00,0x00,0x00,0x50,0x65,0xdc,0x08,0x83,0xff,0x08,0x83,0xff,
    0x08,0x83,0xff,0x08,0x83,0xff,0x08,0x83,0xff,0x08,0x83,0xff,0x08,0x83,0xff,0x08,0x83,0xff,0x08,0x83,0xff,0x08,0x83,0xff,
    0x08,0x83,0xff,0x08,0x83,0xff,0x08,0x83,0xff,0x08,0x83,0xff,0x08,0x82,0xff,0x08,0x82,0xff,0x08,0x82,0xff,0x08,0x82,0xff,
    0x08,0x83,0xff,0x08,0x83,0xff,0x08,0x83,0xff,0x10,0x83,0xff,0x10,0x83,0xff,0x10,0x83,0xff,0x10,0x83,0xff,0x10,0x83,0xff,
    0x10,0x83,0xff,0x10,0x83,0xff,0x10,0x83,0xff,0x10,0x83,0xff,0x10,0x83,0xff,0x10,0x83,0xff,0x10,0x83,0xff,0x10,0x83,0xff,
    0x10,0x83,0xff,0x10,0x83,0xff,0x10,0x83,0xff,0x10,0x83,0xff,0x10,0x83,0xff,0x10,0x83,0xff,0x10,0x83,0xff,0x10,0x83,0xff,
    0x10,0x83,0xff,0x10,0x83,0xff,0x10,0x83,0xff,0x10,0x83,0xff,0x10,0x83,0xff,0x10,0x83,0xff,0x10,0x83,0xff,0x10,0x83,0xff,
    0x10,0x83,0xff,0x10,0x83,0xff,0x10,0x83,0xff,0x10,0x83,0xff,0x10,0x83,0xff,0x10,0x83,0xff,0x10,0x83,0xff,0x10,0x83,0xff,
    0x10,0x83,0xff,0x10,0x83,0xff,0x10,0x83,0xff,0x10,0x83,0xff,0x10,0x83,0xff,0x10,0x83,0xff,0x10,0x83,0xff,0x10,0x83,0xff,
    0x10,0x83,0xff,0x10,0x83,0xff,0x10,0x83,0xff,0x10,0x83,0xff,0x10,0x83,0xff,0x10,0x83,0xff,0x10,0x83,0xff,0x10,0x83,0xff,
    0x10,0x83,0xff,0x10,0x83,0xff,0x10,0x83,0xff,0x10,0x83,0xff,0x10,0x83,0xff,0x10,0x83,0xff,0x10,0x83,0xff,0x10,0x83,0xff,
    0x10,0x83,0xff,0x10,0x83,0xff,0x10,0x83,0xff,0x10,0x83,0xff,0x10,0x83,0xff,0x10,0x83,0xff,0x10,0x83,0xff,0x10,0x83,0xff,
    0x10,0x83,0xff,0x10,0x83,0xff,0x10,0x83,0xff,0x10,0x83,0xff,0x10,0x83,0xff,0x10,0x83,0xff,0x10,0x83,0xff,0x10,0x83,0xff,
    0x10,0x83,0xff,0x10,0x83,0xff,0x10,0x83,0xff,0x10,0x83,0xff,0x10,0x83,0xff,0x10,0x83,0xff,0x08,0x83,0xff,0x08,0x83,0xff,
    0x08,0x83,0xff,0x08,0x82,0xff,0x08,0x82,0xff,0x08,0x82,0xff,0x08,0x82,0xff,0x08,0x83,0xff,0x08,0x83,0xff,0x08,0x83,0xff,
    0x08,0x83,0xff,0x08,0x83,0xff,0x08,0x83,0xff,0x08,0x83,0xff,0x08,0x83,0xff,0x08,0x83,0xff,0x08,0x83,0xff,0x08,0x83,0xff,
    0x08,0x83,0xff,0x08,0x83,0xff,0x50,0x65,0xdc,0x00,0x00,0x00,0x00,0x00,0x00,0x00,0x00,0x00,0x00,0x00,0x00,0x00,0x00,0x00,
    0x00,0x00,0x00,0x00,0x00,0x00,0x00,0x00,0x00,0x00,0x00,0x00,0x00,0x00,0x00,0x50,0x65,0xdc,0x08,0x83,0xff,0x08,0x83,0xff,
    0x08,0x83,0xff,0x08,0x83,0xff,0x08,0x83,0xff,0x08,0x83,0xff,0x08,0x83,0xff,0x08,0x83,0xff,0x08,0x83,0xff,0x08,0x83,0xff,
    0x08,0x83,0xff,0x08,0x83,0xff,0x08,0x83,0xff,0x08,0x83,0xff,0x08,0x83,0xff,0x08,0x82,0xff,0x08,0x82,0xff,0x08,0x82,0xff,
    0x08,0x82,0xff,0x08,0x82,0xff,0x08,0x82,0xff,0x08,0x82,0xff,0x08,0x82,0xff,0x08,0x82,0xff,0x08,0x82,0xff,0x08,0x82,0xff,
    0x08,0x82,0xff,0x08,0x82,0xff,0x08,0x82,0xff,0x08,0x82,0xff,0x08,0x82,0xff,0x08,0x82,0xff,0x08,0x82,0xff,0x08,0x82,0xff,
    0x08,0x82,0xff,0x08,0x82,0xff,0x08,0x82,0xff,0x08,0x82,0xff,0x08,0x82,0xff,0x08,0x82,0xff,0x08,0x82,0xff,0x08,0x82,0xff,
    0x08,0x82,0xff,0x08,0x82,0xff,0x08,0x82,0xff,0x08,0x82,0xff,0x08,0x82,0xff,0x08,0x82,0xff,0x08,0x82,0xff,0x08,0x82,0xff,
    0x08,0x82,0xff,0x08,0x82,0xff,0x08,0x82,0xff,0x08,0x82,0xff,0x08,0x82,0xff,0x08,0x82,0xff,0x08,0x82,0xff,0x08,0x82,0xff,
    0x08,0x82,0xff,0x08,0x82,0xff,0x08,0x82,0xff,0x08,0x82,0xff,0x08,0x82,0xff,0x08,0x82,0xff,0x08,0x82,0xff,0x08,0x82,0xff,
    0x08,0x82,0xff,0x08,0x82,0xff,0x08,0x82,0xff,0x08,0x82,0xff,0x08,0x82,0xff,0x08,0x82,0xff,0x08,0x82,0xff,0x08,0x82,0xff,
    0x08,0x82,0xff,0x08,0x82,0xff,0x08,0x82,0xff,0x08,0x82,0xff,0x08,0x82,0xff,0x08,0x82,0xff,0x08,0x82,0xff,0x08,0x82,0xff,
    0x08,0x82,0xff,0x08,0x82,0xff,0x08,0x82,0xff,0x08,0x82,0xff,0x08,0x82,0xff,0x08,0x82,0xff,0x08,0x82,0xff,0x08,0x82,0xff,
    0x08,0x82,0xff,0x08,0x82,0xff,0x08,0x82,0xff,0x08,0x82,0xff,0x08,0x82,0xff,0x08,0x82,0xff,0x08,0x82,0xff,0x08,0x82,0xff,
    0x08,0x82,0xff,0x08,0x82,0xff,0x08,0x82,0xff,0x08,0x82,0xff,0x08,0x82,0xff,0x08,0x82,0xff,0x08,0x82,0xff,0x08,0x82,0xff,
    0x08,0x82,0xff,0x08,0x82,0xff,0x08,0x82,0xff,0x08,0x82,0xff,0x08,0x83,0xff,0x08,0x83,0xff,0x08,0x83,0xff,0x08,0x83,0xff,
    0x08,0x83,0xff,0x08,0x83,0xff,0x08,0x83,0xff,0x08,0x83,0xff,0x08,0x83,0xff,0x08,0x83,0xff,0x08,0x83,0xff,0x08,0x83,0xff,
    0x08,0x83,0xff,0x08,0x83,0xff,0x50,0x65,0xdc,0x00,0x00,0x00,0x00,0x00,0x00,0x00,0x00,0x00,0x00,0x00,0x00,0x00,0x00,0x00,
    0x00,0x00,0x00,0x00,0x00,0x00,0x00,0x00,0x00,0x00,0x00,0x00,0x50,0x65,0xdc,0x08,0x83,0xff,0x08,0x83,0xff,0x08,0x83,0xff,
    0x08,0x83,0xff,0x08,0x83,0xff,0x08,0x83,0xff,0x08,0x83,0xff,0x08,0x83,0xff,0x08,0x83,0xff,0x08,0x83,0xff,0x08,0x83,0xff,
    0x08,0x83,0xff,0x08,0x83,0xff,0x08,0x83,0xff,0x08,0x83,0xff,0x08,0x83,0xff,0x08,0x83,0xff,0x08,0x83,0xff,0x08,0x83,0xff,
    0x08,0x82,0xff,0x08,0x82,0xff,0x08,0x82,0xff,0x08,0x82,0xff,0x08,0x82,0xff,0x08,0x82,0xff,0x08,0x82,0xff,0x08,0x82,0xff,
    0x08,0x82,0xff,0x08,0x82,0xff,0x08,0x82,0xff,0x08,0x82,0xff,0x08,0x82,0xff,0x08,0x82,0xff,0x08,0x82,0xff,0x08,0x82,0xff,
    0x08,0x82,0xff,0x08,0x82,0xff,0x08,0x82,0xff,0x08,0x82,0xff,0x08,0x82,0xff,0x08,0x82,0xff,0x08,0x82,0xff,0x08,0x82,0xff,
    0x08,0x82,0xff,0x08,0x82,0xff,0x08,0x82,0xff,0x08,0x82,0xff,0x08,0x82,0xff,0x08,0x82,0xff,0x08,0x82,0xff,0x08,0x82,0xff,
    0x08,0x82,0xff,0x08,0x82,0xff,0x08,0x82,0xff,0x08,0x82,0xff,0x08,0x82,0xff,0x08,0x82,0xff,0x08,0x82,0xff,0x08,0x82,0xff,
    0x08,0x82,0xff,0x08,0x82,0xff,0x08,0x82,0xff,0x08,0x82,0xff,0x08,0x82,0xff,0x08,0x82,0xff,0x08,0x82,0xff,0x08,0x82,0xff,
    0x08,0x82,0xff,0x08,0x82,0xff,0x08,0x82,0xff,0x08,0x82,0xff,0x08,0x82,0xff,0x08,0x82,0xff,0x08,0x82,0xff,0x08,0x82,0xff,
    0x08,0x82,0xff,0x08,0x82,0xff,0x08,0x82,0xff,0x08,0x82,0xff,0x08,0x82,0xff,0x08,0x82,0xff,0x08,0x82,0xff,0x08,0x82,0xff,
    0x08,0x82,0xff,0x08,0x82,0xff,0x08,0x82,0xff,0x08,0x82,0xff,0x08,0x82,0xff,0x08,0x82,0xff,0x08,0x82,0xff,0x08,0x82,0xff,
    0x08,0x82,0xff,0x08,0x82,0xff,0x08,0x82,0xff,0x08,0x82,0xff,0x08,0x82,0xff,0x08,0x82,0xff,0x08,0x82,0xff,0x08,0x82,0xff,
    0x08,0x82,0xff,0x08,0x82,0xff,0x08,0x82,0xff,0x08,0x82,0xff,0x08,0x82,0xff,0x08,0x82,0xff,0x08,0x82,0xff,0x08,0x82,0xff,
    0x08,0x82,0xff,0x08,0x83,0xff,0x08,0x83,0xff,0x08,0x83,0xff,0x08,0x83,0xff,0x08,0x83,0xff,0x08,0x83,0xff,0x08,0x83,0xff,
    0x08,0x83,0xff,0x08,0x83,0xff,0x08,0x83,0xff,0x08,0x83,0xff,0x08,0x83,0xff,0x08,0x83,0xff,0x08,0x83,0xff,0x08,0x83,0xff,
    0x08,0x83,0xff,0x08,0x83,0xff,0x08,0x83,0xff,0x50,0x65,0xdc,0x00,0x00,0x00,0x00,0x00,0x00,0x00,0x00,0x00,0x00,0x00,0x00,
    0x00,0x00,0x00,0x00,0x00,0x00,0x00,0x00,0x00,0x50,0x65,0xdc,0x08,0x83,0xff,0x08,0x83,0xff,0x08,0x83,0xff,0x08,0x83,0xff,
    0x08,0x83,0xff,0x08,0x83,0xff,0x08,0x83,0xff,0x08,0x83,0xff,0x08,0x83,0xff,0x08,0x83,0xff,0x08,0x83,0xff,0x08,0x83,0xff,
    0x08,0x83,0xff,0x08,0x83,0xff,0x08,0x83,0xff,0x08,0x83,0xff,0x08,0x83,0xff,0x08,0x83,0xff,0x08,0x83,0xff,0x08,0x83,0xff,
    0x08,0x83,0xff,0x08,0x83,0xff,0x08,0x83,0xff,0x08,0x83,0xff,0x08,0x83,0xff,0x08,0x83,0xff,0x08,0x83,0xff,0x08,0x83,0xff,
    0x08,0x83,0xff,0x08,0x83,0xff,0x08,0x83,0xff,0x08,0x83,0xff,0x08,0x83,0xff,0x08,0x83,0xff,0x08,0x83,0xff,0x08,0x83,0xff,
    0x08,0x83,0xff,0x08,0x83,0xff,0x08,0x83,0xff,0x08,0x83,0xff,0x08,0x83,0xff,0x08,0x83,0xff,0x08,0x83,0xff,0x08,0x83,0xff,
    0x08,0x83,0xff,0x08,0x83,0xff,0x08,0x83,0xff,0x08,0x83,0xff,0x08,0x83,0xff,0x08,0x83,0xff,0x08,0x83,0xff,0x08,0x83,0xff,
    0x08,0x83,0xff,0x08,0x83,0xff,0x08,0x83,0xff,0x08,0x83,0xff,0x08,0x83,0xff,0x08,0x83,0xff,0x08,0x83,0xff,0x08,0x83,0xff,
    0x08,0x83,0xff,0x08,0x83,0xff,0x08,0x83,0xff,0x08,0x83,0xff,0x08,0x83,0xff,0x08,0x83,0xff,0x08,0x83,0xff,0x08,0x83,0xff,
    0x08,0x83,0xff,0x08,0x83,0xff,0x08,0x83,0xff,0x08,0x83,0xff,0x08,0x83,0xff,0x08,0x83,0xff,0x08,0x83,0xff,0x08,0x83,0xff,
    0x08,0x83,0xff,0x08,0x83,0xff,0x08,0x83,0xff,0x08,0x83,0xff,0x08,0x83,0xff,0x08,0x83,0xff,0x08,0x83,0xff,0x08,0x83,0xff,
    0x08,0x83,0xff,0x08,0x83,0xff,0x08,0x83,0xff,0x08,0x83,0xff,0x08,0x83,0xff,0x08,0x83,0xff,0x08,0x83,0xff,0x08,0x83,0xff,
    0x08,0x83,0xff,0x08,0x83,0xff,0x08,0x83,0xff,0x08,0x83,0xff,0x08,0x83,0xff,0x08,0x83,0xff,0x08,0x83,0xff,0x08,0x83,0xff,
    0x08,0x83,0xff,0x08,0x83,0xff,0x08,0x83,0xff,0x08,0x83,0xff,0x08,0x83,0xff,0x08,0x83,0xff,0x08,0x83,0xff,0x08,0x83,0xff,
    0x08,0x83,0xff,0x08,0x83,0xff,0x08,0x83,0xff,0x08,0x83,0xff,0x08,0x83,0xff,0x08,0x83,0xff,0x08,0x83,0xff,0x08,0x83,0xff,
    0x08,0x83,0xff,0x08,0x83,0xff,0x08,0x83,0xff,0x08,0x83,0xff,0x08,0x83,0xff,0x08,0x83,0xff,0x08,0x83,0xff,0x08,0x83,0xff,
    0x08,0x83,0xff,0x08,0x83,0xff,0x08,0x83,0xff,0x08,0x83,0xff,0x50,0x65,0xdc,0x00,0x00,0x00,0x00,0x00,0x00,0x00,0x00,0x00,
    0x00,0x00,0x00,0x00,0x00,0x00,0x00,0x00,0x00,0x50,0x65,0xdc,0x08,0x83,0xff,0x08,0x83,0xff,0x08,0x83,0xff,0x08,0x83,0xff,
    0x08,0x83,0xff,0x08,0x83,0xff,0x08,0x83,0xff,0x08,0x83,0xff,0x08,0x83,0xff,0x08,0x83,0xff,0x08,0x83,0xff,0x08,0x83,0xff,
    0x08,0x83,0xff,0x08,0x83,0xff,0x08,0x83,0xff,0x08,0x83,0xff,0x08,0x83,0xff,0x08,0x83,0xff,0x08,0x83,0xff,0x08,0x83,0xff,
    0x08,0x83,0xff,0x08,0x83,0xff,0x08,0x83,0xff,0x08,0x83,0xff,0x08,0x83,0xff,0x08,0x83,0xff,0x08,0x83,0xff,0x08,0x83,0xff,
    0x08,0x83,0xff,0x08,0x83,0xff,0x08,0x83,0xff,0x08,0x83,0xff,0x08,0x83,0xff,0x08,0x83,0xff,0x08,0x83,0xff,0x08,0x83,0xff,
    0x08,0x83,0xff,0x08,0x83,0xff,0x08,0x83,0xff,0x08,0x83,0xff,0x08,0x83,0xff,0x08,0x83,0xff,0x08,0x83,0xff,0x08,0x83,0xff,
    0x08,0x83,0xff,0x08,0x83,0xff,0x08,0x83,0xff,0x08,0x83,0xff,0x08,0x83,0xff,0x08,0x83,0xff,0x08,0x83,0xff,0x08,0x83,0xff,
    0x08,0x83,0xff,0x08,0x83,0xff,0x08,0x83,0xff,0x08,0x83,0xff,0x08,0x83,0xff,0x08,0x83,0xff,0x08,0x83,0xff,0x08,0x83,0xff,
    0x08,0x83,0xff,0x08,0x83,0xff,0x08,0x83,0xff,0x08,0x83,0xff,0x08,0x83,0xff,0x08,0x83,0xff,0x08,0x83,0xff,0x08,0x83,0xff,
    0x08,0x83,0xff,0x08,0x83,0xff,0x08,0x83,0xff,0x08,0x83,0xff,0x08,0x83,0xff,0x08,0x83,0xff,0x08,0x83,0xff,0x08,0x83,0xff,
    0x08,0x83,0xff,0x08,0x83,0xff,0x08,0x83,0xff,0x08,0x83,0xff,0x08,0x83,0xff,0x08,0x83,0xff,0x08,0x83,0xff,0x08,0x83,0xff,
    0x08,0x83,0xff,0x08,0x83,0xff,0x08,0x83,0xff,0x08,0x83,0xff,0x08,0x83,0xff,0x08,0x83,0xff,0x08,0x83,0xff,0x08,0x83,0xff,
    0x08,0x83,0xff,0x08,0x83,0xff,0x08,0x83,0xff,0x08,0x83,0xff,0x08,0x83,0xff,0x08,0x83,0xff,0x08,0x83,0xff,0x08,0x83,0xff,
    0x08,0x83,0xff,0x08,0x83,0xff,0x08,0x83,0xff,0x08,0x83,0xff,0x08,0x83,0xff,0x08,0x83,0xff,0x08,0x83,0xff,0x08,0x83,0xff,
    0x08,0x83,0xff,0x08,0x83,0xff,0x08,0x83,0xff,0x08,0x83,0xff,0x08,0x83,0xff,0x08,0x83,0xff,0x08,0x83,0xff,0x08,0x83,0xff,
    0x08,0x83,0xff,0x08,0x83,0xff,0x08,0x83,0xff,0x08,0x83,0xff,0x08,0x83,0xff,0x08,0x83,0xff,0x08,0x83,0xff,0x08,0x83,0xff,
    0x08,0x83,0xff,0x08,0x83,0xff,0x08,0x83,0xff,0x08,0x83,0xff,0x50,0x65,0xdc,0x00,0x00,0x00,0x00,0x00,0x00,0x00,0x00,0x00,
    0x00,0x00,0x00,0x00,0x00,0x00,0x00,0x00,0x00,0x50,0x65,0xdc,0x08,0x83,0xff,0x08,0x83,0xff,0x08,0x83,0xff,0x08,0x83,0xff,
    0x08,0x83,0xff,0x08,0x83,0xff,0x08,0x83,0xff,0x08,0x83,0xff,0x08,0x83,0xff,0x08,0x83,0xff,0x08,0x83,0xff,0x08,0x83,0xff,
    0x08,0x83,0xff,0x08,0x83,0xff,0x08,0x83,0xff,0x08,0x83,0xff,0x08,0x83,0xff,0x08,0x83,0xff,0x08,0x83,0xff,0x08,0x83,0xff,
    0x08,0x83,0xff,0x08,0x83,0xff,0x08,0x83,0xff,0x08,0x83,0xff,0x08,0x83,0xff,0x08,0x83,0xff,0x08,0x83,0xff,0x08,0x83,0xff,
    0x08,0x83,0xff,0x08,0x83,0xff,0x08,0x83,0xff,0x08,0x83,0xff,0x08,0x83,0xff,0x08,0x83,0xff,0x08,0x83,0xff,0x08,0x83,0xff,
    0x08,0x83,0xff,0x08,0x83,0xff,0x08,0x83,0xff,0x08,0x83,0xff,0x08,0x83,0xff,0x08,0x83,0xff,0x08,0x83,0xff,0x08,0x83,0xff,
    0x08,0x83,0xff,0x08,0x83,0xff,0x08,0x83,0xff,0x08,0x83,0xff,0x08,0x83,0xff,0x08,0x83,0xff,0x08,0x83,0xff,0x08,0x83,0xff,
    0x08,0x83,0xff,0x08,0x83,0xff,0x08,0x83,0xff,0x08,0x83,0xff,0x08,0x83,0xff,0x08,0x83,0xff,0x08,0x83,0xff,0x08,0x83,0xff,
    0x08,0x83,0xff,0x08,0x83,0xff,0x08,0x83,0xff,0x08,0x83,0xff,0x08,0x83,0xff,0x08,0x83,0xff,0x08,0x83,0xff,0x08,0x83,0xff,
    0x08,0x83,0xff,0x08,0x83,0xff,0x08,0x83,0xff,0x08,0x83,0xff,0x08,0x83,0xff,0x08,0x83,0xff,0x08,0x83,0xff,0x08,0x83,0xff,
    0x08,0x83,0xff,0x08,0x83,0xff,0x08,0x83,0xff,0x08,0x83,0xff,0x08,0x83,0xff,0x08,0x83,0xff,0x08,0x83,0xff,0x08,0x83,0xff,
    0x08,0x83,0xff,0x08,0x83,0xff,0x08,0x83,0xff,0x08,0x83,0xff,0x08,0x83,0xff,0x08,0x83,0xff,0x08,0x83,0xff,0x08,0x83,0xff,
    0x08,0x83,0xff,0x08,0x83,0xff,0x08,0x83,0xff,0x08,0x83,0xff,0x08,0x83,0xff,0x08,0x83,0xff,0x08,0x83,0xff,0x08,0x83,0xff,
    0x08,0x83,0xff,0x08,0x83,0xff,0x08,0x83,0xff,0x08,0x83,0xff,0x08,0x83,0xff,0x08,0x83,0xff,0x08,0x83,0xff,0x08,0x83,0xff,
    0x08,0x83,0xff,0x08,0x83,0xff,0x08,0x83,0xff,0x08,0x83,0xff,0x08,0x83,0xff,0x08,0x83,0xff,0x08,0x83,0xff,0x08,0x83,0xff,
    0x08,0x83,0xff,0x08,0x83,0xff,0x08,0x83,0xff,0x08,0x83,0xff,0x08,0x83,0xff,0x08,0x83,0xff,0x08,0x83,0xff,0x08,0x83,0xff,
    0x08,0x83,0xff,0x08,0x83,0xff,0x08,0x83,0xff,0x08,0x83,0xff,0x50,0x65,0xdc,0x00,0x00,0x00,0x00,0x00,0x00,0x00,0x00,0x00,
    0x00,0x00,0x00,0x00,0x00,0x00,0x50,0x65,0xdc,0x08,0x83,0xff,0x08,0x83,0xff,0x08,0x83,0xff,0x08,0x83,0xff,0x08,0x83,0xff,
    0x08,0x83,0xff,0x08,0x83,0xff,0x08,0x83,0xff,0x08,0x83,0xff,0x08,0x83,0xff,0x08,0x83,0xff,0x08,0x83,0xff,0x08,0x83,0xff,
    0x08,0x83,0xff,0x08,0x83,0xff,0x08,0x83,0xff,0x08,0x83,0xff,0x08,0x83,0xff,0x08,0x83,0xff,0x08,0x83,0xff,0x08,0x83,0xff,
    0x08,0x83,0xff,0x08,0x83,0xff,0x08,0x83,0xff,0x08,0x83,0xff,0x08,0x83,0xff,0x08,0x83,0xff,0x08,0x83,0xff,0x08,0x83,0xff,
    0x08,0x83,0xff,0x08,0x83,0xff,0x08,0x83,0xff,0x08,0x83,0xff,0x08,0x83,0xff,0x08,0x83,0xff,0x08,0x83,0xff,0x08,0x83,0xff,
    0x08,0x83,0xff,0x08,0x83,0xff,0x08,0x83,0xff,0x08,0x83,0xff,0x08,0x83,0xff,0x08,0x83,0xff,0x08,0x83,0xff,0x08,0x83,0xff,
    0x08,0x83,0xff,0x08,0x83,0xff,0x08,0x83,0xff,0x08,0x83,0xff,0x08,0x83,0xff,0x08,0x83,0xff,0x08,0x83,0xff,0x08,0x83,0xff,
    0x08,0x83,0xff,0x08,0x83,0xff,0x08,0x83,0xff,0x08,0x83,0xff,0x08,0x83,0xff,0x08,0x83,0xff,0x08,0x83,0xff,0x08,0x83,0xff,
    0x08,0x83,0xff,0x08,0x83,0xff,0x08,0x83,0xff,0x08,0x83,0xff,0x08,0x83,0xff,0x08,0x83,0xff,0x08,0x83,0xff,0x08,0x83,0xff,
    0x08,0x83,0xff,0x08,0x83,0xff,0x08,0x83,0xff,0x08,0x83,0xff,0x08,0x83,0xff,0x08,0x83,0xff,0x08,0x83,0xff,0x08,0x83,0xff,
    0x08,0x83,0xff,0x08,0x83,0xff,0x08,0x83,0xff,0x08,0x83,0xff,0x08,0x83,0xff,0x08,0x83,0xff,0x08,0x83,0xff,0x08,0x83,0xff,
    0x08,0x83,0xff,0x08,0x83,0xff,0x08,0x83,0xff,0x08,0x83,0xff,0x08,0x83,0xff,0x08,0x83,0xff,0x08,0x83,0xff,0x08,0x83,0xff,
    0x08,0x83,0xff,0x08,0x83,0xff,0x08,0x83,0xff,0x08,0x83,0xff,0x08,0x83,0xff,0x08,0x83,0xff,0x08,0x83,0xff,0x08,0x83,0xff,
    0x08,0x83,0xff,0x08,0x83,0xff,0x08,0x83,0xff,0x08,0x83,0xff,0x08,0x83,0xff,0x08,0x83,0xff,0x08,0x83,0xff,0x08,0x83,0xff,
    0x08,0x83,0xff,0x08,0x83,0xff,0x08,0x83,0xff,0x08,0x83,0xff,0x08,0x83,0xff,0x08,0x83,0xff,0x08,0x83,0xff,0x08,0x83,0xff,
    0x08,0x83,0xff,0x08,0x83,0xff,0x08,0x83,0xff,0x08,0x83,0xff,0x08,0x83,0xff,0x08,0x83,0xff,0x08,0x83,0xff,0x08,0x83,0xff,
    0x08,0x83,0xff,0x08,0x83,0xff,0x08,0x83,0xff,0x08,0x83,0xff,0x08,0x83,0xff,0x50,0x65,0xdc,0x00,0x00,0x00,0x00,0x00,0x00,
    0x00,0x00,0x00,0x00,0x00,0x00,0x50,0x65,0xdc,0x08,0x83,0xff,0x08,0x83,0xff,0x08,0x83,0xff,0x08,0x83,0xff,0x08,0x83,0xff,
    0x08,0x83,0xff,0x08,0x83,0xff,0x08,0x83,0xff,0x08,0x83,0xff,0x08,0x83,0xff,0x08,0x83,0xff,0x08,0x83,0xff,0x08,0x83,0xff,
    0x08,0x83,0xff,0x08,0x83,0xff,0x08,0x83,0xff,0x08,0x83,0xff,0x08,0x83,0xff,0x08,0x83,0xff,0x08,0x83,0xff,0x08,0x83,0xff,
    0x08,0x83,0xff,0x08,0x83,0xff,0x08,0x83,0xff,0x08,0x83,0xff,0x08,0x83,0xff,0x08,0x83,0xff,0x08,0x83,0xff,0x08,0x83,0xff,
    0x08,0x83,0xff,0x08,0x83,0xff,0x08,0x83,0xff,0x08,0x83,0xff,0x08,0x83,0xff,0x08,0x83,0xff,0x08,0x83,0xff,0x08,0x83,0xff,
    0x08,0x83,0xff,0x08,0x83,0xff,0x08,0x83,0xff,0x08,0x83,0xff,0x08,0x83,0xff,0x08,0x83,0xff,0x08,0x83,0xff,0x08,0x83,0xff,
    0x08,0x83,0xff,0x08,0x83,0xff,0x08,0x83,0xff,0x08,0x83,0xff,0x08,0x83,0xff,0x08,0x83,0xff,0x08,0x83,0xff,0x08,0x83,0xff,
    0x08,0x83,0xff,0x08,0x83,0xff,0x08,0x83,0xff,0x08,0x83,0xff,0x08,0x83,0xff,0x08,0x83,0xff,0x08,0x83,0xff,0x08,0x83,0xff,
    0x08,0x83,0xff,0x08,0x83,0xff,0x08,0x83,0xff,0x08,0x83,0xff,0x08,0x83,0xff,0x08,0x83,0xff,0x08,0x83,0xff,0x08,0x83,0xff,
    0x08,0x83,0xff,0x08,0x83,0xff,0x08,0x83,0xff,0x08,0x83,0xff,0x08,0x83,0xff,0x08,0x83,0xff,0x08,0x83,0xff,0x08,0x83,0xff,
    0x08,0x83,0xff,0x08,0x83,0xff,0x08,0x83,0xff,0x08,0x83,0xff,0x08,0x83,0xff,0x08,0x83,0xff,0x08,0x83,0xff,0x08,0x83,0xff,
    0x08,0x83,0xff,0x08,0x83,0xff,0x08,0x83,0xff,0x08,0x83,0xff,0x08,0x83,0xff,0x08,0x83,0xff,0x08,0x83,0xff,0x08,0x83,0xff,
    0x08,0x83,0xff,0x08,0x83,0xff,0x08,0x83,0xff,0x08,0x83,0xff,0x08,0x83,0xff,0x08,0x83,0xff,0x08,0x83,0xff,0x08,0x83,0xff,
    0x08,0x83,0xff,0x08,0x83,0xff,0x08,0x83,0xff,0x08,0x83,0xff,0x08,0x83,0xff,0x08,0x83,0xff,0x08,0x83,0xff,0x08,0x83,0xff,
    0x08,0x83,0xff,0x08,0x83,0xff,0x08,0x83,0xff,0x08,0x83,0xff,0x08,0x83,0xff,0x08,0x83,0xff,0x08,0x83,0xff,0x08,0x83,0xff,
    0x08,0x83,0xff,0x08,0x83,0xff,0x08,0x83,0xff,0x08,0x83,0xff,0x08,0x83,0xff,0x08,0x83,0xff,0x08,0x83,0xff,0x08,0x83,0xff,
    0x08,0x83,0xff,0x08,0x83,0xff,0x08,0x83,0xff,0x08,0x83,0xff,0x08,0x83,0xff,0x50,0x65,0xdc,0x00,0x00,0x00,0x00,0x00,0x00,
    0x00,0x00,0x00,0x00,0x00,0x00,0x50,0x65,0xdc,0x08,0x83,0xff,0x08,0x83,0xff,0x08,0x83,0xff,0x08,0x83,0xff,0x08,0x83,0xff,
    0x08,0x83,0xff,0x08,0x83,0xff,0x08,0x83,0xff,0x08,0x83,0xff,0x08,0x83,0xff,0x08,0x83,0xff,0x08,0x83,0xff,0x08,0x83,0xff,
    0x08,0x83,0xff,0x08,0x83,0xff,0x08,0x83,0xff,0x08,0x83,0xff,0x08,0x83,0xff,0x08,0x83,0xff,0x08,0x83,0xff,0x08,0x83,0xff,
    0x08,0x83,0xff,0x08,0x83,0xff,0x08,0x83,0xff,0x08,0x83,0xff,0x08,0x83,0xff,0x08,0x83,0xff,0x08,0x83,0xff,0x08,0x83,0xff,
    0x08,0x83,0xff,0x08,0x83,0xff,0x08,0x83,0xff,0x08,0x83,0xff,0x08,0x83,0xff,0x08,0x83,0xff,0x08,0x83,0xff,0x08,0x83,0xff,
    0x08,0x83,0xff,0x08,0x83,0xff,0x08,0x83,0xff,0x08,0x83,0xff,0x08,0x83,0xff,0x08,0x83,0xff,0x08,0x83,0xff,0x08,0x83,0xff,
    0x08,0x83,0xff,0x08,0x83,0xff,0x08,0x83,0xff,0x08,0x83,0xff,0x08,0x83,0xff,0x08,0x83,0xff,0x08,0x83,0xff,0x08,0x83,0xff,
    0x08,0x83,0xff,0x08,0x83,0xff,0x08,0x83,0xff,0x08,0x83,0xff,0x08,0x83,0xff,0x08,0x83,0xff,0x08,0x83,0xff,0x08,0x83,0xff,
    0x08,0x83,0xff,0x08,0x83,0xff,0x08,0x83,0xff,0x08,0x83,0xff,0x08,0x83,0xff,0x08,0x83,0xff,0x08,0x83,0xff,0x08,0x83,0xff,
    0x08,0x83,0xff,0x08,0x83,0xff,0x08,0x83,0xff,0x08,0x83,0xff,0x08,0x83,0xff,0x08,0x83,0xff,0x08,0x83,0xff,0x08,0x83,0xff,
    0x08,0x83,0xff,0x08,0x83,0xff,0x08,0x83,0xff,0x08,0x83,0xff,0x08,0x83,0xff,0x08,0x83,0xff,0x08,0x83,0xff,0x08,0x83,0xff,
    0x08,0x83,0xff,0x08,0x83,0xff,0x08,0x83,0xff,0x08,0x83,0xff,0x08,0x83,0xff,0x08,0x83,0xff,0x08,0x83,0xff,0x08,0x83,0xff,
    0x08,0x83,0xff,0x08,0x83,0xff,0x08,0x83,0xff,0x08,0x83,0xff,0x08,0x83,0xff,0x08,0x83,0xff,0x08,0x83,0xff,0x08,0x83,0xff,
    0x08,0x83,0xff,0x08,0x83,0xff,0x08,0x83,0xff,0x08,0x83,0xff,0x08,0x83,0xff,0x08,0x83,0xff,0x08,0x83,0xff,0x08,0x83,0xff,
    0x08,0x83,0xff,0x08,0x83,0xff,0x08,0x83,0xff,0x08,0x83,0xff,0x08,0x83,0xff,0x08,0x83,0xff,0x08,0x83,0xff,0x08,0x83,0xff,
    0x08,0x83,0xff,0x08,0x83,0xff,0x08,0x83,0xff,0x08,0x83,0xff,0x08,0x83,0xff,0x08,0x83,0xff,0x08,0x83,0xff,0x08,0x83,0xff,
    0x08,0x83,0xff,0x08,0x83,0xff,0x08,0x83,0xff,0x08,0x83,0xff,0x08,0x83,0xff,0x50,0x65,0xdc,0x00,0x00,0x00,0x00,0x00,0x00,
    0x00,0x00,0x00,0x00,0x00,0x00,0x50,0x65,0xdc,0x08,0x83,0xff,0x08,0x83,0xff,0x08,0x83,0xff,0x08,0x83,0xff,0x08,0x83,0xff,
    0x08,0x83,0xff,0x08,0x83,0xff,0x08,0x83,0xff,0x08,0x83,0xff,0x08,0x83,0xff,0x08,0x83,0xff,0x08,0x83,0xff,0x08,0x83,0xff,
    0x08,0x83,0xff,0x08,0x83,0xff,0x08,0x83,0xff,0x08,0x83,0xff,0x08,0x83,0xff,0x08,0x83,0xff,0x08,0x83,0xff,0x08,0x83,0xff,
    0x08,0x83,0xff,0x08,0x83,0xff,0x08,0x83,0xff,0x08,0x83,0xff,0x08,0x83,0xff,0x08,0x83,0xff,0x08,0x83,0xff,0x08,0x83,0xff,
    0x08,0x83,0xff,0x08,0x83,0xff,0x08,0x83,0xff,0x08,0x83,0xff,0x08,0x83,0xff,0x08,0x83,0xff,0x08,0x83,0xff,0x08,0x83,0xff,
    0x08,0x83,0xff,0x08,0x83,0xff,0x08,0x83,0xff,0x08,0x83,0xff,0x08,0x83,0xff,0x08,0x83,0xff,0x08,0x83,0xff,0x08,0x83,0xff,
    0x08,0x83,0xff,0x08,0x83,0xff,0x08,0x83,0xff,0x08,0x83,0xff,0x08,0x83,0xff,0x08,0x83,0xff,0x08,0x83,0xff,0x08,0x83,0xff,
    0x08,0x83,0xff,0x08,0x83,0xff,0x08,0x83,0xff,0x08,0x83,0xff,0x08,0x83,0xff,0x08,0x83,0xff,0x08,0x83,0xff,0x08,0x83,0xff,
    0x08,0x83,0xff,0x08,0x83,0xff,0x08,0x83,0xff,0x08,0x83,0xff,0x08,0x83,0xff,0x08,0x83,0xff,0x08,0x83,0xff,0x08,0x83,0xff,
    0x08,0x83,0xff,0x08,0x83,0xff,0x08,0x83,0xff,0x08,0x83,0xff,0x08,0x83,0xff,0x08,0x83,0xff,0x08,0x83,0xff,0x08,0x83,0xff,
    0x08,0x83,0xff,0x08,0x83,0xff,0x08,0x83,0xff,0x08,0x83,0xff,0x08,0x83,0xff,0x08,0x83,0xff,0x08,0x83,0xff,0x08,0x83,0xff,
    0x08,0x83,0xff,0x08,0x83,0xff,0x08,0x83,0xff,0x08,0x83,0xff,0x08,0x83,0xff,0x08,0x83,0xff,0x08,0x83,0xff,0x08,0x83,0xff,
    0x08,0x83,0xff,0x08,0x83,0xff,0x08,0x83,0xff,0x08,0x83,0xff,0x08,0x83,0xff,0x08,0x83,0xff,0x08,0x83,0xff,0x08,0x83,0xff,
    0x08,0x83,0xff,0x08,0x83,0xff,0x08,0x83,0xff,0x08,0x83,0xff,0x08,0x83,0xff,0x08,0x83,0xff,0x08,0x83,0xff,0x08,0x83,0xff,
    0x08,0x83,0xff,0x08,0x83,0xff,0x08,0x83,0xff,0x08,0x83,0xff,0x08,0x83,0xff,0x08,0x83,0xff,0x08,0x83,0xff,0x08,0x83,0xff,
    0x08,0x83,0xff,0x08,0x83,0xff,0x08,0x83,0xff,0x08,0x83,0xff,0x08,0x83,0xff,0x08,0x83,0xff,0x08,0x83,0xff,0x08,0x83,0xff,
    0x08,0x83,0xff,0x08,0x83,0xff,0x08,0x83,0xff,0x08,0x83,0xff,0x08,0x83,0xff,0x50,0x65,0xdc,0x00,0x00,0x00,0x00,0x00,0x00,
    0x00,0x00,0x00,0x00,0x00,0x00,0x50,0x65,0xdc,0x08,0x83,0xff,0x08,0x83,0xff,0x08,0x83,0xff,0x08,0x83,0xff,0x08,0x83,0xff,
    0x08,0x83,0xff,0x08,0x83,0xff,0x08,0x83,0xff,0x08,0x83,0xff,0x08,0x83,0xff,0x08,0x83,0xff,0x08,0x83,0xff,0x08,0x83,0xff,
    0x08,0x83,0xff,0x08,0x83,0xff,0x08,0x83,0xff,0x08,0x83,0xff,0x08,0x83,0xff,0x08,0x83,0xff,0x08,0x83,0xff,0x08,0x83,0xff,
    0x08,0x83,0xff,0x08,0x83,0xff,0x08,0x83,0xff,0x08,0x83,0xff,0x08,0x83,0xff,0x08,0x83,0xff,0x08,0x83,0xff,0x08,0x83,0xff,
    0x08,0x83,0xff,0x08,0x83,0xff,0x08,0x83,0xff,0x08,0x83,0xff,0x08,0x83,0xff,0x08,0x83,0xff,0x08,0x83,0xff,0x08,0x83,0xff,
    0x08,0x83,0xff,0x08,0x83,0xff,0x08,0x83,0xff,0x08,0x83,0xff,0x08,0x83,0xff,0x08,0x83,0xff,0x08,0x83,0xff,0x08,0x83,0xff,
    0x08,0x83,0xff,0x08,0x83,0xff,0x08,0x83,0xff,0x08,0x83,0xff,0x08,0x83,0xff,0x08,0x83,0xff,0x08,0x83,0xff,0x08,0x83,0xff,
    0x08,0x83,0xff,0x08,0x83,0xff,0x08,0x83,0xff,0x08,0x83,0xff,0x08,0x83,0xff,0x08,0x83,0xff,0x08,0x83,0xff,0x08,0x83,0xff,
    0x08,0x83,0xff,0x08,0x83,0xff,0x08,0x83,0xff,0x08,0x83,0xff,0x08,0x83,0xff,0x08,0x83,0xff,0x08,0x83,0xff,0x08,0x83,0xff,
    0x08,0x83,0xff,0x08,0x83,0xff,0x08,0x83,0xff,0x08,0x83,0xff,0x08,0x83,0xff,0x08,0x83,0xff,0x08,0x83,0xff,0x08,0x83,0xff,
    0x08,0x83,0xff,0x08,0x83,0xff,0x08,0x83,0xff,0x08,0x83,0xff,0x08,0x83,0xff,0x08,0x83,0xff,0x08,0x83,0xff,0x08,0x83,0xff,
    0x08,0x83,0xff,0x08,0x83,0xff,0x08,0x83,0xff,0x08,0x83,0xff,0x08,0x83,0xff,0x08,0x83,0xff,0x08,0x83,0xff,0x08,0x83,0xff,
    0x08,0x83,0xff,0x08,0x83,0xff,0x08,0x83,0xff,0x08,0x83,0xff,0x08,0x83,0xff,0x08,0x83,0xff,0x08,0x83,0xff,0x08,0x83,0xff,
    0x08,0x83,0xff,0x08,0x83,0xff,0x08,0x83,0xff,0x08,0x83,0xff,0x08,0x83,0xff,0x08,0x83,0xff,0x08,0x83,0xff,0x08,0x83,0xff,
    0x08,0x83,0xff,0x08,0x83,0xff,0x08,0x83,0xff,0x08,0x83,0xff,0x08,0x83,0xff,0x08,0x83,0xff,0x08,0x83,0xff,0x08,0x83,0xff,
    0x08,0x83,0xff,0x08,0x83,0xff,0x08,0x83,0xff,0x08,0x83,0xff,0x08,0x83,0xff,0x08,0x83,0xff,0x08,0x83,0xff,0x08,0x83,0xff,
    0x08,0x83,0xff,0x08,0x83,0xff,0x08,0x83,0xff,0x08,0x83,0xff,0x08,0x83,0xff,0x50,0x65,0xdc,0x00,0x00,0x00,0x00,0x00,0x00,
    0x00,0x00,0x00,0x00,0x00,0x00,0x50,0x65,0xdc,0x08,0x83,0xff,0x08,0x83,0xff,0x08,0x83,0xff,0x08,0x83,0xff,0x08,0x83,0xff,
    0x08,0x83,0xff,0x08,0x83,0xff,0x08,0x83,0xff,0x08,0x83,0xff,0x08,0x83,0xff,0x08,0x83,0xff,0x08,0x83,0xff,0x08,0x83,0xff,
    0x08,0x83,0xff,0x08,0x83,0xff,0x08,0x83,0xff,0x08,0x83,0xff,0x08,0x83,0xff,0x08,0x83,0xff,0x08,0x83,0xff,0x08,0x83,0xff,
    0x08,0x83,0xff,0x08,0x83,0xff,0x08,0x83,0xff,0x08,0x83,0xff,0x08,0x83,0xff,0x08,0x83,0xff,0x08,0x83,0xff,0x08,0x83,0xff,
    0x08,0x83,0xff,0x08,0x83,0xff,0x08,0x83,0xff,0x08,0x83,0xff,0x08,0x83,0xff,0x08,0x83,0xff,0x08,0x83,0xff,0x08,0x83,0xff,
    0x08,0x83,0xff,0x08,0x83,0xff,0x08,0x83,0xff,0x08,0x83,0xff,0x08,0x83,0xff,0x08,0x83,0xff,0x08,0x83,0xff,0x08,0x83,0xff,
    0x08,0x83,0xff,0x08,0x83,0xff,0x08,0x83,0xff,0x08,0x83,0xff,0x08,0x83,0xff,0x08,0x83,0xff,0x08,0x83,0xff,0x08,0x83,0xff,
    0x08,0x83,0xff,0x08,0x83,0xff,0x08,0x83,0xff,0x08,0x83,0xff,0x08,0x83,0xff,0x08,0x83,0xff,0x08,0x83,0xff,0x08,0x83,0xff,
    0x08,0x83,0xff,0x08,0x83,0xff,0x08,0x83,0xff,0x08,0x83,0xff,0x08,0x83,0xff,0x08,0x83,0xff,0x08,0x83,0xff,0x08,0x83,0xff,
    0x08,0x83,0xff,0x08,0x83,0xff,0x08,0x83,0xff,0x08,0x83,0xff,0x08,0x83,0xff,0x08,0x83,0xff,0x08,0x83,0xff,0x08,0x83,0xff,
    0x08,0x83,0xff,0x08,0x83,0xff,0x08,0x83,0xff,0x08,0x83,0xff,0x08,0x83,0xff,0x08,0x83,0xff,0x08,0x83,0xff,0x08,0x83,0xff,
    0x08,0x83,0xff,0x08,0x83,0xff,0x08,0x83,0xff,0x08,0x83,0xff,0x08,0x83,0xff,0x08,0x83,0xff,0x08,0x83,0xff,0x08,0x83,0xff,
    0x08,0x83,0xff,0x08,0x83,0xff,0x08,0x83,0xff,0x08,0x83,0xff,0x08,0x83,0xff,0x08,0x83,0xff,0x08,0x83,0xff,0x08,0x83,0xff,
    0x08,0x83,0xff,0x08,0x83,0xff,0x08,0x83,0xff,0x08,0x83,0xff,0x08,0x83,0xff,0x08,0x83,0xff,0x08,0x83,0xff,0x08,0x83,0xff,
    0x08,0x83,0xff,0x08,0x83,0xff,0x08,0x83,0xff,0x08,0x83,0xff,0x08,0x83,0xff,0x08,0x83,0xff,0x08,0x83,0xff,0x08,0x83,0xff,
    0x08,0x83,0xff,0x08,0x83,0xff,0x08,0x83,0xff,0x08,0x83,0xff,0x08,0x83,0xff,0x08,0x83,0xff,0x08,0x83,0xff,0x08,0x83,0xff,
    0x08,0x83,0xff,0x08,0x83,0xff,0x08,0x83,0xff,0x08,0x83,0xff,0x08,0x83,0xff,0x50,0x65,0xdc,0x00,0x00,0x00,0x00,0x00,0x00,
    0x00,0x00,0x00,0x00,0x00,0x00,0x50,0x65,0xdc,0x08,0x83,0xff,0x08,0x83,0xff,0x08,0x83,0xff,0x08,0x83,0xff,0x08,0x83,0xff,
    0x08,0x83,0xff,0x08,0x83,0xff,0x08,0x83,0xff,0x08,0x83,0xff,0x08,0x83,0xff,0x08,0x83,0xff,0x08,0x83,0xff,0x08,0x83,0xff,
    0x08,0x83,0xff,0x08,0x83,0xff,0x08,0x83,0xff,0x08,0x83,0xff,0x08,0x83,0xff,0x08,0x83,0xff,0x08,0x83,0xff,0x08,0x83,0xff,
    0x08,0x83,0xff,0x08,0x83,0xff,0x08,0x83,0xff,0x08,0x83,0xff,0x08,0x83,0xff,0x08,0x83,0xff,0x08,0x83,0xff,0x08,0x83,0xff,
    0x08,0x83,0xff,0x08,0x83,0xff,0x08,0x83,0xff,0x08,0x83,0xff,0x08,0x83,0xff,0x08,0x83,0xff,0x08,0x83,0xff,0x08,0x83,0xff,
    0x08,0x83,0xff,0x08,0x83,0xff,0x08,0x83,0xff,0x08,0x83,0xff,0x08,0x83,0xff,0x08,0x83,0xff,0x08,0x83,0xff,0x08,0x83,0xff,
    0x08,0x83,0xff,0x08,0x83,0xff,0x08,0x83,0xff,0x08,0x83,0xff,0x08,0x83,0xff,0x08,0x83,0xff,0x08,0x83,0xff,0x08,0x83,0xff,
    0x08,0x83,0xff,0x08,0x83,0xff,0x08,0x83,0xff,0x08,0x83,0xff,0x08,0x83,0xff,0x08,0x83,0xff,0x08,0x83,0xff,0x08,0x83,0xff,
    0x08,0x83,0xff,0x08,0x83,0xff,0x08,0x83,0xff,0x08,0x83,0xff,0x08,0x83,0xff,0x08,0x83,0xff,0x08,0x83,0xff,0x08,0x83,0xff,
    0x08,0x83,0xff,0x08,0x83,0xff,0x08,0x83,0xff,0x08,0x83,0xff,0x08,0x83,0xff,0x08,0x83,0xff,0x08,0x83,0xff,0x08,0x83,0xff,
    0x08,0x83,0xff,0x08,0x83,0xff,0x08,0x83,0xff,0x08,0x83,0xff,0x08,0x83,0xff,0x08,0x83,0xff,0x08,0x83,0xff,0x08,0x83,0xff,
    0x08,0x83,0xff,0x08,0x83,0xff,0x08,0x83,0xff,0x08,0x83,0xff,0x08,0x83,0xff,0x08,0x83,0xff,0x08,0x83,0xff,0x08,0x83,0xff,
    0x08,0x83,0xff,0x08,0x83,0xff,0x08,0x83,0xff,0x08,0x83,0xff,0x08,0x83,0xff,0x08,0x83,0xff,0x08,0x83,0xff,0x08,0x83,0xff,
    0x08,0x83,0xff,0x08,0x83,0xff,0x08,0x83,0xff,0x08,0x83,0xff,0x08,0x83,0xff,0x08,0x83,0xff,0x08,0x83,0xff,0x08,0x83,0xff,
    0x08,0x83,0xff,0x08,0x83,0xff,0x08,0x83,0xff,0x08,0x83,0xff,0x08,0x83,0xff,0x08,0x83,0xff,0x08,0x83,0xff,0x08,0x83,0xff,
    0x08,0x83,0xff,0x08,0x83,0xff,0x08,0x83,0xff,0x08,0x83,0xff,0x08,0x83,0xff,0x08,0x83,0xff,0x08,0x83,0xff,0x08,0x83,0xff,
    0x08,0x83,0xff,0x08,0x83,0xff,0x08,0x83,0xff,0x08,0x83,0xff,0x08,0x83,0xff,0x50,0x65,0xdc,0x00,0x00,0x00,0x00,0x00,0x00,
    0x00,0x00,0x00,0x00,0x00,0x00,0x50,0x65,0xdc,0x08,0x83,0xff,0x08,0x83,0xff,0x08,0x83,0xff,0x08,0x83,0xff,0x08,0x83,0xff,
    0x08,0x83,0xff,0x08,0x83,0xff,0x08,0x83,0xff,0x08,0x83,0xff,0x08,0x83,0xff,0x08,0x83,0xff,0x08,0x83,0xff,0x08,0x83,0xff,
    0x08,0x83,0xff,0x08,0x83,0xff,0x08,0x83,0xff,0x08,0x83,0xff,0x08,0x83,0xff,0x08,0x83,0xff,0x08,0x83,0xff,0x08,0x83,0xff,
    0x08,0x83,0xff,0x08,0x83,0xff,0x08,0x83,0xff,0x08,0x83,0xff,0x08,0x83,0xff,0x08,0x83,0xff,0x08,0x83,0xff,0x08,0x83,0xff,
    0x08,0x83,0xff,0x08,0x83,0xff,0x08,0x83,0xff,0x08,0x83,0xff,0x08,0x83,0xff,0x08,0x83,0xff,0x08,0x83,0xff,0x08,0x83,0xff,
    0x08,0x83,0xff,0x08,0x83,0xff,0x08,0x83,0xff,0x08,0x83,0xff,0x08,0x83,0xff,0x08,0x83,0xff,0x08,0x83,0xff,0x08,0x83,0xff,
    0x08,0x83,0xff,0x08,0x83,0xff,0x08,0x83,0xff,0x08,0x83,0xff,0x08,0x83,0xff,0x08,0x83,0xff,0x08,0x83,0xff,0x08,0x83,0xff,
    0x08,0x83,0xff,0x08,0x83,0xff,0x08,0x83,0xff,0x08,0x83,0xff,0x08,0x83,0xff,0x08,0x83,0xff,0x08,0x83,0xff,0x08,0x83,0xff,
    0x08,0x83,0xff,0x08,0x83,0xff,0x08,0x83,0xff,0x08,0x83,0xff,0x08,0x83,0xff,0x08,0x83,0xff,0x08,0x83,0xff,0x08,0x83,0xff,
    0x08,0x83,0xff,0x08,0x83,0xff,0x08,0x83,0xff,0x08,0x83,0xff,0x08,0x83,0xff,0x08,0x83,0xff,0x08,0x83,0xff,0x08,0x83,0xff,
    0x08,0x83,0xff,0x08,0x83,0xff,0x08,0x83,0xff,0x08,0x83,0xff,0x08,0x83,0xff,0x08,0x83,0xff,0x08,0x83,0xff,0x08,0x83,0xff,
    0x08,0x83,0xff,0x08,0x83,0xff,0x08,0x83,0xff,0x08,0x83,0xff,0x08,0x83,0xff,0x08,0x83,0xff,0x08,0x83,0xff,0x08,0x83,0xff,
    0x08,0x83,0xff,0x08,0x83,0xff,0x08,0x83,0xff,0x08,0x83,0xff,0x08,0x83,0xff,0x08,0x83,0xff,0x08,0x83,0xff,0x08,0x83,0xff,
    0x08,0x83,0xff,0x08,0x83,0xff,0x08,0x83,0xff,0x08,0x83,0xff,0x08,0x83,0xff,0x08,0x83,0xff,0x08,0x83,0xff,0x08,0x83,0xff,
    0x08,0x83,0xff,0x08,0x83,0xff,0x08,0x83,0xff,0x08,0x83,0xff,0x08,0x83,0xff,0x08,0x83,0xff,0x08,0x83,0xff,0x08,0x83,0xff,
    0x08,0x83,0xff,0x08,0x83,0xff,0x08,0x83,0xff,0x08,0x83,0xff,0x08,0x83,0xff,0x08,0x83,0xff,0x08,0x83,0xff,0x08,0x83,0xff,
    0x08,0x83,0xff,0x08,0x83,0xff,0x08,0x83,0xff,0x08,0x83,0xff,0x08,0x83,0xff,0x50,0x65,0xdc,0x00,0x00,0x00,0x00,0x00,0x00,
    0x00,0x00,0x00,0x00,0x00,0x00,0x50,0x65,0xdc,0x08,0x83,0xff,0x08,0x83,0xff,0x08,0x83,0xff,0x08,0x83,0xff,0x08,0x83,0xff,
    0x08,0x83,0xff,0x08,0x83,0xff,0x08,0x83,0xff,0x08,0x83,0xff,0x08,0x83,0xff,0x08,0x83,0xff,0x08,0x83,0xff,0x08,0x83,0xff,
    0x08,0x83,0xff,0x08,0x83,0xff,0x08,0x83,0xff,0x08,0x83,0xff,0x08,0x83,0xff,0x08,0x83,0xff,0x08,0x83,0xff,0x08,0x83,0xff,
    0x08,0x83,0xff,0x08,0x83,0xff,0x08,0x83,0xff,0x08,0x83,0xff,0x08,0x83,0xff,0x08,0x83,0xff,0x08,0x83,0xff,0x08,0x83,0xff,
    0x08,0x83,0xff,0x08,0x83,0xff,0x08,0x83,0xff,0x08,0x83,0xff,0x08,0x83,0xff,0x08,0x83,0xff,0x08,0x83,0xff,0x08,0x83,0xff,
    0x08,0x83,0xff,0x08,0x83,0xff,0x08,0x83,0xff,0x08,0x83,0xff,0x08,0x83,0xff,0x08,0x83,0xff,0x08,0x83,0xff,0x08,0x83,0xff,
    0x08,0x83,0xff,0x08,0x83,0xff,0x08,0x83,0xff,0x08,0x83,0xff,0x08,0x83,0xff,0x08,0x83,0xff,0x08,0x83,0xff,0x08,0x83,0xff,
    0x08,0x83,0xff,0x08,0x83,0xff,0x08,0x83,0xff,0x08,0x83,0xff,0x08,0x83,0xff,0x08,0x83,0xff,0x08,0x83,0xff,0x08,0x83,0xff,
    0x08,0x83,0xff,0x08,0x83,0xff,0x08,0x83,0xff,0x08,0x83,0xff,0x08,0x83,0xff,0x08,0x83,0xff,0x08,0x83,0xff,0x08,0x83,0xff,
    0x08,0x83,0xff,0x08,0x83,0xff,0x08,0x83,0xff,0x08,0x83,0xff,0x08,0x83,0xff,0x08,0x83,0xff,0x08,0x83,0xff,0x08,0x83,0xff,
    0x08,0x83,0xff,0x08,0x83,0xff,0x08,0x83,0xff,0x08,0x83,0xff,0x08,0x83,0xff,0x08,0x83,0xff,0x08,0x83,0xff,0x08,0x83,0xff,
    0x08,0x83,0xff,0x08,0x83,0xff,0x08,0x83,0xff,0x08,0x83,0xff,0x08,0x83,0xff,0x08,0x83,0xff,0x08,0x83,0xff,0x08,0x83,0xff,
    0x08,0x83,0xff,0x08,0x83,0xff,0x08,0x83,0xff,0x08,0x83,0xff,0x08,0x83,0xff,0x08,0x83,0xff,0x08,0x83,0xff,0x08,0x83,0xff,
    0x08,0x83,0xff,0x08,0x83,0xff,0x08,0x83,0xff,0x08,0x83,0xff,0x08,0x83,0xff,0x08,0x83,0xff,0x08,0x83,0xff,0x08,0x83,0xff,
    0x08,0x83,0xff,0x08,0x83,0xff,0x08,0x83,0xff,0x08,0x83,0xff,0x08,0x83,0xff,0x08,0x83,0xff,0x08,0x83,0xff,0x08,0x83,0xff,
    0x08,0x83,0xff,0x08,0x83,0xff,0x08,0x83,0xff,0x08,0x83,0xff,0x08,0x83,0xff,0x08,0x83,0xff,0x08,0x83,0xff,0x08,0x83,0xff,
    0x08,0x83,0xff,0x08,0x83,0xff,0x08,0x83,0xff,0x08,0x83,0xff,0x08,0x83,0xff,0x50,0x65,0xdc,0x00,0x00,0x00,0x00,0x00,0x00,
    0x00,0x00,0x00,0x00,0x00,0x00,0x50,0x65,0xdc,0x08,0x83,0xff,0x08,0x83,0xff,0x08,0x83,0xff,0x08,0x83,0xff,0x08,0x83,0xff,
    0x08,0x83,0xff,0x08,0x83,0xff,0x08,0x83,0xff,0x08,0x83,0xff,0x08,0x83,0xff,0x08,0x83,0xff,0x08,0x83,0xff,0x08,0x83,0xff,
    0x08,0x83,0xff,0x08,0x83,0xff,0x08,0x83,0xff,0x08,0x83,0xff,0x08,0x83,0xff,0x08,0x83,0xff,0x08,0x83,0xff,0x08,0x83,0xff,
    0x08,0x83,0xff,0x08,0x83,0xff,0x08,0x83,0xff,0x08,0x83,0xff,0x08,0x83,0xff,0x08,0x83,0xff,0x08,0x83,0xff,0x08,0x83,0xff,
    0x08,0x83,0xff,0x08,0x83,0xff,0x08,0x83,0xff,0x08,0x83,0xff,0x08,0x83,0xff,0x08,0x83,0xff,0x08,0x83,0xff,0x08,0x83,0xff,
    0x08,0x83,0xff,0x08,0x83,0xff,0x08,0x83,0xff,0x08,0x83,0xff,0x08,0x83,0xff,0x08,0x83,0xff,0x08,0x83,0xff,0x08,0x83,0xff,
    0x08,0x83,0xff,0x08,0x83,0xff,0x08,0x83,0xff,0x08,0x83,0xff,0x08,0x83,0xff,0x08,0x83,0xff,0x08,0x83,0xff,0x08,0x83,0xff,
    0x08,0x83,0xff,0x08,0x83,0xff,0x08,0x83,0xff,0x08,0x83,0xff,0x08,0x83,0xff,0x08,0x83,0xff,0x08,0x83,0xff,0x08,0x83,0xff,
    0x08,0x83,0xff,0x08,0x83,0xff,0x08,0x83,0xff,0x08,0x83,0xff,0x08,0x83,0xff,0x08,0x83,0xff,0x08,0x83,0xff,0x08,0x83,0xff,
    0x08,0x83,0xff,0x08,0x83,0xff,0x08,0x83,0xff,0x08,0x83,0xff,0x08,0x83,0xff,0x08,0x83,0xff,0x08,0x83,0xff,0x08,0x83,0xff,
    0x08,0x83,0xff,0x08,0x83,0xff,0x08,0x83,0xff,0x08,0x83,0xff,0x08,0x83,0xff,0x08,0x83,0xff,0x08,0x83,0xff,0x08,0x83,0xff,
    0x08,0x83,0xff,0x08,0x83,0xff,0x08,0x83,0xff,0x08,0x83,0xff,0x08,0x83,0xff,0x08,0x83,0xff,0x08,0x83,0xff,0x08,0x83,0xff,
    0x08,0x83,0xff,0x08,0x83,0xff,0x08,0x83,0xff,0x08,0x83,0xff,0x08,0x83,0xff,0x08,0x83,0xff,0x08,0x83,0xff,0x08,0x83,0xff,
    0x08,0x83,0xff,0x08,0x83,0xff,0x08,0x83,0xff,0x08,0x83,0xff,0x08,0x83,0xff,0x08,0x83,0xff,0x08,0x83,0xff,0x08,0x83,0xff,
    0x08,0x83,0xff,0x08,0x83,0xff,0x08,0x83,0xff,0x08,0x83,0xff,0x08,0x83,0xff,0x08,0x83,0xff,0x08,0x83,0xff,0x08,0x83,0xff,
    0x08,0x83,0xff,0x08,0x83,0xff,0x08,0x83,0xff,0x08,0x83,0xff,0x08,0x83,0xff,0x08,0x83,0xff,0x08,0x83,0xff,0x08,0x83,0xff,
    0x08,0x83,0xff,0x08,0x83,0xff,0x08,0x83,0xff,0x08,0x83,0xff,0x08,0x83,0xff,0x50,0x65,0xdc,0x00,0x00,0x00,0x00,0x00,0x00,
    0x00,0x00,0x00,0x00,0x00,0x00,0x50,0x65,0xdc,0x08,0x83,0xff,0x08,0x83,0xff,0x08,0x83,0xff,0x08,0x83,0xff,0x08,0x83,0xff,
    0x08,0x83,0xff,0x08,0x83,0xff,0x08,0x83,0xff,0x08,0x83,0xff,0x08,0x83,0xff,0x08,0x83,0xff,0x08,0x83,0xff,0x08,0x83,0xff,
    0x08,0x83,0xff,0x08,0x83,0xff,0x08,0x83,0xff,0x08,0x83,0xff,0x08,0x83,0xff,0x08,0x83,0xff,0x08,0x83,0xff,0x08,0x83,0xff,
    0x08,0x83,0xff,0x08,0x83,0xff,0x08,0x83,0xff,0x08,0x83,0xff,0x08,0x83,0xff,0x08,0x83,0xff,0x08,0x83,0xff,0x08,0x83,0xff,
    0x08,0x83,0xff,0x08,0x83,0xff,0x08,0x83,0xff,0x08,0x83,0xff,0x08,0x83,0xff,0x08,0x83,0xff,0x08,0x83,0xff,0x08,0x83,0xff,
    0x08,0x83,0xff,0x08,0x83,0xff,0x08,0x83,0xff,0x08,0x83,0xff,0x08,0x83,0xff,0x08,0x83,0xff,0x08,0x83,0xff,0x08,0x83,0xff,
    0x08,0x83,0xff,0x08,0x83,0xff,0x08,0x83,0xff,0x08,0x83,0xff,0x08,0x83,0xff,0x08,0x83,0xff,0x08,0x83,0xff,0x08,0x83,0xff,
    0x08,0x83,0xff,0x08,0x83,0xff,0x08,0x83,0xff,0x08,0x83,0xff,0x08,0x83,0xff,0x08,0x83,0xff,0x08,0x83,0xff,0x08,0x83,0xff,
    0x08,0x83,0xff,0x08,0x83,0xff,0x08,0x83,0xff,0x08,0x83,0xff,0x08,0x83,0xff,0x08,0x83,0xff,0x08,0x83,0xff,0x08,0x83,0xff,
    0x08,0x83,0xff,0x08,0x83,0xff,0x08,0x83,0xff,0x08,0x83,0xff,0x08,0x83,0xff,0x08,0x83,0xff,0x08,0x83,0xff,0x08,0x83,0xff,
    0x08,0x83,0xff,0x08,0x83,0xff,0x08,0x83,0xff,0x08,0x83,0xff,0x08,0x83,0xff,0x08,0x83,0xff,0x08,0x83,0xff,0x08,0x83,0xff,
    0x08,0x83,0xff,0x08,0x83,0xff,0x08,0x83,0xff,0x08,0x83,0xff,0x08,0x83,0xff,0x08,0x83,0xff,0x08,0x83,0xff,0x08,0x83,0xff,
    0x08,0x83,0xff,0x08,0x83,0xff,0x08,0x83,0xff,0x08,0x83,0xff,0x08,0x83,0xff,0x08,0x83,0xff,0x08,0x83,0xff,0x08,0x83,0xff,
    0x08,0x83,0xff,0x08,0x83,0xff,0x08,0x83,0xff,0x08,0x83,0xff,0x08,0x83,0xff,0x08,0x83,0xff,0x08,0x83,0xff,0x08,0x83,0xff,
    0x08,0x83,0xff,0x08,0x83,0xff,0x08,0x83,0xff,0x08,0x83,0xff,0x08,0x83,0xff,0x08,0x83,0xff,0x08,0x83,0xff,0x08,0x83,0xff,
    0x08,0x83,0xff,0x08,0x83,0xff,0x08,0x83,0xff,0x08,0x83,0xff,0x08,0x83,0xff,0x08,0x83,0xff,0x08,0x83,0xff,0x08,0x83,0xff,
    0x08,0x83,0xff,0x08,0x83,0xff,0x08,0x83,0xff,0x08,0x83,0xff,0x08,0x83,0xff,0x50,0x65,0xdc,0x00,0x00,0x00,0x00,0x00,0x00,
    0x00,0x00,0x00,0x00,0x00,0x00,0x50,0x65,0xdc,0x08,0x83,0xff,0x08,0x83,0xff,0x08,0x83,0xff,0x08,0x83,0xff,0x08,0x83,0xff,
    0x08,0x83,0xff,0x08,0x83,0xff,0x08,0x83,0xff,0x08,0x83,0xff,0x08,0x83,0xff,0x08,0x83,0xff,0x08,0x83,0xff,0x08,0x83,0xff,
    0x08,0x83,0xff,0x08,0x83,0xff,0x08,0x83,0xff,0x08,0x83,0xff,0x08,0x83,0xff,0x08,0x83,0xff,0x08,0x83,0xff,0x08,0x83,0xff,
    0x08,0x83,0xff,0x08,0x83,0xff,0x08,0x83,0xff,0x08,0x83,0xff,0x08,0x83,0xff,0x08,0x83,0xff,0x08,0x83,0xff,0x08,0x83,0xff,
    0x08,0x83,0xff,0x08,0x83,0xff,0x08,0x83,0xff,0x08,0x83,0xff,0x08,0x83,0xff,0x08,0x83,0xff,0x08,0x83,0xff,0x08,0x83,0xff,
    0x08,0x83,0xff,0x08,0x83,0xff,0x08,0x83,0xff,0x08,0x83,0xff,0x08,0x83,0xff,0x08,0x83,0xff,0x08,0x83,0xff,0x08,0x83,0xff,
    0x08,0x83,0xff,0x08,0x83,0xff,0x08,0x83,0xff,0x08,0x83,0xff,0x08,0x83,0xff,0x08,0x83,0xff,0x08,0x83,0xff,0x08,0x83,0xff,
    0x08,0x83,0xff,0x08,0x83,0xff,0x08,0x83,0xff,0x08,0x83,0xff,0x08,0x83,0xff,0x08,0x83,0xff,0x08,0x83,0xff,0x08,0x83,0xff,
    0x08,0x83,0xff,0x08,0x83,0xff,0x08,0x83,0xff,0x08,0x83,0xff,0x08,0x83,0xff,0x08,0x83,0xff,0x08,0x83,0xff,0x08,0x83,0xff,
    0x08,0x83,0xff,0x08,0x83,0xff,0x08,0x83,0xff,0x08,0x83,0xff,0x08,0x83,0xff,0x08,0x83,0xff,0x08,0x83,0xff,0x08,0x83,0xff,
    0x08,0x83,0xff,0x08,0x83,0xff,0x08,0x83,0xff,0x08,0x83,0xff,0x08,0x83,0xff,0x08,0x83,0xff,0x08,0x83,0xff,0x08,0x83,0xff,
    0x08,0x83,0xff,0x08,0x83,0xff,0x08,0x83,0xff,0x08,0x83,0xff,0x08,0x83,0xff,0x08,0x83,0xff,0x08,0x83,0xff,0x08,0x83,0xff,
    0x08,0x83,0xff,0x08,0x83,0xff,0x08,0x83,0xff,0x08,0x83,0xff,0x08,0x83,0xff,0x08,0x83,0xff,0x08,0x83,0xff,0x08,0x83,0xff,
    0x08,0x83,0xff,0x08,0x83,0xff,0x08,0x83,0xff,0x08,0x83,0xff,0x08,0x83,0xff,0x08,0x83,0xff,0x08,0x83,0xff,0x08,0x83,0xff,
    0x08,0x83,0xff,0x08,0x83,0xff,0x08,0x83,0xff,0x08,0x83,0xff,0x08,0x83,0xff,0x08,0x83,0xff,0x08,0x83,0xff,0x08,0x83,0xff,
    0x08,0x83,0xff,0x08,0x83,0xff,0x08,0x83,0xff,0x08,0x83,0xff,0x08,0x83,0xff,0x08,0x83,0xff,0x08,0x83,0xff,0x08,0x83,0xff,
    0x08,0x83,0xff,0x08,0x83,0xff,0x08,0x83,0xff,0x08,0x83,0xff,0x08,0x83,0xff,0x50,0x65,0xdc,0x00,0x00,0x00,0x00,0x00,0x00,
    0x00,0x00,0x00,0x00,0x00,0x00,0x50,0x65,0xdc,0x08,0x83,0xff,0x08,0x83,0xff,0x08,0x83,0xff,0x08,0x83,0xff,0x08,0x83,0xff,
    0x08,0x83,0xff,0x08,0x83,0xff,0x08,0x83,0xff,0x08,0x83,0xff,0x08,0x83,0xff,0x08,0x83,0xff,0x08,0x83,0xff,0x08,0x83,0xff,
    0x08,0x83,0xff,0x08,0x83,0xff,0x08,0x83,0xff,0x08,0x83,0xff,0x08,0x83,0xff,0x08,0x83,0xff,0x08,0x83,0xff,0x08,0x83,0xff,
    0x08,0x83,0xff,0x08,0x83,0xff,0x08,0x83,0xff,0x08,0x83,0xff,0x08,0x83,0xff,0x08,0x83,0xff,0x08,0x83,0xff,0x08,0x83,0xff,
    0x08,0x83,0xff,0x08,0x83,0xff,0x08,0x83,0xff,0x08,0x83,0xff,0x08,0x83,0xff,0x08,0x83,0xff,0x08,0x83,0xff,0x08,0x83,0xff,
    0x08,0x83,0xff,0x08,0x83,0xff,0x08,0x83,0xff,0x08,0x83,0xff,0x08,0x83,0xff,0x08,0x83,0xff,0x08,0x83,0xff,0x08,0x83,0xff,
    0x08,0x83,0xff,0x08,0x83,0xff,0x08,0x83,0xff,0x08,0x83,0xff,0x08,0x83,0xff,0x08,0x83,0xff,0x08,0x83,0xff,0x08,0x83,0xff,
    0x08,0x83,0xff,0x08,0x83,0xff,0x08,0x83,0xff,0x08,0x83,0xff,0x08,0x83,0xff,0x08,0x83,0xff,0x08,0x83,0xff,0x08,0x83,0xff,
    0x08,0x83,0xff,0x08,0x83,0xff,0x08,0x83,0xff,0x08,0x83,0xff,0x08,0x83,0xff,0x08,0x83,0xff,0x08,0x83,0xff,0x08,0x83,0xff,
    0x08,0x83,0xff,0x08,0x83,0xff,0x08,0x83,0xff,0x08,0x83,0xff,0x08,0x83,0xff,0x08,0x83,0xff,0x08,0x83,0xff,0x08,0x83,0xff,
    0x08,0x83,0xff,0x08,0x83,0xff,0x08,0x83,0xff,0x08,0x83,0xff,0x08,0x83,0xff,0x08,0x83,0xff,0x08,0x83,0xff,0x08,0x83,0xff,
    0x08,0x83,0xff,0x08,0x83,0xff,0x08,0x83,0xff,0x08,0x83,0xff,0x08,0x83,0xff,0x08,0x83,0xff,0x08,0x83,0xff,0x08,0x83,0xff,
    0x08,0x83,0xff,0x08,0x83,0xff,0x08,0x83,0xff,0x08,0x83,0xff,0x08,0x83,0xff,0x08,0x83,0xff,0x08,0x83,0xff,0x08,0x83,0xff,
    0x08,0x83,0xff,0x08,0x83,0xff,0x08,0x83,0xff,0x08,0x83,0xff,0x08,0x83,0xff,0x08,0x83,0xff,0x08,0x83,0xff,0x08,0x83,0xff,
    0x08,0x83,0xff,0x08,0x83,0xff,0x08,0x83,0xff,0x08,0x83,0xff,0x08,0x83,0xff,0x08,0x83,0xff,0x08,0x83,0xff,0x08,0x83,0xff,
    0x08,0x83,0xff,0x08,0x83,0xff,0x08,0x83,0xff,0x08,0x83,0xff,0x08,0x83,0xff,0x08,0x83,0xff,0x08,0x83,0xff,0x08,0x83,0xff,
    0x08,0x83,0xff,0x08,0x83,0xff,0x08,0x83,0xff,0x08,0x83,0xff,0x08,0x83,0xff,0x50,0x65,0xdc,0x00,0x00,0x00,0x00,0x00,0x00,
    0x00,0x00,0x00,0x00,0x00,0x00,0x50,0x65,0xdc,0x08,0x83,0xff,0x08,0x83,0xff,0x08,0x83,0xff,0x08,0x83,0xff,0x08,0x83,0xff,
    0x08,0x83,0xff,0x08,0x83,0xff,0x08,0x83,0xff,0x08,0x83,0xff,0x08,0x83,0xff,0x08,0x83,0xff,0x08,0x83,0xff,0x08,0x83,0xff,
    0x08,0x83,0xff,0x08,0x83,0xff,0x08,0x83,0xff,0x08,0x83,0xff,0x08,0x83,0xff,0x08,0x83,0xff,0x08,0x83,0xff,0x08,0x83,0xff,
    0x08,0x83,0xff,0x08,0x83,0xff,0x08,0x83,0xff,0x08,0x83,0xff,0x08,0x83,0xff,0x08,0x83,0xff,0x08,0x83,0xff,0x08,0x83,0xff,
    0x08,0x83,0xff,0x08,0x83,0xff,0x08,0x83,0xff,0x08,0x83,0xff,0x08,0x83,0xff,0x08,0x83,0xff,0x08,0x83,0xff,0x08,0x83,0xff,
    0x08,0x83,0xff,0x08,0x83,0xff,0x08,0x83,0xff,0x08,0x83,0xff,0x08,0x83,0xff,0x08,0x83,0xff,0x08,0x83,0xff,0x08,0x83,0xff,
    0x08,0x83,0xff,0x08,0x83,0xff,0x08,0x83,0xff,0x08,0x83,0xff,0x08,0x83,0xff,0x08,0x83,0xff,0x08,0x83,0xff,0x08,0x83,0xff,
    0x08,0x83,0xff,0x08,0x83,0xff,0x08,0x83,0xff,0x08,0x83,0xff,0x08,0x82,0xff,0x08,0x82,0xff,0x08,0x82,0xff,0x08,0x82,0xff,
    0x08,0x82,0xff,0x08,0x82,0xff,0x08,0x83,0xff,0x08,0x83,0xff,0x08,0x83,0xff,0x08,0x83,0xff,0x08,0x83,0xff,0x08,0x83,0xff,
    0x08,0x83,0xff,0x08,0x83,0xff,0x08,0x83,0xff,0x08,0x83,0xff,0x08,0x83,0xff,0x08,0x83,0xff,0x08,0x83,0xff,0x08,0x83,0xff,
    0x08,0x83,0xff,0x08,0x83,0xff,0x08,0x83,0xff,0x08,0x83,0xff,0x08,0x83,0xff,0x08,0x83,0xff,0x08,0x83,0xff,0x08,0x83,0xff,
    0x08,0x83,0xff,0x08,0x83,0xff,0x08,0x83,0xff,0x08,0x83,0xff,0x08,0x83,0xff,0x08,0x83,0xff,0x08,0x83,0xff,0x08,0x83,0xff,
    0x08,0x83,0xff,0x08,0x83,0xff,0x08,0x83,0xff,0x08,0x83,0xff,0x08,0x83,0xff,0x08,0x83,0xff,0x08,0x83,0xff,0x08,0x83,0xff,
    0x08,0x83,0xff,0x08,0x83,0xff,0x08,0x83,0xff,0x08,0x83,0xff,0x08,0x83,0xff,0x08,0x83,0xff,0x08,0x83,0xff,0x08,0x83,0xff,
    0x08,0x83,0xff,0x08,0x83,0xff,0x08,0x83,0xff,0x08,0x83,0xff,0x08,0x83,0xff,0x08,0x83,0xff,0x08,0x83,0xff,0x08,0x83,0xff,
    0x08,0x83,0xff,0x08,0x83,0xff,0x08,0x83,0xff,0x08,0x83,0xff,0x08,0x83,0xff,0x08,0x83,0xff,0x08,0x83,0xff,0x08,0x83,0xff,
    0x08,0x83,0xff,0x08,0x83,0xff,0x08,0x83,0xff,0x08,0x83,0xff,0x08,0x83,0xff,0x50,0x65,0xdc,0x00,0x00,0x00,0x00,0x00,0x00,
    0x00,0x00,0x00,0x00,0x00,0x00,0x50,0x65,0xdc,0x08,0x83,0xff,0x08,0x83,0xff,0x08,0x83,0xff,0x08,0x83,0xff,0x08,0x83,0xff,
    0x08,0x83,0xff,0x08,0x83,0xff,0x08,0x83,0xff,0x08,0x83,0xff,0x08,0x83,0xff,0x08,0x83,0xff,0x08,0x83,0xff,0x08,0x83,0xff,
    0x08,0x83,0xff,0x08,0x83,0xff,0x08,0x83,0xff,0x08,0x83,0xff,0x08,0x83,0xff,0x08,0x83,0xff,0x08,0x83,0xff,0x08,0x83,0xff,
    0x08,0x83,0xff,0x08,0x83,0xff,0x08,0x83,0xff,0x08,0x83,0xff,0x08,0x83,0xff,0x08,0x83,0xff,0x08,0x83,0xff,0x08,0x83,0xff,
    0x08,0x83,0xff,0x08,0x83,0xff,0x08,0x83,0xff,0x08,0x83,0xff,0x08,0x83,0xff,0x08,0x83,0xff,0x08,0x83,0xff,0x08,0x83,0xff,
    0x08,0x83,0xff,0x08,0x83,0xff,0x08,0x83,0xff,0x08,0x83,0xff,0x08,0x83,0xff,0x08,0x83,0xff,0x08,0x83,0xff,0x08,0x83,0xff,
    0x08,0x83,0xff,0x08,0x83,0xff,0x08,0x83,0xff,0x08,0x83,0xff,0x08,0x83,0xff,0x08,0x83,0xff,0x08,0x83,0xff,0x08,0x83,0xff,
    0x08,0x83,0xff,0x08,0x83,0xff,0x08,0x82,0xff,0x08,0x82,0xff,0x08,0x82,0xff,0x08,0x82,0xff,0x08,0x82,0xff,0x08,0x82,0xff,
    0x08,0x82,0xff,0x08,0x82,0xff,0x08,0x82,0xff,0x08,0x82,0xff,0x08,0x83,0xff,0x08,0x83,0xff,0x08,0x83,0xff,0x08,0x83,0xff,
    0x08,0x83,0xff,0x08,0x83,0xff,0x08,0x83,0xff,0x08,0x83,0xff,0x08,0x83,0xff,0x08,0x83,0xff,0x08,0x83,0xff,0x08,0x83,0xff,
    0x08,0x83,0xff,0x08,0x83,0xff,0x08,0x83,0xff,0x08,0x83,0xff,0x08,0x83,0xff,0x08,0x83,0xff,0x08,0x83,0xff,0x08,0x83,0xff,
    0x08,0x83,0xff,0x08,0x83,0xff,0x08,0x83,0xff,0x08,0x83,0xff,0x08,0x83,0xff,0x08,0x83,0xff,0x08,0x83,0xff,0x08,0x83,0xff,
    0x08,0x83,0xff,0x08,0x83,0xff,0x08,0x83,0xff,0x08,0x83,0xff,0x08,0x83,0xff,0x08,0x83,0xff,0x08,0x83,0xff,0x08,0x83,0xff,
    0x08,0x83,0xff,0x08,0x83,0xff,0x08,0x83,0xff,0x08,0x83,0xff,0x08,0x83,0xff,0x08,0x83,0xff,0x08,0x83,0xff,0x08,0x83,0xff,
    0x08,0x83,0xff,0x08,0x83,0xff,0x08,0x83,0xff,0x08,0x83,0xff,0x08,0x83,0xff,0x08,0x83,0xff,0x08,0x83,0xff,0x08,0x83,0xff,
    0x08,0x83,0xff,0x08,0x83,0xff,0x08,0x83,0xff,0x08,0x83,0xff,0x08,0x83,0xff,0x08,0x83,0xff,0x08,0x83,0xff,0x08,0x83,0xff,
    0x08,0x83,0xff,0x08,0x83,0xff,0x08,0x83,0xff,0x08,0x83,0xff,0x08,0x83,0xff,0x50,0x65,0xdc,0x00,0x00,0x00,0x00,0x00,0x00,
    0x00,0x00,0x00,0x00,0x00,0x00,0x50,0x65,0xdc,0x08,0x83,0xff,0x08,0x83,0xff,0x08,0x83,0xff,0x08,0x83,0xff,0x08,0x83,0xff,
    0x08,0x83,0xff,0x08,0x83,0xff,0x08,0x83,0xff,0x08,0x83,0xff,0x08,0x83,0xff,0x08,0x83,0xff,0x08,0x83,0xff,0x08,0x83,0xff,
    0x08,0x83,0xff,0x08,0x83,0xff,0x08,0x83,0xff,0x08,0x83,0xff,0x08,0x83,0xff,0x08,0x83,0xff,0x08,0x83,0xff,0x08,0x83,0xff,
    0x08,0x83,0xff,0x08,0x83,0xff,0x08,0x83,0xff,0x08,0x83,0xff,0x08,0x83,0xff,0x08,0x83,0xff,0x08,0x83,0xff,0x08,0x83,0xff,
    0x08,0x83,0xff,0x08,0x83,0xff,0x08,0x83,0xff,0x08,0x83,0xff,0x08,0x83,0xff,0x08,0x83,0xff,0x08,0x83,0xff,0x08,0x83,0xff,
    0x08,0x83,0xff,0x08,0x83,0xff,0x08,0x83,0xff,0x08,0x83,0xff,0x08,0x83,0xff,0x08,0x83,0xff,0x08,0x83,0xff,0x08,0x83,0xff,
    0x08,0x83,0xff,0x08,0x83,0xff,0x08,0x83,0xff,0x08,0x83,0xff,0x08,0x83,0xff,0x08,0x83,0xff,0x08,0x83,0xff,0x08,0x83,0xff,
    0x08,0x83,0xff,0x08,0x82,0xff,0x08,0x82,0xff,0x08,0x82,0xff,0x08,0x82,0xff,0x08,0x83,0xff,0x08,0x83,0xff,0xf9,0x50,0xff,
    0xf9,0x50,0xff,0xf9,0x50,0xff,0x08,0x82,0xff,0x08,0x82,0xff,0x08,0x83,0xff,0x08,0x83,0xff,0x08,0x83,0xff,0x08,0x83,0xff,
    0x08,0x83,0xff,0x08,0x83,0xff,0x08,0x83,0xff,0x08,0x83,0xff,0x08,0x83,0xff,0x08,0x83,0xff,0x08,0x83,0xff,0x08,0x83,0xff,
    0x08,0x83,0xff,0x08,0x83,0xff,0x08,0x83,0xff,0x08,0x83,0xff,0x08,0x83,0xff,0x08,0x83,0xff,0x08,0x83,0xff,0x08,0x83,0xff,
    0x08,0x83,0xff,0x08,0x83,0xff,0x08,0x83,0xff,0x08,0x83,0xff,0x08,0x83,0xff,0x08,0x83,0xff,0x08,0x83,0xff,0x08,0x83,0xff,
    0x08,0x83,0xff,0x08,0x83,0xff,0x08,0x83,0xff,0x08,0x83,0xff,0x08,0x83,0xff,0x08,0x83,0xff,0x08,0x83,0xff,0x08,0x83,0xff,
    0x08,0x83,0xff,0x08,0x83,0xff,0x08,0x83,0xff,0x08,0x83,0xff,0x08,0x83,0xff,0x08,0x83,0xff,0x08,0x83,0xff,0x08,0x83,0xff,
    0x08,0x83,0xff,0x08,0x83,0xff,0x08,0x83,0xff,0x08,0x83,0xff,0x08,0x83,0xff,0x08,0x83,0xff,0x08,0x83,0xff,0x08,0x83,0xff,
    0x08,0x83,0xff,0x08,0x83,0xff,0x08,0x83,0xff,0x08,0x83,0xff,0x08,0x83,0xff,0x08,0x83,0xff,0x08,0x83,0xff,0x08,0x83,0xff,
    0x08,0x83,0xff,0x08,0x83,0xff,0x08,0x83,0xff,0x08,0x83,0xff,0x08,0x83,0xff,0x50,0x65,0xdc,0x00,0x00,0x00,0x00,0x00,0x00,
    0x00,0x00,0x00,0x00,0x00,0x00,0x50,0x65,0xdc,0x08,0x83,0xff,0x08,0x83,0xff,0x08,0x83,0xff,0x08,0x83,0xff,0x08,0x83,0xff,
    0x08,0x83,0xff,0x08,0x83,0xff,0x08,0x83,0xff,0x08,0x83,0xff,0x08,0x83,0xff,0x08,0x83,0xff,0x08,0x83,0xff,0x08,0x83,0xff,
    0x08,0x83,0xff,0x08,0x83,0xff,0x08,0x83,0xff,0x08,0x83,0xff,0x08,0x83,0xff,0x08,0x83,0xff,0x08,0x83,0xff,0x08,0x83,0xff,
    0x08,0x83,0xff,0x08,0x83,0xff,0x08,0x83,0xff,0x08,0x83,0xff,0x08,0x83,0xff,0x08,0x83,0xff,0x08,0x83,0xff,0x08,0x83,0xff,
    0x08,0x83,0xff,0x08,0x83,0xff,0x08,0x83,0xff,0x08,0x83,0xff,0x08,0x83,0xff,0x08,0x83,0xff,0x08,0x83,0xff,0x08,0x83,0xff,
    0x08,0x83,0xff,0x08,0x83,0xff,0x08,0x83,0xff,0x08,0x83,0xff,0x08,0x83,0xff,0x08,0x83,0xff,0x08,0x83,0xff,0x08,0x83,0xff,
    0x08,0x83,0xff,0x08,0x83,0xff,0x08,0x83,0xff,0x08,0x83,0xff,0x08,0x83,0xff,0x08,0x83,0xff,0x08,0x83,0xff,0x08,0x83,0xff,
    0x08,0x82,0xff,0x08,0x82,0xff,0x08,0x82,0xff,0x08,0x83,0xff,0x10,0x83,0xff,0x10,0x83,0xff,0xf9,0x50,0xff,0xf9,0x50,0xff,
    0xf9,0x50,0xff,0xf9,0x50,0xff,0xf9,0x50,0xff,0x08,0x82,0xff,0x08,0x82,0xff,0x08,0x83,0xff,0x08,0x83,0xff,0x08,0x83,0xff,
    0x08,0x83,0xff,0x08,0x83,0xff,0x08,0x83,0xff,0x08,0x83,0xff,0x08,0x83,0xff,0x08,0x83,0xff,0x08,0x83,0xff,0x08,0x83,0xff,
    0x08,0x83,0xff,0x08,0x83,0xff,0x08,0x83,0xff,0x08,0x83,0xff,0x08,0x83,0xff,0x08,0x83,0xff,0x08,0x83,0xff,0x08,0x83,0xff,
    0x08,0x83,0xff,0x08,0x83,0xff,0x08,0x83,0xff,0x08,0x83,0xff,0x08,0x83,0xff,0x08,0x83,0xff,0x08,0x83,0xff,0x08,0x83,0xff,
    0x08,0x83,0xff,0x08,0x83,0xff,0x08,0x83,0xff,0x08,0x83,0xff,0x08,0x83,0xff,0x08,0x83,0xff,0x08,0x83,0xff,0x08,0x83,0xff,
    0x08,0x83,0xff,0x08,0x83,0xff,0x08,0x83,0xff,0x08,0x83,0xff,0x08,0x83,0xff,0x08,0x83,0xff,0x08,0x83,0xff,0x08,0x83,0xff,
    0x08,0x83,0xff,0x08,0x83,0xff,0x08,0x83,0xff,0x08,0x83,0xff,0x08,0x83,0xff,0x08,0x83,0xff,0x08,0x83,0xff,0x08,0x83,0xff,
    0x08,0x83,0xff,0x08,0x83,0xff,0x08,0x83,0xff,0x08,0x83,0xff,0x08,0x83,0xff,0x08,0x83,0xff,0x08,0x83,0xff,0x08,0x83,0xff,
    0x08,0x83,0xff,0x08,0x83,0xff,0x08,0x83,0xff,0x08,0x83,0xff,0x08,0x83,0xff,0x50,0x65,0xdc,0x00,0x00,0x00,0x00,0x00,0x00,
    0x00,0x00,0x00,0x00,0x00,0x00,0x50,0x65,0xdc,0x08,0x83,0xff,0x08,0x83,0xff,0x08,0x83,0xff,0x08,0x83,0xff,0x08,0x83,0xff,
    0x08,0x83,0xff,0x08,0x83,0xff,0x08,0x83,0xff,0x08,0x83,0xff,0x08,0x83,0xff,0x08,0x83,0xff,0x08,0x83,0xff,0x08,0x83,0xff,
    0x08,0x83,0xff,0x08,0x83,0xff,0x08,0x83,0xff,0x08,0x83,0xff,0x08,0x83,0xff,0x08,0x83,0xff,0x08,0x83,0xff,0x08,0x83,0xff,
    0x08,0x83,0xff,0x08,0x83,0xff,0x08,0x83,0xff,0x08,0x83,0xff,0x08,0x83,0xff,0x08,0x83,0xff,0x08,0x83,0xff,0x08,0x83,0xff,
    0x08,0x83,0xff,0x08,0x83,0xff,0x08,0x83,0xff,0x08,0x83,0xff,0x08,0x83,0xff,0x08,0x83,0xff,0x08,0x83,0xff,0x08,0x83,0xff,
    0x08,0x83,0xff,0x08,0x83,0xff,0x08,0x83,0xff,0x08,0x83,0xff,0x08,0x83,0xff,0x08,0x83,0xff,0x08,0x83,0xff,0x08,0x83,0xff,
    0x08,0x83,0xff,0x08,0x83,0xff,0x08,0x83,0xff,0x08,0x83,0xff,0x08,0x83,0xff,0x08,0x83,0xff,0x08,0x83,0xff,0x08,0x82,0xff,
    0x08,0x82,0xff,0x08,0x82,0xff,0x08,0x83,0xff,0x10,0x83,0xff,0x10,0x83,0xff,0x10,0x83,0xff,0xf9,0x50,0xff,0xf9,0x50,0xff,
    0xf9,0x50,0xff,0xf9,0x50,0xff,0xf9,0x50,0xff,0x08,0x82,0xff,0x08,0x82,0xff,0x08,0x83,0xff,0x08,0x83,0xff,0x08,0x83,0xff,
    0x08,0x83,0xff,0x08,0x83,0xff,0x08,0x83,0xff,0x08,0x83,0xff,0x08,0x83,0xff,0x08,0x83,0xff,0x08,0x83,0xff,0x08,0x83,0xff,
    0x08,0x83,0xff,0x08,0x83,0xff,0x08,0x83,0xff,0x08,0x83,0xff,0x08,0x83,0xff,0x08,0x83,0xff,0x08,0x83,0xff,0x08,0x83,0xff,
    0x08,0x83,0xff,0x08,0x83,0xff,0x08,0x83,0xff,0x08,0x83,0xff,0x08,0x83,0xff,0x08,0x83,0xff,0x08,0x83,0xff,0x08,0x83,0xff,
    0x08,0x83,0xff,0x08,0x83,0xff,0x08,0x83,0xff,0x08,0x83,0xff,0x08,0x83,0xff,0x08,0x83,0xff,0x08,0x83,0xff,0x08,0x83,0xff,
    0x08,0x83,0xff,0x08,0x83,0xff,0x08,0x83,0xff,0x08,0x83,0xff,0x08,0x83,0xff,0x08,0x83,0xff,0x08,0x83,0xff,0x08,0x83,0xff,
    0x08,0x83,0xff,0x08,0x83,0xff,0x08,0x83,0xff,0x08,0x83,0xff,0x08,0x83,0xff,0x08,0x83,0xff,0x08,0x83,0xff,0x08,0x83,0xff,
    0x08,0x83,0xff,0x08,0x83,0xff,0x08,0x83,0xff,0x08,0x83,0xff,0x08,0x83,0xff,0x08,0x83,0xff,0x08,0x83,0xff,0x08,0x83,0xff,
    0x08,0x83,0xff,0x08,0x83,0xff,0x08,0x83,0xff,0x08,0x83,0xff,0x08,0x83,0xff,0x50,0x65,0xdc,0x00,0x00,0x00,0x00,0x00,0x00,
    0x00,0x00,0x00,0x00,0x00,0x00,0x50,0x65,0xdc,0x08,0x83,0xff,0x08,0x83,0xff,0x08,0x83,0xff,0x08,0x83,0xff,0x08,0x83,0xff,
    0x08,0x83,0xff,0x08,0x83,0xff,0x08,0x83,0xff,0x08,0x83,0xff,0x08,0x83,0xff,0x08,0x83,0xff,0x08,0x83,0xff,0x08,0x83,0xff,
    0x08,0x83,0xff,0x08,0x83,0xff,0x08,0x83,0xff,0x08,0x83,0xff,0x08,0x83,0xff,0x08,0x83,0xff,0x08,0x83,0xff,0x08,0x83,0xff,
    0x08,0x83,0xff,0x08,0x83,0xff,0x08,0x83,0xff,0x08,0x83,0xff,0x08,0x83,0xff,0x08,0x83,0xff,0x08,0x83,0xff,0x08,0x83,0xff,
    0x08,0x83,0xff,0x08,0x83,0xff,0x08,0x83,0xff,0x08,0x83,0xff,0x08,0x83,0xff,0x08,0x83,0xff,0x08,0x83,0xff,0x08,0x83,0xff,
    0x08,0x83,0xff,0x08,0x83,0xff,0x08,0x83,0xff,0x08,0x83,0xff,0x08,0x83,0xff,0x08,0x83,0xff,0x08,0x83,0xff,0x08,0x83,0xff,
    0x08,0x83,0xff,0x08,0x83,0xff,0x08,0x83,0xff,0x08,0x83,0xff,0x08,0x83,0xff,0x08,0x83,0xff,0x08,0x83,0xff,0x08,0x82,0xff,
    0x08,0x82,0xff,0x08,0x83,0xff,0x10,0x83,0xff,0x10,0x83,0xff,0x18,0x83,0xff,0x18,0x83,0xff,0xf9,0x50,0xff,0xf9,0x50,0xff,
    0xf9,0x50,0xff,0xf9,0x50,0xff,0xf9,0x50,0xff,0x08,0x82,0xff,0x08,0x82,0xff,0x08,0x83,0xff,0x08,0x83,0xff,0x08,0x83,0xff,
    0x08,0x83,0xff,0x08,0x83,0xff,0x08,0x83,0xff,0x08,0x83,0xff,0x08,0x83,0xff,0x08,0x83,0xff,0x08,0x83,0xff,0x08,0x83,0xff,
    0x08,0x83,0xff,0x08,0x83,0xff,0x08,0x83,0xff,0x08,0x83,0xff,0x08,0x83,0xff,0x08,0x83,0xff,0x08,0x83,0xff,0x08,0x83,0xff,
    0x08,0x83,0xff,0x08,0x83,0xff,0x08,0x83,0xff,0x08,0x83,0xff,0x08,0x83,0xff,0x08,0x83,0xff,0x08,0x83,0xff,0x08,0x83,0xff,
    0x08,0x83,0xff,0x08,0x83,0xff,0x08,0x83,0xff,0x08,0x83,0xff,0x08,0x83,0xff,0x08,0x83,0xff,0x08,0x83,0xff,0x08,0x83,0xff,
    0x08,0x83,0xff,0x08,0x83,0xff,0x08,0x83,0xff,0x08,0x83,0xff,0x08,0x83,0xff,0x08,0x83,0xff,0x08,0x83,0xff,0x08,0x83,0xff,
    0x08,0x83,0xff,0x08,0x83,0xff,0x08,0x83,0xff,0x08,0x83,0xff,0x08,0x83,0xff,0x08,0x83,0xff,0x08,0x83,0xff,0x08,0x83,0xff,
    0x08,0x83,0xff,0x08,0x83,0xff,0x08,0x83,0xff,0x08,0x83,0xff,0x08,0x83,0xff,0x08,0x83,0xff,0x08,0x83,0xff,0x08,0x83,0xff,
    0x08,0x83,0xff,0x08,0x83,0xff,0x08,0x83,0xff,0x08,0x83,0xff,0x08,0x83,0xff,0x50,0x65,0xdc,0x00,0x00,0x00,0x00,0x00,0x00,
    0x00,0x00,0x00,0x00,0x00,0x00,0x50,0x65,0xdc,0x08,0x83,0xff,0x08,0x83,0xff,0x08,0x83,0xff,0x08,0x83,0xff,0x08,0x83,0xff,
    0x08,0x83,0xff,0x08,0x83,0xff,0x08,0x83,0xff,0x08,0x83,0xff,0x08,0x83,0xff,0x08,0x83,0xff,0x08,0x83,0xff,0x08,0x83,0xff,
    0x08,0x83,0xff,0x08,0x83,0xff,0x08,0x83,0xff,0x08,0x83,0xff,0x08,0x83,0xff,0x08,0x83,0xff,0x08,0x83,0xff,0x08,0x83,0xff,
    0x08,0x83,0xff,0x08,0x83,0xff,0x08,0x83,0xff,0x08,0x83,0xff,0x08,0x83,0xff,0x08,0x83,0xff,0x08,0x83,0xff,0x08,0x83,0xff,
    0x08,0x83,0xff,0x08,0x83,0xff,0x08,0x83,0xff,0x08,0x83,0xff,0x08,0x83,0xff,0x08,0x83,0xff,0x08,0x83,0xff,0x08,0x83,0xff,
    0x08,0x83,0xff,0x08,0x83,0xff,0x08,0x83,0xff,0x08,0x83,0xff,0x08,0x83,0xff,0x08,0x83,0xff,0x08,0x83,0xff,0x08,0x83,0xff,
    0x08,0x83,0xff,0x08,0x83,0xff,0x08,0x83,0xff,0x08,0x83,0xff,0x08,0x83,0xff,0x08,0x82,0xff,0x08,0x82,0xff,0x08,0x82,0xff,
    0x08,0x83,0xff,0x10,0x83,0xff,0x10,0x83,0xff,0x18,0x83,0xff,0x18,0x83,0xff,0xf9,0x50,0xff,0xf9,0x50,0xff,0xf9,0x50,0xff,
    0xf9,0x50,0xff,0xf9,0x50,0xff,0x08,0x83,0xff,0x08,0x82,0xff,0x08,0x82,0xff,0x08,0x83,0xff,0x08,0x83,0xff,0x08,0x83,0xff,
    0x08,0x83,0xff,0x08,0x83,0xff,0x08,0x83,0xff,0x08,0x83,0xff,0x08,0x83,0xff,0x08,0x83,0xff,0x08,0x83,0xff,0x08,0x83,0xff,
    0x08,0x83,0xff,0x08,0x83,0xff,0x08,0x83,0xff,0x08,0x83,0xff,0x08,0x83,0xff,0x08,0x83,0xff,0x08,0x83,0xff,0x08,0x83,0xff,
    0x08,0x83,0xff,0x08,0x83,0xff,0x08,0x83,0xff,0x08,0x83,0xff,0x08,0x83,0xff,0x08,0x83,0xff,0x08,0x83,0xff,0x08,0x83,0xff,
    0x08,0x83,0xff,0x08,0x83,0xff,0x08,0x83,0xff,0x08,0x83,0xff,0x08,0x83,0xff,0x08,0x83,0xff,0x08,0x83,0xff,0x08,0x83,0xff,
    0x08,0x83,0xff,0x08,0x83,0xff,0x08,0x83,0xff,0x08,0x83,0xff,0x08,0x83,0xff,0x08,0x83,0xff,0x08,0x83,0xff,0x08,0x83,0xff,
    0x08,0x83,0xff,0x08,0x83,0xff,0x08,0x83,0xff,0x08,0x83,0xff,0x08,0x83,0xff,0x08,0x83,0xff,0x08,0x83,0xff,0x08,0x83,0xff,
    0x08,0x83,0xff,0x08,0x83,0xff,0x08,0x83,0xff,0x08,0x83,0xff,0x08,0x83,0xff,0x08,0x83,0xff,0x08,0x83,0xff,0x08,0x83,0xff,
    0x08,0x83,0xff,0x08,0x83,0xff,0x08,0x83,0xff,0x08,0x83,0xff,0x08,0x83,0xff,0x50,0x65,0xdc,0x00,0x00,0x00,0x00,0x00,0x00,
    0x00,0x00,0x00,0x00,0x00,0x00,0x50,0x65,0xdc,0x08,0x83,0xff,0x08,0x83,0xff,0x08,0x83,0xff,0x08,0x83,0xff,0x08,0x83,0xff,
    0x08,0x83,0xff,0x08,0x83,0xff,0x08,0x83,0xff,0x08,0x83,0xff,0x08,0x83,0xff,0x08,0x83,0xff,0x08,0x83,0xff,0x08,0x83,0xff,
    0x08,0x83,0xff,0x08,0x83,0xff,0x08,0x83,0xff,0x08,0x83,0xff,0x08,0x83,0xff,0x08,0x83,0xff,0x08,0x83,0xff,0x08,0x83,0xff,
    0x08,0x83,0xff,0x08,0x83,0xff,0x08,0x83,0xff,0x08,0x83,0xff,0x08,0x83,0xff,0x08,0x83,0xff,0x08,0x83,0xff,0x08,0x83,0xff,
    0x08,0x83,0xff,0x08,0x83,0xff,0x08,0x83,0xff,0x08,0x83,0xff,0x08,0x83,0xff,0x08,0x83,0xff,0x08,0x83,0xff,0x08,0x83,0xff,
    0x08,0x83,0xff,0x08,0x83,0xff,0x08,0x83,0xff,0x08,0x83,0xff,0x08,0x83,0xff,0x08,0x83,0xff,0x08,0x83,0xff,0x08,0x83,0xff,
    0x08,0x83,0xff,0x08,0x83,0xff,0x08,0x83,0xff,0x08,0x83,0xff,0x08,0x83,0xff,0x08,0x82,0xff,0x08,0x82,0xff,0x08,0x83,0xff,
    0x10,0x83,0xff,0x10,0x83,0xff,0x18,0x83,0xff,0x20,0x83,0xff,0xf9,0x50,0xff,0xf9,0x50,0xff,0xf9,0x50,0xff,0x18,0x83,0xff,
    0x10,0x83,0xff,0x10,0x83,0xff,0x08,0x83,0xff,0x08,0x82,0xff,0x08,0x82,0xff,0x08,0x83,0xff,0x08,0x83,0xff,0x08,0x83,0xff,
    0x08,0x83,0xff,0x08,0x83,0xff,0x08,0x83,0xff,0x08,0x83,0xff,0x08,0x83,0xff,0x08,0x83,0xff,0x08,0x83,0xff,0x08,0x83,0xff,
    0x08,0x83,0xff,0x08,0x83,0xff,0x08,0x83,0xff,0x08,0x83,0xff,0x08,0x83,0xff,0x08,0x83,0xff,0x08,0x83,0xff,0x08,0x83,0xff,
    0x08,0x83,0xff,0x08,0x83,0xff,0x08,0x83,0xff,0x08,0x83,0xff,0x08,0x83,0xff,0x08,0x83,0xff,0x08,0x83,0xff,0x08,0x83,0xff,
    0x08,0x83,0xff,0x08,0x83,0xff,0x08,0x83,0xff,0x08,0x83,0xff,0x08,0x83,0xff,0x08,0x83,0xff,0x08,0x83,0xff,0x08,0x83,0xff,
    0x08,0x83,0xff,0x08,0x83,0xff,0x08,0x83,0xff,0x08,0x83,0xff,0x08,0x83,0xff,0x08,0x83,0xff,0x08,0x83,0xff,0x08,0x83,0xff,
    0x08,0x83,0xff,0x08,0x83,0xff,0x08,0x83,0xff,0x08,0x83,0xff,0x08,0x83,0xff,0x08,0x83,0xff,0x08,0x83,0xff,0x08,0x83,0xff,
    0x08,0x83,0xff,0x08,0x83,0xff,0x08,0x83,0xff,0x08,0x83,0xff,0x08,0x83,0xff,0x08,0x83,0xff,0x08,0x83,0xff,0x08,0x83,0xff,
    0x08,0x83,0xff,0x08,0x83,0xff,0x08,0x83,0xff,0x08,0x83,0xff,0x08,0x83,0xff,0x50,0x65,0xdc,0x00,0x00,0x00,0x00,0x00,0x00,
    0x00,0x00,0x00,0x00,0x00,0x00,0x50,0x65,0xdc,0x08,0x83,0xff,0x08,0x83,0xff,0x08,0x83,0xff,0x08,0x83,0xff,0x08,0x83,0xff,
    0x08,0x83,0xff,0x08,0x83,0xff,0x08,0x83,0xff,0x08,0x83,0xff,0x08,0x83,0xff,0x08,0x83,0xff,0x08,0x83,0xff,0x08,0x83,0xff,
    0x08,0x83,0xff,0x08,0x83,0xff,0x08,0x83,0xff,0x08,0x83,0xff,0x08,0x83,0xff,0x08,0x83,0xff,0x08,0x83,0xff,0x08,0x83,0xff,
    0x08,0x83,0xff,0x08,0x83,0xff,0x08,0x83,0xff,0x08,0x83,0xff,0x08,0x83,0xff,0x08,0x83,0xff,0x08,0x83,0xff,0x08,0x83,0xff,
    0x08,0x83,0xff,0x08,0x83,0xff,0x08,0x83,0xff,0x08,0x83,0xff,0x08,0x83,0xff,0x08,0x83,0xff,0x08,0x83,0xff,0x08,0x83,0xff,
    0x08,0x83,0xff,0x08,0x83,0xff,0x08,0x83,0xff,0x08,0x83,0xff,0x08,0x83,0xff,0x08,0x83,0xff,0x08,0x83,0xff,0x08,0x83,0xff,
    0x08,0x83,0xff,0x08,0x83,0xff,0x08,0x83,0xff,0x08,0x83,0xff,0x08,0x82,0xff,0x08,0x82,0xff,0x08,0x83,0xff,0x10,0x83,0xff,
    0x10,0x83,0xff,0x18,0x83,0xff,0x20,0x83,0xff,0xf9,0x50,0xff,0xf9,0x50,0xff,0xf9,0x50,0xff,0x20,0x83,0xff,0x18,0x83,0xff,
    0x10,0x83,0xff,0x10,0x83,0xff,0x08,0x83,0xff,0x08,0x82,0xff,0x08,0x82,0xff,0x08,0x83,0xff,0x08,0x83,0xff,0x08,0x83,0xff,
    0x08,0x83,0xff,0x08,0x83,0xff,0x08,0x83,0xff,0x08,0x83,0xff,0x08,0x83,0xff,0x08,0x83,0xff,0x08,0x83,0xff,0x08,0x83,0xff,
    0x08,0x83,0xff,0x08,0x83,0xff,0x08,0x83,0xff,0x08,0x83,0xff,0x08,0x83,0xff,0x08,0x83,0xff,0x08,0x83,0xff,0x08,0x83,0xff,
    0x08,0x83,0xff,0x08,0x83,0xff,0x08,0x83,0xff,0x08,0x83,0xff,0x08,0x83,0xff,0x08,0x83,0xff,0x08,0x83,0xff,0x08,0x83,0xff,
    0x08,0x83,0xff,0x08,0x83,0xff,0x08,0x83,0xff,0x08,0x83,0xff,0x08,0x83,0xff,0x08,0x83,0xff,0x08,0x83,0xff,0x08,0x83,0xff,
    0x08,0x83,0xff,0x08,0x83,0xff,0x08,0x83,0xff,0x08,0x83,0xff,0x08,0x83,0xff,0x08,0x83,0xff,0x08,0x83,0xff,0x08,0x83,0xff,
    0x08,0x83,0xff,0x08,0x83,0xff,0x08,0x83,0xff,0x08,0x83,0xff,0x08,0x83,0xff,0x08,0x83,0xff,0x08,0x83,0xff,0x08,0x83,0xff,
    0x08,0x83,0xff,0x08,0x83,0xff,0x08,0x83,0xff,0x08,0x83,0xff,0x08,0x83,0xff,0x08,0x83,0xff,0x08,0x83,0xff,0x08,0x83,0xff,
    0x08,0x83,0xff,0x08,0x83,0xff,0x08,0x83,0xff,0x08,0x83,0xff,0x08,0x83,0xff,0x50,0x65,0xdc,0x00,0x00,0x00,0x00,0x00,0x00,
    0x00,0x00,0x00,0x00,0x00,0x00,0x50,0x65,0xdc,0x08,0x83,0xff,0x08,0x83,0xff,0x08,0x83,0xff,0x08,0x83,0xff,0x08,0x83,0xff,
    0x08,0x83,0xff,0x08,0x83,0xff,0x08,0x83,0xff,0x08,0x83,0xff,0x08,0x83,0xff,0x08,0x83,0xff,0x08,0x83,0xff,0x08,0x83,0xff,
    0x08,0x83,0xff,0x08,0x83,0xff,0x08,0x83,0xff,0x08,0x83,0xff,0x08,0x83,0xff,0x08,0x83,0xff,0x08,0x83,0xff,0x08,0x83,0xff,
    0x08,0x83,0xff,0x08,0x83,0xff,0x08,0x83,0xff,0x08,0x83,0xff,0x08,0x83,0xff,0x08,0x83,0xff,0x08,0x83,0xff,0x08,0x83,0xff,
    0x08,0x83,0xff,0x08,0x83,0xff,0x08,0x83,0xff,0x08,0x83,0xff,0x08,0x83,0xff,0x08,0x83,0xff,0x08,0x83,0xff,0x08,0x83,0xff,
    0x08,0x83,0xff,0x08,0x83,0xff,0x08,0x83,0xff,0x08,0x83,0xff,0x08,0x83,0xff,0x08,0x83,0xff,0x08,0x83,0xff,0x08,0x83,0xff,
    0x08,0x83,0xff,0x08,0x83,0xff,0x08,0x83,0xff,0x08,0x82,0xff,0x08,0x82,0xff,0x08,0x82,0xff,0x10,0x83,0xff,0x10,0x83,0xff,
    0x18,0x83,0xff,0x18,0x83,0xff,0x20,0x84,0xff,0xf9,0x50,0xff,0xf9,0x50,0xff,0x20,0x84,0xff,0x18,0x83,0xff,0x18,0x83,0xff,
    0x10,0x83,0xff,0x10,0x83,0xff,0x08,0x82,0xff,0x08,0x82,0xff,0x08,0x82,0xff,0x08,0x83,0xff,0x08,0x83,0xff,0x08,0x83,0xff,
    0x08,0x83,0xff,0x08,0x83,0xff,0x08,0x83,0xff,0x08,0x83,0xff,0x08,0x83,0xff,0x08,0x83,0xff,0x08,0x83,0xff,0x08,0x83,0xff,
    0x08,0x83,0xff,0x08,0x83,0xff,0x08,0x83,0xff,0x08,0x83,0xff,0x08,0x83,0xff,0x08,0x83,0xff,0x08,0x83,0xff,0x08,0x83,0xff,
    0x08,0x83,0xff,0x08,0x83,0xff,0x08,0x83,0xff,0x08,0x83,0xff,0x08,0x83,0xff,0x08,0x83,0xff,0x08,0x83,0xff,0x08,0x83,0xff,
    0x08,0x83,0xff,0x08,0x83,0xff,0x08,0x83,0xff,0x08,0x83,0xff,0x08,0x83,0xff,0x08,0x83,0xff,0x08,0x83,0xff,0x08,0x83,0xff,
    0x08,0x83,0xff,0x08,0x83,0xff,0x08,0x83,0xff,0x08,0x83,0xff,0x08,0x83,0xff,0x08,0x83,0xff,0x08,0x83,0xff,0x08,0x83,0xff,
    0x08,0x83,0xff,0x08,0x83,0xff,0x08,0x83,0xff,0x08,0x83,0xff,0x08,0x83,0xff,0x08,0x83,0xff,0x08,0x83,0xff,0x08,0x83,0xff,
    0x08,0x83,0xff,0x08,0x83,0xff,0x08,0x83,0xff,0x08,0x83,0xff,0x08,0x83,0xff,0x08,0x83,0xff,0x08,0x83,0xff,0x08,0x83,0xff,
    0x08,0x83,0xff,0x08,0x83,0xff,0x08,0x83,0xff,0x08,0x83,0xff,0x08,0x83,0xff,0x50,0x65,0xdc,0x00,0x00,0x00,0x00,0x00,0x00,
    0x00,0x00,0x00,0x00,0x00,0x00,0x50,0x65,0xdc,0x08,0x83,0xff,0x08,0x83,0xff,0x08,0x83,0xff,0x08,0x83,0xff,0x08,0x83,0xff,
    0x08,0x83,0xff,0x08,0x83,0xff,0x08,0x83,0xff,0x08,0x83,0xff,0x08,0x83,0xff,0x08,0x83,0xff,0x08,0x83,0xff,0x08,0x83,0xff,
    0x08,0x83,0xff,0x08,0x83,0xff,0x08,0x83,0xff,0x08,0x83,0xff,0x08,0x83,0xff,0x08,0x83,0xff,0x08,0x83,0xff,0x08,0x83,0xff,
    0x08,0x83,0xff,0x08,0x83,0xff,0x08,0x83,0xff,0x08,0x83,0xff,0x08,0x83,0xff,0x08,0x83,0xff,0x08,0x83,0xff,0x08,0x83,0xff,
    0x08,0x83,0xff,0x08,0x83,0xff,0x08,0x83,0xff,0x08,0x83,0xff,0x08,0x83,0xff,0x08,0x83,0xff,0x08,0x83,0xff,0x08,0x83,0xff,
    0x08,0x83,0xff,0x08,0x83,0xff,0x08,0x83,0xff,0x08,0x83,0xff,0x08,0x83,0xff,0x08,0x83,0xff,0x08,0x83,0xff,0x08,0x83,0xff,
    0x08,0x83,0xff,0x08,0x83,0xff,0x08,0x82,0xff,0x08,0x82,0xff,0x08,0x82,0xff,0x10,0x83,0xff,0x10,0x83,0xff,0x18,0x83,0xff,
    0x18,0x83,0xff,0x20,0x84,0xff,0xf9,0x50,0xff,0xf9,0x50,0xff,0xf9,0x50,0xff,0x20,0x83,0xff,0x18,0x83,0xff,0x10,0x83,0xff,
    0x10,0x83,0xff,0x08,0x82,0xff,0x08,0x82,0xff,0x08,0x82,0xff,0x08,0x83,0xff,0x08,0x83,0xff,0x08,0x83,0xff,0x08,0x83,0xff,
    0x08,0x83,0xff,0x08,0x83,0xff,0x08,0x83,0xff,0x08,0x83,0xff,0x08,0x83,0xff,0x08,0x83,0xff,0x08,0x83,0xff,0x08,0x83,0xff,
    0x08,0x83,0xff,0x08,0x83,0xff,0x08,0x83,0xff,0x08,0x83,0xff,0x08,0x83,0xff,0x08,0x83,0xff,0x08,0x83,0xff,0xd9,0x2e,0xff,
    0xd9,0x2e,0xff,0x08,0x83,0xff,0x08,0x83,0xff,0x08,0x83,0xff,0x08,0x83,0xff,0x08,0x83,0xff,0x08,0x83,0xff,0x08,0x83,0xff,
    0x08,0x83,0xff,0x08,0x83,0xff,0x08,0x83,0xff,0x08,0x83,0xff,0x08,0x83,0xff,0x08,0x83,0xff,0x08,0x83,0xff,0x08,0x83,0xff,
    0x08,0x83,0xff,0x08,0x83,0xff,0x08,0x83,0xff,0x08,0x83,0xff,0x08,0x83,0xff,0x08,0x83,0xff,0x08,0x83,0xff,0x08,0x83,0xff,
    0x08,0x83,0xff,0x08,0x83,0xff,0x08,0x83,0xff,0x08,0x83,0xff,0x08,0x83,0xff,0x08,0x83,0xff,0x08,0x83,0xff,0x08,0x83,0xff,
    0x08,0x83,0xff,0x08,0x83,0xff,0x08,0x83,0xff,0x08,0x83,0xff,0x08,0x83,0xff,0x08,0x83,0xff,0x08,0x83,0xff,0x08,0x83,0xff,
    0x08,0x83,0xff,0x08,0x83,0xff,0x08,0x83,0xff,0x08,0x83,0xff,0x08,0x83,0xff,0x50,0x65,0xdc,0x00,0x00,0x00,0x00,0x00,0x00,
    0x00,0x00,0x00,0x00,0x00,0x00,0x50,0x65,0xdc,0x08,0x83,0xff,0x08,0x83,0xff,0x08,0x83,0xff,0x08,0x83,0xff,0x08,0x83,0xff,
    0x08,0x83,0xff,0x08,0x83,0xff,0x08,0x83,0xff,0x08,0x83,0xff,0x08,0x83,0xff,0x08,0x83,0xff,0x08,0x83,0xff,0x08,0x83,0xff,
    0x08,0x83,0xff,0x08,0x83,0xff,0x08,0x83,0xff,0x08,0x83,0xff,0x08,0x83,0xff,0x08,0x83,0xff,0x08,0x83,0xff,0x08,0x83,0xff,
    0x08,0x83,0xff,0x08,0x83,0xff,0x08,0x83,0xff,0x08,0x83,0xff,0x08,0x83,0xff,0x08,0x83,0xff,0x08,0x83,0xff,0x08,0x83,0xff,
    0x08,0x83,0xff,0x08,0x83,0xff,0x08,0x83,0xff,0x08,0x83,0xff,0x08,0x83,0xff,0x08,0x83,0xff,0x08,0x83,0xff,0x08,0x83,0xff,
    0x08,0x83,0xff,0x08,0x83,0xff,0x08,0x83,0xff,0x08,0x83,0xff,0x08,0x83,0xff,0x08,0x83,0xff,0x08,0x83,0xff,0x08,0x83,0xff,
    0x08,0x83,0xff,0x08,0x82,0xff,0x08,0x82,0xff,0x08,0x83,0xff,0x10,0x83,0xff,0x10,0x83,0xff,0x18,0x83,0xff,0x18,0x83,0xff,
    0x20,0x84,0xff,0xf9,0x50,0xff,0xf9,0x50,0xff,0xf9,0x50,0xff,0x20,0x83,0xff,0x18,0x83,0xff,0x10,0x83,0xff,0x10,0x83,0xff,
    0x08,0x83,0xff,0x08,0x82,0xff,0x08,0x82,0xff,0x08,0x83,0xff,0x08,0x83,0xff,0x08,0x83,0xff,0x08,0x83,0xff,0x08,0x83,0xff,
    0x08,0x83,0xff,0x08,0x83,0xff,0x08,0x83,0xff,0x08,0x83,0xff,0x08,0x83,0xff,0x08,0x83,0xff,0x08,0x83,0xff,0x08,0x83,0xff,
    0x08,0x83,0xff,0x08,0x83,0xff,0x08,0x83,0xff,0x08,0x83,0xff,0x08,0x83,0xff,0x08,0x83,0xff,0x08,0x83,0xff,0xd9,0x2e,0xff,
    0xd9,0x2e,0xff,0xd9,0x2e,0xff,0xd9,0x2e,0xff,0x08,0x83,0xff,0x08,0x83,0xff,0x08,0x83,0xff,0x08,0x83,0xff,0x08,0x83,0xff,
    0x08,0x83,0xff,0x08,0x83,0xff,0x08,0x83,0xff,0x08,0x83,0xff,0x08,0x83,0xff,0x08,0x83,0xff,0x08,0x83,0xff,0x08,0x83,0xff,
    0x08,0x83,0xff,0x08,0x83,0xff,0x08,0x83,0xff,0x08,0x83,0xff,0x08,0x83,0xff,0x08,0x83,0xff,0x08,0x83,0xff,0x08,0x83,0xff,
    0x08,0x83,0xff,0x08,0x83,0xff,0x08,0x83,0xff,0x08,0x83,0xff,0x08,0x83,0xff,0x08,0x83,0xff,0x08,0x83,0xff,0x08,0x83,0xff,
    0x08,0x83,0xff,0x08,0x83,0xff,0x08,0x83,0xff,0x08,0x83,0xff,0x08,0x83,0xff,0x08,0x83,0xff,0x08,0x83,0xff,0x08,0x83,0xff,
    0x08,0x83,0xff,0x08,0x83,0xff,0x08,0x83,0xff,0x08,0x83,0xff,0x08,0x83,0xff,0x50,0x65,0xdc,0x00,0x00,0x00,0x00,0x00,0x00,
    0x00,0x00,0x00,0x00,0x00,0x00,0x50,0x65,0xdc,0x08,0x83,0xff,0x08,0x83,0xff,0x08,0x83,0xff,0x08,0x83,0xff,0x08,0x83,0xff,
    0x08,0x83,0xff,0x08,0x83,0xff,0x08,0x83,0xff,0x08,0x83,0xff,0x08,0x83,0xff,0x08,0x83,0xff,0x08,0x83,0xff,0x08,0x83,0xff,
    0x08,0x83,0xff,0x08,0x83,0xff,0x08,0x83,0xff,0x08,0x83,0xff,0x08,0x83,0xff,0x08,0x83,0xff,0x08,0x83,0xff,0x08,0x83,0xff,
    0x08,0x83,0xff,0x08,0x83,0xff,0x08,0x83,0xff,0x08,0x83,0xff,0x08,0x83,0xff,0x08,0x83,0xff,0x08,0x83,0xff,0x08,0x83,0xff,
    0x08,0x83,0xff,0x08,0x83,0xff,0x08,0x83,0xff,0x08,0x83,0xff,0x08,0x83,0xff,0x08,0x83,0xff,0x08,0x83,0xff,0x08,0x83,0xff,
    0x08,0x83,0xff,0x08,0x83,0xff,0x08,0x83,0xff,0x08,0x83,0xff,0x08,0x83,0xff,0x08,0x83,0xff,0x08,0x83,0xff,0x08,0x83,0xff,
    0x08,0x82,0xff,0x08,0x82,0xff,0x08,0x82,0xff,0x10,0x83,0xff,0x10,0x83,0xff,0x18,0x83,0xff,0x18,0x83,0xff,0x20,0x83,0xff,
    0xf9,0x50,0xff,0xf9,0x50,0xff,0xf9,0x50,0xff,0x20,0x83,0xff,0x18,0x83,0xff,0x10,0x83,0xff,0x10,0x83,0xff,0x08,0x83,0xff,
    0x08,0x82,0xff,0x08,0x82,0xff,0x08,0x83,0xff,0x08,0x83,0xff,0x08,0x83,0xff,0x08,0x83,0xff,0x08,0x83,0xff,0x08,0x83,0xff,
    0x08,0x83,0xff,0x08,0x83,0xff,0x08,0x83,0xff,0x08,0x83,0xff,0x08,0x83,0xff,0x08,0x83,0xff,0x08,0x83,0xff,0x08,0x83,0xff,
    0x08,0x83,0xff,0x08,0x83,0xff,0x08,0x83,0xff,0x08,0x83,0xff,0x08,0x83,0xff,0x08,0x83,0xff,0x08,0x83,0xff,0x08,0x83,0xff,
    0x08,0x83,0xff,0xd9,0x2e,0xff,0xd9,0x2e,0xff,0xd9,0x2e,0xff,0x08,0x83,0xff,0x08,0x83,0xff,0x08,0x83,0xff,0x08,0x83,0xff,
    0x08,0x83,0xff,0x08,0x83,0xff,0x08,0x83,0xff,0x08,0x83,0xff,0x08,0x83,0xff,0x08,0x83,0xff,0x08,0x83,0xff,0x08,0x83,0xff,
    0x08,0x83,0xff,0x08,0x83,0xff,0x08,0x83,0xff,0x08,0x83,0xff,0x08,0x83,0xff,0x08,0x83,0xff,0x08,0x83,0xff,0x08,0x83,0xff,
    0x08,0x83,0xff,0x08,0x83,0xff,0x08,0x83,0xff,0x08,0x83,0xff,0x08,0x83,0xff,0x08,0x83,0xff,0x08,0x83,0xff,0x08,0x83,0xff,
    0x08,0x83,0xff,0x08,0x83,0xff,0x08,0x83,0xff,0x08,0x83,0xff,0x08,0x83,0xff,0x08,0x83,0xff,0x08,0x83,0xff,0x08,0x83,0xff,
    0x08,0x83,0xff,0x08,0x83,0xff,0x08,0x83,0xff,0x08,0x83,0xff,0x08,0x83,0xff,0x50,0x65,0xdc,0x00,0x00,0x00,0x00,0x00,0x00,
    0x00,0x00,0x00,0x00,0x00,0x00,0x50,0x65,0xdc,0x08,0x83,0xff,0x08,0x83,0xff,0x08,0x83,0xff,0x08,0x83,0xff,0x08,0x83,0xff,
    0x08,0x83,0xff,0x08,0x83,0xff,0x08,0x83,0xff,0x08,0x83,0xff,0x08,0x83,0xff,0x08,0x83,0xff,0x08,0x83,0xff,0x08,0x83,0xff,
    0x08,0x83,0xff,0x08,0x83,0xff,0x08,0x83,0xff,0x08,0x83,0xff,0x08,0x83,0xff,0x08,0x83,0xff,0x08,0x83,0xff,0x08,0x83,0xff,
    0x08,0x83,0xff,0x08,0x83,0xff,0x08,0x83,0xff,0x08,0x83,0xff,0x08,0x83,0xff,0x08,0x83,0xff,0x08,0x83,0xff,0x08,0x83,0xff,
    0x08,0x83,0xff,0x08,0x83,0xff,0x08,0x83,0xff,0x08,0x83,0xff,0x08,0x83,0xff,0x08,0x83,0xff,0x08,0x83,0xff,0x08,0x83,0xff,
    0x08,0x83,0xff,0x08,0x83,0xff,0x08,0x83,0xff,0x08,0x83,0xff,0x08,0x83,0xff,0x08,0x83,0xff,0x08,0x83,0xff,0x08,0x82,0xff,
    0x08,0x82,0xff,0x08,0x82,0xff,0x10,0x83,0xff,0x10,0x83,0xff,0x18,0x83,0xff,0x18,0x83,0xff,0x20,0x83,0xff,0xf9,0x50,0xff,
    0xf9,0x50,0xff,0xf9,0x50,0xff,0x20,0x83,0xff,0x18,0x83,0xff,0x18,0x83,0xff,0x10,0x83,0xff,0x10,0x83,0xff,0x08,0x82,0xff,
    0x08,0x82,0xff,0x08,0x82,0xff,0x08,0x83,0xff,0x08,0x83,0xff,0x08,0x83,0xff,0x08,0x83,0xff,0x08,0x83,0xff,0x08,0x83,0xff,
    0x08,0x83,0xff,0x08,0x83,0xff,0x08,0x83,0xff,0x08,0x83,0xff,0x08,0x83,0xff,0x08,0x83,0xff,0x08,0x83,0xff,0x08,0x83,0xff,
    0x08,0x83,0xff,0x08,0x83,0xff,0x08,0x83,0xff,0x08,0x83,0xff,0x08,0x83,0xff,0x08,0x83,0xff,0x08,0x83,0xff,0x08,0x83,0xff,
    0x08,0x83,0xff,0x08,0x83,0xff,0x08,0x83,0xff,0xd9,0x2e,0xff,0xd9,0x2e,0xff,0x08,0x83,0xff,0x08,0x83,0xff,0x08,0x83,0xff,
    0x08,0x83,0xff,0x08,0x83,0xff,0x08,0x83,0xff,0x08,0x83,0xff,0x08,0x83,0xff,0x08,0x83,0xff,0x08,0x83,0xff,0x08,0x83,0xff,
    0x08,0x83,0xff,0x08,0x83,0xff,0x08,0x83,0xff,0x08,0x83,0xff,0x08,0x83,0xff,0x08,0x83,0xff,0x08,0x83,0xff,0x08,0x83,0xff,
    0x08,0x83,0xff,0x08,0x83,0xff,0x08,0x83,0xff,0x08,0x83,0xff,0x08,0x83,0xff,0x08,0x83,0xff,0x08,0x83,0xff,0x08,0x83,0xff,
    0x08,0x83,0xff,0x08,0x83,0xff,0x08,0x83,0xff,0x08,0x83,0xff,0x08,0x83,0xff,0x08,0x83,0xff,0x08,0x83,0xff,0x08,0x83,0xff,
    0x08,0x83,0xff,0x08,0x83,0xff,0x08,0x83,0xff,0x08,0x83,0xff,0x08,0x83,0xff,0x50,0x65,0xdc,0x00,0x00,0x00,0x00,0x00,0x00,
    0x00,0x00,0x00,0x00,0x00,0x00,0x50,0x65,0xdc,0x08,0x83,0xff,0x08,0x83,0xff,0x08,0x83,0xff,0x08,0x83,0xff,0x08,0x83,0xff,
    0x08,0x83,0xff,0x08,0x83,0xff,0x08,0x83,0xff,0x08,0x83,0xff,0x08,0x83,0xff,0x08,0x83,0xff,0x08,0x83,0xff,0x08,0x83,0xff,
    0x08,0x83,0xff,0x08,0x83,0xff,0x08,0x83,0xff,0x08,0x83,0xff,0x08,0x83,0xff,0x08,0x83,0xff,0x08,0x83,0xff,0x08,0x83,0xff,
    0x08,0x83,0xff,0x08,0x83,0xff,0x08,0x83,0xff,0x08,0x83,0xff,0x08,0x83,0xff,0x08,0x83,0xff,0x08,0x83,0xff,0x08,0x83,0xff,
    0x08,0x83,0xff,0x08,0x83,0xff,0x08,0x83,0xff,0x08,0x83,0xff,0x08,0x83,0xff,0x08,0x83,0xff,0x08,0x83,0xff,0x08,0x83,0xff,
    0x08,0x83,0xff,0x08,0x83,0xff,0x08,0x83,0xff,0x08,0x83,0xff,0x08,0x83,0xff,0x08,0x83,0xff,0x08,0x83,0xff,0x08,0x82,0xff,
    0x08,0x82,0xff,0x08,0x83,0xff,0x10,0x83,0xff,0x10,0x83,0xff,0x18,0x83,0xff,0x20,0x83,0xff,0xf9,0x50,0xff,0xf9,0x50,0xff,
    0xf9,0x50,0xff,0x20,0x84,0xff,0x18,0x83,0xff,0x18,0x83,0xff,0x10,0x83,0xff,0x10,0x83,0xff,0x08,0x82,0xff,0x08,0x82,0xff,
    0x08,0x82,0xff,0x08,0x83,0xff,0x08,0x83,0xff,0x08,0x83,0xff,0x08,0x83,0xff,0x08,0x83,0xff,0x08,0x83,0xff,0x08,0x83,0xff,
    0x08,0x83,0xff,0x08,0x83,0xff,0x08,0x83,0xff,0x08,0x83,0xff,0x08,0x83,0xff,0x08,0x83,0xff,0x08,0x83,0xff,0x08,0x83,0xff,
    0x08,0x83,0xff,0x08,0x83,0xff,0x08,0x83,0xff,0x08,0x83,0xff,0x08,0x83,0xff,0x08,0x83,0xff,0x08,0x83,0xff,0x08,0x83,0xff,
    0x08,0x83,0xff,0x08,0x83,0xff,0x08,0x83,0xff,0x08,0x83,0xff,0xd9,0x2e,0xff,0xd9,0x2e,0xff,0x08,0x83,0xff,0x08,0x83,0xff,
    0x08,0x83,0xff,0x08,0x83,0xff,0x08,0x83,0xff,0x08,0x83,0xff,0x08,0x83,0xff,0x08,0x83,0xff,0x08,0x83,0xff,0x08,0x83,0xff,
    0x08,0x83,0xff,0x08,0x83,0xff,0x08,0x83,0xff,0x08,0x83,0xff,0x08,0x83,0xff,0x08,0x83,0xff,0x08,0x83,0xff,0x08,0x83,0xff,
    0x08,0x83,0xff,0x08,0x83,0xff,0x08,0x83,0xff,0x08,0x83,0xff,0x08,0x83,0xff,0x08,0x83,0xff,0x08,0x83,0xff,0x08,0x83,0xff,
    0x08,0x83,0xff,0x08,0x83,0xff,0x08,0x83,0xff,0x08,0x83,0xff,0x08,0x83,0xff,0x08,0x83,0xff,0x08,0x83,0xff,0x08,0x83,0xff,
    0x08,0x83,0xff,0x08,0x83,0xff,0x08,0x83,0xff,0x08,0x83,0xff,0x08,0x83,0xff,0x50,0x65,0xdc,0x00,0x00,0x00,0x00,0x00,0x00,
    0x00,0x00,0x00,0x00,0x00,0x00,0x50,0x65,0xdc,0x08,0x83,0xff,0x08,0x83,0xff,0x08,0x83,0xff,0x08,0x83,0xff,0x08,0x83,0xff,
    0x08,0x83,0xff,0x08,0x83,0xff,0x08,0x83,0xff,0x08,0x83,0xff,0x08,0x83,0xff,0x08,0x83,0xff,0x08,0x83,0xff,0x08,0x83,0xff,
    0x08,0x83,0xff,0x08,0x83,0xff,0x08,0x83,0xff,0x08,0x83,0xff,0x08,0x83,0xff,0x08,0x83,0xff,0x08,0x83,0xff,0x08,0x83,0xff,
    0x08,0x83,0xff,0x08,0x83,0xff,0x08,0x83,0xff,0x08,0x83,0xff,0x08,0x83,0xff,0x08,0x83,0xff,0x08,0x83,0xff,0x08,0x83,0xff,
    0x08,0x83,0xff,0x08,0x83,0xff,0x08,0x83,0xff,0x08,0x83,0xff,0x08,0x83,0xff,0x08,0x83,0xff,0x08,0x83,0xff,0x08,0x83,0xff,
    0x08,0x83,0xff,0x08,0x83,0xff,0x08,0x83,0xff,0x08,0x83,0xff,0x08,0x83,0xff,0x08,0x82,0xff,0x08,0x82,0xff,0x08,0x82,0xff,
    0x08,0x83,0xff,0x10,0x83,0xff,0x10,0x83,0xff,0x18,0x83,0xff,0x20,0x83,0xff,0xf9,0x50,0xff,0xf9,0x50,0xff,0xf9,0x50,0xff,
    0x20,0x84,0xff,0x18,0x83,0xff,0x18,0x83,0xff,0x10,0x83,0xff,0x10,0x83,0xff,0x08,0x83,0xff,0x08,0x82,0xff,0x08,0x82,0xff,
    0x08,0x82,0xff,0x08,0x83,0xff,0x08,0x83,0xff,0x08,0x83,0xff,0x08,0x83,0xff,0x08,0x83,0xff,0x08,0x83,0xff,0x08,0x83,0xff,
    0x08,0x83,0xff,0x08,0x83,0xff,0x08,0x83,0xff,0x08,0x83,0xff,0x08,0x83,0xff,0x08,0x83,0xff,0x08,0x83,0xff,0x08,0x83,0xff,
    0x08,0x83,0xff,0x08,0x83,0xff,0x08,0x83,0xff,0x08,0x83,0xff,0x08,0x83,0xff,0x08,0x83,0xff,0x08,0x83,0xff,0x08,0x83,0xff,
    0x08,0x83,0xff,0x08,0x83,0xff,0x08,0x83,0xff,0x08,0x83,0xff,0xd9,0x2e,0xff,0xd9,0x2e,0xff,0x08,0x83,0xff,0x08,0x83,0xff,
    0x08,0x83,0xff,0x08,0x83,0xff,0x08,0x83,0xff,0x08,0x83,0xff,0x08,0x83,0xff,0x08,0x83,0xff,0x08,0x83,0xff,0x08,0x83,0xff,
    0x08,0x83,0xff,0x08,0x83,0xff,0x08,0x83,0xff,0x08,0x83,0xff,0x08,0x83,0xff,0x08,0x83,0xff,0x08,0x83,0xff,0x08,0x83,0xff,
    0x08,0x83,0xff,0x08,0x83,0xff,0x08,0x83,0xff,0x08,0x83,0xff,0x08,0x83,0xff,0x08,0x83,0xff,0x08,0x83,0xff,0x08,0x83,0xff,
    0x08,0x83,0xff,0x08,0x83,0xff,0x08,0x83,0xff,0x08,0x83,0xff,0x08,0x83,0xff,0x08,0x83,0xff,0x08,0x83,0xff,0x08,0x83,0xff,
    0x08,0x83,0xff,0x08,0x83,0xff,0x08,0x83,0xff,0x08,0x83,0xff,0x08,0x83,0xff,0x50,0x65,0xdc,0x00,0x00,0x00,0x00,0x00,0x00,
    0x00,0x00,0x00,0x00,0x00,0x00,0x50,0x65,0xdc,0x08,0x83,0xff,0x08,0x83,0xff,0x08,0x83,0xff,0x08,0x83,0xff,0x08,0x83,0xff,
    0x08,0x83,0xff,0x08,0x83,0xff,0x08,0x83,0xff,0x08,0x83,0xff,0x08,0x83,0xff,0x08,0x83,0xff,0x08,0x83,0xff,0x08,0x83,0xff,
    0x08,0x83,0xff,0x08,0x83,0xff,0x08,0x83,0xff,0x08,0x83,0xff,0x08,0x83,0xff,0x08,0x83,0xff,0x08,0x83,0xff,0x08,0x83,0xff,
    0x08,0x83,0xff,0x08,0x83,0xff,0x08,0x83,0xff,0x08,0x83,0xff,0x08,0x83,0xff,0x08,0x83,0xff,0x08,0x83,0xff,0x08,0x83,0xff,
    0x08,0x83,0xff,0x08,0x83,0xff,0x08,0x83,0xff,0x08,0x83,0xff,0x08,0x83,0xff,0x08,0x83,0xff,0x08,0x83,0xff,0x08,0x83,0xff,
    0x08,0x83,0xff,0x08,0x83,0xff,0x08,0x83,0xff,0x08,0x83,0xff,0x08,0x83,0xff,0x08,0x82,0xff,0x08,0x82,0xff,0x08,0x83,0xff,
    0x10,0x83,0xff,0x10,0x83,0xff,0x18,0x83,0xff,0x20,0x84,0xff,0xf9,0x50,0xff,0xf9,0x50,0xff,0xf9,0x50,0xff,0x28,0x84,0xff,
    0x20,0x83,0xff,0x18,0x83,0xff,0x10,0x83,0xff,0x10,0x83,0xff,0x08,0x83,0xff,0x08,0x82,0xff,0x08,0x82,0xff,0x08,0x82,0xff,
    0x08,0x82,0xff,0x08,0x82,0xff,0x08,0x83,0xff,0x08,0x83,0xff,0x08,0x83,0xff,0x08,0x83,0xff,0x08,0x83,0xff,0x08,0x83,0xff,
    0x08,0x83,0xff,0x08,0x83,0xff,0x08,0x83,0xff,0x08,0x83,0xff,0x08,0x83,0xff,0x08,0x83,0xff,0x08,0x83,0xff,0x08,0x83,0xff,
    0x08,0x83,0xff,0x08,0x83,0xff,0x08,0x83,0xff,0x08,0x83,0xff,0x08,0x83,0xff,0x08,0x83,0xff,0x08,0x83,0xff,0x08,0x83,0xff,
    0x08,0x83,0xff,0x08,0x83,0xff,0x08,0x83,0xff,0x08,0x83,0xff,0x08,0x83,0xff,0xd9,0x2e,0xff,0xd9,0x2e,0xff,0x08,0x83,0xff,
    0x08,0x83,0xff,0x08,0x83,0xff,0x08,0x83,0xff,0x08,0x83,0xff,0x08,0x83,0xff,0x08,0x83,0xff,0x08,0x83,0xff,0x08,0x83,0xff,
    0x08,0x83,0xff,0x08,0x83,0xff,0x08,0x83,0xff,0x08,0x83,0xff,0x08,0x83,0xff,0x08,0x83,0xff,0x08,0x83,0xff,0x08,0x83,0xff,
    0x08,0x83,0xff,0x08,0x83,0xff,0x08,0x83,0xff,0x08,0x83,0xff,0x08,0x83,0xff,0x08,0x83,0xff,0x08,0x83,0xff,0x08,0x83,0xff,
    0x08,0x83,0xff,0x08,0x83,0xff,0x08,0x83,0xff,0x08,0x83,0xff,0x08,0x83,0xff,0x08,0x83,0xff,0x08,0x83,0xff,0x08,0x83,0xff,
    0x08,0x83,0xff,0x08,0x83,0xff,0x08,0x83,0xff,0x08,0x83,0xff,0x08,0x83,0xff,0x50,0x65,0xdc,0x00,0x00,0x00,0x00,0x00,0x00,
    0x00,0x00,0x00,0x00,0x00,0x00,0x50,0x65,0xdc,0x08,0x83,0xff,0x08,0x83,0xff,0x08,0x83,0xff,0x08,0x83,0xff,0x08,0x83,0xff,
    0x08,0x83,0xff,0x08,0x83,0xff,0x08,0x83,0xff,0x08,0x83,0xff,0x08,0x83,0xff,0x08,0x83,0xff,0x08,0x83,0xff,0x08,0x83,0xff,
    0x08,0x83,0xff,0x08,0x83,0xff,0x08,0x83,0xff,0x08,0x83,0xff,0x08,0x83,0xff,0x08,0x83,0xff,0x08,0x83,0xff,0x08,0x83,0xff,
    0x08,0x83,0xff,0x08,0x83,0xff,0x08,0x83,0xff,0x08,0x83,0xff,0x08,0x83,0xff,0x08,0x83,0xff,0x08,0x83,0xff,0x08,0x83,0xff,
    0x08,0x83,0xff,0x08,0x83,0xff,0x08,0x83,0xff,0x08,0x83,0xff,0x08,0x83,0xff,0x08,0x83,0xff,0x08,0x83,0xff,0x08,0x83,0xff,
    0x08,0x83,0xff,0x08,0x83,0xff,0x08,0x83,0xff,0x08,0x82,0xff,0x08,0x82,0xff,0x08,0x82,0xff,0x08,0x83,0xff,0x10,0x83,0xff,
    0x10,0x83,0xff,0x18,0x83,0xff,0x20,0x84,0xff,0xf9,0x50,0xff,0xf9,0x50,0xff,0xf9,0x50,0xff,0x28,0x84,0xff,0x28,0x84,0xff,
    0x20,0x83,0xff,0x18,0x83,0xff,0x10,0x83,0xff,0x10,0x83,0xff,0x08,0x83,0xff,0x08,0x82,0xff,0x08,0x82,0xff,0x08,0x82,0xff,
    0x08,0x82,0xff,0x08,0x82,0xff,0x08,0x82,0xff,0x08,0x82,0xff,0x08,0x82,0xff,0x08,0x82,0xff,0x08,0x82,0xff,0x08,0x82,0xff,
    0x08,0x82,0xff,0x08,0x82,0xff,0x08,0x82,0xff,0x08,0x82,0xff,0x08,0x82,0xff,0x08,0x82,0xff,0x08,0x82,0xff,0x08,0x82,0xff,
    0x08,0x82,0xff,0x08,0x82,0xff,0x08,0x82,0xff,0x08,0x82,0xff,0x08,0x82,0xff,0x08,0x82,0xff,0x08,0x82,0xff,0x08,0x82,0xff,
    0x08,0x82,0xff,0x08,0x82,0xff,0x08,0x82,0xff,0x08,0x83,0xff,0x08,0x83,0xff,0xd9,0x2e,0xff,0xd9,0x2e,0xff,0x08,0x83,0xff,
    0x08,0x83,0xff,0x08,0x83,0xff,0x08,0x83,0xff,0x08,0x83,0xff,0x08,0x83,0xff,0x08,0x83,0xff,0x08,0x83,0xff,0x08,0x83,0xff,
    0x08,0x83,0xff,0x08,0x83,0xff,0x08,0x83,0xff,0x08,0x83,0xff,0x08,0x83,0xff,0x08,0x83,0xff,0x08,0x83,0xff,0x08,0x83,0xff,
    0x08,0x83,0xff,0x08,0x83,0xff,0x08,0x83,0xff,0x08,0x83,0xff,0x08,0x83,0xff,0x08,0x83,0xff,0x08,0x83,0xff,0x08,0x83,0xff,
    0x08,0x83,0xff,0x08,0x83,0xff,0x08,0x83,0xff,0x08,0x83,0xff,0x08,0x83,0xff,0x08,0x83,0xff,0x08,0x83,0xff,0x08,0x83,0xff,
    0x08,0x83,0xff,0x08,0x83,0xff,0x08,0x83,0xff,0x08,0x83,0xff,0x08,0x83,0xff,0x50,0x65,0xdc,0x00,0x00,0x00,0x00,0x00,0x00,
    0x00,0x00,0x00,0x00,0x00,0x00,0x50,0x65,0xdc,0x08,0x83,0xff,0x08,0x83,0xff,0x08,0x83,0xff,0x08,0x83,0xff,0x08,0x83,0xff,
    0x08,0x83,0xff,0x08,0x83,0xff,0x08,0x83,0xff,0x08,0x83,0xff,0x08,0x83,0xff,0x08,0x83,0xff,0x08,0x83,0xff,0x08,0x83,0xff,
    0x08,0x83,0xff,0x08,0x83,0xff,0x08,0x83,0xff,0x08,0x83,0xff,0x08,0x83,0xff,0x08,0x83,0xff,0x08,0x83,0xff,0x08,0x83,0xff,
    0x08,0x83,0xff,0x08,0x83,0xff,0x08,0x83,0xff,0x08,0x83,0xff,0x08,0x83,0xff,0x08,0x83,0xff,0x08,0x83,0xff,0x08,0x83,0xff,
    0x08,0x83,0xff,0x08,0x83,0xff,0x08,0x83,0xff,0x08,0x83,0xff,0x08,0x83,0xff,0x08,0x83,0xff,0x08,0x83,0xff,0x08,0x83,0xff,
    0x08,0x83,0xff,0x08,0x83,0xff,0x08,0x83,0xff,0x08,0x82,0xff,0x08,0x82,0xff,0x08,0x83,0xff,0x10,0x83,0xff,0x10,0x83,0xff,
    0x18,0x83,0xff,0x20,0x84,0xff,0x28,0x84,0xff,0xf9,0x50,0xff,0xf9,0x50,0xff,0x30,0x85,0xff,0x30,0x84,0xff,0x28,0x84,0xff,
    0x20,0x83,0xff,0x18,0x83,0xff,0x10,0x83,0xff,0x10,0x83,0xff,0x10,0x83,0xff,0x08,0x83,0xff,0x08,0x82,0xff,0x08,0x82,0xff,
    0x08,0x82,0xff,0x08,0x82,0xff,0x08,0x82,0xff,0x08,0x82,0xff,0x08,0x82,0xff,0x08,0x82,0xff,0x08,0x82,0xff,0x08,0x82,0xff,
    0x08,0x82,0xff,0x08,0x82,0xff,0x08,0x82,0xff,0x08,0x82,0xff,0x08,0x82,0xff,0x08,0x82,0xff,0x08,0x82,0xff,0x08,0x82,0xff,
    0x08,0x82,0xff,0x08,0x82,0xff,0x08,0x82,0xff,0x08,0x82,0xff,0x08,0x82,0xff,0x08,0x82,0xff,0x08,0x82,0xff,0x08,0x82,0xff,
    0x08,0x82,0xff,0x08,0x82,0xff,0x08,0x82,0xff,0x08,0x82,0xff,0x08,0x82,0xff,0xd9,0x2e,0xff,0xd9,0x2e,0xff,0x08,0x83,0xff,
    0x08,0x83,0xff,0x08,0x83,0xff,0x08,0x83,0xff,0x08,0x83,0xff,0x08,0x83,0xff,0x08,0x83,0xff,0x08,0x83,0xff,0x08,0x83,0xff,
    0x08,0x83,0xff,0x08,0x83,0xff,0x08,0x83,0xff,0x08,0x83,0xff,0x08,0x83,0xff,0x08,0x83,0xff,0x08,0x83,0xff,0x08,0x83,0xff,
    0x08,0x83,0xff,0x08,0x83,0xff,0x08,0x83,0xff,0x08,0x83,0xff,0x08,0x83,0xff,0x08,0x83,0xff,0x08,0x83,0xff,0x08,0x83,0xff,
    0x08,0x83,0xff,0x08,0x83,0xff,0x08,0x83,0xff,0x08,0x83,0xff,0x08,0x83,0xff,0x08,0x83,0xff,0x08,0x83,0xff,0x08,0x83,0xff,
    0x08,0x83,0xff,0x08,0x83,0xff,0x08,0x83,0xff,0x08,0x83,0xff,0x08,0x83,0xff,0x50,0x65,0xdc,0x00,0x00,0x00,0x00,0x00,0x00,
    0x00,0x00,0x00,0x00,0x00,0x00,0x50,0x65,0xdc,0x08,0x83,0xff,0x08,0x83,0xff,0x08,0x83,0xff,0x08,0x83,0xff,0x08,0x83,0xff,
    0x08,0x83,0xff,0x08,0x83,0xff,0x08,0x83,0xff,0x08,0x83,0xff,0x08,0x83,0xff,0x08,0x83,0xff,0x08,0x83,0xff,0x08,0x83,0xff,
    0x08,0x83,0xff,0x08,0x83,0xff,0x08,0x83,0xff,0x08,0x83,0xff,0x08,0x83,0xff,0x08,0x83,0xff,0x08,0x83,0xff,0x08,0x83,0xff,
    0x08,0x83,0xff,0x08,0x83,0xff,0x08,0x83,0xff,0x08,0x83,0xff,0x08,0x83,0xff,0x08,0x83,0xff,0x08,0x83,0xff,0x08,0x83,0xff,
    0x08,0x83,0xff,0x08,0x83,0xff,0x08,0x83,0xff,0x08,0x83,0xff,0x08,0x83,0xff,0x08,0x83,0xff,0x08,0x83,0xff,0x08,0x83,0xff,
    0x08,0x83,0xff,0x08,0x83,0xff,0x08,0x82,0xff,0x08,0x82,0xff,0x08,0x83,0xff,0x10,0x83,0xff,0x10,0x83,0xff,0x18,0x83,0xff,
    0x20,0x84,0xff,0x30,0x84,0xff,0xf9,0x50,0xff,0xf9,0x50,0xff,0xf9,0x50,0xff,0x38,0x85,0xff,0x30,0x84,0xff,0x28,0x84,0xff,
    0x20,0x84,0xff,0x18,0x83,0xff,0x18,0x83,0xff,0x10,0x83,0xff,0x10,0x83,0xff,0x10,0x83,0xff,0x10,0x83,0xff,0x10,0x83,0xff,
    0x10,0x83,0xff,0x10,0x83,0xff,0x10,0x83,0xff,0x10,0x83,0xff,0x10,0x83,0xff,0x10,0x83,0xff,0x10,0x83,0xff,0x10,0x83,0xff,
    0x10,0x83,0xff,0x10,0x83,0xff,0x10,0x83,0xff,0x10,0x83,0xff,0x10,0x83,0xff,0x10,0x83,0xff,0x10,0x83,0xff,0x10,0x83,0xff,
    0x10,0x83,0xff,0x10,0x83,0xff,0x10,0x83,0xff,0x10,0x83,0xff,0x10,0x83,0xff,0x10,0x83,0xff,0x10,0x83,0xff,0x10,0x83,0xff,
    0x10,0x83,0xff,0x08,0x83,0xff,0x08,0x82,0xff,0x08,0x82,0xff,0x08,0x82,0xff,0xd9,0x2e,0xff,0xd9,0x2e,0xff,0x08,0x83,0xff,
    0x08,0x83,0xff,0x08,0x83,0xff,0x08,0x83,0xff,0x08,0x83,0xff,0x08,0x83,0xff,0x08,0x83,0xff,0x08,0x83,0xff,0x08,0x83,0xff,
    0x08,0x83,0xff,0x08,0x83,0xff,0x08,0x83,0xff,0x08,0x83,0xff,0x08,0x83,0xff,0x08,0x83,0xff,0x08,0x83,0xff,0x08,0x83,0xff,
    0x08,0x83,0xff,0x08,0x83,0xff,0x08,0x83,0xff,0x08,0x83,0xff,0x08,0x83,0xff,0x08,0x83,0xff,0x08,0x83,0xff,0x08,0x83,0xff,
    0x08,0x83,0xff,0x08,0x83,0xff,0x08,0x83,0xff,0x08,0x83,0xff,0x08,0x83,0xff,0x08,0x83,0xff,0x08,0x83,0xff,0x08,0x83,0xff,
    0x08,0x83,0xff,0x08,0x83,0xff,0x08,0x83,0xff,0x08,0x83,0xff,0x08,0x83,0xff,0x50,0x65,0xdc,0x00,0x00,0x00,0x00,0x00,0x00,
    0x00,0x00,0x00,0x00,0x00,0x00,0x50,0x65,0xdc,0x08,0x83,0xff,0x08,0x83,0xff,0x08,0x83,0xff,0x08,0x83,0xff,0x08,0x83,0xff,
    0x08,0x83,0xff,0x08,0x83,0xff,0x08,0x83,0xff,0x08,0x83,0xff,0x08,0x83,0xff,0x08,0x83,0xff,0x08,0x83,0xff,0x08,0x83,0xff,
    0x08,0x83,0xff,0x08,0x83,0xff,0x08,0x83,0xff,0x08,0x83,0xff,0x08,0x83,0xff,0x08,0x83,0xff,0x08,0x83,0xff,0x08,0x83,0xff,
    0x08,0x83,0xff,0x08,0x83,0xff,0x08,0x83,0xff,0x08,0x83,0xff,0x08,0x83,0xff,0x08,0x83,0xff,0x08,0x83,0xff,0x08,0x83,0xff,
    0x08,0x83,0xff,0x08,0x83,0xff,0x08,0x83,0xff,0x08,0x83,0xff,0x08,0x83,0xff,0x08,0x83,0xff,0x08,0x83,0xff,0x08,0x83,0xff,
    0x08,0x83,0xff,0x08,0x82,0xff,0x08,0x82,0xff,0x08,0x82,0xff,0x10,0x83,0xff,0x10,0x83,0xff,0x18,0x83,0xff,0x20,0x84,0xff,
    0x30,0x84,0xff,0xf9,0x50,0xff,0xf9,0x50,0xff,0xf9,0x50,0xff,0x40,0xa5,0xff,0x40,0xa5,0xff,0x38,0x85,0xff,0x30,0x84,0xff,
    0x28,0x84,0xff,0x20,0x83,0xff,0x18,0x83,0xff,0x18,0x83,0xff,0x18,0x83,0xff,0x18,0x83,0xff,0x18,0x83,0xff,0x18,0x83,0xff,
    0x18,0x83,0xff,0x18,0x83,0xff,0x18,0x83,0xff,0x18,0x83,0xff,0x18,0x83,0xff,0x18,0x83,0xff,0x18,0x83,0xff,0x18,0x83,0xff,
    0x18,0x83,0xff,0x18,0x83,0xff,0x18,0x83,0xff,0x18,0x83,0xff,0x18,0x83,0xff,0x18,0x83,0xff,0x18,0x83,0xff,0x18,0x83,0xff,
    0x18,0x83,0xff,0x18,0x83,0xff,0x18,0x83,0xff,0x18,0x83,0xff,0x18,0x83,0xff,0x18,0x83,0xff,0x10,0x83,0xff,0x10,0x83,0xff,
    0x10,0x83,0xff,0x10,0x83,0xff,0x10,0x83,0xff,0x10,0x83,0xff,0x08,0x82,0xff,0xd9,0x2e,0xff,0xd9,0x2e,0xff,0x08,0x82,0xff,
    0x08,0x83,0xff,0x08,0x83,0xff,0x08,0x83,0xff,0x08,0x83,0xff,0x08,0x83,0xff,0x08,0x83,0xff,0x08,0x83,0xff,0x08,0x83,0xff,
    0x08,0x83,0xff,0x08,0x83,0xff,0x08,0x83,0xff,0x08,0x83,0xff,0x08,0x83,0xff,0x08,0x83,0xff,0x08,0x83,0xff,0x08,0x83,0xff,
    0x08,0x83,0xff,0x08,0x83,0xff,0x08,0x83,0xff,0x08,0x83,0xff,0x08,0x83,0xff,0x08,0x83,0xff,0x08,0x83,0xff,0x08,0x83,0xff,
    0x08,0x83,0xff,0x08,0x83,0xff,0x08,0x83,0xff,0x08,0x83,0xff,0x08,0x83,0xff,0x08,0x83,0xff,0x08,0x83,0xff,0x08,0x83,0xff,
    0x08,0x83,0xff,0x08,0x83,0xff,0x08,0x83,0xff,0x08,0x83,0xff,0x08,0x83,0xff,0x50,0x65,0xdc,0x00,0x00,0x00,0x00,0x00,0x00,
    0x00,0x00,0x00,0x00,0x00,0x00,0x50,0x65,0xdc,0x08,0x83,0xff,0x08,0x83,0xff,0x08,0x83,0xff,0x08,0x83,0xff,0x08,0x83,0xff,
    0x08,0x83,0xff,0x08,0x83,0xff,0x08,0x83,0xff,0x08,0x83,0xff,0x08,0x83,0xff,0x08,0x83,0xff,0x08,0x83,0xff,0x08,0x83,0xff,
    0x08,0x83,0xff,0x08,0x83,0xff,0x08,0x83,0xff,0x08,0x83,0xff,0x08,0x83,0xff,0x08,0x83,0xff,0x08,0x83,0xff,0x08,0x83,0xff,
    0x08,0x83,0xff,0x08,0x83,0xff,0x08,0x83,0xff,0x08,0x83,0xff,0x08,0x83,0xff,0x08,0x83,0xff,0x08,0x83,0xff,0x08,0x83,0xff,
    0x08,0x83,0xff,0x08,0x83,0xff,0x08,0x83,0xff,0x08,0x83,0xff,0x08,0x83,0xff,0x08,0x83,0xff,0x08,0x83,0xff,0x08,0x83,0xff,
    0x08,0x82,0xff,0x08,0x82,0xff,0x08,0x82,0xff,0x10,0x83,0xff,0x10,0x83,0xff,0x18,0x83,0xff,0x20,0x84,0xff,0x30,0x84,0xff,
    0xf9,0x50,0xff,0xf9,0x50,0xff,0xf9,0x50,0xff,0x48,0xa6,0xff,0x48,0xa6,0xff,0x40,0xa5,0xff,0x38,0xa5,0xff,0x30,0x85,0xff,
    0x30,0x84,0xff,0x28,0x84,0xff,0x20,0x84,0xff,0x20,0x84,0xff,0x20,0x83,0xff,0x20,0x83,0xff,0x20,0x83,0xff,0x20,0x83,0xff,
    0x20,0x83,0xff,0x20,0x83,0xff,0x20,0x83,0xff,0x20,0x83,0xff,0x20,0x83,0xff,0x20,0x83,0xff,0x20,0x83,0xff,0x20,0x83,0xff,
    0x20,0x83,0xff,0x20,0x83,0xff,0x20,0x83,0xff,0x20,0x83,0xff,0x20,0x83,0xff,0x20,0x83,0xff,0x20,0x83,0xff,0x20,0x83,0xff,
    0x20,0x83,0xff,0x20,0x83,0xff,0x20,0x83,0xff,0x20,0x83,0xff,0x20,0x83,0xff,0x20,0x83,0xff,0x20,0x83,0xff,0x20,0x83,0xff,
    0x18,0x83,0xff,0x18,0x83,0xff,0x18,0x83,0xff,0x10,0x83,0xff,0xd9,0x2e,0xff,0xd9,0x2e,0xff,0x08,0x82,0xff,0x08,0x82,0xff,
    0x08,0x82,0xff,0x08,0x83,0xff,0x08,0x83,0xff,0x08,0x83,0xff,0x08,0x83,0xff,0x08,0x83,0xff,0x08,0x83,0xff,0x08,0x83,0xff,
    0x08,0x83,0xff,0x08,0x83,0xff,0x08,0x83,0xff,0x08,0x83,0xff,0x08,0x83,0xff,0x08,0x83,0xff,0x08,0x83,0xff,0x08,0x83,0xff,
    0x08,0x83,0xff,0x08,0x83,0xff,0x08,0x83,0xff,0x08,0x83,0xff,0x08,0x83,0xff,0x08,0x83,0xff,0x08,0x83,0xff,0x08,0x83,0xff,
    0x08,0x83,0xff,0x08,0x83,0xff,0x08,0x83,0xff,0x08,0x83,0xff,0x08,0x83,0xff,0x08,0x83,0xff,0x08,0x83,0xff,0x08,0x83,0xff,
    0x08,0x83,0xff,0x08,0x83,0xff,0x08,0x83,0xff,0x08,0x83,0xff,0x08,0x83,0xff,0x50,0x65,0xdc,0x00,0x00,0x00,0x00,0x00,0x00,
    0x00,0x00,0x00,0x00,0x00,0x00,0x50,0x65,0xdc,0x08,0x83,0xff,0x08,0x83,0xff,0x08,0x83,0xff,0x08,0x83,0xff,0x08,0x83,0xff,
    0x08,0x83,0xff,0x08,0x83,0xff,0x08,0x83,0xff,0x08,0x83,0xff,0x08,0x83,0xff,0x08,0x83,0xff,0x08,0x83,0xff,0x08,0x83,0xff,
    0x08,0x83,0xff,0x08,0x83,0xff,0x08,0x83,0xff,0x08,0x83,0xff,0x08,0x83,0xff,0x08,0x83,0xff,0x08,0x83,0xff,0x08,0x83,0xff,
    0x08,0x83,0xff,0x08,0x83,0xff,0x08,0x83,0xff,0x08,0x83,0xff,0x08,0x83,0xff,0x08,0x83,0xff,0x08,0x83,0xff,0x08,0x83,0xff,
    0x08,0x83,0xff,0x08,0x83,0xff,0x08,0x83,0xff,0x08,0x83,0xff,0x08,0x83,0xff,0x08,0x83,0xff,0x08,0x83,0xff,0x08,0x83,0xff,
    0x08,0x82,0xff,0x08,0x82,0xff,0x10,0x83,0xff,0x10,0x83,0xff,0x18,0x83,0xff,0x20,0x84,0xff,0xf9,0x50,0xff,0xf9,0x50,0xff,
    0xf9,0x50,0xff,0xf9,0x50,0xff,0xf9,0x50,0xff,0xf9,0x50,0xff,0xf9,0x50,0xff,0xf9,0x50,0xff,0xf9,0x50,0xff,0xf9,0x50,0xff,
    0xf9,0x50,0xff,0xf9,0x50,0xff,0xf9,0x50,0xff,0xf9,0x50,0xff,0xf9,0x50,0xff,0xf9,0x50,0xff,0xf9,0x50,0xff,0xf9,0x50,0xff,
    0xf9,0x50,0xff,0xf9,0x50,0xff,0xf9,0x50,0xff,0xf9,0x50,0xff,0xf9,0x50,0xff,0xf9,0x50,0xff,0xf9,0x50,0xff,0xf9,0x50,0xff,
    0xf9,0x50,0xff,0xf9,0x50,0xff,0xf9,0x50,0xff,0xf9,0x50,0xff,0xf9,0x50,0xff,0xf9,0x50,0xff,0xf9,0x50,0xff,0xf9,0x50,0xff,
    0xf9,0x50,0xff,0xf9,0x50,0xff,0xf9,0x50,0xff,0xf9,0x50,0xff,0xf9,0x50,0xff,0xf9,0x50,0xff,0xf9,0x50,0xff,0xf9,0x50,0xff,
    0xf9,0x50,0xff,0xf9,0x50,0xff,0xf9,0x50,0xff,0x18,0x83,0xff,0xd9,0x2e,0xff,0xd9,0x2e,0xff,0x08,0x83,0xff,0x08,0x82,0xff,
    0x08,0x82,0xff,0x08,0x83,0xff,0x08,0x83,0xff,0x08,0x83,0xff,0x08,0x83,0xff,0x08,0x83,0xff,0x08,0x83,0xff,0x08,0x83,0xff,
    0x08,0x83,0xff,0x08,0x83,0xff,0x08,0x83,0xff,0x08,0x83,0xff,0x08,0x83,0xff,0x08,0x83,0xff,0x08,0x83,0xff,0x08,0x83,0xff,
    0x08,0x83,0xff,0x08,0x83,0xff,0x08,0x83,0xff,0x08,0x83,0xff,0x08,0x83,0xff,0x08,0x83,0xff,0x08,0x83,0xff,0x08,0x83,0xff,
    0x08,0x83,0xff,0x08,0x83,0xff,0x08,0x83,0xff,0x08,0x83,0xff,0x08,0x83,0xff,0x08,0x83,0xff,0x08,0x83,0xff,0x08,0x83,0xff,
    0x08,0x83,0xff,0x08,0x83,0xff,0x08,0x83,0xff,0x08,0x83,0xff,0x08,0x83,0xff,0x50,0x65,0xdc,0x00,0x00,0x00,0x00,0x00,0x00,
    0x00,0x00,0x00,0x00,0x00,0x00,0x50,0x65,0xdc,0x08,0x83,0xff,0x08,0x83,0xff,0x08,0x83,0xff,0x08,0x83,0xff,0x08,0x83,0xff,
    0x08,0x83,0xff,0x08,0x83,0xff,0x08,0x83,0xff,0x08,0x83,0xff,0x08,0x83,0xff,0x08,0x83,0xff,0x08,0x83,0xff,0x08,0x83,0xff,
    0x08,0x83,0xff,0x08,0x83,0xff,0x08,0x83,0xff,0x08,0x83,0xff,0x08,0x83,0xff,0x08,0x83,0xff,0x08,0x83,0xff,0x08,0x83,0xff,
    0x08,0x83,0xff,0x08,0x83,0xff,0x08,0x83,0xff,0x08,0x83,0xff,0x08,0x83,0xff,0x08,0x83,0xff,0x08,0x83,0xff,0x08,0x83,0xff,
    0x08,0x83,0xff,0x08,0x83,0xff,0x08,0x83,0xff,0x08,0x83,0xff,0x08,0x83,0xff,0x08,0x83,0xff,0x08,0x83,0xff,0x08,0x82,0xff,
    0x08,0x82,0xff,0x08,0x82,0xff,0x10,0x83,0xff,0x18,0x83,0xff,0x20,0x83,0xff,0xf9,0x50,0xff,0xf9,0x50,0xff,0xf9,0x50,0xff,
    0xf9,0x50,0xff,0xf9,0x50,0xff,0xf9,0x50,0xff,0xf9,0x50,0xff,0xf9,0x50,0xff,0xf9,0x50,0xff,0xf9,0x50,0xff,0xf9,0x50,0xff,
    0xf9,0x50,0xff,0xf9,0x50,0xff,0xf9,0x50,0xff,0xf9,0x50,0xff,0xf9,0x50,0xff,0xf9,0x50,0xff,0xf9,0x50,0xff,0xf9,0x50,0xff,
    0xf9,0x50,0xff,0xf9,0x50,0xff,0xf9,0x50,0xff,0xf9,0x50,0xff,0xf9,0x50,0xff,0xf9,0x50,0xff,0xf9,0x50,0xff,0xf9,0x50,0xff,
    0xf9,0x50,0xff,0xf9,0x50,0xff,0xf9,0x50,0xff,0xf9,0x50,0xff,0xf9,0x50,0xff,0xf9,0x50,0xff,0xf9,0x50,0xff,0xf9,0x50,0xff,
    0xf9,0x50,0xff,0xf9,0x50,0xff,0xf9,0x50,0xff,0xf9,0x50,0xff,0xf9,0x50,0xff,0xf9,0x50,0xff,0xf9,0x50,0xff,0xf9,0x50,0xff,
    0xf9,0x50,0xff,0xf9,0x50,0xff,0xf9,0x50,0xff,0xf9,0x50,0xff,0xe1,0x2e,0xff,0x10,0x83,0xff,0x10,0x83,0xff,0x08,0x82,0xff,
    0x08,0x82,0xff,0x08,0x82,0xff,0x08,0x83,0xff,0x08,0x83,0xff,0x08,0x83,0xff,0x08,0x83,0xff,0x08,0x83,0xff,0x08,0x83,0xff,
    0x08,0x83,0xff,0x08,0x83,0xff,0x08,0x83,0xff,0x08,0x83,0xff,0x08,0x83,0xff,0x08,0x83,0xff,0x08,0x83,0xff,0x08,0x83,0xff,
    0x08,0x83,0xff,0x08,0x83,0xff,0x08,0x83,0xff,0x08,0x83,0xff,0x08,0x83,0xff,0x08,0x83,0xff,0x08,0x83,0xff,0x08,0x83,0xff,
    0x08,0x83,0xff,0x08,0x83,0xff,0x08,0x83,0xff,0x08,0x83,0xff,0x08,0x83,0xff,0x08,0x83,0xff,0x08,0x83,0xff,0x08,0x83,0xff,
    0x08,0x83,0xff,0x08,0x83,0xff,0x08,0x83,0xff,0x08,0x83,0xff,0x08,0x83,0xff,0x50,0x65,0xdc,0x00,0x00,0x00,0x00,0x00,0x00,
    0x00,0x00,0x00,0x00,0x00,0x00,0x50,0x65,0xdc,0x08,0x83,0xff,0x08,0x83,0xff,0x08,0x83,0xff,0x08,0x83,0xff,0x08,0x83,0xff,
    0x08,0x83,0xff,0x08,0x83,0xff,0x08,0x83,0xff,0x08,0x83,0xff,0x08,0x83,0xff,0x08,0x83,0xff,0x08,0x83,0xff,0x08,0x83,0xff,
    0x08,0x83,0xff,0x08,0x83,0xff,0x08,0x83,0xff,0x08,0x83,0xff,0x08,0x83,0xff,0x08,0x83,0xff,0x08,0x83,0xff,0x08,0x83,0xff,
    0x08,0x83,0xff,0x08,0x83,0xff,0x08,0x83,0xff,0x08,0x83,0xff,0x08,0x83,0xff,0x08,0x83,0xff,0x08,0x83,0xff,0x08,0x83,0xff,
    0x08,0x83,0xff,0x08,0x83,0xff,0x08,0x83,0xff,0x08,0x83,0xff,0x08,0x83,0xff,0x08,0x83,0xff,0x08,0x83,0xff,0x08,0x82,0xff,
    0x08,0x82,0xff,0x10,0x83,0xff,0x10,0x83,0xff,0x18,0x83,0xff,0xf9,0x50,0xff,0xf9,0x50,0xff,0xf9,0x50,0xff,0x40,0xa5,0xff,
    0x48,0xa6,0xff,0x48,0xa6,0xff,0x48,0xa6,0xff,0x40,0xa5,0xff,0x40,0xa5,0xff,0x40,0xa5,0xff,0x38,0x85,0xff,0x38,0x85,0xff,
    0x30,0x85,0xff,0x30,0x84,0xff,0x30,0x84,0xff,0x30,0x84,0xff,0x30,0x84,0xff,0x30,0x84,0xff,0x30,0x84,0xff,0x30,0x84,0xff,
    0x30,0x84,0xff,0x30,0x84,0xff,0x30,0x84,0xff,0x30,0x84,0xff,0x30,0x84,0xff,0x30,0x84,0xff,0x30,0x84,0xff,0x30,0x84,0xff,
    0x30,0x84,0xff,0x30,0x84,0xff,0x30,0x84,0xff,0x30,0x84,0xff,0x30,0x84,0xff,0x30,0x84,0xff,0x30,0x84,0xff,0x30,0x84,0xff,
    0x30,0x84,0xff,0x30,0x84,0xff,0x30,0x84,0xff,0x30,0x84,0xff,0x30,0x84,0xff,0x30,0x84,0xff,0x30,0x84,0xff,0x30,0x85,0xff,
    0x30,0x85,0xff,0x30,0x85,0xff,0xf9,0x50,0xff,0xf9,0x50,0xff,0xf9,0x50,0xff,0x18,0x83,0xff,0x10,0x83,0xff,0x10,0x83,0xff,
    0x08,0x82,0xff,0x08,0x82,0xff,0x08,0x83,0xff,0x08,0x83,0xff,0x08,0x83,0xff,0x08,0x83,0xff,0x08,0x83,0xff,0x08,0x83,0xff,
    0x08,0x83,0xff,0x08,0x83,0xff,0x08,0x83,0xff,0x08,0x83,0xff,0x08,0x83,0xff,0x08,0x83,0xff,0x08,0x83,0xff,0x08,0x83,0xff,
    0x08,0x83,0xff,0x08,0x83,0xff,0x08,0x83,0xff,0x08,0x83,0xff,0x08,0x83,0xff,0x08,0x83,0xff,0x08,0x83,0xff,0x08,0x83,0xff,
    0x08,0x83,0xff,0x08,0x83,0xff,0x08,0x83,0xff,0x08,0x83,0xff,0x08,0x83,0xff,0x08,0x83,0xff,0x08,0x83,0xff,0x08,0x83,0xff,
    0x08,0x83,0xff,0x08,0x83,0xff,0x08,0x83,0xff,0x08,0x83,0xff,0x08,0x83,0xff,0x50,0x65,0xdc,0x00,0x00,0x00,0x00,0x00,0x00,
    0x00,0x00,0x00,0x00,0x00,0x00,0x50,0x65,0xdc,0x08,0x83,0xff,0x08,0x83,0xff,0x08,0x83,0xff,0x08,0x83,0xff,0x08,0x83,0xff,
    0x08,0x83,0xff,0x08,0x83,0xff,0x08,0x83,0xff,0x08,0x83,0xff,0x08,0x83,0xff,0x08,0x83,0xff,0x08,0x83,0xff,0x08,0x83,0xff,
    0x08,0x83,0xff,0x08,0x83,0xff,0x08,0x83,0xff,0x08,0x83,0xff,0x08,0x83,0xff,0x08,0x83,0xff,0x08,0x83,0xff,0x08,0x83,0xff,
    0x08,0x83,0xff,0x08,0x83,0xff,0x08,0x83,0xff,0x08,0x83,0xff,0x08,0x83,0xff,0x08,0x83,0xff,0x08,0x83,0xff,0x08,0x83,0xff,
    0x08,0x83,0xff,0x08,0x83,0xff,0x08,0x83,0xff,0x08,0x83,0xff,0x08,0x83,0xff,0x08,0x83,0xff,0x08,0x82,0xff,0x08,0x82,0xff,
    0x08,0x82,0xff,0x10,0x83,0xff,0x18,0x83,0xff,0xf9,0x50,0xff,0xf9,0x50,0xff,0xf9,0x50,0xff,0x38,0x85,0xff,0x40,0xa5,0xff,
    0x40,0xa5,0xff,0x40,0xa5,0xff,0x38,0x85,0xff,0x38,0x85,0xff,0x30,0x85,0xff,0x30,0x84,0xff,0x30,0x84,0xff,0x30,0x84,0xff,
    0x30,0x84,0xff,0x30,0x84,0xff,0x30,0x84,0xff,0x30,0x84,0xff,0x30,0x84,0xff,0x30,0x84,0xff,0x30,0x84,0xff,0x30,0x84,0xff,
    0x28,0x84,0xff,0x28,0x84,0xff,0x28,0x84,0xff,0x28,0x84,0xff,0x28,0x84,0xff,0x28,0x84,0xff,0x28,0x84,0xff,0x28,0x84,0xff,
    0x28,0x84,0xff,0x28,0x84,0xff,0x28,0x84,0xff,0x28,0x84,0xff,0x28,0x84,0xff,0x28,0x84,0xff,0x28,0x84,0xff,0x28,0x84,0xff,
    0x28,0x84,0xff,0x28,0x84,0xff,0x28,0x84,0xff,0x28,0x84,0xff,0x28,0x84,0xff,0x28,0x84,0xff,0x30,0x84,0xff,0x30,0x84,0xff,
    0x38,0x85,0xff,0x38,0x85,0xff,0x30,0x85,0xff,0xf9,0x50,0xff,0xf9,0x50,0xff,0xf9,0x50,0xff,0x18,0x83,0xff,0x10,0x83,0xff,
    0x08,0x82,0xff,0x08,0x82,0xff,0x08,0x82,0xff,0x08,0x83,0xff,0x08,0x83,0xff,0x08,0x83,0xff,0x08,0x83,0xff,0x08,0x83,0xff,
    0x08,0x83,0xff,0x08,0x83,0xff,0x08,0x83,0xff,0x08,0x83,0xff,0x08,0x83,0xff,0x08,0x83,0xff,0x08,0x83,0xff,0x08,0x83,0xff,
    0x08,0x83,0xff,0x08,0x83,0xff,0x08,0x83,0xff,0x08,0x83,0xff,0x08,0x83,0xff,0x08,0x83,0xff,0x08,0x83,0xff,0x08,0x83,0xff,
    0x08,0x83,0xff,0x08,0x83,0xff,0x08,0x83,0xff,0x08,0x83,0xff,0x08,0x83,0xff,0x08,0x83,0xff,0x08,0x83,0xff,0x08,0x83,0xff,
    0x08,0x83,0xff,0x08,0x83,0xff,0x08,0x83,0xff,0x08,0x83,0xff,0x08,0x83,0xff,0x50,0x65,0xdc,0x00,0x00,0x00,0x00,0x00,0x00,
    0x00,0x00,0x00,0x00,0x00,0x00,0x50,0x65,0xdc,0x08,0x83,0xff,0x08,0x83,0xff,0x08,0x83,0xff,0x08,0x83,0xff,0x08,0x83,0xff,
    0x08,0x83,0xff,0x08,0x83,0xff,0x08,0x83,0xff,0x08,0x83,0xff,0x08,0x83,0xff,0x08,0x83,0xff,0x08,0x83,0xff,0x08,0x83,0xff,
    0x08,0x83,0xff,0x08,0x83,0xff,0x08,0x83,0xff,0x08,0x83,0xff,0x08,0x83,0xff,0x08,0x83,0xff,0x08,0x83,0xff,0x08,0x83,0xff,
    0x08,0x83,0xff,0x08,0x83,0xff,0x08,0x83,0xff,0x08,0x83,0xff,0x08,0x83,0xff,0x08,0x83,0xff,0x08,0x83,0xff,0x08,0x83,0xff,
    0x08,0x83,0xff,0x08,0x83,0xff,0x08,0x83,0xff,0x08,0x83,0xff,0x08,0x83,0xff,0x08,0x83,0xff,0x08,0x82,0xff,0x08,0x82,0xff,
    0x08,0x83,0xff,0x10,0x83,0xff,0x18,0x83,0xff,0xf9,0x50,0xff,0xf9,0x50,0xff,0x38,0x85,0xff,0x38,0x85,0xff,0x38,0x85,0xff,
    0x38,0x85,0xff,0x30,0x84,0xff,0x30,0x84,0xff,0x28,0x84,0xff,0x28,0x84,0xff,0x28,0x84,0xff,0x28,0x84,0xff,0x28,0x84,0xff,
    0x28,0x84,0xff,0x28,0x84,0xff,0x28,0x84,0xff,0x28,0x84,0xff,0x28,0x84,0xff,0x28,0x84,0xff,0x28,0x84,0xff,0x28,0x84,0xff,
    0x28,0x84,0xff,0x20,0x84,0xff,0x20,0x84,0xff,0x20,0x84,0xff,0x20,0x83,0xff,0x20,0x83,0xff,0x20,0x83,0xff,0x20,0x83,0xff,
    0x20,0x83,0xff,0x20,0x83,0xff,0x20,0x83,0xff,0x20,0x83,0xff,0x20,0x83,0xff,0x20,0x83,0xff,0x20,0x83,0xff,0x20,0x83,0xff,
    0x20,0x83,0xff,0x20,0x83,0xff,0x20,0x83,0xff,0x20,0x83,0xff,0x20,0x83,0xff,0x20,0x84,0xff,0x28,0x84,0xff,0x28,0x84,0xff,
    0x30,0x84,0xff,0x38,0x85,0xff,0x38,0x85,0xff,0x30,0x84,0xff,0xf9,0x50,0xff,0xf9,0x50,0xff,0x18,0x83,0xff,0x10,0x83,0xff,
    0x08,0x83,0xff,0x08,0x82,0xff,0x08,0x82,0xff,0x08,0x83,0xff,0x08,0x83,0xff,0x08,0x83,0xff,0x08,0x83,0xff,0x08,0x83,0xff,
    0x08,0x83,0xff,0x08,0x83,0xff,0x08,0x83,0xff,0x08,0x83,0xff,0x08,0x83,0xff,0x08,0x83,0xff,0x08,0x83,0xff,0x08,0x83,0xff,
    0x08,0x83,0xff,0x08,0x83,0xff,0x08,0x83,0xff,0x08,0x83,0xff,0x08,0x83,0xff,0x08,0x83,0xff,0x08,0x83,0xff,0x08,0x83,0xff,
    0x08,0x83,0xff,0x08,0x83,0xff,0x08,0x83,0xff,0x08,0x83,0xff,0x08,0x83,0xff,0x08,0x83,0xff,0x08,0x83,0xff,0x08,0x83,0xff,
    0x08,0x83,0xff,0x08,0x83,0xff,0x08,0x83,0xff,0x08,0x83,0xff,0x08,0x83,0xff,0x50,0x65,0xdc,0x00,0x00,0x00,0x00,0x00,0x00,
    0x00,0x00,0x00,0x00,0x00,0x00,0x50,0x65,0xdc,0x08,0x83,0xff,0x08,0x83,0xff,0x08,0x83,0xff,0x08,0x83,0xff,0x08,0x83,0xff,
    0x08,0x83,0xff,0x08,0x83,0xff,0x08,0x83,0xff,0x08,0x83,0xff,0x08,0x83,0xff,0x08,0x83,0xff,0x08,0x83,0xff,0x08,0x83,0xff,
    0x08,0x83,0xff,0x08,0x83,0xff,0x08,0x83,0xff,0x08,0x83,0xff,0x08,0x83,0xff,0x08,0x83,0xff,0x08,0x83,0xff,0x08,0x83,0xff,
    0x08,0x83,0xff,0x08,0x83,0xff,0x08,0x83,0xff,0x08,0x83,0xff,0x08,0x83,0xff,0x08,0x83,0xff,0x08,0x83,0xff,0x08,0x83,0xff,
    0x08,0x83,0xff,0x08,0x83,0xff,0x08,0x83,0xff,0x08,0x83,0xff,0x08,0x83,0xff,0x08,0x83,0xff,0x08,0x82,0xff,0x08,0x82,0xff,
    0x10,0x83,0xff,0x10,0x83,0xff,0x18,0x83,0xff,0xf9,0x50,0xff,0xf9,0x50,0xff,0x38,0x85,0xff,0x38,0x85,0xff,0x30,0x85,0xff,
    0x30,0x84,0xff,0x28,0x84,0xff,0x20,0x84,0xff,0x20,0x83,0xff,0x18,0x83,0xff,0x18,0x83,0xff,0x20,0x83,0xff,0x20,0x83,0xff,
    0x20,0x83,0xff,0x20,0x84,0xff,0x20,0x84,0xff,0x20,0x84,0xff,0x28,0x84,0xff,0x20,0x84,0xff,0x20,0x84,0xff,0x20,0x84,0xff,
    0x20,0x83,0xff,0x20,0x83,0xff,0x18,0x83,0xff,0x18,0x83,0xff,0x18,0x83,0xff,0x18,0x83,0xff,0x18,0x83,0xff,0x18,0x83,0xff,
    0x18,0x83,0xff,0x18,0x83,0xff,0x18,0x83,0xff,0x18,0x83,0xff,0x18,0x83,0xff,0x18,0x83,0xff,0x18,0x83,0xff,0x18,0x83,0xff,
    0x18,0x83,0xff,0x18,0x83,0xff,0x18,0x83,0xff,0x18,0x83,0xff,0x18,0x83,0xff,0x18,0x83,0xff,0x20,0x83,0xff,0x20,0x84,0xff,
    0x28,0x84,0xff,0x30,0x84,0xff,0x38,0x85,0xff,0x30,0x85,0xff,0xf9,0x50,0xff,0xf9,0x50,0xff,0x18,0x83,0xff,0x10,0x83,0xff,
    0x10,0x83,0xff,0x08,0x82,0xff,0x08,0x82,0xff,0x08,0x83,0xff,0x08,0x83,0xff,0x08,0x83,0xff,0x08,0x83,0xff,0x08,0x83,0xff,
    0x08,0x83,0xff,0x08,0x83,0xff,0x08,0x83,0xff,0x08,0x83,0xff,0x08,0x83,0xff,0x08,0x83,0xff,0x08,0x83,0xff,0x08,0x83,0xff,
    0x08,0x83,0xff,0x08,0x83,0xff,0x08,0x83,0xff,0x08,0x83,0xff,0x08,0x83,0xff,0x08,0x83,0xff,0x08,0x83,0xff,0x08,0x83,0xff,
    0x08,0x83,0xff,0x08,0x83,0xff,0x08,0x83,0xff,0x08,0x83,0xff,0x08,0x83,0xff,0x08,0x83,0xff,0x08,0x83,0xff,0x08,0x83,0xff,
    0x08,0x83,0xff,0x08,0x83,0xff,0x08,0x83,0xff,0x08,0x83,0xff,0x08,0x83,0xff,0x50,0x65,0xdc,0x00,0x00,0x00,0x00,0x00,0x00,
    0x00,0x00,0x00,0x00,0x00,0x00,0x50,0x65,0xdc,0x08,0x83,0xff,0x08,0x83,0xff,0x08,0x83,0xff,0x08,0x83,0xff,0x08,0x83,0xff,
    0x08,0x83,0xff,0x08,0x83,0xff,0x08,0x83,0xff,0x08,0x83,0xff,0x08,0x83,0xff,0x08,0x83,0xff,0x08,0x83,0xff,0x08,0x83,0xff,
    0x08,0x83,0xff,0x08,0x83,0xff,0x08,0x83,0xff,0x08,0x83,0xff,0x08,0x83,0xff,0x08,0x83,0xff,0x08,0x83,0xff,0x08,0x83,0xff,
    0x08,0x83,0xff,0x08,0x83,0xff,0x08,0x83,0xff,0x08,0x83,0xff,0x08,0x83,0xff,0x08,0x83,0xff,0x08,0x83,0xff,0x08,0x83,0xff,
    0x08,0x83,0xff,0x08,0x83,0xff,0x08,0x83,0xff,0x08,0x83,0xff,0x08,0x83,0xff,0x08,0x83,0xff,0x08,0x82,0xff,0x08,0x82,0xff,
    0x10,0x83,0xff,0x10,0x83,0xff,0x20,0x83,0xff,0xf9,0x50,0xff,0xf9,0x50,0xff,0x30,0x85,0xff,0x30,0x84,0xff,0x30,0x84,0xff,
    0x28,0x84,0xff,0x20,0x83,0xff,0x18,0x83,0xff,0x18,0x83,0xff,0x18,0x83,0xff,0x18,0x83,0xff,0x18,0x83,0xff,0x18,0x83,0xff,
    0x18,0x83,0xff,0x20,0x83,0xff,0x20,0x83,0xff,0x20,0x84,0xff,0x20,0x84,0xff,0x20,0x84,0xff,0x20,0x83,0xff,0x20,0x83,0xff,
    0x18,0x83,0xff,0x18,0x83,0xff,0x18,0x83,0xff,0x10,0x83,0xff,0x10,0x83,0xff,0x10,0x83,0xff,0x10,0x83,0xff,0x10,0x83,0xff,
    0x10,0x83,0xff,0x10,0x83,0xff,0x10,0x83,0xff,0x10,0x83,0xff,0x10,0x83,0xff,0x10,0x83,0xff,0x10,0x83,0xff,0x10,0x83,0xff,
    0x10,0x83,0xff,0x10,0x83,0xff,0x10,0x83,0xff,0x10,0x83,0xff,0x10,0x83,0xff,0x10,0x83,0xff,0x18,0x83,0xff,0x18,0x83,0xff,
    0x20,0x84,0xff,0x28,0x84,0xff,0x30,0x84,0xff,0x30,0x85,0xff,0xf9,0x50,0xff,0xf9,0x50,0xff,0x20,0x83,0xff,0x10,0x83,0xff,
    0x10,0x83,0xff,0x08,0x82,0xff,0x08,0x82,0xff,0x08,0x83,0xff,0x08,0x83,0xff,0x08,0x83,0xff,0x08,0x83,0xff,0x08,0x83,0xff,
    0x08,0x83,0xff,0x08,0x83,0xff,0x08,0x83,0xff,0x08,0x83,0xff,0x08,0x83,0xff,0x08,0x83,0xff,0x08,0x83,0xff,0x08,0x83,0xff,
    0x08,0x83,0xff,0x08,0x83,0xff,0x08,0x83,0xff,0x08,0x83,0xff,0x08,0x83,0xff,0x08,0x83,0xff,0x08,0x83,0xff,0x08,0x83,0xff,
    0x08,0x83,0xff,0x08,0x83,0xff,0x08,0x83,0xff,0x08,0x83,0xff,0x08,0x83,0xff,0x08,0x83,0xff,0x08,0x83,0xff,0x08,0x83,0xff,
    0x08,0x83,0xff,0x08,0x83,0xff,0x08,0x83,0xff,0x08,0x83,0xff,0x08,0x83,0xff,0x50,0x65,0xdc,0x00,0x00,0x00,0x00,0x00,0x00,
    0x00,0x00,0x00,0x00,0x00,0x00,0x50,0x65,0xdc,0x08,0x83,0xff,0x08,0x83,0xff,0x08,0x83,0xff,0x08,0x83,0xff,0x08,0x83,0xff,
    0x08,0x83,0xff,0x08,0x83,0xff,0x08,0x83,0xff,0x08,0x83,0xff,0x08,0x83,0xff,0x08,0x83,0xff,0x08,0x83,0xff,0x08,0x83,0xff,
    0x08,0x83,0xff,0x08,0x83,0xff,0x08,0x83,0xff,0x08,0x83,0xff,0x08,0x83,0xff,0x08,0x83,0xff,0x08,0x83,0xff,0x08,0x83,0xff,
    0x08,0x83,0xff,0x08,0x83,0xff,0x08,0x83,0xff,0x08,0x83,0xff,0x08,0x83,0xff,0x08,0x83,0xff,0x08,0x83,0xff,0x08,0x83,0xff,
    0x08,0x83,0xff,0x08,0x83,0xff,0x08,0x83,0xff,0x08,0x83,0xff,0x08,0x83,0xff,0x08,0x83,0xff,0x08,0x82,0xff,0x08,0x82,0xff,
    0x10,0x83,0xff,0x10,0x83,0xff,0x20,0x83,0xff,0xf9,0x50,0xff,0xf9,0x50,0xff,0x30,0x84,0xff,0x30,0x84,0xff,0x28,0x84,0xff,
    0x20,0x83,0xff,0x18,0x83,0xff,0x10,0x83,0xff,0x10,0x83,0xff,0x10,0x83,0xff,0x10,0x83,0xff,0x10,0x83,0xff,0x18,0x83,0xff,
    0x18,0x83,0xff,0x18,0x83,0xff,0x20,0x83,0xff,0x20,0x83,0xff,0x20,0x84,0xff,0x20,0x83,0xff,0x20,0x83,0xff,0x18,0x83,0xff,
    0x18,0x83,0xff,0x18,0x83,0xff,0x10,0x83,0xff,0x10,0x83,0xff,0x10,0x83,0xff,0x10,0x83,0xff,0x08,0x83,0xff,0x08,0x83,0xff,
    0x08,0x82,0xff,0x08,0x82,0xff,0x08,0x82,0xff,0x08,0x82,0xff,0x08,0x82,0xff,0x08,0x82,0xff,0x08,0x82,0xff,0x08,0x82,0xff,
    0x08,0x82,0xff,0x08,0x82,0xff,0x08,0x82,0xff,0x08,0x82,0xff,0x08,0x83,0xff,0x10,0x83,0xff,0x10,0x83,0xff,0x18,0x83,0xff,
    0x20,0x83,0xff,0x28,0x84,0xff,0x30,0x84,0xff,0x30,0x84,0xff,0xf9,0x50,0xff,0xf9,0x50,0xff,0x20,0x83,0xff,0x10,0x83,0xff,
    0x10,0x83,0xff,0x08,0x82,0xff,0x08,0x82,0xff,0x08,0x83,0xff,0x08,0x83,0xff,0x08,0x83,0xff,0x08,0x83,0xff,0x08,0x83,0xff,
    0x08,0x83,0xff,0x08,0x83,0xff,0x08,0x83,0xff,0x08,0x83,0xff,0x08,0x83,0xff,0x08,0x83,0xff,0x08,0x83,0xff,0x08,0x83,0xff,
    0x08,0x83,0xff,0x08,0x83,0xff,0x08,0x83,0xff,0x08,0x83,0xff,0x08,0x83,0xff,0x08,0x83,0xff,0x08,0x83,0xff,0x08,0x83,0xff,
    0x08,0x83,0xff,0x08,0x83,0xff,0x08,0x83,0xff,0x08,0x83,0xff,0x08,0x83,0xff,0x08,0x83,0xff,0x08,0x83,0xff,0x08,0x83,0xff,
    0x08,0x83,0xff,0x08,0x83,0xff,0x08,0x83,0xff,0x08,0x83,0xff,0x08,0x83,0xff,0x50,0x65,0xdc,0x00,0x00,0x00,0x00,0x00,0x00,
    0x00,0x00,0x00,0x00,0x00,0x00,0x50,0x65,0xdc,0x08,0x83,0xff,0x08,0x83,0xff,0x08,0x83,0xff,0x08,0x83,0xff,0x08,0x83,0xff,
    0x08,0x83,0xff,0x08,0x83,0xff,0x08,0x83,0xff,0x08,0x83,0xff,0x08,0x83,0xff,0x08,0x83,0xff,0x08,0x83,0xff,0x08,0x83,0xff,
    0x08,0x83,0xff,0x08,0x83,0xff,0x08,0x83,0xff,0x08,0x83,0xff,0x08,0x83,0xff,0x08,0x83,0xff,0x08,0x83,0xff,0x08,0x83,0xff,
    0x08,0x83,0xff,0x08,0x83,0xff,0x08,0x83,0xff,0x08,0x83,0xff,0x08,0x83,0xff,0x08,0x83,0xff,0x08,0x83,0xff,0x08,0x83,0xff,
    0x08,0x83,0xff,0x08,0x83,0xff,0x08,0x83,0xff,0x08,0x83,0xff,0x08,0x83,0xff,0x08,0x83,0xff,0x08,0x82,0xff,0x08,0x82,0xff,
    0x10,0x83,0xff,0x18,0x83,0xff,0x20,0x83,0xff,0xf9,0x50,0xff,0xf9,0x50,0xff,0x30,0x84,0xff,0x28,0x84,0xff,0x20,0x84,0xff,
    0x18,0x83,0xff,0x18,0x83,0xff,0x10,0x83,0xff,0x10,0x83,0xff,0x10,0x83,0xff,0x10,0x83,0xff,0x10,0x83,0xff,0x18,0x83,0xff,
    0x18,0x83,0xff,0x18,0x83,0xff,0xf9,0x50,0xff,0xf9,0x50,0xff,0xf9,0x50,0xff,0xf9,0x50,0xff,0xf9,0x50,0xff,0x18,0x83,0xff,
    0x18,0x83,0xff,0x18,0x83,0xff,0x10,0x83,0xff,0x10,0x83,0xff,0x10,0x83,0xff,0x08,0x83,0xff,0x08,0x82,0xff,0x08,0x82,0xff,
    0x08,0x82,0xff,0x08,0x82,0xff,0xd9,0x2e,0xff,0xd9,0x2e,0xff,0xd9,0x2e,0xff,0xd9,0x2e,0xff,0xd9,0x2e,0xff,0xd9,0x2e,0xff,
    0xd9,0x2e,0xff,0xd9,0x2e,0xff,0xd9,0x2e,0xff,0xd9,0x2e,0xff,0xd9,0x2e,0xff,0xd9,0x2e,0xff,0xd9,0x2e,0xff,0xd9,0x2e,0xff,
    0xe1,0x2e,0xff,0x20,0x84,0xff,0x28,0x84,0xff,0x30,0x84,0xff,0xf9,0x50,0xff,0xf9,0x50,0xff,0x20,0x83,0xff,0x18,0x83,0xff,
    0x10,0x83,0xff,0x08,0x82,0xff,0x08,0x82,0xff,0x08,0x83,0xff,0x08,0x83,0xff,0x08,0x83,0xff,0x08,0x83,0xff,0x08,0x83,0xff,
    0x08,0x83,0xff,0x08,0x83,0xff,0x08,0x83,0xff,0x08,0x83,0xff,0x08,0x83,0xff,0x08,0x83,0xff,0x08,0x83,0xff,0x08,0x83,0xff,
    0x08,0x83,0xff,0x08,0x83,0xff,0x08,0x83,0xff,0x08,0x83,0xff,0x08,0x83,0xff,0x08,0x83,0xff,0x08,0x83,0xff,0x08,0x83,0xff,
    0x08,0x83,0xff,0x08,0x83,0xff,0x08,0x83,0xff,0x08,0x83,0xff,0x08,0x83,0xff,0x08,0x83,0xff,0x08,0x83,0xff,0x08,0x83,0xff,
    0x08,0x83,0xff,0x08,0x83,0xff,0x08,0x83,0xff,0x08,0x83,0xff,0x08,0x83,0xff,0x50,0x65,0xdc,0x00,0x00,0x00,0x00,0x00,0x00,
    0x00,0x00,0x00,0x00,0x00,0x00,0x50,0x65,0xdc,0x08,0x83,0xff,0x08,0x83,0xff,0x08,0x83,0xff,0x08,0x83,0xff,0x08,0x83,0xff,
    0x08,0x83,0xff,0x08,0x83,0xff,0x08,0x83,0xff,0x08,0x83,0xff,0x08,0x83,0xff,0x08,0x83,0xff,0x08,0x83,0xff,0x08,0x83,0xff,
    0x08,0x83,0xff,0x08,0x83,0xff,0x08,0x83,0xff,0x08,0x83,0xff,0x08,0x83,0xff,0x08,0x83,0xff,0x08,0x83,0xff,0x08,0x83,0xff,
    0x08,0x83,0xff,0x08,0x83,0xff,0x08,0x83,0xff,0x08,0x83,0xff,0x08,0x83,0xff,0x08,0x83,0xff,0x08,0x83,0xff,0x08,0x83,0xff,
    0x08,0x83,0xff,0x08,0x83,0xff,0x08,0x83,0xff,0x08,0x83,0xff,0x08,0x83,0xff,0x08,0x83,0xff,0x08,0x82,0xff,0x08,0x82,0xff,
    0x10,0x83,0xff,0x18,0x83,0xff,0x20,0x83,0xff,0xf9,0x50,0xff,0xf9,0x50,0xff,0x30,0x84,0xff,0x28,0x84,0xff,0x20,0x84,0xff,
    0x18,0x83,0xff,0x18,0x83,0xff,0x10,0x83,0xff,0x10,0x83,0xff,0x10,0x83,0xff,0x10,0x83,0xff,0x18,0x83,0xff,0x18,0x83,0xff,
    0xf9,0x50,0xff,0xf9,0x50,0xff,0xf9,0x50,0xff,0xf9,0x50,0xff,0xf9,0x50,0xff,0xf9,0x50,0xff,0xf9,0x50,0xff,0xf9,0x50,0xff,
    0xf9,0x50,0xff,0x18,0x83,0xff,0x10,0x83,0xff,0x10,0x83,0xff,0x10,0x83,0xff,0x08,0x83,0xff,0x08,0x82,0xff,0x08,0x82,0xff,
    0x08,0x82,0xff,0x08,0x82,0xff,0xd9,0x2e,0xff,0xd9,0x2e,0xff,0xd9,0x2e,0xff,0xd9,0x2e,0xff,0xd9,0x2e,0xff,0xd9,0x2e,0xff,
    0xd9,0x2e,0xff,0xd9,0x2e,0xff,0xd9,0x2e,0xff,0xd9,0x2e,0xff,0xd9,0x2e,0xff,0xd9,0x2e,0xff,0xd9,0x2e,0xff,0xd9,0x2e,0xff,
    0xe1,0x2e,0xff,0x20,0x83,0xff,0x28,0x84,0xff,0x30,0x84,0xff,0xf9,0x50,0xff,0xf9,0x50,0xff,0x20,0x83,0xff,0x18,0x83,0xff,
    0x10,0x83,0xff,0x08,0x82,0xff,0x08,0x82,0xff,0x08,0x83,0xff,0x08,0x83,0xff,0x08,0x83,0xff,0x08,0x83,0xff,0x08,0x83,0xff,
    0x08,0x83,0xff,0x08,0x83,0xff,0x08,0x83,0xff,0x08,0x83,0xff,0x08,0x83,0xff,0x08,0x83,0xff,0x08,0x83,0xff,0x08,0x83,0xff,
    0x08,0x83,0xff,0x08,0x83,0xff,0x08,0x83,0xff,0x08,0x83,0xff,0x08,0x83,0xff,0x08,0x83,0xff,0x08,0x83,0xff,0x08,0x83,0xff,
    0x08,0x83,0xff,0x08,0x83,0xff,0x08,0x83,0xff,0x08,0x83,0xff,0x08,0x83,0xff,0x08,0x83,0xff,0x08,0x83,0xff,0x08,0x83,0xff,
    0x08,0x83,0xff,0x08,0x83,0xff,0x08,0x83,0xff,0x08,0x83,0xff,0x08,0x83,0xff,0x50,0x65,0xdc,0x00,0x00,0x00,0x00,0x00,0x00,
    0x00,0x00,0x00,0x00,0x00,0x00,0x50,0x65,0xdc,0x08,0x83,0xff,0x08,0x83,0xff,0x08,0x83,0xff,0x08,0x83,0xff,0x08,0x83,0xff,
    0x08,0x83,0xff,0x08,0x83,0xff,0x08,0x83,0xff,0x08,0x83,0xff,0x08,0x83,0xff,0x08,0x83,0xff,0x08,0x83,0xff,0x08,0x83,0xff,
    0x08,0x83,0xff,0x08,0x83,0xff,0x08,0x83,0xff,0x08,0x83,0xff,0x08,0x83,0xff,0x08,0x83,0xff,0x08,0x83,0xff,0x08,0x83,0xff,
    0x08,0x83,0xff,0x08,0x83,0xff,0x08,0x83,0xff,0x08,0x83,0xff,0x08,0x83,0xff,0x08,0x83,0xff,0x08,0x83,0xff,0x08,0x83,0xff,
    0x08,0x83,0xff,0x08,0x83,0xff,0x08,0x83,0xff,0x08,0x83,0xff,0x08,0x83,0xff,0x08,0x83,0xff,0x08,0x82,0xff,0x08,0x82,0xff,
    0x10,0x83,0xff,0x18,0x83,0xff,0x20,0x83,0xff,0xf9,0x50,0xff,0xf9,0x50,0xff,0x30,0x84,0xff,0x28,0x84,0xff,0x20,0x84,0xff,
    0x18,0x83,0xff,0x18,0x83,0xff,0x10,0x83,0xff,0x10,0x83,0xff,0x10,0x83,0xff,0x10,0x83,0xff,0xf9,0x50,0xff,0xf9,0x50,0xff,
    0xf9,0x50,0xff,0xf9,0x50,0xff,0x20,0x83,0xff,0x20,0x83,0xff,0x20,0x83,0xff,0x20,0x83,0xff,0x20,0x83,0xff,0xf9,0x50,0xff,
    0xf9,0x50,0xff,0xf9,0x50,0xff,0xf9,0x50,0xff,0x10,0x83,0xff,0x10,0x83,0xff,0x10,0x83,0xff,0x08,0x83,0xff,0x08,0x82,0xff,
    0x08,0x82,0xff,0x08,0x82,0xff,0x08,0x83,0xff,0x08,0x83,0xff,0x08,0x83,0xff,0x08,0x83,0xff,0x08,0x83,0xff,0x08,0x83,0xff,
    0x08,0x83,0xff,0x08,0x83,0xff,0x08,0x83,0xff,0x08,0x83,0xff,0x08,0x82,0xff,0x08,0x82,0xff,0x08,0x82,0xff,0x10,0x83,0xff,
    0x18,0x83,0xff,0x20,0x83,0xff,0x28,0x84,0xff,0x30,0x84,0xff,0xf9,0x50,0xff,0xf9,0x50,0xff,0x20,0x83,0xff,0x18,0x83,0xff,
    0x10,0x83,0xff,0x08,0x82,0xff,0x08,0x82,0xff,0x08,0x83,0xff,0x08,0x83,0xff,0x08,0x83,0xff,0x08,0x83,0xff,0x08,0x83,0xff,
    0x08,0x83,0xff,0x08,0x83,0xff,0x08,0x83,0xff,0x08,0x83,0xff,0x08,0x83,0xff,0x08,0x83,0xff,0x08,0x83,0xff,0x08,0x83,0xff,
    0x08,0x83,0xff,0x08,0x83,0xff,0x08,0x83,0xff,0x08,0x83,0xff,0x08,0x83,0xff,0x08,0x83,0xff,0x08,0x83,0xff,0x08,0x83,0xff,
    0x08,0x83,0xff,0x08,0x83,0xff,0x08,0x83,0xff,0x08,0x83,0xff,0x08,0x83,0xff,0x08,0x83,0xff,0x08,0x83,0xff,0x08,0x83,0xff,
    0x08,0x83,0xff,0x08,0x83,0xff,0x08,0x83,0xff,0x08,0x83,0xff,0x08,0x83,0xff,0x50,0x65,0xdc,0x00,0x00,0x00,0x00,0x00,0x00,
    0x00,0x00,0x00,0x00,0x00,0x00,0x50,0x65,0xdc,0x08,0x83,0xff,0x08,0x83,0xff,0x08,0x83,0xff,0x08,0x83,0xff,0x08,0x83,0xff,
    0x08,0x83,0xff,0x08,0x83,0xff,0x08,0x83,0xff,0x08,0x83,0xff,0x08,0x83,0xff,0x08,0x83,0xff,0x08,0x83,0xff,0x08,0x83,0xff,
    0x08,0x83,0xff,0x08,0x83,0xff,0x08,0x83,0xff,0x08,0x83,0xff,0x08,0x83,0xff,0x08,0x83,0xff,0x08,0x83,0xff,0x08,0x83,0xff,
    0x08,0x83,0xff,0x08,0x83,0xff,0x08,0x83,0xff,0x08,0x83,0xff,0x08,0x83,0xff,0x08,0x83,0xff,0x08,0x83,0xff,0x08,0x83,0xff,
    0x08,0x83,0xff,0x08,0x83,0xff,0x08,0x83,0xff,0x08,0x83,0xff,0x08,0x83,0xff,0x08,0x83,0xff,0x08,0x82,0xff,0x08,0x82,0xff,
    0x10,0x83,0xff,0x18,0x83,0xff,0x20,0x83,0xff,0xf9,0x50,0xff,0xf9,0x50,0xff,0x30,0x84,0xff,0x28,0x84,0xff,0x20,0x84,0xff,
    0x18,0x83,0xff,0x18,0x83,0xff,0x10,0x83,0xff,0x10,0x83,0xff,0x10,0x83,0xff,0xf9,0x50,0xff,0xf9,0x50,0xff,0xf9,0x50,0xff,
    0x18,0x83,0xff,0x18,0x83,0xff,0x18,0x83,0xff,0x18,0x83,0xff,0x18,0x83,0xff,0x18,0x83,0xff,0x18,0x83,0xff,0x18,0x83,0xff,
    0x18,0x83,0xff,0xf9,0x50,0xff,0xf9,0x50,0xff,0xf9,0x50,0xff,0x10,0x83,0xff,0x10,0x83,0xff,0x08,0x83,0xff,0x08,0x82,0xff,
    0x08,0x82,0xff,0x08,0x82,0xff,0x08,0x83,0xff,0x08,0x83,0xff,0x08,0x83,0xff,0x08,0x83,0xff,0x08,0x83,0xff,0x08,0x83,0xff,
    0x08,0x83,0xff,0x08,0x83,0xff,0x08,0x83,0xff,0x08,0x83,0xff,0x08,0x82,0xff,0x08,0x82,0xff,0x08,0x82,0xff,0x10,0x83,0xff,
    0x18,0x83,0xff,0x20,0x83,0xff,0x28,0x84,0xff,0x30,0x84,0xff,0xf9,0x50,0xff,0xf9,0x50,0xff,0x20,0x83,0xff,0x18,0x83,0xff,
    0x10,0x83,0xff,0x08,0x82,0xff,0x08,0x82,0xff,0x08,0x83,0xff,0x08,0x83,0xff,0x08,0x83,0xff,0x08,0x83,0xff,0x08,0x83,0xff,
    0x08,0x83,0xff,0x08,0x83,0xff,0x08,0x83,0xff,0x08,0x83,0xff,0x08,0x83,0xff,0x08,0x83,0xff,0x08,0x83,0xff,0x08,0x83,0xff,
    0x08,0x83,0xff,0x08,0x83,0xff,0x08,0x83,0xff,0x08,0x83,0xff,0x08,0x83,0xff,0x08,0x83,0xff,0x08,0x83,0xff,0x08,0x83,0xff,
    0x08,0x83,0xff,0x08,0x83,0xff,0x08,0x83,0xff,0x08,0x83,0xff,0x08,0x83,0xff,0x08,0x83,0xff,0x08,0x83,0xff,0x08,0x83,0xff,
    0x08,0x83,0xff,0x08,0x83,0xff,0x08,0x83,0xff,0x08,0x83,0xff,0x08,0x83,0xff,0x50,0x65,0xdc,0x00,0x00,0x00,0x00,0x00,0x00,
    0x00,0x00,0x00,0x00,0x00,0x00,0x50,0x65,0xdc,0x08,0x83,0xff,0x08,0x83,0xff,0x08,0x83,0xff,0x08,0x83,0xff,0x08,0x83,0xff,
    0x08,0x83,0xff,0x08,0x83,0xff,0x08,0x83,0xff,0x08,0x83,0xff,0x08,0x83,0xff,0x08,0x83,0xff,0x08,0x83,0xff,0x08,0x83,0xff,
    0x08,0x83,0xff,0x08,0x83,0xff,0x08,0x83,0xff,0x08,0x83,0xff,0x08,0x83,0xff,0x08,0x83,0xff,0x08,0x83,0xff,0x08,0x83,0xff,
    0x08,0x83,0xff,0x08,0x83,0xff,0x08,0x83,0xff,0x08,0x83,0xff,0x08,0x83,0xff,0x08,0x83,0xff,0x08,0x83,0xff,0x08,0x83,0xff,
    0x08,0x83,0xff,0x08,0x83,0xff,0x08,0x83,0xff,0x08,0x83,0xff,0x08,0x83,0xff,0x08,0x83,0xff,0x08,0x82,0xff,0x08,0x82,0xff,
    0x10,0x83,0xff,0x18,0x83,0xff,0x20,0x83,0xff,0xf9,0x50,0xff,0xf9,0x50,0xff,0x30,0x84,0xff,0x28,0x84,0xff,0x20,0x84,0xff,
    0x20,0x83,0xff,0x18,0x83,0xff,0x18,0x83,0xff,0x18,0x83,0xff,0x18,0x83,0xff,0xf9,0x50,0xff,0xf9,0x50,0xff,0x18,0x83,0xff,
    0x18,0x83,0xff,0x18,0x83,0xff,0x18,0x83,0xff,0x18,0x83,0xff,0x18,0x83,0xff,0x18,0x83,0xff,0x18,0x83,0xff,0x18,0x83,0xff,
    0x18,0x83,0xff,0x18,0x83,0xff,0xf9,0x50,0xff,0xf9,0x50,0xff,0x18,0x83,0xff,0x10,0x83,0xff,0x10,0x83,0xff,0x08,0x83,0xff,
    0x08,0x82,0xff,0x08,0x82,0xff,0x08,0x83,0xff,0x08,0x83,0xff,0x08,0x83,0xff,0x08,0x83,0xff,0x08,0x83,0xff,0x08,0x83,0xff,
    0x08,0x83,0xff,0x08,0x83,0xff,0x08,0x83,0xff,0x08,0x83,0xff,0x08,0x83,0xff,0x08,0x82,0xff,0x08,0x82,0xff,0x10,0x83,0xff,
    0x18,0x83,0xff,0x20,0x83,0xff,0x28,0x84,0xff,0x30,0x84,0xff,0xf9,0x50,0xff,0xf9,0x50,0xff,0x20,0x83,0xff,0x18,0x83,0xff,
    0x10,0x83,0xff,0x08,0x82,0xff,0x08,0x82,0xff,0x08,0x83,0xff,0x08,0x83,0xff,0x08,0x83,0xff,0x08,0x83,0xff,0x08,0x83,0xff,
    0x08,0x83,0xff,0x08,0x83,0xff,0x08,0x83,0xff,0x08,0x83,0xff,0x08,0x83,0xff,0x08,0x83,0xff,0x08,0x83,0xff,0x08,0x83,0xff,
    0x08,0x83,0xff,0x08,0x83,0xff,0x08,0x83,0xff,0x08,0x83,0xff,0x08,0x83,0xff,0x08,0x83,0xff,0x08,0x83,0xff,0x08,0x83,0xff,
    0x08,0x83,0xff,0x08,0x83,0xff,0x08,0x83,0xff,0x08,0x83,0xff,0x08,0x83,0xff,0x08,0x83,0xff,0x08,0x83,0xff,0x08,0x83,0xff,
    0x08,0x83,0xff,0x08,0x83,0xff,0x08,0x83,0xff,0x08,0x83,0xff,0x08,0x83,0xff,0x50,0x65,0xdc,0x00,0x00,0x00,0x00,0x00,0x00,
    0x00,0x00,0x00,0x00,0x00,0x00,0x50,0x65,0xdc,0x08,0x83,0xff,0x08,0x83,0xff,0x08,0x83,0xff,0x08,0x83,0xff,0x08,0x83,0xff,
    0x08,0x83,0xff,0x08,0x83,0xff,0x08,0x83,0xff,0x08,0x83,0xff,0x08,0x83,0xff,0x08,0x83,0xff,0x08,0x83,0xff,0x08,0x83,0xff,
    0x08,0x83,0xff,0x08,0x83,0xff,0x08,0x83,0xff,0x08,0x83,0xff,0x08,0x83,0xff,0x08,0x83,0xff,0x08,0x83,0xff,0x08,0x83,0xff,
    0x08,0x83,0xff,0x08,0x83,0xff,0x08,0x83,0xff,0x08,0x83,0xff,0x08,0x83,0xff,0x08,0x83,0xff,0x08,0x83,0xff,0x08,0x83,0xff,
    0x08,0x83,0xff,0x08,0x83,0xff,0x08,0x83,0xff,0x08,0x83,0xff,0x08,0x83,0xff,0x08,0x83,0xff,0x08,0x82,0xff,0x08,0x82,0xff,
    0x10,0x83,0xff,0x18,0x83,0xff,0x20,0x83,0xff,0xf9,0x50,0xff,0xf9,0x50,0xff,0x30,0x84,0xff,0x28,0x84,0xff,0x28,0x84,0xff,
    0x20,0x83,0xff,0x18,0x83,0xff,0x18,0x83,0xff,0x18,0x83,0xff,0xf9,0x50,0xff,0xf9,0x50,0xff,0x18,0x83,0xff,0x18,0x83,0xff,
    0x18,0x83,0xff,0x18,0x83,0xff,0x10,0x83,0xff,0x10,0x83,0xff,0x10,0x83,0xff,0x10,0x83,0xff,0x10,0x83,0xff,0x18,0x83,0xff,
    0x18,0x83,0xff,0x18,0x83,0xff,0x18,0x83,0xff,0xf9,0x50,0xff,0xf9,0x50,0xff,0x10,0x83,0xff,0x10,0x83,0xff,0x08,0x83,0xff,
    0x08,0x82,0xff,0x08,0x82,0xff,0x08,0x83,0xff,0x08,0x83,0xff,0x08,0x83,0xff,0x08,0x83,0xff,0x08,0x83,0xff,0x08,0x83,0xff,
    0x08,0x83,0xff,0x08,0x83,0xff,0x08,0x83,0xff,0x08,0x83,0xff,0x08,0x83,0xff,0x08,0x82,0xff,0x08,0x82,0xff,0x10,0x83,0xff,
    0x18,0x83,0xff,0x20,0x83,0xff,0x28,0x84,0xff,0x30,0x84,0xff,0xf9,0x50,0xff,0xf9,0x50,0xff,0x20,0x83,0xff,0x18,0x83,0xff,
    0x10,0x83,0xff,0x08,0x82,0xff,0x08,0x82,0xff,0x08,0x83,0xff,0x08,0x83,0xff,0x08,0x83,0xff,0x08,0x83,0xff,0x08,0x83,0xff,
    0x08,0x83,0xff,0x08,0x83,0xff,0x08,0x83,0xff,0x08,0x83,0xff,0x08,0x83,0xff,0x08,0x83,0xff,0x08,0x83,0xff,0x08,0x83,0xff,
    0x08,0x83,0xff,0x08,0x83,0xff,0x08,0x83,0xff,0x08,0x83,0xff,0x08,0x83,0xff,0x08,0x83,0xff,0x08,0x83,0xff,0x08,0x83,0xff,
    0x08,0x83,0xff,0x08,0x83,0xff,0x08,0x83,0xff,0x08,0x83,0xff,0x08,0x83,0xff,0x08,0x83,0xff,0x08,0x83,0xff,0x08,0x83,0xff,
    0x08,0x83,0xff,0x08,0x83,0xff,0x08,0x83,0xff,0x08,0x83,0xff,0x08,0x83,0xff,0x50,0x65,0xdc,0x00,0x00,0x00,0x00,0x00,0x00,
    0x00,0x00,0x00,0x00,0x00,0x00,0x50,0x65,0xdc,0x08,0x83,0xff,0x08,0x83,0xff,0x08,0x83,0xff,0x08,0x83,0xff,0x08,0x83,0xff,
    0x08,0x83,0xff,0x08,0x83,0xff,0x08,0x83,0xff,0x08,0x83,0xff,0x08,0x83,0xff,0x08,0x83,0xff,0x08,0x83,0xff,0x08,0x83,0xff,
    0x08,0x83,0xff,0x08,0x83,0xff,0x08,0x83,0xff,0x08,0x83,0xff,0x08,0x83,0xff,0x08,0x83,0xff,0x08,0x83,0xff,0x08,0x83,0xff,
    0x08,0x83,0xff,0x08,0x83,0xff,0x08,0x83,0xff,0x08,0x83,0xff,0x08,0x83,0xff,0x08,0x83,0xff,0x08,0x83,0xff,0x08,0x83,0xff,
    0x08,0x83,0xff,0x08,0x83,0xff,0x08,0x83,0xff,0x08,0x83,0xff,0x08,0x83,0xff,0x08,0x83,0xff,0x08,0x82,0xff,0x08,0x82,0xff,
    0x10,0x83,0xff,0x18,0x83,0xff,0x20,0x83,0xff,0xf9,0x50,0xff,0xf9,0x50,0xff,0x30,0x84,0xff,0x30,0x84,0xff,0x28,0x84,0xff,
    0x20,0x84,0xff,0x20,0x83,0xff,0x18,0x83,0xff,0x18,0x83,0xff,0xf9,0x50,0xff,0xf9,0x50,0xff,0x18,0x83,0xff,0x18,0x83,0xff,
    0x18,0x83,0xff,0x10,0x83,0xff,0x10,0x83,0xff,0x10,0x83,0xff,0x10,0x83,0xff,0x10,0x83,0xff,0x10,0x83,0xff,0x10,0x83,0xff,
    0x18,0x83,0xff,0x18,0x83,0xff,0x18,0x83,0xff,0xf9,0x50,0xff,0xf9,0x50,0xff,0x18,0x83,0xff,0x10,0x83,0xff,0x10,0x83,0xff,
    0x08,0x82,0xff,0x08,0x82,0xff,0xd9,0x2e,0xff,0xd9,0x2e,0xff,0xd9,0x2e,0xff,0xd9,0x2e,0xff,0xd9,0x2e,0xff,0xd9,0x2e,0xff,
    0xd9,0x2e,0xff,0xd9,0x2e,0xff,0xd9,0x2e,0xff,0xd9,0x2e,0xff,0xd9,0x2e,0xff,0xd9,0x2e,0xff,0xd9,0x2e,0xff,0xd9,0x2e,0xff,
    0xd9,0x2e,0xff,0x20,0x83,0xff,0x28,0x84,0xff,0x30,0x84,0xff,0xf9,0x50,0xff,0xf9,0x50,0xff,0x20,0x83,0xff,0x18,0x83,0xff,
    0x10,0x83,0xff,0x08,0x82,0xff,0x08,0x82,0xff,0x08,0x83,0xff,0x08,0x83,0xff,0x08,0x83,0xff,0x08,0x83,0xff,0x08,0x83,0xff,
    0x08,0x83,0xff,0x08,0x83,0xff,0x08,0x83,0xff,0x08,0x83,0xff,0x08,0x83,0xff,0x08,0x83,0xff,0x08,0x83,0xff,0x08,0x83,0xff,
    0x08,0x83,0xff,0x08,0x83,0xff,0x08,0x83,0xff,0x08,0x83,0xff,0x08,0x83,0xff,0x08,0x83,0xff,0x08,0x83,0xff,0x08,0x83,0xff,
    0x08,0x83,0xff,0x08,0x83,0xff,0x08,0x83,0xff,0x08,0x83,0xff,0x08,0x83,0xff,0x08,0x83,0xff,0x08,0x83,0xff,0x08,0x83,0xff,
    0x08,0x83,0xff,0x08,0x83,0xff,0x08,0x83,0xff,0x08,0x83,0xff,0x08,0x83,0xff,0x50,0x65,0xdc,0x00,0x00,0x00,0x00,0x00,0x00,
    0x00,0x00,0x00,0x00,0x00,0x00,0x50,0x65,0xdc,0x08,0x83,0xff,0x08,0x83,0xff,0x08,0x83,0xff,0x08,0x83,0xff,0x08,0x83,0xff,
    0x08,0x83,0xff,0x08,0x83,0xff,0x08,0x83,0xff,0x08,0x83,0xff,0x08,0x83,0xff,0x08,0x83,0xff,0x08,0x83,0xff,0x08,0x83,0xff,
    0x08,0x83,0xff,0x08,0x83,0xff,0x08,0x83,0xff,0x08,0x83,0xff,0x08,0x83,0xff,0x08,0x83,0xff,0x08,0x83,0xff,0x08,0x83,0xff,
    0x08,0x83,0xff,0x08,0x83,0xff,0x08,0x83,0xff,0x08,0x83,0xff,0x08,0x83,0xff,0x08,0x83,0xff,0x08,0x83,0xff,0x08,0x83,0xff,
    0x08,0x83,0xff,0x08,0x83,0xff,0x08,0x83,0xff,0x08,0x83,0xff,0x08,0x83,0xff,0x08,0x83,0xff,0x08,0x82,0xff,0x08,0x82,0xff,
    0x10,0x83,0xff,0x18,0x83,0xff,0x20,0x83,0xff,0xf9,0x50,0xff,0xf9,0x50,0xff,0x30,0x84,0xff,0x30,0x84,0xff,0x28,0x84,0xff,
    0x20,0x84,0xff,0x20,0x83,0xff,0x20,0x83,0xff,0xf9,0x50,0xff,0xf9,0x50,0xff,0x20,0x83,0xff,0x18,0x83,0xff,0x18,0x83,0xff,
    0x10,0x83,0xff,0x10,0x83,0xff,0x08,0x83,0xff,0x08,0x82,0xff,0x08,0x82,0xff,0x08,0x82,0xff,0x08,0x83,0xff,0x10,0x83,0xff,
    0x10,0x83,0xff,0x18,0x83,0xff,0x18,0x83,0xff,0x18,0x83,0xff,0xf9,0x50,0xff,0xf9,0x50,0xff,0x10,0x83,0xff,0x10,0x83,0xff,
    0x08,0x83,0xff,0x08,0x82,0xff,0xd9,0x2e,0xff,0xd9,0x2e,0xff,0xd9,0x2e,0xff,0xd9,0x2e,0xff,0xd9,0x2e,0xff,0xd9,0x2e,0xff,
    0xd9,0x2e,0xff,0xd9,0x2e,0xff,0xd9,0x2e,0xff,0xd9,0x2e,0xff,0xd9,0x2e,0xff,0xd9,0x2e,0xff,0xd9,0x2e,0xff,0xd9,0x2e,0xff,
    0xd9,0x2e,0xff,0x20,0x83,0xff,0x28,0x84,0xff,0x30,0x84,0xff,0xf9,0x50,0xff,0xf9,0x50,0xff,0x20,0x83,0xff,0x18,0x83,0xff,
    0x10,0x83,0xff,0x08,0x82,0xff,0x08,0x82,0xff,0x08,0x83,0xff,0x08,0x83,0xff,0x08,0x83,0xff,0x08,0x83,0xff,0x08,0x83,0xff,
    0x08,0x83,0xff,0x08,0x83,0xff,0x08,0x83,0xff,0x08,0x83,0xff,0x08,0x83,0xff,0x08,0x83,0xff,0x08,0x83,0xff,0x08,0x83,0xff,
    0x08,0x83,0xff,0x08,0x83,0xff,0x08,0x83,0xff,0x08,0x83,0xff,0x08,0x83,0xff,0x08,0x83,0xff,0x08,0x83,0xff,0x08,0x83,0xff,
    0x08,0x83,0xff,0x08,0x83,0xff,0x08,0x83,0xff,0x08,0x83,0xff,0x08,0x83,0xff,0x08,0x83,0xff,0x08,0x83,0xff,0x08,0x83,0xff,
    0x08,0x83,0xff,0x08,0x83,0xff,0x08,0x83,0xff,0x08,0x83,0xff,0x08,0x83,0xff,0x50,0x65,0xdc,0x00,0x00,0x00,0x00,0x00,0x00,
    0x00,0x00,0x00,0x00,0x00,0x00,0x50,0x65,0xdc,0x08,0x83,0xff,0x08,0x83,0xff,0x08,0x83,0xff,0x08,0x83,0xff,0x08,0x83,0xff,
    0x08,0x83,0xff,0x08,0x83,0xff,0x08,0x83,0xff,0x08,0x83,0xff,0x08,0x83,0xff,0x08,0x83,0xff,0x08,0x83,0xff,0x08,0x83,0xff,
    0x08,0x83,0xff,0x08,0x83,0xff,0x08,0x83,0xff,0x08,0x83,0xff,0x08,0x83,0xff,0x08,0x83,0xff,0x08,0x83,0xff,0x08,0x83,0xff,
    0x08,0x83,0xff,0x08,0x83,0xff,0x08,0x83,0xff,0x08,0x83,0xff,0x08,0x83,0xff,0x08,0x83,0xff,0x08,0x83,0xff,0x08,0x83,0xff,
    0x08,0x83,0xff,0x08,0x83,0xff,0x08,0x83,0xff,0x08,0x83,0xff,0x08,0x83,0xff,0x08,0x83,0xff,0x08,0x82,0xff,0x08,0x82,0xff,
    0x10,0x83,0xff,0x18,0x83,0xff,0x20,0x83,0xff,0xf9,0x50,0xff,0xf9,0x50,0xff,0x30,0x84,0xff,0x30,0x84,0xff,0x28,0x84,0xff,
    0x20,0x84,0xff,0x20,0x84,0xff,0x20,0x84,0xff,0xf9,0x50,0xff,0xf9,0x50,0xff,0x20,0x83,0xff,0x18,0x83,0xff,0x18,0x83,0xff,
    0x10,0x83,0xff,0x10,0x83,0xff,0x08,0x83,0xff,0x08,0x82,0xff,0xf9,0x50,0xff,0x08,0x82,0xff,0x08,0x83,0xff,0x10,0x83,0xff,
    0x10,0x83,0xff,0x18,0x83,0xff,0x18,0x83,0xff,0x18,0x83,0xff,0xf9,0x50,0xff,0xf9,0x50,0xff,0x10,0x83,0xff,0x10,0x83,0xff,
    0x08,0x83,0xff,0x08,0x82,0xff,0x08,0x82,0xff,0x08,0x83,0xff,0x08,0x83,0xff,0x08,0x83,0xff,0x08,0x83,0xff,0x08,0x83,0xff,
    0x08,0x83,0xff,0x08,0x83,0xff,0x08,0x83,0xff,0x08,0x83,0xff,0x08,0x83,0xff,0x08,0x82,0xff,0x08,0x82,0xff,0x10,0x83,0xff,
    0x18,0x83,0xff,0x20,0x83,0xff,0x28,0x84,0xff,0x30,0x84,0xff,0xf9,0x50,0xff,0xf9,0x50,0xff,0x20,0x83,0xff,0x18,0x83,0xff,
    0x10,0x83,0xff,0x08,0x82,0xff,0x08,0x82,0xff,0x08,0x83,0xff,0x08,0x83,0xff,0x08,0x83,0xff,0x08,0x83,0xff,0x08,0x83,0xff,
    0x08,0x83,0xff,0x08,0x83,0xff,0x08,0x83,0xff,0x08,0x83,0xff,0x08,0x83,0xff,0x08,0x83,0xff,0x08,0x83,0xff,0x08,0x83,0xff,
    0x08,0x83,0xff,0x08,0x83,0xff,0x08,0x83,0xff,0x08,0x83,0xff,0x08,0x83,0xff,0x08,0x83,0xff,0x08,0x83,0xff,0x08,0x83,0xff,
    0x08,0x83,0xff,0x08,0x83,0xff,0x08,0x83,0xff,0x08,0x83,0xff,0x08,0x83,0xff,0x08,0x83,0xff,0x08,0x83,0xff,0x08,0x83,0xff,
    0x08,0x83,0xff,0x08,0x83,0xff,0x08,0x83,0xff,0x08,0x83,0xff,0x08,0x83,0xff,0x50,0x65,0xdc,0x00,0x00,0x00,0x00,0x00,0x00,
    0x00,0x00,0x00,0x00,0x00,0x00,0x50,0x65,0xdc,0x08,0x83,0xff,0x08,0x83,0xff,0x08,0x83,0xff,0x08,0x83,0xff,0x08,0x83,0xff,
    0x08,0x83,0xff,0x08,0x83,0xff,0x08,0x83,0xff,0x08,0x83,0xff,0x08,0x83,0xff,0x08,0x83,0xff,0x08,0x83,0xff,0x08,0x83,0xff,
    0x08,0x83,0xff,0x08,0x83,0xff,0x08,0x83,0xff,0x08,0x83,0xff,0x08,0x83,0xff,0x08,0x83,0xff,0x08,0x83,0xff,0x08,0x83,0xff,
    0x08,0x83,0xff,0x08,0x83,0xff,0x08,0x83,0xff,0x08,0x83,0xff,0x08,0x83,0xff,0x08,0x83,0xff,0x08,0x83,0xff,0x08,0x83,0xff,
    0x08,0x83,0xff,0x08,0x83,0xff,0x08,0x83,0xff,0x08,0x83,0xff,0x08,0x83,0xff,0x08,0x83,0xff,0x08,0x82,0xff,0x08,0x82,0xff,
    0x10,0x83,0xff,0x18,0x83,0xff,0x20,0x83,0xff,0xf9,0x50,0xff,0xf9,0x50,0xff,0x30,0x84,0xff,0x30,0x84,0xff,0x28,0x84,0xff,
    0x28,0x84,0xff,0x20,0x84,0xff,0x20,0x84,0xff,0xf9,0x50,0xff,0xf9,0x50,0xff,0x20,0x83,0xff,0x18,0x83,0xff,0x18,0x83,0xff,
    0x10,0x83,0xff,0x10,0x83,0xff,0x08,0x82,0xff,0xf9,0x50,0xff,0xf9,0x50,0xff,0xf9,0x50,0xff,0x08,0x82,0xff,0x10,0x83,0xff,
    0x10,0x83,0xff,0x18,0x83,0xff,0x18,0x83,0xff,0x18,0x83,0xff,0xf9,0x50,0xff,0xf9,0x50,0xff,0x10,0x83,0xff,0x10,0x83,0xff,
    0x08,0x83,0xff,0x08,0x82,0xff,0x08,0x82,0xff,0x08,0x83,0xff,0x08,0x83,0xff,0x08,0x83,0xff,0x08,0x83,0xff,0x08,0x83,0xff,
    0x08,0x83,0xff,0x08,0x83,0xff,0x08,0x83,0xff,0x08,0x83,0xff,0x08,0x83,0xff,0x08,0x82,0xff,0x08,0x82,0xff,0x10,0x83,0xff,
    0x18,0x83,0xff,0x20,0x83,0xff,0x28,0x84,0xff,0x30,0x84,0xff,0xf9,0x50,0xff,0xf9,0x50,0xff,0x20,0x83,0xff,0x18,0x83,0xff,
    0x10,0x83,0xff,0x08,0x82,0xff,0x08,0x82,0xff,0x08,0x83,0xff,0x08,0x83,0xff,0x08,0x83,0xff,0x08,0x83,0xff,0x08,0x83,0xff,
    0x08,0x83,0xff,0x08,0x83,0xff,0x08,0x83,0xff,0x08,0x83,0xff,0x08,0x83,0xff,0x08,0x83,0xff,0x08,0x83,0xff,0x08,0x83,0xff,
    0x08,0x83,0xff,0x08,0x83,0xff,0x08,0x83,0xff,0x08,0x83,0xff,0x08,0x83,0xff,0x08,0x83,0xff,0x08,0x83,0xff,0x08,0x83,0xff,
    0x08,0x83,0xff,0x08,0x83,0xff,0x08,0x83,0xff,0x08,0x83,0xff,0x08,0x83,0xff,0x08,0x83,0xff,0x08,0x83,0xff,0x08,0x83,0xff,
    0x08,0x83,0xff,0x08,0x83,0xff,0x08,0x83,0xff,0x08,0x83,0xff,0x08,0x83,0xff,0x50,0x65,0xdc,0x00,0x00,0x00,0x00,0x00,0x00,
    0x00,0x00,0x00,0x00,0x00,0x00,0x50,0x65,0xdc,0x08,0x83,0xff,0x08,0x83,0xff,0x08,0x83,0xff,0x08,0x83,0xff,0x08,0x83,0xff,
    0x08,0x83,0xff,0x08,0x83,0xff,0x08,0x83,0xff,0x08,0x83,0xff,0x08,0x83,0xff,0x08,0x83,0xff,0x08,0x83,0xff,0x08,0x83,0xff,
    0x08,0x83,0xff,0x08,0x83,0xff,0x08,0x83,0xff,0x08,0x83,0xff,0x08,0x83,0xff,0x08,0x83,0xff,0x08,0x83,0xff,0x08,0x83,0xff,
    0x08,0x83,0xff,0x08,0x83,0xff,0x08,0x83,0xff,0x08,0x83,0xff,0x08,0x83,0xff,0x08,0x83,0xff,0x08,0x83,0xff,0x08,0x83,0xff,
    0x08,0x83,0xff,0x08,0x83,0xff,0x08,0x83,0xff,0x08,0x83,0xff,0x08,0x83,0xff,0x08,0x83,0xff,0x08,0x82,0xff,0x08,0x82,0xff,
    0x10,0x83,0xff,0x18,0x83,0xff,0x20,0x83,0xff,0xf9,0x50,0xff,0xf9,0x50,0xff,0x30,0x84,0xff,0x30,0x84,0xff,0x28,0x84,0xff,
    0x20,0x84,0xff,0x20,0x84,0xff,0x20,0x84,0xff,0xf9,0x50,0xff,0xf9,0x50,0xff,0x20,0x83,0xff,0x18,0x83,0xff,0x18,0x83,0xff,
    0x10,0x83,0xff,0x10,0x83,0xff,0x08,0x83,0xff,0x08,0x82,0xff,0xf9,0x50,0xff,0x08,0x82,0xff,0x08,0x83,0xff,0x10,0x83,0xff,
    0x10,0x83,0xff,0x18,0x83,0xff,0x18,0x83,0xff,0x18,0x83,0xff,0xf9,0x50,0xff,0xf9,0x50,0xff,0x10,0x83,0xff,0x10,0x83,0xff,
    0x08,0x83,0xff,0x08,0x82,0xff,0x08,0x82,0xff,0x08,0x83,0xff,0x08,0x83,0xff,0x08,0x83,0xff,0x08,0x83,0xff,0x08,0x83,0xff,
    0x08,0x83,0xff,0x08,0x83,0xff,0x08,0x83,0xff,0x08,0x83,0xff,0x08,0x83,0xff,0x08,0x82,0xff,0x08,0x82,0xff,0x10,0x83,0xff,
    0x18,0x83,0xff,0x20,0x83,0xff,0x28,0x84,0xff,0x30,0x84,0xff,0xf9,0x50,0xff,0xf9,0x50,0xff,0x20,0x83,0xff,0x18,0x83,0xff,
    0x10,0x83,0xff,0x08,0x82,0xff,0x08,0x82,0xff,0x08,0x83,0xff,0x08,0x83,0xff,0x08,0x83,0xff,0x08,0x83,0xff,0x08,0x83,0xff,
    0x08,0x83,0xff,0x08,0x83,0xff,0x08,0x83,0xff,0x08,0x83,0xff,0x08,0x83,0xff,0x08,0x83,0xff,0x08,0x83,0xff,0x08,0x83,0xff,
    0x08,0x83,0xff,0x08,0x83,0xff,0x08,0x83,0xff,0x08,0x83,0xff,0x08,0x83,0xff,0x08,0x83,0xff,0x08,0x83,0xff,0x08,0x83,0xff,
    0x08,0x83,0xff,0x08,0x83,0xff,0x08,0x83,0xff,0x08,0x83,0xff,0x08,0x83,0xff,0x08,0x83,0xff,0x08,0x83,0xff,0x08,0x83,0xff,
    0x08,0x83,0xff,0x08,0x83,0xff,0x08,0x83,0xff,0x08,0x83,0xff,0x08,0x83,0xff,0x50,0x65,0xdc,0x00,0x00,0x00,0x00,0x00,0x00,
    0x00,0x00,0x00,0x00,0x00,0x00,0x50,0x65,0xdc,0x08,0x83,0xff,0x08,0x83,0xff,0x08,0x83,0xff,0x08,0x83,0xff,0x08,0x83,0xff,
    0x08,0x83,0xff,0x08,0x83,0xff,0x08,0x83,0xff,0x08,0x83,0xff,0x08,0x83,0xff,0x08,0x83,0xff,0x08,0x83,0xff,0x08,0x83,0xff,
    0x08,0x83,0xff,0x08,0x83,0xff,0x08,0x83,0xff,0x08,0x83,0xff,0x08,0x83,0xff,0x08,0x83,0xff,0x08,0x83,0xff,0x08,0x83,0xff,
    0x08,0x83,0xff,0x08,0x83,0xff,0x08,0x83,0xff,0x08,0x83,0xff,0x08,0x83,0xff,0x08,0x83,0xff,0x08,0x83,0xff,0x08,0x83,0xff,
    0x08,0x83,0xff,0x08,0x83,0xff,0x08,0x83,0xff,0x08,0x83,0xff,0x08,0x83,0xff,0x08,0x83,0xff,0x08,0x82,0xff,0x08,0x82,0xff,
    0x10,0x83,0xff,0x18,0x83,0xff,0x20,0x83,0xff,0xf9,0x50,0xff,0xf9,0x50,0xff,0x30,0x84,0xff,0x30,0x84,0xff,0x28,0x84,0xff,
    0x20,0x84,0xff,0x20,0x84,0xff,0x20,0x83,0xff,0xf9,0x50,0xff,0xf9,0x50,0xff,0x20,0x83,0xff,0x18,0x83,0xff,0x18,0x83,0xff,
    0x10,0x83,0xff,0x10,0x83,0xff,0x08,0x83,0xff,0x08,0x83,0xff,0x08,0x82,0xff,0x08,0x83,0xff,0x08,0x83,0xff,0x10,0x83,0xff,
    0x10,0x83,0xff,0x18,0x83,0xff,0x18,0x83,0xff,0x18,0x83,0xff,0xf9,0x50,0xff,0xf9,0x50,0xff,0x10,0x83,0xff,0x10,0x83,0xff,
    0x08,0x83,0xff,0x08,0x82,0xff,0x08,0x82,0xff,0x08,0x83,0xff,0x08,0x83,0xff,0x08,0x83,0xff,0x08,0x83,0xff,0x08,0x83,0xff,
    0x08,0x83,0xff,0x08,0x83,0xff,0x08,0x83,0xff,0x08,0x83,0xff,0x08,0x82,0xff,0x08,0x82,0xff,0x08,0x82,0xff,0x10,0x83,0xff,
    0x18,0x83,0xff,0x20,0x83,0xff,0x28,0x84,0xff,0x30,0x84,0xff,0xf9,0x50,0xff,0xf9,0x50,0xff,0x20,0x83,0xff,0x18,0x83,0xff,
    0x10,0x83,0xff,0x08,0x82,0xff,0x08,0x82,0xff,0x08,0x83,0xff,0x08,0x83,0xff,0x08,0x83,0xff,0x08,0x83,0xff,0x08,0x83,0xff,
    0x08,0x83,0xff,0x08,0x83,0xff,0x08,0x83,0xff,0x08,0x83,0xff,0x08,0x83,0xff,0x08,0x83,0xff,0x08,0x83,0xff,0x08,0x83,0xff,
    0x08,0x83,0xff,0x08,0x83,0xff,0x08,0x83,0xff,0x08,0x83,0xff,0x08,0x83,0xff,0x08,0x83,0xff,0x08,0x83,0xff,0x08,0x83,0xff,
    0x08,0x83,0xff,0x08,0x83,0xff,0x08,0x83,0xff,0x08,0x83,0xff,0x08,0x83,0xff,0x08,0x83,0xff,0x08,0x83,0xff,0x08,0x83,0xff,
    0x08,0x83,0xff,0x08,0x83,0xff,0x08,0x83,0xff,0x08,0x83,0xff,0x08,0x83,0xff,0x50,0x65,0xdc,0x00,0x00,0x00,0x00,0x00,0x00,
    0x00,0x00,0x00,0x00,0x00,0x00,0x50,0x65,0xdc,0x08,0x83,0xff,0x08,0x83,0xff,0x08,0x83,0xff,0x08,0x83,0xff,0x08,0x83,0xff,
    0x08,0x83,0xff,0x08,0x83,0xff,0x08,0x83,0xff,0x08,0x83,0xff,0x08,0x83,0xff,0x08,0x83,0xff,0x08,0x83,0xff,0x08,0x83,0xff,
    0x08,0x83,0xff,0x08,0x83,0xff,0x08,0x83,0xff,0x08,0x83,0xff,0x08,0x83,0xff,0x08,0x83,0xff,0x08,0x83,0xff,0x08,0x83,0xff,
    0x08,0x83,0xff,0x08,0x83,0xff,0x08,0x83,0xff,0x08,0x83,0xff,0x08,0x83,0xff,0x08,0x83,0xff,0x08,0x83,0xff,0x08,0x83,0xff,
    0x08,0x83,0xff,0x08,0x83,0xff,0x08,0x83,0xff,0x08,0x83,0xff,0x08,0x83,0xff,0x08,0x83,0xff,0x08,0x82,0xff,0x08,0x82,0xff,
    0x10,0x83,0xff,0x18,0x83,0xff,0x20,0x83,0xff,0xf9,0x50,0xff,0xf9,0x50,0xff,0x30,0x84,0xff,0x30,0x84,0xff,0x28,0x84,0xff,
    0x20,0x84,0xff,0x20,0x83,0xff,0x20,0x83,0xff,0x20,0x83,0xff,0xf9,0x50,0xff,0xf9,0x50,0xff,0x20,0x83,0xff,0x18,0x83,0xff,
    0x18,0x83,0xff,0x10,0x83,0xff,0x10,0x83,0xff,0x10,0x83,0xff,0x10,0x83,0xff,0x10,0x83,0xff,0x10,0x83,0xff,0x10,0x83,0xff,
    0x18,0x83,0xff,0x18,0x83,0xff,0x18,0x83,0xff,0xf9,0x50,0xff,0xf9,0x50,0xff,0x18,0x83,0xff,0x10,0x83,0xff,0x10,0x83,0xff,
    0x08,0x82,0xff,0x08,0x82,0xff,0xd9,0x2e,0xff,0xd9,0x2e,0xff,0xd9,0x2e,0xff,0xd9,0x2e,0xff,0xd9,0x2e,0xff,0xd9,0x2e,0xff,
    0xd9,0x2e,0xff,0xd9,0x2e,0xff,0xd9,0x2e,0xff,0xd9,0x2e,0xff,0xd9,0x2e,0xff,0x08,0x82,0xff,0x08,0x82,0xff,0x10,0x83,0xff,
    0x18,0x83,0xff,0x20,0x83,0xff,0x28,0x84,0xff,0x30,0x84,0xff,0xf9,0x50,0xff,0xf9,0x50,0xff,0x20,0x83,0xff,0x18,0x83,0xff,
    0x10,0x83,0xff,0x08,0x82,0xff,0x08,0x82,0xff,0x08,0x83,0xff,0x08,0x83,0xff,0x08,0x83,0xff,0x08,0x83,0xff,0x08,0x83,0xff,
    0x08,0x83,0xff,0x08,0x83,0xff,0x08,0x83,0xff,0x08,0x83,0xff,0x08,0x83,0xff,0x08,0x83,0xff,0x08,0x83,0xff,0x08,0x83,0xff,
    0x08,0x83,0xff,0x08,0x83,0xff,0x08,0x83,0xff,0x08,0x83,0xff,0x08,0x83,0xff,0x08,0x83,0xff,0x08,0x83,0xff,0x08,0x83,0xff,
    0x08,0x83,0xff,0x08,0x83,0xff,0x08,0x83,0xff,0x08,0x83,0xff,0x08,0x83,0xff,0x08,0x83,0xff,0x08,0x83,0xff,0x08,0x83,0xff,
    0x08,0x83,0xff,0x08,0x83,0xff,0x08,0x83,0xff,0x08,0x83,0xff,0x08,0x83,0xff,0x50,0x65,0xdc,0x00,0x00,0x00,0x00,0x00,0x00,
    0x00,0x00,0x00,0x00,0x00,0x00,0x50,0x65,0xdc,0x08,0x83,0xff,0x08,0x83,0xff,0x08,0x83,0xff,0x08,0x83,0xff,0x08,0x83,0xff,
    0x08,0x83,0xff,0x08,0x83,0xff,0x08,0x83,0xff,0x08,0x83,0xff,0x08,0x83,0xff,0x08,0x83,0xff,0x08,0x83,0xff,0x08,0x83,0xff,
    0x08,0x83,0xff,0x08,0x83,0xff,0x08,0x83,0xff,0x08,0x83,0xff,0x08,0x83,0xff,0x08,0x83,0xff,0x08,0x83,0xff,0x08,0x83,0xff,
    0x08,0x83,0xff,0x08,0x83,0xff,0x08,0x83,0xff,0x08,0x83,0xff,0x08,0x83,0xff,0x08,0x83,0xff,0x08,0x83,0xff,0x08,0x83,0xff,
    0x08,0x83,0xff,0x08,0x83,0xff,0x08,0x83,0xff,0x08,0x83,0xff,0x08,0x83,0xff,0x08,0x83,0xff,0x08,0x82,0xff,0x08,0x82,0xff,
    0x10,0x83,0xff,0x18,0x83,0xff,0x20,0x83,0xff,0xf9,0x50,0xff,0xf9,0x50,0xff,0x30,0x84,0xff,0x30,0x84,0xff,0x28,0x84,0xff,
    0x20,0x84,0xff,0x20,0x83,0xff,0x20,0x83,0xff,0x20,0x83,0xff,0xf9,0x50,0xff,0xf9,0x50,0xff,0x20,0x83,0xff,0x20,0x83,0xff,
    0x18,0x83,0xff,0x18,0x83,0xff,0x18,0x83,0xff,0x10,0x83,0xff,0x10,0x83,0xff,0x10,0x83,0xff,0x18,0x83,0xff,0x18,0x83,0xff,
    0x18,0x83,0xff,0x20,0x83,0xff,0x20,0x83,0xff,0xf9,0x50,0xff,0xf9,0x50,0xff,0x18,0x83,0xff,0x10,0x83,0xff,0x10,0x83,0xff,
    0x08,0x82,0xff,0x08,0x82,0xff,0xd9,0x2e,0xff,0xd9,0x2e,0xff,0xd9,0x2e,0xff,0xd9,0x2e,0xff,0xd9,0x2e,0xff,0xd9,0x2e,0xff,
    0xd9,0x2e,0xff,0xd9,0x2e,0xff,0xd9,0x2e,0xff,0xd9,0x2e,0xff,0xd9,0x2e,0xff,0x08,0x82,0xff,0x08,0x83,0xff,0x10,0x83,0xff,
    0x18,0x83,0xff,0x20,0x83,0xff,0x28,0x84,0xff,0x30,0x84,0xff,0xf9,0x50,0xff,0xf9,0x50,0xff,0x20,0x83,0xff,0x18,0x83,0xff,
    0x10,0x83,0xff,0x08,0x82,0xff,0x08,0x82,0xff,0x08,0x83,0xff,0x08,0x83,0xff,0x08,0x83,0xff,0x08,0x83,0xff,0x08,0x83,0xff,
    0x08,0x83,0xff,0x08,0x83,0xff,0x08,0x83,0xff,0x08,0x83,0xff,0x08,0x83,0xff,0x08,0x83,0xff,0x08,0x83,0xff,0x08,0x83,0xff,
    0x08,0x83,0xff,0x08,0x83,0xff,0x08,0x83,0xff,0x08,0x83,0xff,0x08,0x83,0xff,0x08,0x83,0xff,0x08,0x83,0xff,0x08,0x83,0xff,
    0x08,0x83,0xff,0x08,0x83,0xff,0x08,0x83,0xff,0x08,0x83,0xff,0x08,0x83,0xff,0x08,0x83,0xff,0x08,0x83,0xff,0x08,0x83,0xff,
    0x08,0x83,0xff,0x08,0x83,0xff,0x08,0x83,0xff,0x08,0x83,0xff,0x08,0x83,0xff,0x50,0x65,0xdc,0x00,0x00,0x00,0x00,0x00,0x00,
    0x00,0x00,0x00,0x00,0x00,0x00,0x50,0x65,0xdc,0x08,0x83,0xff,0x08,0x83,0xff,0x08,0x83,0xff,0x08,0x83,0xff,0x08,0x83,0xff,
    0x08,0x83,0xff,0x08,0x83,0xff,0x08,0x83,0xff,0x08,0x83,0xff,0x08,0x83,0xff,0x08,0x83,0xff,0x08,0x83,0xff,0x08,0x83,0xff,
    0x08,0x83,0xff,0x08,0x83,0xff,0x08,0x83,0xff,0x08,0x83,0xff,0x08,0x83,0xff,0x08,0x83,0xff,0x08,0x83,0xff,0x08,0x83,0xff,
    0x08,0x83,0xff,0x08,0x83,0xff,0x08,0x83,0xff,0x08,0x83,0xff,0x08,0x83,0xff,0x08,0x83,0xff,0x08,0x83,0xff,0x08,0x83,0xff,
    0x08,0x83,0xff,0x08,0x83,0xff,0x08,0x83,0xff,0x08,0x83,0xff,0x08,0x83,0xff,0x08,0x83,0xff,0x08,0x82,0xff,0x08,0x82,0xff,
    0x10,0x83,0xff,0x18,0x83,0xff,0x20,0x83,0xff,0xf9,0x50,0xff,0xf9,0x50,0xff,0x30,0x84,0xff,0x30,0x84,0xff,0x28,0x84,0xff,
    0x20,0x84,0xff,0x20,0x83,0xff,0x20,0x83,0xff,0x20,0x83,0xff,0x20,0x83,0xff,0xf9,0x50,0xff,0xf9,0x50,0xff,0x20,0x84,0xff,
    0x20,0x84,0xff,0x20,0x84,0xff,0x20,0x83,0xff,0x20,0x83,0xff,0x18,0x83,0xff,0x20,0x83,0xff,0x20,0x83,0xff,0x20,0x84,0xff,
    0x20,0x84,0xff,0x20,0x84,0xff,0xf9,0x50,0xff,0xf9,0x50,0xff,0x18,0x83,0xff,0x18,0x83,0xff,0x10,0x83,0xff,0x10,0x83,0xff,
    0x08,0x83,0xff,0x08,0x82,0xff,0x08,0x82,0xff,0x08,0x82,0xff,0x08,0x82,0xff,0x08,0x82,0xff,0x08,0x82,0xff,0x08,0x82,0xff,
    0x08,0x82,0xff,0x08,0x82,0xff,0x08,0x82,0xff,0x08,0x82,0xff,0x08,0x82,0xff,0x08,0x82,0xff,0x10,0x83,0xff,0x10,0x83,0xff,
    0x18,0x83,0xff,0x20,0x84,0xff,0x28,0x84,0xff,0x30,0x84,0xff,0xf9,0x50,0xff,0xf9,0x50,0xff,0x20,0x83,0xff,0x18,0x83,0xff,
    0x10,0x83,0xff,0x08,0x82,0xff,0x08,0x82,0xff,0x08,0x83,0xff,0x08,0x83,0xff,0x08,0x83,0xff,0x08,0x83,0xff,0x08,0x83,0xff,
    0x08,0x83,0xff,0x08,0x83,0xff,0x08,0x83,0xff,0x08,0x83,0xff,0x08,0x83,0xff,0x08,0x83,0xff,0x08,0x83,0xff,0x08,0x83,0xff,
    0x08,0x83,0xff,0x08,0x83,0xff,0x08,0x83,0xff,0x08,0x83,0xff,0x08,0x83,0xff,0x08,0x83,0xff,0x08,0x83,0xff,0x08,0x83,0xff,
    0x08,0x83,0xff,0x08,0x83,0xff,0x08,0x83,0xff,0x08,0x83,0xff,0x08,0x83,0xff,0x08,0x83,0xff,0x08,0x83,0xff,0x08,0x83,0xff,
    0x08,0x83,0xff,0x08,0x83,0xff,0x08,0x83,0xff,0x08,0x83,0xff,0x08,0x83,0xff,0x50,0x65,0xdc,0x00,0x00,0x00,0x00,0x00,0x00,
    0x00,0x00,0x00,0x00,0x00,0x00,0x50,0x65,0xdc,0x08,0x83,0xff,0x08,0x83,0xff,0x08,0x83,0xff,0x08,0x83,0xff,0x08,0x83,0xff,
    0x08,0x83,0xff,0x08,0x83,0xff,0x08,0x83,0xff,0x08,0x83,0xff,0x08,0x83,0xff,0x08,0x83,0xff,0x08,0x83,0xff,0x08,0x83,0xff,
    0x08,0x83,0xff,0x08,0x83,0xff,0x08,0x83,0xff,0x08,0x83,0xff,0x08,0x83,0xff,0x08,0x83,0xff,0x08,0x83,0xff,0x08,0x83,0xff,
    0x08,0x83,0xff,0x08,0x83,0xff,0x08,0x83,0xff,0x08,0x83,0xff,0x08,0x83,0xff,0x08,0x83,0xff,0x08,0x83,0xff,0x08,0x83,0xff,
    0x08,0x83,0xff,0x08,0x83,0xff,0x08,0x83,0xff,0x08,0x83,0xff,0x08,0x83,0xff,0x08,0x83,0xff,0x08,0x82,0xff,0x08,0x82,0xff,
    0x10,0x83,0xff,0x10,0x83,0xff,0x20,0x83,0xff,0xf9,0x50,0xff,0xf9,0x50,0xff,0x30,0x85,0xff,0x30,0x84,0xff,0x28,0x84,0xff,
    0x28,0x84,0xff,0x20,0x84,0xff,0x20,0x83,0xff,0x20,0x83,0xff,0x20,0x84,0xff,0xf9,0x50,0xff,0xf9,0x50,0xff,0xf9,0x50,0xff,
    0x28,0x84,0xff,0x28,0x84,0xff,0x28,0x84,0xff,0x28,0x84,0xff,0x28,0x84,0xff,0x28,0x84,0xff,0x28,0x84,0xff,0x28,0x84,0xff,
    0x28,0x84,0xff,0xf9,0x50,0xff,0xf9,0x50,0xff,0xf9,0x50,0xff,0x20,0x83,0xff,0x18,0x83,0xff,0x10,0x83,0xff,0x10,0x83,0xff,
    0x10,0x83,0xff,0x08,0x83,0xff,0x08,0x83,0xff,0x08,0x82,0xff,0x08,0x82,0xff,0x08,0x82,0xff,0x08,0x82,0xff,0x08,0x82,0xff,
    0x08,0x82,0xff,0x08,0x82,0xff,0x08,0x82,0xff,0x08,0x82,0xff,0x08,0x83,0xff,0x10,0x83,0xff,0x10,0x83,0xff,0x18,0x83,0xff,
    0x20,0x83,0xff,0x28,0x84,0xff,0x30,0x84,0xff,0x30,0x84,0xff,0xf9,0x50,0xff,0xf9,0x50,0xff,0x20,0x83,0xff,0x10,0x83,0xff,
    0x10,0x83,0xff,0x08,0x82,0xff,0x08,0x82,0xff,0x08,0x83,0xff,0x08,0x83,0xff,0x08,0x83,0xff,0x08,0x83,0xff,0x08,0x83,0xff,
    0x08,0x83,0xff,0x08,0x83,0xff,0x08,0x83,0xff,0x08,0x83,0xff,0x08,0x83,0xff,0x08,0x83,0xff,0x08,0x83,0xff,0x08,0x83,0xff,
    0x08,0x83,0xff,0x08,0x83,0xff,0x08,0x83,0xff,0x08,0x83,0xff,0x08,0x83,0xff,0x08,0x83,0xff,0x08,0x83,0xff,0x08,0x83,0xff,
    0x08,0x83,0xff,0x08,0x83,0xff,0x08,0x83,0xff,0x08,0x83,0xff,0x08,0x83,0xff,0x08,0x83,0xff,0x08,0x83,0xff,0x08,0x83,0xff,
    0x08,0x83,0xff,0x08,0x83,0xff,0x08,0x83,0xff,0x08,0x83,0xff,0x08,0x83,0xff,0x50,0x65,0xdc,0x00,0x00,0x00,0x00,0x00,0x00,
    0x00,0x00,0x00,0x00,0x00,0x00,0x50,0x65,0xdc,0x08,0x83,0xff,0x08,0x83,0xff,0x08,0x83,0xff,0x08,0x83,0xff,0x08,0x83,0xff,
    0x08,0x83,0xff,0x08,0x83,0xff,0x08,0x83,0xff,0x08,0x83,0xff,0x08,0x83,0xff,0x08,0x83,0xff,0x08,0x83,0xff,0x08,0x83,0xff,
    0x08,0x83,0xff,0x08,0x83,0xff,0x08,0x83,0xff,0x08,0x83,0xff,0x08,0x83,0xff,0x08,0x83,0xff,0x08,0x83,0xff,0x08,0x83,0xff,
    0x08,0x83,0xff,0x08,0x83,0xff,0x08,0x83,0xff,0x08,0x83,0xff,0x08,0x83,0xff,0x08,0x83,0xff,0x08,0x83,0xff,0x08,0x83,0xff,
    0x08,0x83,0xff,0x08,0x83,0xff,0x08,0x83,0xff,0x08,0x83,0xff,0x08,0x83,0xff,0x08,0x83,0xff,0x08,0x82,0xff,0x08,0x82,0xff,
    0x10,0x83,0xff,0x10,0x83,0xff,0x20,0x83,0xff,0xf9,0x50,0xff,0xf9,0x50,0xff,0x30,0x85,0xff,0x30,0x85,0xff,0x30,0x84,0xff,
    0x28,0x84,0xff,0x28,0x84,0xff,0x20,0x84,0xff,0x20,0x84,0xff,0x28,0x84,0xff,0x28,0x84,0xff,0xf9,0x50,0xff,0xf9,0x50,0xff,
    0xf9,0x50,0xff,0xf9,0x50,0xff,0x38,0xa5,0xff,0x38,0xa5,0xff,0x38,0x85,0xff,0x38,0xa5,0xff,0x38,0xa5,0xff,0xf9,0x50,0xff,
    0xf9,0x50,0xff,0xf9,0x50,0xff,0xf9,0x50,0xff,0x28,0x84,0xff,0x20,0x84,0xff,0x20,0x83,0xff,0x18,0x83,0xff,0x10,0x83,0xff,
    0x10,0x83,0xff,0x10,0x83,0xff,0x10,0x83,0xff,0x10,0x83,0xff,0x10,0x83,0xff,0x10,0x83,0xff,0x10,0x83,0xff,0x10,0x83,0xff,
    0x10,0x83,0xff,0x10,0x83,0xff,0x10,0x83,0xff,0x10,0x83,0xff,0x10,0x83,0xff,0x10,0x83,0xff,0x18,0x83,0xff,0x18,0x83,0xff,
    0x20,0x84,0xff,0x28,0x84,0xff,0x30,0x84,0xff,0x30,0x85,0xff,0xf9,0x50,0xff,0xf9,0x50,0xff,0x20,0x83,0xff,0x10,0x83,0xff,
    0x10,0x83,0xff,0x08,0x82,0xff,0x08,0x82,0xff,0x08,0x83,0xff,0x08,0x83,0xff,0x08,0x83,0xff,0x08,0x83,0xff,0x08,0x83,0xff,
    0x08,0x83,0xff,0x08,0x83,0xff,0x08,0x83,0xff,0x08,0x83,0xff,0x08,0x83,0xff,0x08,0x83,0xff,0x08,0x83,0xff,0x08,0x83,0xff,
    0x08,0x83,0xff,0x08,0x83,0xff,0x08,0x83,0xff,0x08,0x83,0xff,0x08,0x83,0xff,0x08,0x83,0xff,0x08,0x83,0xff,0x08,0x83,0xff,
    0x08,0x83,0xff,0x08,0x83,0xff,0x08,0x83,0xff,0x08,0x83,0xff,0x08,0x83,0xff,0x08,0x83,0xff,0x08,0x83,0xff,0x08,0x83,0xff,
    0x08,0x83,0xff,0x08,0x83,0xff,0x08,0x83,0xff,0x08,0x83,0xff,0x08,0x83,0xff,0x50,0x65,0xdc,0x00,0x00,0x00,0x00,0x00,0x00,
    0x00,0x00,0x00,0x00,0x00,0x00,0x50,0x65,0xdc,0x08,0x83,0xff,0x08,0x83,0xff,0x08,0x83,0xff,0x08,0x83,0xff,0x08,0x83,0xff,
    0x08,0x83,0xff,0x08,0x83,0xff,0x08,0x83,0xff,0x08,0x83,0xff,0x08,0x83,0xff,0x08,0x83,0xff,0x08,0x83,0xff,0x08,0x83,0xff,
    0x08,0x83,0xff,0x08,0x83,0xff,0x08,0x83,0xff,0x08,0x83,0xff,0x08,0x83,0xff,0x08,0x83,0xff,0x08,0x83,0xff,0x08,0x83,0xff,
    0x08,0x83,0xff,0x08,0x83,0xff,0x08,0x83,0xff,0x08,0x83,0xff,0x08,0x83,0xff,0x08,0x83,0xff,0x08,0x83,0xff,0x08,0x83,0xff,
    0x08,0x83,0xff,0x08,0x83,0xff,0x08,0x83,0xff,0x08,0x83,0xff,0x08,0x83,0xff,0x08,0x83,0xff,0x08,0x82,0xff,0x08,0x82,0xff,
    0x10,0x83,0xff,0x10,0x83,0xff,0x18,0x83,0xff,0xf9,0x50,0xff,0xf9,0x50,0xff,0x38,0x85,0xff,0x38,0x85,0xff,0x30,0x85,0xff,
    0x30,0x84,0xff,0x28,0x84,0xff,0x28,0x84,0xff,0x28,0x84,0xff,0x28,0x84,0xff,0x30,0x84,0xff,0x38,0x85,0xff,0x40,0xa5,0xff,
    0xf9,0x50,0xff,0xf9,0x50,0xff,0xf9,0x50,0xff,0xf9,0x50,0xff,0xf9,0x50,0xff,0xf9,0x50,0xff,0xf9,0x50,0xff,0xf9,0x50,0xff,
    0xf9,0x50,0xff,0x38,0xa5,0xff,0x38,0x85,0xff,0x30,0x84,0xff,0x28,0x84,0xff,0x20,0x84,0xff,0x20,0x83,0xff,0x18,0x83,0xff,
    0x18,0x83,0xff,0x18,0x83,0xff,0x18,0x83,0xff,0x18,0x83,0xff,0x18,0x83,0xff,0x18,0x83,0xff,0x18,0x83,0xff,0x18,0x83,0xff,
    0x18,0x83,0xff,0x18,0x83,0xff,0x18,0x83,0xff,0x18,0x83,0xff,0x18,0x83,0xff,0x18,0x83,0xff,0x20,0x83,0xff,0x20,0x84,0xff,
    0x28,0x84,0xff,0x30,0x84,0xff,0x38,0x85,0xff,0x30,0x85,0xff,0xf9,0x50,0xff,0xf9,0x50,0xff,0x18,0x83,0xff,0x10,0x83,0xff,
    0x10,0x83,0xff,0x08,0x82,0xff,0x08,0x82,0xff,0x08,0x83,0xff,0x08,0x83,0xff,0x08,0x83,0xff,0x08,0x83,0xff,0x08,0x83,0xff,
    0x08,0x83,0xff,0x08,0x83,0xff,0x08,0x83,0xff,0x08,0x83,0xff,0x08,0x83,0xff,0x08,0x83,0xff,0x08,0x83,0xff,0x08,0x83,0xff,
    0x08,0x83,0xff,0x08,0x83,0xff,0x08,0x83,0xff,0x08,0x83,0xff,0x08,0x83,0xff,0x08,0x83,0xff,0x08,0x83,0xff,0x08,0x83,0xff,
    0x08,0x83,0xff,0x08,0x83,0xff,0x08,0x83,0xff,0x08,0x83,0xff,0x08,0x83,0xff,0x08,0x83,0xff,0x08,0x83,0xff,0x08,0x83,0xff,
    0x08,0x83,0xff,0x08,0x83,0xff,0x08,0x83,0xff,0x08,0x83,0xff,0x08,0x83,0xff,0x50,0x65,0xdc,0x00,0x00,0x00,0x00,0x00,0x00,
    0x00,0x00,0x00,0x00,0x00,0x00,0x50,0x65,0xdc,0x08,0x83,0xff,0x08,0x83,0xff,0x08,0x83,0xff,0x08,0x83,0xff,0x08,0x83,0xff,
    0x08,0x83,0xff,0x08,0x83,0xff,0x08,0x83,0xff,0x08,0x83,0xff,0x08,0x83,0xff,0x08,0x83,0xff,0x08,0x83,0xff,0x08,0x83,0xff,
    0x08,0x83,0xff,0x08,0x83,0xff,0x08,0x83,0xff,0x08,0x83,0xff,0x08,0x83,0xff,0x08,0x83,0xff,0x08,0x83,0xff,0x08,0x83,0xff,
    0x08,0x83,0xff,0x08,0x83,0xff,0x08,0x83,0xff,0x08,0x83,0xff,0x08,0x83,0xff,0x08,0x83,0xff,0x08,0x83,0xff,0x08,0x83,0xff,
    0x08,0x83,0xff,0x08,0x83,0xff,0x08,0x83,0xff,0x08,0x83,0xff,0x08,0x83,0xff,0x08,0x83,0xff,0x08,0x82,0xff,0x08,0x82,0xff,
    0x08,0x83,0xff,0x10,0x83,0xff,0x18,0x83,0xff,0xf9,0x50,0xff,0xf9,0x50,0xff,0x30,0x85,0xff,0x38,0x85,0xff,0x38,0x85,0xff,
    0x30,0x85,0xff,0x30,0x84,0xff,0x30,0x84,0xff,0x30,0x84,0xff,0x30,0x85,0xff,0x38,0x85,0xff,0x40,0xa5,0xff,0x40,0xa5,0xff,
    0x48,0xa6,0xff,0x50,0xa6,0xff,0xf9,0x50,0xff,0xf9,0x50,0xff,0xf9,0x50,0xff,0xf9,0x50,0xff,0xf9,0x50,0xff,0x50,0xa6,0xff,
    0x48,0xa6,0xff,0x40,0xa5,0xff,0x40,0xa5,0xff,0x38,0x85,0xff,0x30,0x84,0xff,0x28,0x84,0xff,0x28,0x84,0xff,0x20,0x84,0xff,
    0x20,0x84,0xff,0x20,0x83,0xff,0x20,0x83,0xff,0x20,0x83,0xff,0x20,0x83,0xff,0x20,0x83,0xff,0x20,0x83,0xff,0x20,0x83,0xff,
    0x20,0x83,0xff,0x20,0x83,0xff,0x20,0x83,0xff,0x20,0x83,0xff,0x20,0x83,0xff,0x20,0x84,0xff,0x28,0x84,0xff,0x28,0x84,0xff,
    0x30,0x84,0xff,0x38,0x85,0xff,0x38,0x85,0xff,0x30,0x84,0xff,0xf9,0x50,0xff,0xf9,0x50,0xff,0x18,0x83,0xff,0x10,0x83,0xff,
    0x08,0x83,0xff,0x08,0x82,0xff,0x08,0x82,0xff,0x08,0x83,0xff,0x08,0x83,0xff,0x08,0x83,0xff,0x08,0x83,0xff,0x08,0x83,0xff,
    0x08,0x83,0xff,0x08,0x83,0xff,0x08,0x83,0xff,0x08,0x83,0xff,0x08,0x83,0xff,0x08,0x83,0xff,0x08,0x83,0xff,0x08,0x83,0xff,
    0x08,0x83,0xff,0x08,0x83,0xff,0x08,0x83,0xff,0x08,0x83,0xff,0x08,0x83,0xff,0x08,0x83,0xff,0x08,0x83,0xff,0x08,0x83,0xff,
    0x08,0x83,0xff,0x08,0x83,0xff,0x08,0x83,0xff,0x08,0x83,0xff,0x08,0x83,0xff,0x08,0x83,0xff,0x08,0x83,0xff,0x08,0x83,0xff,
    0x08,0x83,0xff,0x08,0x83,0xff,0x08,0x83,0xff,0x08,0x83,0xff,0x08,0x83,0xff,0x50,0x65,0xdc,0x00,0x00,0x00,0x00,0x00,0x00,
    0x00,0x00,0x00,0x00,0x00,0x00,0x50,0x65,0xdc,0x08,0x83,0xff,0x08,0x83,0xff,0x08,0x83,0xff,0x08,0x83,0xff,0x08,0x83,0xff,
    0x08,0x83,0xff,0x08,0x83,0xff,0x08,0x83,0xff,0x08,0x83,0xff,0x08,0x83,0xff,0x08,0x83,0xff,0x08,0x83,0xff,0x08,0x83,0xff,
    0x08,0x83,0xff,0x08,0x83,0xff,0x08,0x83,0xff,0x08,0x83,0xff,0x08,0x83,0xff,0x08,0x83,0xff,0x08,0x83,0xff,0x08,0x83,0xff,
    0x08,0x83,0xff,0x08,0x83,0xff,0x08,0x83,0xff,0x08,0x83,0xff,0x08,0x83,0xff,0x08,0x83,0xff,0x08,0x83,0xff,0x08,0x83,0xff,
    0x08,0x83,0xff,0x08,0x83,0xff,0x08,0x83,0xff,0x08,0x83,0xff,0x08,0x83,0xff,0x08,0x83,0xff,0x08,0x82,0xff,0x08,0x82,0xff,
    0x08,0x82,0xff,0x10,0x83,0xff,0x18,0x83,0xff,0xf9,0x50,0xff,0xf9,0x50,0xff,0xf9,0x50,0xff,0x38,0x85,0xff,0x38,0x85,0xff,
    0x38,0x85,0xff,0x38,0x85,0xff,0x38,0x85,0xff,0x38,0x85,0xff,0x38,0x85,0xff,0x38,0x85,0xff,0x40,0xa5,0xff,0x48,0xa6,0xff,
    0x50,0xa6,0xff,0x50,0xa6,0xff,0x58,0xa7,0xff,0x58,0xa7,0xff,0x58,0xa7,0xff,0x58,0xa7,0xff,0x58,0xa7,0xff,0x50,0xa6,0xff,
    0x50,0xa6,0xff,0x48,0xa6,0xff,0x40,0xa5,0xff,0x38,0x85,0xff,0x38,0x85,0xff,0x30,0x84,0xff,0x30,0x84,0xff,0x28,0x84,0xff,
    0x28,0x84,0xff,0x28,0x84,0xff,0x28,0x84,0xff,0x28,0x84,0xff,0x28,0x84,0xff,0x28,0x84,0xff,0x28,0x84,0xff,0x28,0x84,0xff,
    0x28,0x84,0xff,0x28,0x84,0xff,0x28,0x84,0xff,0x28,0x84,0xff,0x28,0x84,0xff,0x28,0x84,0xff,0x30,0x84,0xff,0x30,0x84,0xff,
    0x38,0x85,0xff,0x38,0x85,0xff,0x30,0x85,0xff,0xf9,0x50,0xff,0xf9,0x50,0xff,0xf9,0x50,0xff,0x18,0x83,0xff,0x10,0x83,0xff,
    0x08,0x82,0xff,0x08,0x82,0xff,0x08,0x82,0xff,0x08,0x83,0xff,0x08,0x83,0xff,0x08,0x83,0xff,0x08,0x83,0xff,0x08,0x83,0xff,
    0x08,0x83,0xff,0x08,0x83,0xff,0x08,0x83,0xff,0x08,0x83,0xff,0x08,0x83,0xff,0x08,0x83,0xff,0x08,0x83,0xff,0x08,0x83,0xff,
    0x08,0x83,0xff,0x08,0x83,0xff,0x08,0x83,0xff,0x08,0x83,0xff,0x08,0x83,0xff,0x08,0x83,0xff,0x08,0x83,0xff,0x08,0x83,0xff,
    0x08,0x83,0xff,0x08,0x83,0xff,0x08,0x83,0xff,0x08,0x83,0xff,0x08,0x83,0xff,0x08,0x83,0xff,0x08,0x83,0xff,0x08,0x83,0xff,
    0x08,0x83,0xff,0x08,0x83,0xff,0x08,0x83,0xff,0x08,0x83,0xff,0x08,0x83,0xff,0x50,0x65,0xdc,0x00,0x00,0x00,0x00,0x00,0x00,
    0x00,0x00,0x00,0x00,0x00,0x00,0x50,0x65,0xdc,0x08,0x83,0xff,0x08,0x83,0xff,0x08,0x83,0xff,0x08,0x83,0xff,0x08,0x83,0xff,
    0x08,0x83,0xff,0x08,0x83,0xff,0x08,0x83,0xff,0x08,0x83,0xff,0x08,0x83,0xff,0x08,0x83,0xff,0x08,0x83,0xff,0x08,0x83,0xff,
    0x08,0x83,0xff,0x08,0x83,0xff,0x08,0x83,0xff,0x08,0x83,0xff,0x08,0x83,0xff,0x08,0x83,0xff,0x08,0x83,0xff,0x08,0x83,0xff,
    0x08,0x83,0xff,0x08,0x83,0xff,0x08,0x83,0xff,0x08,0x83,0xff,0x08,0x83,0xff,0x08,0x83,0xff,0x08,0x83,0xff,0x08,0x83,0xff,
    0x08,0x83,0xff,0x08,0x83,0xff,0x08,0x83,0xff,0x08,0x83,0xff,0x08,0x83,0xff,0x08,0x83,0xff,0x08,0x83,0xff,0x08,0x82,0xff,
    0x08,0x82,0xff,0x10,0x83,0xff,0x10,0x83,0xff,0x18,0x83,0xff,0xf9,0x50,0xff,0xf9,0x50,0xff,0xf9,0x50,0xff,0x30,0x85,0xff,
    0x38,0x85,0xff,0x38,0x85,0xff,0x38,0x85,0xff,0x38,0x85,0xff,0x38,0x85,0xff,0x38,0x85,0xff,0x40,0xa5,0xff,0x40,0xa5,0xff,
    0x48,0xa6,0xff,0x50,0xa6,0xff,0x50,0xa6,0xff,0x50,0xa6,0xff,0x58,0xa6,0xff,0x50,0xa6,0xff,0x50,0xa6,0xff,0x50,0xa6,0xff,
    0x48,0xa6,0xff,0x40,0xa5,0xff,0x40,0xa5,0xff,0x38,0x85,0xff,0x38,0x85,0xff,0x30,0x85,0xff,0x30,0x84,0xff,0x30,0x84,0xff,
    0x30,0x84,0xff,0x30,0x84,0xff,0x30,0x84,0xff,0x30,0x84,0xff,0x30,0x84,0xff,0x30,0x84,0xff,0x30,0x84,0xff,0x30,0x84,0xff,
    0x30,0x84,0xff,0x30,0x84,0xff,0x30,0x84,0xff,0x30,0x84,0xff,0x30,0x84,0xff,0x30,0x84,0xff,0x30,0x84,0xff,0x30,0x85,0xff,
    0x30,0x85,0xff,0x30,0x85,0xff,0xf9,0x50,0xff,0xf9,0x50,0xff,0xf9,0x50,0xff,0x18,0x83,0xff,0x10,0x83,0xff,0x10,0x83,0xff,
    0x08,0x82,0xff,0x08,0x82,0xff,0x08,0x83,0xff,0x08,0x83,0xff,0x08,0x83,0xff,0x08,0x83,0xff,0x08,0x83,0xff,0x08,0x83,0xff,
    0x08,0x83,0xff,0x08,0x83,0xff,0x08,0x83,0xff,0x08,0x83,0xff,0x08,0x83,0xff,0x08,0x83,0xff,0x08,0x83,0xff,0x08,0x83,0xff,
    0x08,0x83,0xff,0x08,0x83,0xff,0x08,0x83,0xff,0x08,0x83,0xff,0x08,0x83,0xff,0x08,0x83,0xff,0x08,0x83,0xff,0x08,0x83,0xff,
    0x08,0x83,0xff,0x08,0x83,0xff,0x08,0x83,0xff,0x08,0x83,0xff,0x08,0x83,0xff,0x08,0x83,0xff,0x08,0x83,0xff,0x08,0x83,0xff,
    0x08,0x83,0xff,0x08,0x83,0xff,0x08,0x83,0xff,0x08,0x83,0xff,0x08,0x83,0xff,0x50,0x65,0xdc,0x00,0x00,0x00,0x00,0x00,0x00,
    0x00,0x00,0x00,0x00,0x00,0x00,0x50,0x65,0xdc,0x08,0x83,0xff,0x08,0x83,0xff,0x08,0x83,0xff,0x08,0x83,0xff,0x08,0x83,0xff,
    0x08,0x83,0xff,0x08,0x83,0xff,0x08,0x83,0xff,0x08,0x83,0xff,0x08,0x83,0xff,0x08,0x83,0xff,0x08,0x83,0xff,0x08,0x83,0xff,
    0x08,0x83,0xff,0x08,0x83,0xff,0x08,0x83,0xff,0x08,0x83,0xff,0x08,0x83,0xff,0x08,0x83,0xff,0x08,0x83,0xff,0x08,0x83,0xff,
    0x08,0x83,0xff,0x08,0x83,0xff,0x08,0x83,0xff,0x08,0x83,0xff,0x08,0x83,0xff,0x08,0x83,0xff,0x08,0x83,0xff,0x08,0x83,0xff,
    0x08,0x83,0xff,0x08,0x83,0xff,0x08,0x83,0xff,0x08,0x83,0xff,0x08,0x83,0xff,0x08,0x83,0xff,0x08,0x83,0xff,0x08,0x82,0xff,
    0x08,0x82,0xff,0x08,0x82,0xff,0x10,0x83,0xff,0x10,0x83,0xff,0x18,0x83,0xff,0xf9,0x50,0xff,0xf9,0x50,0xff,0xf9,0x50,0xff,
    0xf9,0x50,0xff,0xf9,0x50,0xff,0xf9,0x50,0xff,0xf9,0x50,0xff,0xf9,0x50,0xff,0xf9,0x50,0xff,0xf9,0x50,0xff,0xf9,0x50,0xff,
    0xf9,0x50,0xff,0xf9,0x50,0xff,0xf9,0x50,0xff,0xf9,0x50,0xff,0xf9,0x50,0xff,0xf9,0x50,0xff,0xf9,0x50,0xff,0xf9,0x50,0xff,
    0xf9,0x50,0xff,0xf9,0x50,0xff,0xf9,0x50,0xff,0xf9,0x50,0xff,0xf9,0x50,0xff,0xf9,0x50,0xff,0xf9,0x50,0xff,0xf9,0x50,0xff,
    0xf9,0x50,0xff,0xf9,0x50,0xff,0xf9,0x50,0xff,0xf9,0x50,0xff,0xf9,0x50,0xff,0xf9,0x50,0xff,0xf9,0x50,0xff,0xf9,0x50,0xff,
    0xf9,0x50,0xff,0xf9,0x50,0xff,0xf9,0x50,0xff,0xf9,0x50,0xff,0xf9,0x50,0xff,0xf9,0x50,0xff,0xf9,0x50,0xff,0xf9,0x50,0xff,
    0xf9,0x50,0xff,0xf9,0x50,0xff,0xf9,0x50,0xff,0xf9,0x50,0xff,0x18,0x83,0xff,0x10,0x83,0xff,0x10,0x83,0xff,0x08,0x82,0xff,
    0x08,0x82,0xff,0x08,0x82,0xff,0x08,0x83,0xff,0x08,0x83,0xff,0x08,0x83,0xff,0x08,0x83,0xff,0x08,0x83,0xff,0x08,0x83,0xff,
    0x08,0x83,0xff,0x08,0x83,0xff,0x08,0x83,0xff,0x08,0x83,0xff,0x08,0x83,0xff,0x08,0x83,0xff,0x08,0x83,0xff,0x08,0x83,0xff,
    0x08,0x83,0xff,0x08,0x83,0xff,0x08,0x83,0xff,0x08,0x83,0xff,0x08,0x83,0xff,0x08,0x83,0xff,0x08,0x83,0xff,0x08,0x83,0xff,
    0x08,0x83,0xff,0x08,0x83,0xff,0x08,0x83,0xff,0x08,0x83,0xff,0x08,0x83,0xff,0x08,0x83,0xff,0x08,0x83,0xff,0x08,0x83,0xff,
    0x08,0x83,0xff,0x08,0x83,0xff,0x08,0x83,0xff,0x08,0x83,0xff,0x08,0x83,0xff,0x50,0x65,0xdc,0x00,0x00,0x00,0x00,0x00,0x00,
    0x00,0x00,0x00,0x00,0x00,0x00,0x50,0x65,0xdc,0x08,0x83,0xff,0x08,0x83,0xff,0x08,0x83,0xff,0x08,0x83,0xff,0x08,0x83,0xff,
    0x08,0x83,0xff,0x08,0x83,0xff,0x08,0x83,0xff,0x08,0x83,0xff,0x08,0x83,0xff,0x08,0x83,0xff,0x08,0x83,0xff,0x08,0x83,0xff,
    0x08,0x83,0xff,0x08,0x83,0xff,0x08,0x83,0xff,0x08,0x83,0xff,0x08,0x83,0xff,0x08,0x83,0xff,0x08,0x83,0xff,0x08,0x83,0xff,
    0x08,0x83,0xff,0x08,0x83,0xff,0x08,0x83,0xff,0x08,0x83,0xff,0x08,0x83,0xff,0x08,0x83,0xff,0x08,0x83,0xff,0x08,0x83,0xff,
    0x08,0x83,0xff,0x08,0x83,0xff,0x08,0x83,0xff,0x08,0x83,0xff,0x08,0x83,0xff,0x08,0x83,0xff,0x08,0x83,0xff,0x08,0x83,0xff,
    0x08,0x82,0xff,0x08,0x82,0xff,0x08,0x83,0xff,0x10,0x83,0xff,0x10,0x83,0xff,0x18,0x83,0xff,0xf9,0x50,0xff,0xf9,0x50,0xff,
    0xf9,0x50,0xff,0xf9,0x50,0xff,0xf9,0x50,0xff,0xf9,0x50,0xff,0xf9,0x50,0xff,0xf9,0x50,0xff,0xf9,0x50,0xff,0xf9,0x50,0xff,
    0xf9,0x50,0xff,0xf9,0x50,0xff,0xf9,0x50,0xff,0xf9,0x50,0xff,0xf9,0x50,0xff,0xf9,0x50,0xff,0xf9,0x50,0xff,0xf9,0x50,0xff,
    0xf9,0x50,0xff,0xf9,0x50,0xff,0xf9,0x50,0xff,0xf9,0x50,0xff,0xf9,0x50,0xff,0xf9,0x50,0xff,0xf9,0x50,0xff,0xf9,0x50,0xff,
    0xf9,0x50,0xff,0xf9,0x50,0xff,0xf9,0x50,0xff,0xf9,0x50,0xff,0xf9,0x50,0xff,0xf9,0x50,0xff,0xf9,0x50,0xff,0xf9,0x50,0xff,
    0xf9,0x50,0xff,0xf9,0x50,0xff,0xf9,0x50,0xff,0xf9,0x50,0xff,0xf9,0x50,0xff,0xf9,0x50,0xff,0xf9,0x50,0xff,0xf9,0x50,0xff,
    0xf9,0x50,0xff,0xf9,0x50,0xff,0xf9,0x50,0xff,0x18,0x83,0xff,0x10,0x83,0xff,0x10,0x83,0xff,0x08,0x83,0xff,0x08,0x82,0xff,
    0x08,0x82,0xff,0x08,0x83,0xff,0x08,0x83,0xff,0x08,0x83,0xff,0x08,0x83,0xff,0x08,0x83,0xff,0x08,0x83,0xff,0x08,0x83,0xff,
    0x08,0x83,0xff,0x08,0x83,0xff,0x08,0x83,0xff,0x08,0x83,0xff,0x08,0x83,0xff,0x08,0x83,0xff,0x08,0x83,0xff,0x08,0x83,0xff,
    0x08,0x83,0xff,0x08,0x83,0xff,0x08,0x83,0xff,0x08,0x83,0xff,0x08,0x83,0xff,0x08,0x83,0xff,0x08,0x83,0xff,0x08,0x83,0xff,
    0x08,0x83,0xff,0x08,0x83,0xff,0x08,0x83,0xff,0x08,0x83,0xff,0x08,0x83,0xff,0x08,0x83,0xff,0x08,0x83,0xff,0x08,0x83,0xff,
    0x08,0x83,0xff,0x08,0x83,0xff,0x08,0x83,0xff,0x08,0x83,0xff,0x08,0x83,0xff,0x50,0x65,0xdc,0x00,0x00,0x00,0x00,0x00,0x00,
    0x00,0x00,0x00,0x00,0x00,0x00,0x50,0x65,0xdc,0x08,0x83,0xff,0x08,0x83,0xff,0x08,0x83,0xff,0x08,0x83,0xff,0x08,0x83,0xff,
    0x08,0x83,0xff,0x08,0x83,0xff,0x08,0x83,0xff,0x08,0x83,0xff,0x08,0x83,0xff,0x08,0x83,0xff,0x08,0x83,0xff,0x08,0x83,0xff,
    0x08,0x83,0xff,0x08,0x83,0xff,0x08,0x83,0xff,0x08,0x83,0xff,0x08,0x83,0xff,0x08,0x83,0xff,0x08,0x83,0xff,0x08,0x83,0xff,
    0x08,0x83,0xff,0x08,0x83,0xff,0x08,0x83,0xff,0x08,0x83,0xff,0x08,0x83,0xff,0x08,0x83,0xff,0x08,0x83,0xff,0x08,0x83,0xff,
    0x08,0x83,0xff,0x08,0x83,0xff,0x08,0x83,0xff,0x08,0x83,0xff,0x08,0x83,0xff,0x08,0x83,0xff,0x08,0x83,0xff,0x08,0x83,0xff,
    0x08,0x82,0xff,0x08,0x82,0xff,0x08,0x82,0xff,0x08,0x83,0xff,0x10,0x83,0xff,0x10,0x83,0xff,0x18,0x83,0xff,0x18,0x83,0xff,
    0x18,0x83,0xff,0x20,0x83,0xff,0x20,0x83,0xff,0x20,0x83,0xff,0x20,0x83,0xff,0x20,0x83,0xff,0x20,0x83,0xff,0x20,0x84,0xff,
    0x20,0x84,0xff,0x20,0x84,0xff,0x20,0x84,0xff,0x20,0x84,0xff,0x20,0x84,0xff,0x20,0x84,0xff,0x20,0x84,0xff,0x20,0x84,0xff,
    0x20,0x84,0xff,0x20,0x84,0xff,0x20,0x83,0xff,0x20,0x83,0xff,0x20,0x83,0xff,0x20,0x83,0xff,0x20,0x83,0xff,0x20,0x83,0xff,
    0x20,0x83,0xff,0x20,0x83,0xff,0x20,0x83,0xff,0x20,0x83,0xff,0x20,0x83,0xff,0x20,0x83,0xff,0x20,0x83,0xff,0x20,0x83,0xff,
    0x20,0x83,0xff,0x20,0x83,0xff,0x20,0x83,0xff,0x20,0x83,0xff,0x20,0x83,0xff,0x20,0x83,0xff,0x20,0x83,0xff,0x20,0x83,0xff,
    0x18,0x83,0xff,0x18,0x83,0xff,0x18,0x83,0xff,0x10,0x83,0xff,0x10,0x83,0xff,0x08,0x83,0xff,0x08,0x82,0xff,0x08,0x82,0xff,
    0x08,0x82,0xff,0x08,0x83,0xff,0x08,0x83,0xff,0x08,0x83,0xff,0x08,0x83,0xff,0x08,0x83,0xff,0x08,0x83,0xff,0x08,0x83,0xff,
    0x08,0x83,0xff,0x08,0x83,0xff,0x08,0x83,0xff,0x08,0x83,0xff,0x08,0x83,0xff,0x08,0x83,0xff,0x08,0x83,0xff,0x08,0x83,0xff,
    0x08,0x83,0xff,0x08,0x83,0xff,0x08,0x83,0xff,0x08,0x83,0xff,0x08,0x83,0xff,0x08,0x83,0xff,0x08,0x83,0xff,0x08,0x83,0xff,
    0x08,0x83,0xff,0x08,0x83,0xff,0x08,0x83,0xff,0x08,0x83,0xff,0x08,0x83,0xff,0x08,0x83,0xff,0x08,0x83,0xff,0x08,0x83,0xff,
    0x08,0x83,0xff,0x08,0x83,0xff,0x08,0x83,0xff,0x08,0x83,0xff,0x08,0x83,0xff,0x50,0x65,0xdc,0x00,0x00,0x00,0x00,0x00,0x00,
    0x00,0x00,0x00,0x00,0x00,0x00,0x50,0x65,0xdc,0x08,0x83,0xff,0x08,0x83,0xff,0x08,0x83,0xff,0x08,0x83,0xff,0x08,0x83,0xff,
    0x08,0x83,0xff,0x08,0x83,0xff,0x08,0x83,0xff,0x08,0x83,0xff,0x08,0x83,0xff,0x08,0x83,0xff,0x08,0x83,0xff,0x08,0x83,0xff,
    0x08,0x83,0xff,0x08,0x83,0xff,0x08,0x83,0xff,0x08,0x83,0xff,0x08,0x83,0xff,0x08,0x83,0xff,0x08,0x83,0xff,0x08,0x83,0xff,
    0x08,0x83,0xff,0x08,0x83,0xff,0x08,0x83,0xff,0x08,0x83,0xff,0x08,0x83,0xff,0x08,0x83,0xff,0x08,0x83,0xff,0x08,0x83,0xff,
    0x08,0x83,0xff,0x08,0x83,0xff,0x08,0x83,0xff,0x08,0x83,0xff,0x08,0x83,0xff,0x08,0x83,0xff,0x08,0x83,0xff,0x08,0x83,0xff,
    0x08,0x83,0xff,0x08,0x82,0xff,0x08,0x82,0xff,0x08,0x82,0xff,0x08,0x82,0xff,0x10,0x83,0xff,0x10,0x83,0xff,0x10,0x83,0xff,
    0x10,0x83,0xff,0x10,0x83,0xff,0x18,0x83,0xff,0x18,0x83,0xff,0x18,0x83,0xff,0x18,0x83,0xff,0x18,0x83,0xff,0x18,0x83,0xff,
    0x18,0x83,0xff,0x18,0x83,0xff,0x18,0x83,0xff,0x18,0x83,0xff,0x18,0x83,0xff,0x18,0x83,0xff,0x18,0x83,0xff,0x18,0x83,0xff,
    0x18,0x83,0xff,0x18,0x83,0xff,0x18,0x83,0xff,0x18,0x83,0xff,0x18,0x83,0xff,0x18,0x83,0xff,0x18,0x83,0xff,0x18,0x83,0xff,
    0x18,0x83,0xff,0x18,0x83,0xff,0x18,0x83,0xff,0x18,0x83,0xff,0x18,0x83,0xff,0x18,0x83,0xff,0x18,0x83,0xff,0x18,0x83,0xff,
    0x18,0x83,0xff,0x18,0x83,0xff,0x18,0x83,0xff,0x18,0x83,0xff,0x18,0x83,0xff,0x18,0x83,0xff,0x10,0x83,0xff,0x10,0x83,0xff,
    0x10,0x83,0xff,0x10,0x83,0xff,0x10,0x83,0xff,0x10,0x83,0xff,0x08,0x82,0xff,0x08,0x82,0xff,0x08,0x82,0xff,0x08,0x82,0xff,
    0x08,0x83,0xff,0x08,0x83,0xff,0x08,0x83,0xff,0x08,0x83,0xff,0x08,0x83,0xff,0x08,0x83,0xff,0x08,0x83,0xff,0x08,0x83,0xff,
    0x08,0x83,0xff,0x08,0x83,0xff,0x08,0x83,0xff,0x08,0x83,0xff,0x08,0x83,0xff,0x08,0x83,0xff,0x08,0x83,0xff,0x08,0x83,0xff,
    0x08,0x83,0xff,0x08,0x83,0xff,0x08,0x83,0xff,0x08,0x83,0xff,0x08,0x83,0xff,0x08,0x83,0xff,0x08,0x83,0xff,0x08,0x83,0xff,
    0x08,0x83,0xff,0x08,0x83,0xff,0x08,0x83,0xff,0x08,0x83,0xff,0x08,0x83,0xff,0x08,0x83,0xff,0x08,0x83,0xff,0x08,0x83,0xff,
    0x08,0x83,0xff,0x08,0x83,0xff,0x08,0x83,0xff,0x08,0x83,0xff,0x08,0x83,0xff,0x50,0x65,0xdc,0x00,0x00,0x00,0x00,0x00,0x00,
    0x00,0x00,0x00,0x00,0x00,0x00,0x50,0x65,0xdc,0x08,0x83,0xff,0x08,0x83,0xff,0x08,0x83,0xff,0x08,0x83,0xff,0x08,0x83,0xff,
    0x08,0x83,0xff,0x08,0x83,0xff,0x08,0x83,0xff,0x08,0x83,0xff,0x08,0x83,0xff,0x08,0x83,0xff,0x08,0x83,0xff,0x08,0x83,0xff,
    0x08,0x83,0xff,0x08,0x83,0xff,0x08,0x83,0xff,0x08,0x83,0xff,0x08,0x83,0xff,0x08,0x83,0xff,0x08,0x83,0xff,0x08,0x83,0xff,
    0x08,0x83,0xff,0x08,0x83,0xff,0x08,0x83,0xff,0x08,0x83,0xff,0x08,0x83,0xff,0x08,0x83,0xff,0x08,0x83,0xff,0x08,0x83,0xff,
    0x08,0x83,0xff,0x08,0x83,0xff,0x08,0x83,0xff,0x08,0x83,0xff,0x08,0x83,0xff,0x08,0x83,0xff,0x08,0x83,0xff,0x08,0x83,0xff,
    0x08,0x83,0xff,0x08,0x83,0xff,0x08,0x82,0xff,0x08,0x82,0xff,0x08,0x82,0xff,0x08,0x82,0xff,0x08,0x82,0xff,0x08,0x83,0xff,
    0x10,0x83,0xff,0x10,0x83,0xff,0x10,0x83,0xff,0x10,0x83,0xff,0x10,0x83,0xff,0x10,0x83,0xff,0x10,0x83,0xff,0x10,0x83,0xff,
    0x10,0x83,0xff,0x10,0x83,0xff,0x10,0x83,0xff,0x10,0x83,0xff,0x10,0x83,0xff,0x10,0x83,0xff,0x10,0x83,0xff,0x10,0x83,0xff,
    0x10,0x83,0xff,0x10,0x83,0xff,0x10,0x83,0xff,0x10,0x83,0xff,0x10,0x83,0xff,0x10,0x83,0xff,0x10,0x83,0xff,0x10,0x83,0xff,
    0x10,0x83,0xff,0x10,0x83,0xff,0x10,0x83,0xff,0x10,0x83,0xff,0x10,0x83,0xff,0x10,0x83,0xff,0x10,0x83,0xff,0x10,0x83,0xff,
    0x10,0x83,0xff,0x10,0x83,0xff,0x10,0x83,0xff,0x10,0x83,0xff,0x10,0x83,0xff,0x10,0x83,0xff,0x10,0x83,0xff,0x10,0x83,0xff,
    0x10,0x83,0xff,0x08,0x83,0xff,0x08,0x82,0xff,0x08,0x82,0xff,0x08,0x82,0xff,0x08,0x82,0xff,0x08,0x82,0xff,0x08,0x83,0xff,
    0x08,0x83,0xff,0x08,0x83,0xff,0x08,0x83,0xff,0x08,0x83,0xff,0x08,0x83,0xff,0x08,0x83,0xff,0x08,0x83,0xff,0x08,0x83,0xff,
    0x08,0x83,0xff,0x08,0x83,0xff,0x08,0x83,0xff,0x08,0x83,0xff,0x08,0x83,0xff,0x08,0x83,0xff,0x08,0x83,0xff,0x08,0x83,0xff,
    0x08,0x83,0xff,0x08,0x83,0xff,0x08,0x83,0xff,0x08,0x83,0xff,0x08,0x83,0xff,0x08,0x83,0xff,0x08,0x83,0xff,0x08,0x83,0xff,
    0x08,0x83,0xff,0x08,0x83,0xff,0x08,0x83,0xff,0x08,0x83,0xff,0x08,0x83,0xff,0x08,0x83,0xff,0x08,0x83,0xff,0x08,0x83,0xff,
    0x08,0x83,0xff,0x08,0x83,0xff,0x08,0x83,0xff,0x08,0x83,0xff,0x08,0x83,0xff,0x50,0x65,0xdc,0x00,0x00,0x00,0x00,0x00,0x00,
    0x00,0x00,0x00,0x00,0x00,0x00,0x50,0x65,0xdc,0x08,0x83,0xff,0x08,0x83,0xff,0x08,0x83,0xff,0x08,0x83,0xff,0x08,0x83,0xff,
    0x08,0x83,0xff,0x08,0x83,0xff,0x08,0x83,0xff,0x08,0x83,0xff,0x08,0x83,0xff,0x08,0x83,0xff,0x08,0x83,0xff,0x08,0x83,0xff,
    0x08,0x83,0xff,0x08,0x83,0xff,0x08,0x83,0xff,0x08,0x83,0xff,0x08,0x83,0xff,0x08,0x83,0xff,0x08,0x83,0xff,0x08,0x83,0xff,
    0x08,0x83,0xff,0x08,0x83,0xff,0x08,0x83,0xff,0x08,0x83,0xff,0x08,0x83,0xff,0x08,0x83,0xff,0x08,0x83,0xff,0x08,0x83,0xff,
    0x08,0x83,0xff,0x08,0x83,0xff,0x08,0x83,0xff,0x08,0x83,0xff,0x08,0x83,0xff,0x08,0x83,0xff,0x08,0x83,0xff,0x08,0x83,0xff,
    0x08,0x83,0xff,0x08,0x83,0xff,0x08,0x83,0xff,0x08,0x82,0xff,0x08,0x82,0xff,0x08,0x82,0xff,0x08,0x82,0xff,0x08,0x82,0xff,
    0x08,0x82,0xff,0x08,0x82,0xff,0x08,0x82,0xff,0x08,0x82,0xff,0x08,0x82,0xff,0x08,0x82,0xff,0x08,0x82,0xff,0x08,0x82,0xff,
    0x08,0x82,0xff,0x08,0x82,0xff,0x08,0x82,0xff,0x08,0x82,0xff,0x08,0x82,0xff,0x08,0x82,0xff,0x08,0x82,0xff,0x08,0x82,0xff,
    0x08,0x82,0xff,0x08,0x82,0xff,0x08,0x82,0xff,0x08,0x82,0xff,0x08,0x82,0xff,0x08,0x82,0xff,0x08,0x82,0xff,0x08,0x82,0xff,
    0x08,0x82,0xff,0x08,0x82,0xff,0x08,0x82,0xff,0x08,0x82,0xff,0x08,0x82,0xff,0x08,0x82,0xff,0x08,0x82,0xff,0x08,0x82,0xff,
    0x08,0x82,0xff,0x08,0x82,0xff,0x08,0x82,0xff,0x08,0x82,0xff,0x08,0x82,0xff,0x08,0x82,0xff,0x08,0x82,0xff,0x08,0x82,0xff,
    0x08,0x82,0xff,0x08,0x82,0xff,0x08,0x82,0xff,0x08,0x82,0xff,0x08,0x82,0xff,0x08,0x82,0xff,0x08,0x83,0xff,0x08,0x83,0xff,
    0x08,0x83,0xff,0x08,0x83,0xff,0x08,0x83,0xff,0x08,0x83,0xff,0x08,0x83,0xff,0x08,0x83,0xff,0x08,0x83,0xff,0x08,0x83,0xff,
    0x08,0x83,0xff,0x08,0x83,0xff,0x08,0x83,0xff,0x08,0x83,0xff,0x08,0x83,0xff,0x08,0x83,0xff,0x08,0x83,0xff,0x08,0x83,0xff,
    0x08,0x83,0xff,0x08,0x83,0xff,0x08,0x83,0xff,0x08,0x83,0xff,0x08,0x83,0xff,0x08,0x83,0xff,0x08,0x83,0xff,0x08,0x83,0xff,
    0x08,0x83,0xff,0x08,0x83,0xff,0x08,0x83,0xff,0x08,0x83,0xff,0x08,0x83,0xff,0x08,0x83,0xff,0x08,0x83,0xff,0x08,0x83,0xff,
    0x08,0x83,0xff,0x08,0x83,0xff,0x08,0x83,0xff,0x08,0x83,0xff,0x08,0x83,0xff,0x50,0x65,0xdc,0x00,0x00,0x00,0x00,0x00,0x00,
    0x00,0x00,0x00,0x00,0x00,0x00,0x50,0x65,0xdc,0x08,0x83,0xff,0x08,0x83,0xff,0x08,0x83,0xff,0x08,0x83,0xff,0x08,0x83,0xff,
    0x08,0x83,0xff,0x08,0x83,0xff,0x08,0x83,0xff,0x08,0x83,0xff,0x08,0x83,0xff,0x08,0x83,0xff,0x08,0x83,0xff,0x08,0x83,0xff,
    0x08,0x83,0xff,0x08,0x83,0xff,0x08,0x83,0xff,0x08,0x83,0xff,0x08,0x83,0xff,0x08,0x83,0xff,0x08,0x83,0xff,0x08,0x83,0xff,
    0x08,0x83,0xff,0x08,0x83,0xff,0x08,0x83,0xff,0x08,0x83,0xff,0x08,0x83,0xff,0x08,0x83,0xff,0x08,0x83,0xff,0x08,0x83,0xff,
    0x08,0x83,0xff,0x08,0x83,0xff,0x08,0x83,0xff,0x08,0x83,0xff,0x08,0x83,0xff,0x08,0x83,0xff,0x08,0x83,0xff,0x08,0x83,0xff,
    0x08,0x83,0xff,0x08,0x83,0xff,0x08,0x83,0xff,0x08,0x83,0xff,0x08,0x83,0xff,0x08,0x83,0xff,0x08,0x82,0xff,0x08,0x82,0xff,
    0x08,0x82,0xff,0x08,0x82,0xff,0x08,0x82,0xff,0x08,0x82,0xff,0x08,0x82,0xff,0x08,0x82,0xff,0x08,0x82,0xff,0x08,0x82,0xff,
    0x08,0x82,0xff,0x08,0x82,0xff,0x08,0x82,0xff,0x08,0x82,0xff,0x08,0x82,0xff,0x08,0x82,0xff,0x08,0x82,0xff,0x08,0x82,0xff,
    0x08,0x82,0xff,0x08,0x82,0xff,0x08,0x82,0xff,0x08,0x82,0xff,0x08,0x82,0xff,0x08,0x82,0xff,0x08,0x82,0xff,0x08,0x82,0xff,
    0x08,0x82,0xff,0x08,0x82,0xff,0x08,0x82,0xff,0x08,0x82,0xff,0x08,0x82,0xff,0x08,0x82,0xff,0x08,0x82,0xff,0x08,0x82,0xff,
    0x08,0x82,0xff,0x08,0x82,0xff,0x08,0x82,0xff,0x08,0x82,0xff,0x08,0x82,0xff,0x08,0x82,0xff,0x08,0x82,0xff,0x08,0x82,0xff,
    0x08,0x82,0xff,0x08,0x82,0xff,0x08,0x82,0xff,0x08,0x83,0xff,0x08,0x83,0xff,0x08,0x83,0xff,0x08,0x83,0xff,0x08,0x83,0xff,
    0x08,0x83,0xff,0x08,0x83,0xff,0x08,0x83,0xff,0x08,0x83,0xff,0x08,0x83,0xff,0x08,0x83,0xff,0x08,0x83,0xff,0x08,0x83,0xff,
    0x08,0x83,0xff,0x08,0x83,0xff,0x08,0x83,0xff,0x08,0x83,0xff,0x08,0x83,0xff,0x08,0x83,0xff,0x08,0x83,0xff,0x08,0x83,0xff,
    0x08,0x83,0xff,0x08,0x83,0xff,0x08,0x83,0xff,0x08,0x83,0xff,0x08,0x83,0xff,0x08,0x83,0xff,0x08,0x83,0xff,0x08,0x83,0xff,
    0x08,0x83,0xff,0x08,0x83,0xff,0x08,0x83,0xff,0x08,0x83,0xff,0x08,0x83,0xff,0x08,0x83,0xff,0x08,0x83,0xff,0x08,0x83,0xff,
    0x08,0x83,0xff,0x08,0x83,0xff,0x08,0x83,0xff,0x08,0x83,0xff,0x08,0x83,0xff,0x50,0x65,0xdc,0x00,0x00,0x00,0x00,0x00,0x00,
    0x00,0x00,0x00,0x00,0x00,0x00,0x50,0x65,0xdc,0x08,0x83,0xff,0x08,0x83,0xff,0x08,0x83,0xff,0x08,0x83,0xff,0x08,0x83,0xff,
    0x08,0x83,0xff,0x08,0x83,0xff,0x08,0x83,0xff,0x08,0x83,0xff,0x08,0x83,0xff,0x08,0x83,0xff,0x08,0x83,0xff,0x08,0x83,0xff,
    0x08,0x83,0xff,0x08,0x83,0xff,0x08,0x83,0xff,0x08,0x83,0xff,0x08,0x83,0xff,0x08,0x83,0xff,0x08,0x83,0xff,0x08,0x83,0xff,
    0x08,0x83,0xff,0x08,0x83,0xff,0x08,0x83,0xff,0x08,0x83,0xff,0x08,0x83,0xff,0x08,0x83,0xff,0x08,0x83,0xff,0x08,0x83,0xff,
    0x08,0x83,0xff,0x08,0x83,0xff,0x08,0x83,0xff,0x08,0x83,0xff,0x08,0x83,0xff,0x08,0x83,0xff,0x08,0x83,0xff,0x08,0x83,0xff,
    0x08,0x83,0xff,0x08,0x83,0xff,0x08,0x83,0xff,0x08,0x83,0xff,0x08,0x83,0xff,0x08,0x83,0xff,0x08,0x83,0xff,0x08,0x83,0xff,
    0x08,0x83,0xff,0x08,0x83,0xff,0x08,0x83,0xff,0x08,0x83,0xff,0x08,0x83,0xff,0x08,0x83,0xff,0x08,0x83,0xff,0x08,0x83,0xff,
    0x08,0x83,0xff,0x08,0x83,0xff,0x08,0x83,0xff,0x08,0x83,0xff,0x08,0x83,0xff,0x08,0x83,0xff,0x08,0x83,0xff,0x08,0x83,0xff,
    0x08,0x83,0xff,0x08,0x83,0xff,0x08,0x83,0xff,0x08,0x83,0xff,0x08,0x83,0xff,0x08,0x83,0xff,0x08,0x83,0xff,0x08,0x83,0xff,
    0x08,0x83,0xff,0x08,0x83,0xff,0x08,0x83,0xff,0x08,0x83,0xff,0x08,0x83,0xff,0x08,0x83,0xff,0x08,0x83,0xff,0x08,0x83,0xff,
    0x08,0x83,0xff,0x08,0x83,0xff,0x08,0x83,0xff,0x08,0x83,0xff,0x08,0x83,0xff,0x08,0x83,0xff,0x08,0x83,0xff,0x08,0x83,0xff,
    0x08,0x83,0xff,0x08,0x83,0xff,0x08,0x83,0xff,0x08,0x83,0xff,0x08,0x83,0xff,0x08,0x83,0xff,0x08,0x83,0xff,0x08,0x83,0xff,
    0x08,0x83,0xff,0x08,0x83,0xff,0x08,0x83,0xff,0x08,0x83,0xff,0x08,0x83,0xff,0x08,0x83,0xff,0x08,0x83,0xff,0x08,0x83,0xff,
    0x08,0x83,0xff,0x08,0x83,0xff,0x08,0x83,0xff,0x08,0x83,0xff,0x08,0x83,0xff,0x08,0x83,0xff,0x08,0x83,0xff,0x08,0x83,0xff,
    0x08,0x83,0xff,0x08,0x83,0xff,0x08,0x83,0xff,0x08,0x83,0xff,0x08,0x83,0xff,0x08,0x83,0xff,0x08,0x83,0xff,0x08,0x83,0xff,
    0x08,0x83,0xff,0x08,0x83,0xff,0x08,0x83,0xff,0x08,0x83,0xff,0x08,0x83,0xff,0x08,0x83,0xff,0x08,0x83,0xff,0x08,0x83,0xff,
    0x08,0x83,0xff,0x08,0x83,0xff,0x08,0x83,0xff,0x08,0x83,0xff,0x08,0x83,0xff,0x50,0x65,0xdc,0x00,0x00,0x00,0x00,0x00,0x00,
    0x00,0x00,0x00,0x00,0x00,0x00,0x50,0x65,0xdc,0x08,0x83,0xff,0x08,0x83,0xff,0x08,0x83,0xff,0x08,0x83,0xff,0x08,0x83,0xff,
    0x08,0x83,0xff,0x08,0x83,0xff,0x08,0x83,0xff,0x08,0x83,0xff,0x08,0x83,0xff,0x08,0x83,0xff,0x08,0x83,0xff,0x08,0x83,0xff,
    0x08,0x83,0xff,0x08,0x83,0xff,0x08,0x83,0xff,0x08,0x83,0xff,0x08,0x83,0xff,0x08,0x83,0xff,0x08,0x83,0xff,0x08,0x83,0xff,
    0x08,0x83,0xff,0x08,0x83,0xff,0x08,0x83,0xff,0x08,0x83,0xff,0x08,0x83,0xff,0x08,0x83,0xff,0x08,0x83,0xff,0x08,0x83,0xff,
    0x08,0x83,0xff,0x08,0x83,0xff,0x08,0x83,0xff,0x08,0x83,0xff,0x08,0x83,0xff,0x08,0x83,0xff,0x08,0x83,0xff,0x08,0x83,0xff,
    0x08,0x83,0xff,0x08,0x83,0xff,0x08,0x83,0xff,0x08,0x83,0xff,0x08,0x83,0xff,0x08,0x83,0xff,0x08,0x83,0xff,0x08,0x83,0xff,
    0x08,0x83,0xff,0x08,0x83,0xff,0x08,0x83,0xff,0x08,0x83,0xff,0x08,0x83,0xff,0x08,0x83,0xff,0x08,0x83,0xff,0x08,0x83,0xff,
    0x08,0x83,0xff,0x08,0x83,0xff,0x08,0x83,0xff,0x08,0x83,0xff,0x08,0x83,0xff,0x08,0x83,0xff,0x08,0x83,0xff,0x08,0x83,0xff,
    0x08,0x83,0xff,0x08,0x83,0xff,0x08,0x83,0xff,0x08,0x83,0xff,0x08,0x83,0xff,0x08,0x83,0xff,0x08,0x83,0xff,0x08,0x83,0xff,
    0x08,0x83,0xff,0x08,0x83,0xff,0x08,0x83,0xff,0x08,0x83,0xff,0x08,0x83,0xff,0x08,0x83,0xff,0x08,0x83,0xff,0x08,0x83,0xff,
    0x08,0x83,0xff,0x08,0x83,0xff,0x08,0x83,0xff,0x08,0x83,0xff,0x08,0x83,0xff,0x08,0x83,0xff,0x08,0x83,0xff,0x08,0x83,0xff,
    0x08,0x83,0xff,0x08,0x83,0xff,0x08,0x83,0xff,0x08,0x83,0xff,0x08,0x83,0xff,0x08,0x83,0xff,0x08,0x83,0xff,0x08,0x83,0xff,
    0x08,0x83,0xff,0x08,0x83,0xff,0x08,0x83,0xff,0x08,0x83,0xff,0x08,0x83,0xff,0x08,0x83,0xff,0x08,0x83,0xff,0x08,0x83,0xff,
    0x08,0x83,0xff,0x08,0x83,0xff,0x08,0x83,0xff,0x08,0x83,0xff,0x08,0x83,0xff,0x08,0x83,0xff,0x08,0x83,0xff,0x08,0x83,0xff,
    0x08,0x83,0xff,0x08,0x83,0xff,0x08,0x83,0xff,0x08,0x83,0xff,0x08,0x83,0xff,0x08,0x83,0xff,0x08,0x83,0xff,0x08,0x83,0xff,
    0x08,0x83,0xff,0x08,0x83,0xff,0x08,0x83,0xff,0x08,0x83,0xff,0x08,0x83,0xff,0x08,0x83,0xff,0x08,0x83,0xff,0x08,0x83,0xff,
    0x08,0x83,0xff,0x08,0x83,0xff,0x08,0x83,0xff,0x08,0x83,0xff,0x08,0x83,0xff,0x50,0x65,0xdc,0x00,0x00,0x00,0x00,0x00,0x00,
    0x00,0x00,0x00,0x00,0x00,0x00,0x50,0x65,0xdc,0x08,0x83,0xff,0x08,0x83,0xff,0x08,0x83,0xff,0x08,0x83,0xff,0x08,0x83,0xff,
    0x08,0x83,0xff,0x08,0x83,0xff,0x08,0x83,0xff,0x08,0x83,0xff,0x08,0x83,0xff,0x08,0x83,0xff,0x08,0x83,0xff,0x08,0x83,0xff,
    0x08,0x83,0xff,0x08,0x83,0xff,0x08,0x83,0xff,0x08,0x83,0xff,0x08,0x83,0xff,0x08,0x83,0xff,0x08,0x83,0xff,0x08,0x83,0xff,
    0x08,0x83,0xff,0x08,0x83,0xff,0x08,0x83,0xff,0x08,0x83,0xff,0x08,0x83,0xff,0x08,0x83,0xff,0x08,0x83,0xff,0x08,0x83,0xff,
    0x08,0x83,0xff,0x08,0x83,0xff,0x08,0x83,0xff,0x08,0x83,0xff,0x08,0x83,0xff,0x08,0x83,0xff,0x08,0x83,0xff,0x08,0x83,0xff,
    0x08,0x83,0xff,0x08,0x83,0xff,0x08,0x83,0xff,0x08,0x83,0xff,0x08,0x83,0xff,0x08,0x83,0xff,0x08,0x83,0xff,0x08,0x83,0xff,
    0x08,0x83,0xff,0x08,0x83,0xff,0x08,0x83,0xff,0x08,0x83,0xff,0x08,0x83,0xff,0x08,0x83,0xff,0x08,0x83,0xff,0x08,0x83,0xff,
    0x08,0x83,0xff,0x08,0x83,0xff,0x08,0x83,0xff,0x08,0x83,0xff,0x08,0x83,0xff,0x08,0x83,0xff,0x08,0x83,0xff,0x08,0x83,0xff,
    0x08,0x83,0xff,0x08,0x83,0xff,0x08,0x83,0xff,0x08,0x83,0xff,0x08,0x83,0xff,0x08,0x83,0xff,0x08,0x83,0xff,0x08,0x83,0xff,
    0x08,0x83,0xff,0x08,0x83,0xff,0x08,0x83,0xff,0x08,0x83,0xff,0x08,0x83,0xff,0x08,0x83,0xff,0x08,0x83,0xff,0x08,0x83,0xff,
    0x08,0x83,0xff,0x08,0x83,0xff,0x08,0x83,0xff,0x08,0x83,0xff,0x08,0x83,0xff,0x08,0x83,0xff,0x08,0x83,0xff,0x08,0x83,0xff,
    0x08,0x83,0xff,0x08,0x83,0xff,0x08,0x83,0xff,0x08,0x83,0xff,0x08,0x83,0xff,0x08,0x83,0xff,0x08,0x83,0xff,0x08,0x83,0xff,
    0x08,0x83,0xff,0x08,0x83,0xff,0x08,0x83,0xff,0x08,0x83,0xff,0x08,0x83,0xff,0x08,0x83,0xff,0x08,0x83,0xff,0x08,0x83,0xff,
    0x08,0x83,0xff,0x08,0x83,0xff,0x08,0x83,0xff,0x08,0x83,0xff,0x08,0x83,0xff,0x08,0x83,0xff,0x08,0x83,0xff,0x08,0x83,0xff,
    0x08,0x83,0xff,0x08,0x83,0xff,0x08,0x83,0xff,0x08,0x83,0xff,0x08,0x83,0xff,0x08,0x83,0xff,0x08,0x83,0xff,0x08,0x83,0xff,
    0x08,0x83,0xff,0x08,0x83,0xff,0x08,0x83,0xff,0x08,0x83,0xff,0x08,0x83,0xff,0x08,0x83,0xff,0x08,0x83,0xff,0x08,0x83,0xff,
    0x08,0x83,0xff,0x08,0x83,0xff,0x08,0x83,0xff,0x08,0x83,0xff,0x08,0x83,0xff,0x50,0x65,0xdc,0x00,0x00,0x00,0x00,0x00,0x00,
    0x00,0x00,0x00,0x00,0x00,0x00,0x50,0x65,0xdc,0x08,0x83,0xff,0x08,0x83,0xff,0x08,0x83,0xff,0x08,0x83,0xff,0x08,0x83,0xff,
    0x08,0x83,0xff,0x08,0x83,0xff,0x08,0x83,0xff,0x08,0x83,0xff,0x08,0x83,0xff,0x08,0x83,0xff,0x08,0x83,0xff,0x08,0x83,0xff,
    0x08,0x83,0xff,0x08,0x83,0xff,0x08,0x83,0xff,0x08,0x83,0xff,0x08,0x83,0xff,0x08,0x83,0xff,0x08,0x83,0xff,0x08,0x83,0xff,
    0x08,0x83,0xff,0x08,0x83,0xff,0x08,0x83,0xff,0x08,0x83,0xff,0x08,0x83,0xff,0x08,0x83,0xff,0x08,0x83,0xff,0x08,0x83,0xff,
    0x08,0x83,0xff,0x08,0x83,0xff,0x08,0x83,0xff,0x08,0x83,0xff,0x08,0x83,0xff,0x08,0x83,0xff,0x08,0x83,0xff,0x08,0x83,0xff,
    0x08,0x83,0xff,0x08,0x83,0xff,0x08,0x83,0xff,0x08,0x83,0xff,0x08,0x83,0xff,0x08,0x83,0xff,0x08,0x83,0xff,0x08,0x83,0xff,
    0x08,0x83,0xff,0x08,0x83,0xff,0x08,0x83,0xff,0x08,0x83,0xff,0x08,0x83,0xff,0x08,0x83,0xff,0x08,0x83,0xff,0x08,0x83,0xff,
    0x08,0x83,0xff,0x08,0x83,0xff,0x08,0x83,0xff,0x08,0x83,0xff,0x08,0x83,0xff,0x08,0x83,0xff,0x08,0x83,0xff,0x08,0x83,0xff,
    0x08,0x83,0xff,0x08,0x83,0xff,0x08,0x83,0xff,0x08,0x83,0xff,0x08,0x83,0xff,0x08,0x83,0xff,0x08,0x83,0xff,0x08,0x83,0xff,
    0x08,0x83,0xff,0x08,0x83,0xff,0x08,0x83,0xff,0x08,0x83,0xff,0x08,0x83,0xff,0x08,0x83,0xff,0x08,0x83,0xff,0x08,0x83,0xff,
    0x08,0x83,0xff,0x08,0x83,0xff,0x08,0x83,0xff,0x08,0x83,0xff,0x08,0x83,0xff,0x08,0x83,0xff,0x08,0x83,0xff,0x08,0x83,0xff,
    0x08,0x83,0xff,0x08,0x83,0xff,0x08,0x83,0xff,0x08,0x83,0xff,0x08,0x83,0xff,0x08,0x83,0xff,0x08,0x83,0xff,0x08,0x83,0xff,
    0x08,0x83,0xff,0x08,0x83,0xff,0x08,0x83,0xff,0x08,0x83,0xff,0x08,0x83,0xff,0x08,0x83,0xff,0x08,0x83,0xff,0x08,0x83,0xff,
    0x08,0x83,0xff,0x08,0x83,0xff,0x08,0x83,0xff,0x08,0x83,0xff,0x08,0x83,0xff,0x08,0x83,0xff,0x08,0x83,0xff,0x08,0x83,0xff,
    0x08,0x83,0xff,0x08,0x83,0xff,0x08,0x83,0xff,0x08,0x83,0xff,0x08,0x83,0xff,0x08,0x83,0xff,0x08,0x83,0xff,0x08,0x83,0xff,
    0x08,0x83,0xff,0x08,0x83,0xff,0x08,0x83,0xff,0x08,0x83,0xff,0x08,0x83,0xff,0x08,0x83,0xff,0x08,0x83,0xff,0x08,0x83,0xff,
    0x08,0x83,0xff,0x08,0x83,0xff,0x08,0x83,0xff,0x08,0x83,0xff,0x08,0x83,0xff,0x50,0x65,0xdc,0x00,0x00,0x00,0x00,0x00,0x00,
    0x00,0x00,0x00,0x00,0x00,0x00,0x50,0x65,0xdc,0x08,0x83,0xff,0x08,0x83,0xff,0x08,0x83,0xff,0x08,0x83,0xff,0x08,0x83,0xff,
    0x08,0x83,0xff,0x08,0x83,0xff,0x08,0x83,0xff,0x08,0x83,0xff,0x08,0x83,0xff,0x08,0x83,0xff,0x08,0x83,0xff,0x08,0x83,0xff,
    0x08,0x83,0xff,0x08,0x83,0xff,0x08,0x83,0xff,0x08,0x83,0xff,0x08,0x83,0xff,0x08,0x83,0xff,0x08,0x83,0xff,0x08,0x83,0xff,
    0x08,0x83,0xff,0x08,0x83,0xff,0x08,0x83,0xff,0x08,0x83,0xff,0x08,0x83,0xff,0x08,0x83,0xff,0x08,0x83,0xff,0x08,0x83,0xff,
    0x08,0x83,0xff,0x08,0x83,0xff,0x08,0x83,0xff,0x08,0x83,0xff,0x08,0x83,0xff,0x08,0x83,0xff,0x08,0x83,0xff,0x08,0x83,0xff,
    0x08,0x83,0xff,0x08,0x83,0xff,0x08,0x83,0xff,0x08,0x83,0xff,0x08,0x83,0xff,0x08,0x83,0xff,0x08,0x83,0xff,0x08,0x83,0xff,
    0x08,0x83,0xff,0x08,0x83,0xff,0x08,0x83,0xff,0x08,0x83,0xff,0x08,0x83,0xff,0x08,0x83,0xff,0x08,0x83,0xff,0x08,0x83,0xff,
    0x08,0x83,0xff,0x08,0x83,0xff,0x08,0x83,0xff,0x08,0x83,0xff,0x08,0x83,0xff,0x08,0x83,0xff,0x08,0x83,0xff,0x08,0x83,0xff,
    0x08,0x83,0xff,0x08,0x83,0xff,0x08,0x83,0xff,0x08,0x83,0xff,0x08,0x83,0xff,0x08,0x83,0xff,0x08,0x83,0xff,0x08,0x83,0xff,
    0x08,0x83,0xff,0x08,0x83,0xff,0x08,0x83,0xff,0x08,0x83,0xff,0x08,0x83,0xff,0x08,0x83,0xff,0x08,0x83,0xff,0x08,0x83,0xff,
    0x08,0x83,0xff,0x08,0x83,0xff,0x08,0x83,0xff,0x08,0x83,0xff,0x08,0x83,0xff,0x08,0x83,0xff,0x08,0x83,0xff,0x08,0x83,0xff,
    0x08,0x83,0xff,0x08,0x83,0xff,0x08,0x83,0xff,0x08,0x83,0xff,0x08,0x83,0xff,0x08,0x83,0xff,0x08,0x83,0xff,0x08,0x83,0xff,
    0x08,0x83,0xff,0x08,0x83,0xff,0x08,0x83,0xff,0x08,0x83,0xff,0x08,0x83,0xff,0x08,0x83,0xff,0x08,0x83,0xff,0x08,0x83,0xff,
    0x08,0x83,0xff,0x08,0x83,0xff,0x08,0x83,0xff,0x08,0x83,0xff,0x08,0x83,0xff,0x08,0x83,0xff,0x08,0x83,0xff,0x08,0x83,0xff,
    0x08,0x83,0xff,0x08,0x83,0xff,0x08,0x83,0xff,0x08,0x83,0xff,0x08,0x83,0xff,0x08,0x83,0xff,0x08,0x83,0xff,0x08,0x83,0xff,
    0x08,0x83,0xff,0x08,0x83,0xff,0x08,0x83,0xff,0x08,0x83,0xff,0x08,0x83,0xff,0x08,0x83,0xff,0x08,0x83,0xff,0x08,0x83,0xff,
    0x08,0x83,0xff,0x08,0x83,0xff,0x08,0x83,0xff,0x08,0x83,0xff,0x08,0x83,0xff,0x50,0x65,0xdc,0x00,0x00,0x00,0x00,0x00,0x00,
    0x00,0x00,0x00,0x00,0x00,0x00,0x50,0x65,0xdc,0x08,0x83,0xff,0x08,0x83,0xff,0x08,0x83,0xff,0x08,0x83,0xff,0x08,0x83,0xff,
    0x08,0x83,0xff,0x08,0x83,0xff,0x08,0x83,0xff,0x08,0x83,0xff,0x08,0x83,0xff,0x08,0x83,0xff,0x08,0x83,0xff,0x08,0x83,0xff,
    0x08,0x83,0xff,0x08,0x83,0xff,0x08,0x83,0xff,0x08,0x83,0xff,0x08,0x83,0xff,0x08,0x83,0xff,0x08,0x83,0xff,0x08,0x83,0xff,
    0x08,0x83,0xff,0x08,0x83,0xff,0x08,0x83,0xff,0x08,0x83,0xff,0x08,0x83,0xff,0x08,0x83,0xff,0x08,0x83,0xff,0x08,0x83,0xff,
    0x08,0x83,0xff,0x08,0x83,0xff,0x08,0x83,0xff,0x08,0x83,0xff,0x08,0x83,0xff,0x08,0x83,0xff,0x08,0x83,0xff,0x08,0x83,0xff,
    0x08,0x83,0xff,0x08,0x83,0xff,0x08,0x83,0xff,0x08,0x83,0xff,0x08,0x83,0xff,0x08,0x83,0xff,0x08,0x83,0xff,0x08,0x83,0xff,
    0x08,0x83,0xff,0x08,0x83,0xff,0x08,0x83,0xff,0x08,0x83,0xff,0x08,0x83,0xff,0x08,0x83,0xff,0x08,0x83,0xff,0x08,0x83,0xff,
    0x08,0x83,0xff,0x08,0x83,0xff,0x08,0x83,0xff,0x08,0x83,0xff,0x08,0x83,0xff,0x08,0x83,0xff,0x08,0x83,0xff,0x08,0x83,0xff,
    0x08,0x83,0xff,0x08,0x83,0xff,0x08,0x83,0xff,0x08,0x83,0xff,0x08,0x83,0xff,0x08,0x83,0xff,0x08,0x83,0xff,0x08,0x83,0xff,
    0x08,0x83,0xff,0x08,0x83,0xff,0x08,0x83,0xff,0x08,0x83,0xff,0x08,0x83,0xff,0x08,0x83,0xff,0x08,0x83,0xff,0x08,0x83,0xff,
    0x08,0x83,0xff,0x08,0x83,0xff,0x08,0x83,0xff,0x08,0x83,0xff,0x08,0x83,0xff,0x08,0x83,0xff,0x08,0x83,0xff,0x08,0x83,0xff,
    0x08,0x83,0xff,0x08,0x83,0xff,0x08,0x83,0xff,0x08,0x83,0xff,0x08,0x83,0xff,0x08,0x83,0xff,0x08,0x83,0xff,0x08,0x83,0xff,
    0x08,0x83,0xff,0x08,0x83,0xff,0x08,0x83,0xff,0x08,0x83,0xff,0x08,0x83,0xff,0x08,0x83,0xff,0x08,0x83,0xff,0x08,0x83,0xff,
    0x08,0x83,0xff,0x08,0x83,0xff,0x08,0x83,0xff,0x08,0x83,0xff,0x08,0x83,0xff,0x08,0x83,0xff,0x08,0x83,0xff,0x08,0x83,0xff,
    0x08,0x83,0xff,0x08,0x83,0xff,0x08,0x83,0xff,0x08,0x83,0xff,0x08,0x83,0xff,0x08,0x83,0xff,0x08,0x83,0xff,0x08,0x83,0xff,
    0x08,0x83,0xff,0x08,0x83,0xff,0x08,0x83,0xff,0x08,0x83,0xff,0x08,0x83,0xff,0x08,0x83,0xff,0x08,0x83,0xff,0x08,0x83,0xff,
    0x08,0x83,0xff,0x08,0x83,0xff,0x08,0x83,0xff,0x08,0x83,0xff,0x08,0x83,0xff,0x50,0x65,0xdc,0x00,0x00,0x00,0x00,0x00,0x00,
    0x00,0x00,0x00,0x00,0x00,0x00,0x50,0x65,0xdc,0x08,0x83,0xff,0x08,0x83,0xff,0x08,0x83,0xff,0x08,0x83,0xff,0x08,0x83,0xff,
    0x08,0x83,0xff,0x08,0x83,0xff,0x08,0x83,0xff,0x08,0x83,0xff,0x08,0x83,0xff,0x08,0x83,0xff,0x08,0x83,0xff,0x08,0x83,0xff,
    0x08,0x83,0xff,0x08,0x83,0xff,0x08,0x83,0xff,0x08,0x83,0xff,0x08,0x83,0xff,0x08,0x83,0xff,0x08,0x83,0xff,0x08,0x83,0xff,
    0x08,0x83,0xff,0x08,0x83,0xff,0x08,0x83,0xff,0x08,0x83,0xff,0x08,0x83,0xff,0x08,0x83,0xff,0x08,0x83,0xff,0x08,0x83,0xff,
    0x08,0x83,0xff,0x08,0x83,0xff,0x08,0x83,0xff,0x08,0x83,0xff,0x08,0x83,0xff,0x08,0x83,0xff,0x08,0x83,0xff,0x08,0x83,0xff,
    0x08,0x83,0xff,0x08,0x83,0xff,0x08,0x83,0xff,0x08,0x83,0xff,0x08,0x83,0xff,0x08,0x83,0xff,0x08,0x83,0xff,0x08,0x83,0xff,
    0x08,0x83,0xff,0x08,0x83,0xff,0x08,0x83,0xff,0x08,0x83,0xff,0x08,0x83,0xff,0x08,0x83,0xff,0x08,0x83,0xff,0x08,0x83,0xff,
    0x08,0x83,0xff,0x08,0x83,0xff,0x08,0x83,0xff,0x08,0x83,0xff,0x08,0x83,0xff,0x08,0x83,0xff,0x08,0x83,0xff,0x08,0x83,0xff,
    0x08,0x83,0xff,0x08,0x83,0xff,0x08,0x83,0xff,0x08,0x83,0xff,0x08,0x83,0xff,0x08,0x83,0xff,0x08,0x83,0xff,0x08,0x83,0xff,
    0x08,0x83,0xff,0x08,0x83,0xff,0x08,0x83,0xff,0x08,0x83,0xff,0x08,0x83,0xff,0x08,0x83,0xff,0x08,0x83,0xff,0x08,0x83,0xff,
    0x08,0x83,0xff,0x08,0x83,0xff,0x08,0x83,0xff,0x08,0x83,0xff,0x08,0x83,0xff,0x08,0x83,0xff,0x08,0x83,0xff,0x08,0x83,0xff,
    0x08,0x83,0xff,0x08,0x83,0xff,0x08,0x83,0xff,0x08,0x83,0xff,0x08,0x83,0xff,0x08,0x83,0xff,0x08,0x83,0xff,0x08,0x83,0xff,
    0x08,0x83,0xff,0x08,0x83,0xff,0x08,0x83,0xff,0x08,0x83,0xff,0x08,0x83,0xff,0x08,0x83,0xff,0x08,0x83,0xff,0x08,0x83,0xff,
    0x08,0x83,0xff,0x08,0x83,0xff,0x08,0x83,0xff,0x08,0x83,0xff,0x08,0x83,0xff,0x08,0x83,0xff,0x08,0x83,0xff,0x08,0x83,0xff,
    0x08,0x83,0xff,0x08,0x83,0xff,0x08,0x83,0xff,0x08,0x83,0xff,0x08,0x83,0xff,0x08,0x83,0xff,0x08,0x83,0xff,0x08,0x83,0xff,
    0x08,0x83,0xff,0x08,0x83,0xff,0x08,0x83,0xff,0x08,0x83,0xff,0x08,0x83,0xff,0x08,0x83,0xff,0x08,0x83,0xff,0x08,0x83,0xff,
    0x08,0x83,0xff,0x08,0x83,0xff,0x08,0x83,0xff,0x08,0x83,0xff,0x08,0x83,0xff,0x50,0x65,0xdc,0x00,0x00,0x00,0x00,0x00,0x00,
    0x00,0x00,0x00,0x00,0x00,0x00,0x50,0x65,0xdc,0x08,0x83,0xff,0x08,0x83,0xff,0x08,0x83,0xff,0x08,0x83,0xff,0x08,0x83,0xff,
    0x08,0x83,0xff,0x08,0x83,0xff,0x08,0x83,0xff,0x08,0x83,0xff,0x08,0x83,0xff,0x08,0x83,0xff,0x08,0x83,0xff,0x08,0x83,0xff,
    0x08,0x83,0xff,0x08,0x83,0xff,0x08,0x83,0xff,0x08,0x83,0xff,0x08,0x83,0xff,0x08,0x83,0xff,0x08,0x83,0xff,0x08,0x83,0xff,
    0x08,0x83,0xff,0x08,0x83,0xff,0x08,0x83,0xff,0x08,0x83,0xff,0x08,0x83,0xff,0x08,0x83,0xff,0x08,0x83,0xff,0x08,0x83,0xff,
    0x08,0x83,0xff,0x08,0x83,0xff,0x08,0x83,0xff,0x08,0x83,0xff,0x08,0x83,0xff,0x08,0x83,0xff,0x08,0x83,0xff,0x08,0x83,0xff,
    0x08,0x83,0xff,0x08,0x83,0xff,0x08,0x83,0xff,0x08,0x83,0xff,0x08,0x83,0xff,0x08,0x83,0xff,0x08,0x83,0xff,0x08,0x83,0xff,
    0x08,0x83,0xff,0x08,0x83,0xff,0x08,0x83,0xff,0x08,0x83,0xff,0x08,0x83,0xff,0x08,0x83,0xff,0x08,0x83,0xff,0x08,0x83,0xff,
    0x08,0x83,0xff,0x08,0x83,0xff,0x08,0x83,0xff,0x08,0x83,0xff,0x08,0x83,0xff,0x08,0x83,0xff,0x08,0x83,0xff,0x08,0x83,0xff,
    0x08,0x83,0xff,0x08,0x83,0xff,0x08,0x83,0xff,0x08,0x83,0xff,0x08,0x83,0xff,0x08,0x83,0xff,0x08,0x83,0xff,0x08,0x83,0xff,
    0x08,0x83,0xff,0x08,0x83,0xff,0x08,0x83,0xff,0x08,0x83,0xff,0x08,0x83,0xff,0x08,0x83,0xff,0x08,0x83,0xff,0x08,0x83,0xff,
    0x08,0x83,0xff,0x08,0x83,0xff,0x08,0x83,0xff,0x08,0x83,0xff,0x08,0x83,0xff,0x08,0x83,0xff,0x08,0x83,0xff,0x08,0x83,0xff,
    0x08,0x83,0xff,0x08,0x83,0xff,0x08,0x83,0xff,0x08,0x83,0xff,0x08,0x83,0xff,0x08,0x83,0xff,0x08,0x83,0xff,0x08,0x83,0xff,
    0x08,0x83,0xff,0x08,0x83,0xff,0x08,0x83,0xff,0x08,0x83,0xff,0x08,0x83,0xff,0x08,0x83,0xff,0x08,0x83,0xff,0x08,0x83,0xff,
    0x08,0x83,0xff,0x08,0x83,0xff,0x08,0x83,0xff,0x08,0x83,0xff,0x08,0x83,0xff,0x08,0x83,0xff,0x08,0x83,0xff,0x08,0x83,0xff,
    0x08,0x83,0xff,0x08,0x83,0xff,0x08,0x83,0xff,0x08,0x83,0xff,0x08,0x83,0xff,0x08,0x83,0xff,0x08,0x83,0xff,0x08,0x83,0xff,
    0x08,0x83,0xff,0x08,0x83,0xff,0x08,0x83,0xff,0x08,0x83,0xff,0x08,0x83,0xff,0x08,0x83,0xff,0x08,0x83,0xff,0x08,0x83,0xff,
    0x08,0x83,0xff,0x08,0x83,0xff,0x08,0x83,0xff,0x08,0x83,0xff,0x08,0x83,0xff,0x50,0x65,0xdc,0x00,0x00,0x00,0x00,0x00,0x00,
    0x00,0x00,0x00,0x00,0x00,0x00,0x50,0x65,0xdc,0x08,0x83,0xff,0x08,0x83,0xff,0x08,0x83,0xff,0x08,0x83,0xff,0x08,0x83,0xff,
    0x08,0x83,0xff,0x08,0x83,0xff,0x08,0x83,0xff,0x08,0x83,0xff,0x08,0x83,0xff,0x08,0x83,0xff,0x08,0x83,0xff,0x08,0x83,0xff,
    0x08,0x83,0xff,0x08,0x83,0xff,0x08,0x83,0xff,0x08,0x83,0xff,0x08,0x83,0xff,0x08,0x83,0xff,0x08,0x83,0xff,0x08,0x83,0xff,
    0x08,0x83,0xff,0x08,0x83,0xff,0x08,0x83,0xff,0x08,0x83,0xff,0x08,0x83,0xff,0x08,0x83,0xff,0x08,0x83,0xff,0x08,0x83,0xff,
    0x08,0x83,0xff,0x08,0x83,0xff,0x08,0x83,0xff,0x08,0x83,0xff,0x08,0x83,0xff,0x08,0x83,0xff,0x08,0x83,0xff,0x08,0x83,0xff,
    0x08,0x83,0xff,0x08,0x83,0xff,0x08,0x83,0xff,0x08,0x83,0xff,0x08,0x83,0xff,0x08,0x83,0xff,0x08,0x83,0xff,0x08,0x83,0xff,
    0x08,0x83,0xff,0x08,0x83,0xff,0x08,0x83,0xff,0x08,0x83,0xff,0x08,0x83,0xff,0x08,0x83,0xff,0x08,0x83,0xff,0x08,0x83,0xff,
    0x08,0x83,0xff,0x08,0x83,0xff,0x08,0x83,0xff,0x08,0x83,0xff,0x08,0x83,0xff,0x08,0x83,0xff,0x08,0x83,0xff,0x08,0x83,0xff,
    0x08,0x83,0xff,0x08,0x83,0xff,0x08,0x83,0xff,0x08,0x83,0xff,0x08,0x83,0xff,0x08,0x83,0xff,0x08,0x83,0xff,0x08,0x83,0xff,
    0x08,0x83,0xff,0x08,0x83,0xff,0x08,0x83,0xff,0x08,0x83,0xff,0x08,0x83,0xff,0x08,0x83,0xff,0x08,0x83,0xff,0x08,0x83,0xff,
    0x08,0x83,0xff,0x08,0x83,0xff,0x08,0x83,0xff,0x08,0x83,0xff,0x08,0x83,0xff,0x08,0x83,0xff,0x08,0x83,0xff,0x08,0x83,0xff,
    0x08,0x83,0xff,0x08,0x83,0xff,0x08,0x83,0xff,0x08,0x83,0xff,0x08,0x83,0xff,0x08,0x83,0xff,0x08,0x83,0xff,0x08,0x83,0xff,
    0x08,0x83,0xff,0x08,0x83,0xff,0x08,0x83,0xff,0x08,0x83,0xff,0x08,0x83,0xff,0x08,0x83,0xff,0x08,0x83,0xff,0x08,0x83,0xff,
    0x08,0x83,0xff,0x08,0x83,0xff,0x08,0x83,0xff,0x08,0x83,0xff,0x08,0x83,0xff,0x08,0x83,0xff,0x08,0x83,0xff,0x08,0x83,0xff,
    0x08,0x83,0xff,0x08,0x83,0xff,0x08,0x83,0xff,0x08,0x83,0xff,0x08,0x83,0xff,0x08,0x83,0xff,0x08,0x83,0xff,0x08,0x83,0xff,
    0x08,0x83,0xff,0x08,0x83,0xff,0x08,0x83,0xff,0x08,0x83,0xff,0x08,0x83,0xff,0x08,0x83,0xff,0x08,0x83,0xff,0x08,0x83,0xff,
    0x08,0x83,0xff,0x08,0x83,0xff,0x08,0x83,0xff,0x08,0x83,0xff,0x08,0x83,0xff,0x50,0x65,0xdc,0x00,0x00,0x00,0x00,0x00,0x00,
    0x00,0x00,0x00,0x00,0x00,0x00,0x50,0x65,0xdc,0x08,0x83,0xff,0x08,0x83,0xff,0x08,0x83,0xff,0x08,0x83,0xff,0x08,0x83,0xff,
    0x08,0x83,0xff,0x08,0x83,0xff,0x08,0x83,0xff,0x08,0x83,0xff,0x08,0x83,0xff,0x08,0x83,0xff,0x08,0x83,0xff,0x08,0x83,0xff,
    0x08,0x83,0xff,0x08,0x83,0xff,0x08,0x83,0xff,0x08,0x83,0xff,0x08,0x83,0xff,0x08,0x83,0xff,0x08,0x83,0xff,0x08,0x83,0xff,
    0x08,0x83,0xff,0x08,0x83,0xff,0x08,0x83,0xff,0x08,0x83,0xff,0x08,0x83,0xff,0x08,0x83,0xff,0x08,0x83,0xff,0x08,0x83,0xff,
    0x08,0x83,0xff,0x08,0x83,0xff,0x08,0x83,0xff,0x08,0x83,0xff,0x08,0x83,0xff,0x08,0x83,0xff,0x08,0x83,0xff,0x08,0x83,0xff,
    0x08,0x83,0xff,0x08,0x83,0xff,0x08,0x83,0xff,0x08,0x83,0xff,0x08,0x83,0xff,0x08,0x83,0xff,0x08,0x83,0xff,0x08,0x83,0xff,
    0x08,0x83,0xff,0x08,0x83,0xff,0x08,0x83,0xff,0x08,0x83,0xff,0x08,0x83,0xff,0x08,0x83,0xff,0x08,0x83,0xff,0x08,0x83,0xff,
    0x08,0x83,0xff,0x08,0x83,0xff,0x08,0x83,0xff,0x08,0x83,0xff,0x08,0x83,0xff,0x08,0x83,0xff,0x08,0x83,0xff,0x08,0x83,0xff,
    0x08,0x83,0xff,0x08,0x83,0xff,0x08,0x83,0xff,0x08,0x83,0xff,0x08,0x83,0xff,0x08,0x83,0xff,0x08,0x83,0xff,0x08,0x83,0xff,
    0x08,0x83,0xff,0x08,0x83,0xff,0x08,0x83,0xff,0x08,0x83,0xff,0x08,0x83,0xff,0x08,0x83,0xff,0x08,0x83,0xff,0x08,0x83,0xff,
    0x08,0x83,0xff,0x08,0x83,0xff,0x08,0x83,0xff,0x08,0x83,0xff,0x08,0x83,0xff,0x08,0x83,0xff,0x08,0x83,0xff,0x08,0x83,0xff,
    0x08,0x83,0xff,0x08,0x83,0xff,0x08,0x83,0xff,0x08,0x83,0xff,0x08,0x83,0xff,0x08,0x83,0xff,0x08,0x83,0xff,0x08,0x83,0xff,
    0x08,0x83,0xff,0x08,0x83,0xff,0x08,0x83,0xff,0x08,0x83,0xff,0x08,0x83,0xff,0x08,0x83,0xff,0x08,0x83,0xff,0x08,0x83,0xff,
    0x08,0x83,0xff,0x08,0x83,0xff,0x08,0x83,0xff,0x08,0x83,0xff,0x08,0x83,0xff,0x08,0x83,0xff,0x08,0x83,0xff,0x08,0x83,0xff,
    0x08,0x83,0xff,0x08,0x83,0xff,0x08,0x83,0xff,0x08,0x83,0xff,0x08,0x83,0xff,0x08,0x83,0xff,0x08,0x83,0xff,0x08,0x83,0xff,
    0x08,0x83,0xff,0x08,0x83,0xff,0x08,0x83,0xff,0x08,0x83,0xff,0x08,0x83,0xff,0x08,0x83,0xff,0x08,0x83,0xff,0x08,0x83,0xff,
    0x08,0x83,0xff,0x08,0x83,0xff,0x08,0x83,0xff,0x08,0x83,0xff,0x08,0x83,0xff,0x50,0x65,0xdc,0x00,0x00,0x00,0x00,0x00,0x00,
    0x00,0x00,0x00,0x00,0x00,0x00,0x50,0x65,0xdc,0x08,0x83,0xff,0x08,0x83,0xff,0x08,0x83,0xff,0x08,0x83,0xff,0x08,0x83,0xff,
    0x08,0x83,0xff,0x08,0x83,0xff,0x08,0x83,0xff,0x08,0x83,0xff,0x08,0x83,0xff,0x08,0x83,0xff,0x08,0x83,0xff,0x08,0x83,0xff,
    0x08,0x83,0xff,0x08,0x83,0xff,0x08,0x83,0xff,0x08,0x83,0xff,0x08,0x83,0xff,0x08,0x83,0xff,0x08,0x83,0xff,0x08,0x83,0xff,
    0x08,0x83,0xff,0x08,0x83,0xff,0x08,0x83,0xff,0x08,0x83,0xff,0x08,0x83,0xff,0x08,0x83,0xff,0x08,0x83,0xff,0x08,0x83,0xff,
    0x08,0x83,0xff,0x08,0x83,0xff,0x08,0x83,0xff,0x08,0x83,0xff,0x08,0x83,0xff,0x08,0x83,0xff,0x08,0x83,0xff,0x08,0x83,0xff,
    0x08,0x83,0xff,0x08,0x83,0xff,0x08,0x83,0xff,0x08,0x83,0xff,0x08,0x83,0xff,0x08,0x83,0xff,0x08,0x83,0xff,0x08,0x83,0xff,
    0x08,0x83,0xff,0x08,0x83,0xff,0x08,0x83,0xff,0x08,0x83,0xff,0x08,0x83,0xff,0x08,0x83,0xff,0x08,0x83,0xff,0x08,0x83,0xff,
    0x08,0x83,0xff,0x08,0x83,0xff,0x08,0x83,0xff,0x08,0x83,0xff,0x08,0x83,0xff,0x08,0x83,0xff,0x08,0x83,0xff,0x08,0x83,0xff,
    0x08,0x83,0xff,0x08,0x83,0xff,0x08,0x83,0xff,0x08,0x83,0xff,0x08,0x83,0xff,0x08,0x83,0xff,0x08,0x83,0xff,0x08,0x83,0xff,
    0x08,0x83,0xff,0x08,0x83,0xff,0x08,0x83,0xff,0x08,0x83,0xff,0x08,0x83,0xff,0x08,0x83,0xff,0x08,0x83,0xff,0x08,0x83,0xff,
    0x08,0x83,0xff,0x08,0x83,0xff,0x08,0x83,0xff,0x08,0x83,0xff,0x08,0x83,0xff,0x08,0x83,0xff,0x08,0x83,0xff,0x08,0x83,0xff,
    0x08,0x83,0xff,0x08,0x83,0xff,0x08,0x83,0xff,0x08,0x83,0xff,0x08,0x83,0xff,0x08,0x83,0xff,0x08,0x83,0xff,0x08,0x83,0xff,
    0x08,0x83,0xff,0x08,0x83,0xff,0x08,0x83,0xff,0x08,0x83,0xff,0x08,0x83,0xff,0x08,0x83,0xff,0x08,0x83,0xff,0x08,0x83,0xff,
    0x08,0x83,0xff,0x08,0x83,0xff,0x08,0x83,0xff,0x08,0x83,0xff,0x08,0x83,0xff,0x08,0x83,0xff,0x08,0x83,0xff,0x08,0x83,0xff,
    0x08,0x83,0xff,0x08,0x83,0xff,0x08,0x83,0xff,0x08,0x83,0xff,0x08,0x83,0xff,0x08,0x83,0xff,0x08,0x83,0xff,0x08,0x83,0xff,
    0x08,0x83,0xff,0x08,0x83,0xff,0x08,0x83,0xff,0x08,0x83,0xff,0x08,0x83,0xff,0x08,0x83,0xff,0x08,0x83,0xff,0x08,0x83,0xff,
    0x08,0x83,0xff,0x08,0x83,0xff,0x08,0x83,0xff,0x08,0x83,0xff,0x08,0x83,0xff,0x50,0x65,0xdc,0x00,0x00,0x00,0x00,0x00,0x00,
    0x00,0x00,0x00,0x00,0x00,0x00,0x50,0x65,0xdc,0x08,0x83,0xff,0x08,0x83,0xff,0x08,0x83,0xff,0x08,0x83,0xff,0x08,0x83,0xff,
    0x08,0x83,0xff,0x08,0x83,0xff,0x08,0x83,0xff,0x08,0x83,0xff,0x08,0x83,0xff,0x08,0x83,0xff,0x08,0x83,0xff,0x08,0x83,0xff,
    0x08,0x83,0xff,0x08,0x83,0xff,0x08,0x83,0xff,0x08,0x83,0xff,0x08,0x83,0xff,0x08,0x83,0xff,0x08,0x83,0xff,0x08,0x83,0xff,
    0x08,0x83,0xff,0x08,0x83,0xff,0x08,0x83,0xff,0x08,0x83,0xff,0x08,0x83,0xff,0x08,0x83,0xff,0x08,0x83,0xff,0x08,0x83,0xff,
    0x08,0x83,0xff,0x08,0x83,0xff,0x08,0x83,0xff,0x08,0x83,0xff,0x08,0x83,0xff,0x08,0x83,0xff,0x08,0x83,0xff,0x08,0x83,0xff,
    0x08,0x83,0xff,0x08,0x83,0xff,0x08,0x83,0xff,0x08,0x83,0xff,0x08,0x83,0xff,0x08,0x83,0xff,0x08,0x83,0xff,0x08,0x83,0xff,
    0x08,0x83,0xff,0x08,0x83,0xff,0x08,0x83,0xff,0x08,0x83,0xff,0x08,0x83,0xff,0x08,0x83,0xff,0x08,0x83,0xff,0x08,0x83,0xff,
    0x08,0x83,0xff,0x08,0x83,0xff,0x08,0x83,0xff,0x08,0x83,0xff,0x08,0x83,0xff,0x08,0x83,0xff,0x08,0x83,0xff,0x08,0x83,0xff,
    0x08,0x83,0xff,0x08,0x83,0xff,0x08,0x83,0xff,0x08,0x83,0xff,0x08,0x83,0xff,0x08,0x83,0xff,0x08,0x83,0xff,0x08,0x83,0xff,
    0x08,0x83,0xff,0x08,0x83,0xff,0x08,0x83,0xff,0x08,0x83,0xff,0x08,0x83,0xff,0x08,0x83,0xff,0x08,0x83,0xff,0x08,0x83,0xff,
    0x08,0x83,0xff,0x08,0x83,0xff,0x08,0x83,0xff,0x08,0x83,0xff,0x08,0x83,0xff,0x08,0x83,0xff,0x08,0x83,0xff,0x08,0x83,0xff,
    0x08,0x83,0xff,0x08,0x83,0xff,0x08,0x83,0xff,0x08,0x83,0xff,0x08,0x83,0xff,0x08,0x83,0xff,0x08,0x83,0xff,0x08,0x83,0xff,
    0x08,0x83,0xff,0x08,0x83,0xff,0x08,0x83,0xff,0x08,0x83,0xff,0x08,0x83,0xff,0x08,0x83,0xff,0x08,0x83,0xff,0x08,0x83,0xff,
    0x08,0x83,0xff,0x08,0x83,0xff,0x08,0x83,0xff,0x08,0x83,0xff,0x08,0x83,0xff,0x08,0x83,0xff,0x08,0x83,0xff,0x08,0x83,0xff,
    0x08,0x83,0xff,0x08,0x83,0xff,0x08,0x83,0xff,0x08,0x83,0xff,0x08,0x83,0xff,0x08,0x83,0xff,0x08,0x83,0xff,0x08,0x83,0xff,
    0x08,0x83,0xff,0x08,0x83,0xff,0x08,0x83,0xff,0x08,0x83,0xff,0x08,0x83,0xff,0x08,0x83,0xff,0x08,0x83,0xff,0x08,0x83,0xff,
    0x08,0x83,0xff,0x08,0x83,0xff,0x08,0x83,0xff,0x08,0x83,0xff,0x08,0x83,0xff,0x50,0x65,0xdc,0x00,0x00,0x00,0x00,0x00,0x00,
    0x00,0x00,0x00,0x00,0x00,0x00,0x50,0x65,0xdc,0x08,0x83,0xff,0x08,0x83,0xff,0x08,0x83,0xff,0x08,0x83,0xff,0x08,0x83,0xff,
    0x08,0x83,0xff,0x08,0x83,0xff,0x08,0x83,0xff,0x08,0x83,0xff,0x08,0x83,0xff,0x08,0x83,0xff,0x08,0x83,0xff,0x08,0x83,0xff,
    0x08,0x83,0xff,0x08,0x83,0xff,0x08,0x83,0xff,0x08,0x83,0xff,0x08,0x83,0xff,0x08,0x83,0xff,0x08,0x83,0xff,0x08,0x83,0xff,
    0x08,0x83,0xff,0x08,0x83,0xff,0x08,0x83,0xff,0x08,0x83,0xff,0x08,0x83,0xff,0x08,0x83,0xff,0x08,0x83,0xff,0x08,0x83,0xff,
    0x08,0x83,0xff,0x08,0x83,0xff,0x08,0x83,0xff,0x08,0x83,0xff,0x08,0x83,0xff,0x08,0x83,0xff,0x08,0x83,0xff,0x08,0x83,0xff,
    0x08,0x83,0xff,0x08,0x83,0xff,0x08,0x83,0xff,0x08,0x83,0xff,0x08,0x83,0xff,0x08,0x83,0xff,0x08,0x83,0xff,0x08,0x83,0xff,
    0x08,0x83,0xff,0x08,0x83,0xff,0x08,0x83,0xff,0x08,0x83,0xff,0x08,0x83,0xff,0x08,0x83,0xff,0x08,0x83,0xff,0x08,0x83,0xff,
    0x08,0x83,0xff,0x08,0x83,0xff,0x08,0x83,0xff,0x08,0x83,0xff,0x08,0x83,0xff,0x08,0x83,0xff,0x08,0x83,0xff,0x08,0x83,0xff,
    0x08,0x83,0xff,0x08,0x83,0xff,0x08,0x83,0xff,0x08,0x83,0xff,0x08,0x83,0xff,0x08,0x83,0xff,0x08,0x83,0xff,0x08,0x83,0xff,
    0x08,0x83,0xff,0x08,0x83,0xff,0x08,0x83,0xff,0x08,0x83,0xff,0x08,0x83,0xff,0x08,0x83,0xff,0x08,0x83,0xff,0x08,0x83,0xff,
    0x08,0x83,0xff,0x08,0x83,0xff,0x08,0x83,0xff,0x08,0x83,0xff,0x08,0x83,0xff,0x08,0x83,0xff,0x08,0x83,0xff,0x08,0x83,0xff,
    0x08,0x83,0xff,0x08,0x83,0xff,0x08,0x83,0xff,0x08,0x83,0xff,0x08,0x83,0xff,0x08,0x83,0xff,0x08,0x83,0xff,0x08,0x83,0xff,
    0x08,0x83,0xff,0x08,0x83,0xff,0x08,0x83,0xff,0x08,0x83,0xff,0x08,0x83,0xff,0x08,0x83,0xff,0x08,0x83,0xff,0x08,0x83,0xff,
    0x08,0x83,0xff,0x08,0x83,0xff,0x08,0x83,0xff,0x08,0x83,0xff,0x08,0x83,0xff,0x08,0x83,0xff,0x08,0x83,0xff,0x08,0x83,0xff,
    0x08,0x83,0xff,0x08,0x83,0xff,0x08,0x83,0xff,0x08,0x83,0xff,0x08,0x83,0xff,0x08,0x83,0xff,0x08,0x83,0xff,0x08,0x83,0xff,
    0x08,0x83,0xff,0x08,0x83,0xff,0x08,0x83,0xff,0x08,0x83,0xff,0x08,0x83,0xff,0x08,0x83,0xff,0x08,0x83,0xff,0x08,0x83,0xff,
    0x08,0x83,0xff,0x08,0x83,0xff,0x08,0x83,0xff,0x08,0x83,0xff,0x08,0x83,0xff,0x50,0x65,0xdc,0x00,0x00,0x00,0x00,0x00,0x00,
    0x00,0x00,0x00,0x00,0x00,0x00,0x50,0x65,0xdc,0x08,0x83,0xff,0x08,0x83,0xff,0x08,0x83,0xff,0x08,0x83,0xff,0x08,0x83,0xff,
    0x08,0x83,0xff,0x08,0x83,0xff,0x08,0x83,0xff,0x08,0x83,0xff,0x08,0x83,0xff,0x08,0x83,0xff,0x08,0x83,0xff,0x08,0x83,0xff,
    0x08,0x83,0xff,0x08,0x83,0xff,0x08,0x83,0xff,0x08,0x83,0xff,0x08,0x83,0xff,0x08,0x83,0xff,0x08,0x83,0xff,0x08,0x83,0xff,
    0x08,0x83,0xff,0x08,0x83,0xff,0x08,0x83,0xff,0x08,0x83,0xff,0x08,0x83,0xff,0x08,0x83,0xff,0x08,0x83,0xff,0x08,0x83,0xff,
    0x08,0x83,0xff,0x08,0x83,0xff,0x08,0x83,0xff,0x08,0x83,0xff,0x08,0x83,0xff,0x08,0x83,0xff,0x08,0x83,0xff,0x08,0x83,0xff,
    0x08,0x83,0xff,0x08,0x83,0xff,0x08,0x83,0xff,0x08,0x83,0xff,0x08,0x83,0xff,0x08,0x83,0xff,0x08,0x83,0xff,0x08,0x83,0xff,
    0x08,0x83,0xff,0x08,0x83,0xff,0x08,0x83,0xff,0x08,0x83,0xff,0x08,0x83,0xff,0x08,0x83,0xff,0x08,0x83,0xff,0x08,0x83,0xff,
    0x08,0x83,0xff,0x08,0x83,0xff,0x08,0x83,0xff,0x08,0x83,0xff,0x08,0x83,0xff,0x08,0x83,0xff,0x08,0x83,0xff,0x08,0x83,0xff,
    0x08,0x83,0xff,0x08,0x83,0xff,0x08,0x83,0xff,0x08,0x83,0xff,0x08,0x83,0xff,0x08,0x83,0xff,0x08,0x83,0xff,0x08,0x83,0xff,
    0x08,0x83,0xff,0x08,0x83,0xff,0x08,0x83,0xff,0x08,0x83,0xff,0x08,0x83,0xff,0x08,0x83,0xff,0x08,0x83,0xff,0x08,0x83,0xff,
    0x08,0x83,0xff,0x08,0x83,0xff,0x08,0x83,0xff,0x08,0x83,0xff,0x08,0x83,0xff,0x08,0x83,0xff,0x08,0x83,0xff,0x08,0x83,0xff,
    0x08,0x83,0xff,0x08,0x83,0xff,0x08,0x83,0xff,0x08,0x83,0xff,0x08,0x83,0xff,0x08,0x83,0xff,0x08,0x83,0xff,0x08,0x83,0xff,
    0x08,0x83,0xff,0x08,0x83,0xff,0x08,0x83,0xff,0x08,0x83,0xff,0x08,0x83,0xff,0x08,0x83,0xff,0x08,0x83,0xff,0x08,0x83,0xff,
    0x08,0x83,0xff,0x08,0x83,0xff,0x08,0x83,0xff,0x08,0x83,0xff,0x08,0x83,0xff,0x08,0x83,0xff,0x08,0x83,0xff,0x08,0x83,0xff,
    0x08,0x83,0xff,0x08,0x83,0xff,0x08,0x83,0xff,0x08,0x83,0xff,0x08,0x83,0xff,0x08,0x83,0xff,0x08,0x83,0xff,0x08,0x83,0xff,
    0x08,0x83,0xff,0x08,0x83,0xff,0x08,0x83,0xff,0x08,0x83,0xff,0x08,0x83,0xff,0x08,0x83,0xff,0x08,0x83,0xff,0x08,0x83,0xff,
    0x08,0x83,0xff,0x08,0x83,0xff,0x08,0x83,0xff,0x08,0x83,0xff,0x08,0x83,0xff,0x50,0x65,0xdc,0x00,0x00,0x00,0x00,0x00,0x00,
    0x00,0x00,0x00,0x00,0x00,0x00,0x50,0x65,0xdc,0x08,0x83,0xff,0x08,0x83,0xff,0x08,0x83,0xff,0x08,0x83,0xff,0x08,0x83,0xff,
    0x08,0x83,0xff,0x08,0x83,0xff,0x08,0x83,0xff,0x08,0x83,0xff,0x08,0x83,0xff,0x08,0x83,0xff,0x08,0x83,0xff,0x08,0x83,0xff,
    0x08,0x83,0xff,0x08,0x83,0xff,0x08,0x83,0xff,0x08,0x83,0xff,0x08,0x83,0xff,0x08,0x83,0xff,0x08,0x83,0xff,0x08,0x83,0xff,
    0x08,0x83,0xff,0x08,0x83,0xff,0x08,0x83,0xff,0x08,0x83,0xff,0x08,0x83,0xff,0x08,0x83,0xff,0x08,0x83,0xff,0x08,0x83,0xff,
    0x08,0x83,0xff,0x08,0x83,0xff,0x08,0x83,0xff,0x08,0x83,0xff,0x08,0x83,0xff,0x08,0x83,0xff,0x08,0x83,0xff,0x08,0x83,0xff,
    0x08,0x83,0xff,0x08,0x83,0xff,0x08,0x83,0xff,0x08,0x83,0xff,0x08,0x83,0xff,0x08,0x83,0xff,0x08,0x83,0xff,0x08,0x83,0xff,
    0x08,0x83,0xff,0x08,0x83,0xff,0x08,0x83,0xff,0x08,0x83,0xff,0x08,0x83,0xff,0x08,0x83,0xff,0x08,0x83,0xff,0x08,0x83,0xff,
    0x08,0x83,0xff,0x08,0x83,0xff,0x08,0x83,0xff,0x08,0x83,0xff,0x08,0x83,0xff,0x08,0x83,0xff,0x08,0x83,0xff,0x08,0x83,0xff,
    0x08,0x83,0xff,0x08,0x83,0xff,0x08,0x83,0xff,0x08,0x83,0xff,0x08,0x83,0xff,0x08,0x83,0xff,0x08,0x83,0xff,0x08,0x83,0xff,
    0x08,0x83,0xff,0x08,0x83,0xff,0x08,0x83,0xff,0x08,0x83,0xff,0x08,0x83,0xff,0x08,0x83,0xff,0x08,0x83,0xff,0x08,0x83,0xff,
    0x08,0x83,0xff,0x08,0x83,0xff,0x08,0x83,0xff,0x08,0x83,0xff,0x08,0x83,0xff,0x08,0x83,0xff,0x08,0x83,0xff,0x08,0x83,0xff,
    0x08,0x83,0xff,0x08,0x83,0xff,0x08,0x83,0xff,0x08,0x83,0xff,0x08,0x83,0xff,0x08,0x83,0xff,0x08,0x83,0xff,0x08,0x83,0xff,
    0x08,0x83,0xff,0x08,0x83,0xff,0x08,0x83,0xff,0x08,0x83,0xff,0x08,0x83,0xff,0x08,0x83,0xff,0x08,0x83,0xff,0x08,0x83,0xff,
    0x08,0x83,0xff,0x08,0x83,0xff,0x08,0x83,0xff,0x08,0x83,0xff,0x08,0x83,0xff,0x08,0x83,0xff,0x08,0x83,0xff,0x08,0x83,0xff,
    0x08,0x83,0xff,0x08,0x83,0xff,0x08,0x83,0xff,0x08,0x83,0xff,0x08,0x83,0xff,0x08,0x83,0xff,0x08,0x83,0xff,0x08,0x83,0xff,
    0x08,0x83,0xff,0x08,0x83,0xff,0x08,0x83,0xff,0x08,0x83,0xff,0x08,0x83,0xff,0x08,0x83,0xff,0x08,0x83,0xff,0x08,0x83,0xff,
    0x08,0x83,0xff,0x08,0x83,0xff,0x08,0x83,0xff,0x08,0x83,0xff,0x08,0x83,0xff,0x50,0x65,0xdc,0x00,0x00,0x00,0x00,0x00,0x00,
    0x00,0x00,0x00,0x00,0x00,0x00,0x50,0x65,0xdc,0x08,0x83,0xff,0x08,0x83,0xff,0x08,0x83,0xff,0x08,0x83,0xff,0x08,0x83,0xff,
    0x08,0x83,0xff,0x08,0x83,0xff,0x08,0x83,0xff,0x08,0x83,0xff,0x08,0x83,0xff,0x08,0x83,0xff,0x08,0x83,0xff,0x08,0x83,0xff,
    0x08,0x83,0xff,0x08,0x83,0xff,0x08,0x83,0xff,0x08,0x83,0xff,0x08,0x83,0xff,0x08,0x83,0xff,0x08,0x83,0xff,0x08,0x83,0xff,
    0x08,0x83,0xff,0x08,0x83,0xff,0x08,0x83,0xff,0x08,0x83,0xff,0x08,0x83,0xff,0x08,0x83,0xff,0x08,0x83,0xff,0x08,0x83,0xff,
    0x08,0x83,0xff,0x08,0x83,0xff,0x08,0x83,0xff,0x08,0x83,0xff,0x08,0x83,0xff,0x08,0x83,0xff,0x08,0x83,0xff,0x08,0x83,0xff,
    0x08,0x83,0xff,0x08,0x83,0xff,0x08,0x83,0xff,0x08,0x83,0xff,0x08,0x83,0xff,0x08,0x83,0xff,0x08,0x83,0xff,0x08,0x83,0xff,
    0x08,0x83,0xff,0x08,0x83,0xff,0x08,0x83,0xff,0x08,0x83,0xff,0x08,0x83,0xff,0x08,0x83,0xff,0x08,0x83,0xff,0x08,0x83,0xff,
    0x08,0x83,0xff,0x08,0x83,0xff,0x08,0x83,0xff,0x08,0x83,0xff,0x08,0x83,0xff,0x08,0x83,0xff,0x08,0x83,0xff,0x08,0x83,0xff,
    0x08,0x83,0xff,0x08,0x83,0xff,0x08,0x83,0xff,0x08,0x83,0xff,0x08,0x83,0xff,0x08,0x83,0xff,0x08,0x83,0xff,0x08,0x83,0xff,
    0x08,0x83,0xff,0x08,0x83,0xff,0x08,0x83,0xff,0x08,0x83,0xff,0x08,0x83,0xff,0x08,0x83,0xff,0x08,0x83,0xff,0x08,0x83,0xff,
    0x08,0x83,0xff,0x08,0x83,0xff,0x08,0x83,0xff,0x08,0x83,0xff,0x08,0x83,0xff,0x08,0x83,0xff,0x08,0x83,0xff,0x08,0x83,0xff,
    0x08,0x83,0xff,0x08,0x83,0xff,0x08,0x83,0xff,0x08,0x83,0xff,0x08,0x83,0xff,0x08,0x83,0xff,0x08,0x83,0xff,0x08,0x83,0xff,
    0x08,0x83,0xff,0x08,0x83,0xff,0x08,0x83,0xff,0x08,0x83,0xff,0x08,0x83,0xff,0x08,0x83,0xff,0x08,0x83,0xff,0x08,0x83,0xff,
    0x08,0x83,0xff,0x08,0x83,0xff,0x08,0x83,0xff,0x08,0x83,0xff,0x08,0x83,0xff,0x08,0x83,0xff,0x08,0x83,0xff,0x08,0x83,0xff,
    0x08,0x83,0xff,0x08,0x83,0xff,0x08,0x83,0xff,0x08,0x83,0xff,0x08,0x83,0xff,0x08,0x83,0xff,0x08,0x83,0xff,0x08,0x83,0xff,
    0x08,0x83,0xff,0x08,0x83,0xff,0x08,0x83,0xff,0x08,0x83,0xff,0x08,0x83,0xff,0x08,0x83,0xff,0x08,0x83,0xff,0x08,0x83,0xff,
    0x08,0x83,0xff,0x08,0x83,0xff,0x08,0x83,0xff,0x08,0x83,0xff,0x08,0x83,0xff,0x50,0x65,0xdc,0x00,0x00,0x00,0x00,0x00,0x00,
    0x00,0x00,0x00,0x00,0x00,0x00,0x50,0x65,0xdc,0x08,0x83,0xff,0x08,0x83,0xff,0x08,0x83,0xff,0x08,0x83,0xff,0x08,0x83,0xff,
    0x08,0x83,0xff,0x08,0x83,0xff,0x08,0x83,0xff,0x08,0x83,0xff,0x08,0x83,0xff,0x08,0x83,0xff,0x08,0x83,0xff,0x08,0x83,0xff,
    0x08,0x83,0xff,0x08,0x83,0xff,0x08,0x83,0xff,0x08,0x83,0xff,0x08,0x83,0xff,0x08,0x83,0xff,0x08,0x83,0xff,0x08,0x83,0xff,
    0x08,0x83,0xff,0x08,0x83,0xff,0x08,0x83,0xff,0x08,0x83,0xff,0x08,0x83,0xff,0x08,0x83,0xff,0x08,0x83,0xff,0x08,0x83,0xff,
    0x08,0x83,0xff,0x08,0x83,0xff,0x08,0x83,0xff,0x08,0x83,0xff,0x08,0x83,0xff,0x08,0x83,0xff,0x08,0x83,0xff,0x08,0x83,0xff,
    0x08,0x83,0xff,0x08,0x83,0xff,0x08,0x83,0xff,0x08,0x83,0xff,0x08,0x83,0xff,0x08,0x83,0xff,0x08,0x83,0xff,0x08,0x83,0xff,
    0x08,0x83,0xff,0x08,0x83,0xff,0x08,0x83,0xff,0x08,0x83,0xff,0x08,0x83,0xff,0x08,0x83,0xff,0x08,0x83,0xff,0x08,0x83,0xff,
    0x08,0x83,0xff,0x08,0x83,0xff,0x08,0x83,0xff,0x08,0x83,0xff,0x08,0x83,0xff,0x08,0x83,0xff,0x08,0x83,0xff,0x08,0x83,0xff,
    0x08,0x83,0xff,0x08,0x83,0xff,0x08,0x83,0xff,0x08,0x83,0xff,0x08,0x83,0xff,0x08,0x83,0xff,0x08,0x83,0xff,0x08,0x83,0xff,
    0x08,0x83,0xff,0x08,0x83,0xff,0x08,0x83,0xff,0x08,0x83,0xff,0x08,0x83,0xff,0x08,0x83,0xff,0x08,0x83,0xff,0x08,0x83,0xff,
    0x08,0x83,0xff,0x08,0x83,0xff,0x08,0x83,0xff,0x08,0x83,0xff,0x08,0x83,0xff,0x08,0x83,0xff,0x08,0x83,0xff,0x08,0x83,0xff,
    0x08,0x83,0xff,0x08,0x83,0xff,0x08,0x83,0xff,0x08,0x83,0xff,0x08,0x83,0xff,0x08,0x83,0xff,0x08,0x83,0xff,0x08,0x83,0xff,
    0x08,0x83,0xff,0x08,0x83,0xff,0x08,0x83,0xff,0x08,0x83,0xff,0x08,0x83,0xff,0x08,0x83,0xff,0x08,0x83,0xff,0x08,0x83,0xff,
    0x08,0x83,0xff,0x08,0x83,0xff,0x08,0x83,0xff,0x08,0x83,0xff,0x08,0x83,0xff,0x08,0x83,0xff,0x08,0x83,0xff,0x08,0x83,0xff,
    0x08,0x83,0xff,0x08,0x83,0xff,0x08,0x83,0xff,0x08,0x83,0xff,0x08,0x83,0xff,0x08,0x83,0xff,0x08,0x83,0xff,0x08,0x83,0xff,
    0x08,0x83,0xff,0x08,0x83,0xff,0x08,0x83,0xff,0x08,0x83,0xff,0x08,0x83,0xff,0x08,0x83,0xff,0x08,0x83,0xff,0x08,0x83,0xff,
    0x08,0x83,0xff,0x08,0x83,0xff,0x08,0x83,0xff,0x08,0x83,0xff,0x08,0x83,0xff,0x50,0x65,0xdc,0x00,0x00,0x00,0x00,0x00,0x00,
    0x00,0x00,0x00,0x00,0x00,0x00,0x50,0x65,0xdc,0x08,0x83,0xff,0x08,0x83,0xff,0x08,0x83,0xff,0x08,0x83,0xff,0x08,0x83,0xff,
    0x08,0x83,0xff,0x08,0x83,0xff,0x08,0x83,0xff,0x08,0x83,0xff,0x08,0x83,0xff,0x08,0x83,0xff,0x08,0x83,0xff,0x08,0x83,0xff,
    0x08,0x83,0xff,0x08,0x83,0xff,0x08,0x83,0xff,0x08,0x83,0xff,0x08,0x83,0xff,0x08,0x83,0xff,0x08,0x83,0xff,0x08,0x83,0xff,
    0x08,0x83,0xff,0x08,0x83,0xff,0x08,0x83,0xff,0x08,0x83,0xff,0x08,0x83,0xff,0x08,0x83,0xff,0x08,0x83,0xff,0x08,0x83,0xff,
    0x08,0x83,0xff,0x08,0x83,0xff,0x08,0x83,0xff,0x08,0x83,0xff,0x08,0x83,0xff,0x08,0x83,0xff,0x08,0x83,0xff,0x08,0x83,0xff,
    0x08,0x83,0xff,0x08,0x83,0xff,0x08,0x83,0xff,0x08,0x83,0xff,0x08,0x83,0xff,0x08,0x83,0xff,0x08,0x83,0xff,0x08,0x83,0xff,
    0x08,0x83,0xff,0x08,0x83,0xff,0x08,0x83,0xff,0x08,0x83,0xff,0x08,0x83,0xff,0x08,0x83,0xff,0x08,0x83,0xff,0x08,0x83,0xff,
    0x08,0x83,0xff,0x08,0x83,0xff,0x08,0x83,0xff,0x08,0x83,0xff,0x08,0x83,0xff,0x08,0x83,0xff,0x08,0x83,0xff,0x08,0x83,0xff,
    0x08,0x83,0xff,0x08,0x83,0xff,0x08,0x83,0xff,0x08,0x83,0xff,0x08,0x83,0xff,0x08,0x83,0xff,0x08,0x83,0xff,0x08,0x83,0xff,
    0x08,0x83,0xff,0x08,0x83,0xff,0x08,0x83,0xff,0x08,0x83,0xff,0x08,0x83,0xff,0x08,0x83,0xff,0x08,0x83,0xff,0x08,0x83,0xff,
    0x08,0x83,0xff,0x08,0x83,0xff,0x08,0x83,0xff,0x08,0x83,0xff,0x08,0x83,0xff,0x08,0x83,0xff,0x08,0x83,0xff,0x08,0x83,0xff,
    0x08,0x83,0xff,0x08,0x83,0xff,0x08,0x83,0xff,0x08,0x83,0xff,0x08,0x83,0xff,0x08,0x83,0xff,0x08,0x83,0xff,0x08,0x83,0xff,
    0x08,0x83,0xff,0x08,0x83,0xff,0x08,0x83,0xff,0x08,0x83,0xff,0x08,0x83,0xff,0x08,0x83,0xff,0x08,0x83,0xff,0x08,0x83,0xff,
    0x08,0x83,0xff,0x08,0x83,0xff,0x08,0x83,0xff,0x08,0x83,0xff,0x08,0x83,0xff,0x08,0x83,0xff,0x08,0x83,0xff,0x08,0x83,0xff,
    0x08,0x83,0xff,0x08,0x83,0xff,0x08,0x83,0xff,0x08,0x83,0xff,0x08,0x83,0xff,0x08,0x83,0xff,0x08,0x83,0xff,0x08,0x83,0xff,
    0x08,0x83,0xff,0x08,0x83,0xff,0x08,0x83,0xff,0x08,0x83,0xff,0x08,0x83,0xff,0x08,0x83,0xff,0x08,0x83,0xff,0x08,0x83,0xff,
    0x08,0x83,0xff,0x08,0x83,0xff,0x08,0x83,0xff,0x08,0x83,0xff,0x08,0x83,0xff,0x50,0x65,0xdc,0x00,0x00,0x00,0x00,0x00,0x00,
    0x00,0x00,0x00,0x00,0x00,0x00,0x50,0x65,0xdc,0x08,0x83,0xff,0x08,0x83,0xff,0x08,0x83,0xff,0x08,0x83,0xff,0x08,0x83,0xff,
    0x08,0x83,0xff,0x08,0x83,0xff,0x08,0x83,0xff,0x08,0x83,0xff,0x08,0x83,0xff,0x08,0x83,0xff,0x08,0x83,0xff,0x08,0x83,0xff,
    0x08,0x83,0xff,0x08,0x83,0xff,0x08,0x83,0xff,0x08,0x83,0xff,0x08,0x83,0xff,0x08,0x83,0xff,0x08,0x83,0xff,0x08,0x83,0xff,
    0x08,0x83,0xff,0x08,0x83,0xff,0x08,0x83,0xff,0x08,0x83,0xff,0x08,0x83,0xff,0x08,0x83,0xff,0x08,0x83,0xff,0x08,0x83,0xff,
    0x08,0x83,0xff,0x08,0x83,0xff,0x08,0x83,0xff,0x08,0x83,0xff,0x08,0x83,0xff,0x08,0x83,0xff,0x08,0x83,0xff,0x08,0x83,0xff,
    0x08,0x83,0xff,0x08,0x83,0xff,0x08,0x83,0xff,0x08,0x83,0xff,0x08,0x83,0xff,0x08,0x83,0xff,0x08,0x83,0xff,0x08,0x83,0xff,
    0x08,0x83,0xff,0x08,0x83,0xff,0x08,0x83,0xff,0x08,0x83,0xff,0x08,0x83,0xff,0x08,0x83,0xff,0x08,0x83,0xff,0x08,0x83,0xff,
    0x08,0x83,0xff,0x08,0x83,0xff,0x08,0x83,0xff,0x08,0x83,0xff,0x08,0x83,0xff,0x08,0x83,0xff,0x08,0x83,0xff,0x08,0x83,0xff,
    0x08,0x83,0xff,0x08,0x83,0xff,0x08,0x83,0xff,0x08,0x83,0xff,0x08,0x83,0xff,0x08,0x83,0xff,0x08,0x83,0xff,0x08,0x83,0xff,
    0x08,0x83,0xff,0x08,0x83,0xff,0x08,0x83,0xff,0x08,0x83,0xff,0x08,0x83,0xff,0x08,0x83,0xff,0x08,0x83,0xff,0x08,0x83,0xff,
    0x08,0x83,0xff,0x08,0x83,0xff,0x08,0x83,0xff,0x08,0x83,0xff,0x08,0x83,0xff,0x08,0x83,0xff,0x08,0x83,0xff,0x08,0x83,0xff,
    0x08,0x83,0xff,0x08,0x83,0xff,0x08,0x83,0xff,0x08,0x83,0xff,0x08,0x83,0xff,0x08,0x83,0xff,0x08,0x83,0xff,0x08,0x83,0xff,
    0x08,0x83,0xff,0x08,0x83,0xff,0x08,0x83,0xff,0x08,0x83,0xff,0x08,0x83,0xff,0x08,0x83,0xff,0x08,0x83,0xff,0x08,0x83,0xff,
    0x08,0x83,0xff,0x08,0x83,0xff,0x08,0x83,0xff,0x08,0x83,0xff,0x08,0x83,0xff,0x08,0x83,0xff,0x08,0x83,0xff,0x08,0x83,0xff,
    0x08,0x83,0xff,0x08,0x83,0xff,0x08,0x83,0xff,0x08,0x83,0xff,0x08,0x83,0xff,0x08,0x83,0xff,0x08,0x83,0xff,0x08,0x83,0xff,
    0x08,0x83,0xff,0x08,0x83,0xff,0x08,0x83,0xff,0x08,0x83,0xff,0x08,0x83,0xff,0x08,0x83,0xff,0x08,0x83,0xff,0x08,0x83,0xff,
    0x08,0x83,0xff,0x08,0x83,0xff,0x08,0x83,0xff,0x08,0x83,0xff,0x08,0x83,0xff,0x50,0x65,0xdc,0x00,0x00,0x00,0x00,0x00,0x00,
    0x00,0x00,0x00,0x00,0x00,0x00,0x50,0x65,0xdc,0x08,0x83,0xff,0x08,0x83,0xff,0x08,0x83,0xff,0x08,0x83,0xff,0x08,0x83,0xff,
    0x08,0x83,0xff,0x08,0x83,0xff,0x08,0x83,0xff,0x08,0x83,0xff,0x08,0x83,0xff,0x08,0x83,0xff,0x08,0x83,0xff,0x08,0x83,0xff,
    0x08,0x83,0xff,0x08,0x83,0xff,0x08,0x83,0xff,0x08,0x83,0xff,0x08,0x83,0xff,0x08,0x83,0xff,0x08,0x83,0xff,0x08,0x83,0xff,
    0x08,0x83,0xff,0x08,0x83,0xff,0x08,0x83,0xff,0x08,0x83,0xff,0x08,0x83,0xff,0x08,0x83,0xff,0x08,0x83,0xff,0x08,0x83,0xff,
    0x08,0x83,0xff,0x08,0x83,0xff,0x08,0x83,0xff,0x08,0x83,0xff,0x08,0x83,0xff,0x08,0x83,0xff,0x08,0x83,0xff,0x08,0x83,0xff,
    0x08,0x83,0xff,0x08,0x83,0xff,0x08,0x83,0xff,0x08,0x83,0xff,0x08,0x83,0xff,0x08,0x83,0xff,0x08,0x83,0xff,0x08,0x83,0xff,
    0x08,0x83,0xff,0x08,0x83,0xff,0x08,0x83,0xff,0x08,0x83,0xff,0x08,0x83,0xff,0x08,0x83,0xff,0x08,0x83,0xff,0x08,0x83,0xff,
    0x08,0x83,0xff,0x08,0x83,0xff,0x08,0x83,0xff,0x08,0x83,0xff,0x08,0x83,0xff,0x08,0x83,0xff,0x08,0x83,0xff,0x08,0x83,0xff,
    0x08,0x83,0xff,0x08,0x83,0xff,0x08,0x83,0xff,0x08,0x83,0xff,0x08,0x83,0xff,0x08,0x83,0xff,0x08,0x83,0xff,0x08,0x83,0xff,
    0x08,0x83,0xff,0x08,0x83,0xff,0x08,0x83,0xff,0x08,0x83,0xff,0x08,0x83,0xff,0x08,0x83,0xff,0x08,0x83,0xff,0x08,0x83,0xff,
    0x08,0x83,0xff,0x08,0x83,0xff,0x08,0x83,0xff,0x08,0x83,0xff,0x08,0x83,0xff,0x08,0x83,0xff,0x08,0x83,0xff,0x08,0x83,0xff,
    0x08,0x83,0xff,0x08,0x83,0xff,0x08,0x83,0xff,0x08,0x83,0xff,0x08,0x83,0xff,0x08,0x83,0xff,0x08,0x83,0xff,0x08,0x83,0xff,
    0x08,0x83,0xff,0x08,0x83,0xff,0x08,0x83,0xff,0x08,0x83,0xff,0x08,0x83,0xff,0x08,0x83,0xff,0x08,0x83,0xff,0x08,0x83,0xff,
    0x08,0x83,0xff,0x08,0x83,0xff,0x08,0x83,0xff,0x08,0x83,0xff,0x08,0x83,0xff,0x08,0x83,0xff,0x08,0x83,0xff,0x08,0x83,0xff,
    0x08,0x83,0xff,0x08,0x83,0xff,0x08,0x83,0xff,0x08,0x83,0xff,0x08,0x83,0xff,0x08,0x83,0xff,0x08,0x83,0xff,0x08,0x83,0xff,
    0x08,0x83,0xff,0x08,0x83,0xff,0x08,0x83,0xff,0x08,0x83,0xff,0x08,0x83,0xff,0x08,0x83,0xff,0x08,0x83,0xff,0x08,0x83,0xff,
    0x08,0x83,0xff,0x08,0x83,0xff,0x08,0x83,0xff,0x08,0x83,0xff,0x08,0x83,0xff,0x50,0x65,0xdc,0x00,0x00,0x00,0x00,0x00,0x00,
    0x00,0x00,0x00,0x00,0x00,0x00,0x50,0x65,0xdc,0x08,0x83,0xff,0x08,0x83,0xff,0x08,0x83,0xff,0x08,0x83,0xff,0x08,0x83,0xff,
    0x08,0x83,0xff,0x08,0x83,0xff,0x08,0x83,0xff,0x08,0x83,0xff,0x08,0x83,0xff,0x08,0x83,0xff,0x08,0x83,0xff,0x08,0x83,0xff,
    0x08,0x83,0xff,0x08,0x83,0xff,0x08,0x83,0xff,0x08,0x83,0xff,0x08,0x83,0xff,0x08,0x83,0xff,0x08,0x83,0xff,0x08,0x83,0xff,
    0x08,0x83,0xff,0x08,0x83,0xff,0x08,0x83,0xff,0x08,0x83,0xff,0x08,0x83,0xff,0x08,0x83,0xff,0x08,0x83,0xff,0x08,0x83,0xff,
    0x08,0x83,0xff,0x08,0x83,0xff,0x08,0x83,0xff,0x08,0x83,0xff,0x08,0x83,0xff,0x08,0x83,0xff,0x08,0x83,0xff,0x08,0x83,0xff,
    0x08,0x83,0xff,0x08,0x83,0xff,0x08,0x83,0xff,0x08,0x83,0xff,0x08,0x83,0xff,0x08,0x83,0xff,0x08,0x83,0xff,0x08,0x83,0xff,
    0x08,0x83,0xff,0x08,0x83,0xff,0x08,0x83,0xff,0x08,0x83,0xff,0x08,0x83,0xff,0x08,0x83,0xff,0x08,0x83,0xff,0x08,0x83,0xff,
    0x08,0x83,0xff,0x08,0x83,0xff,0x08,0x83,0xff,0x08,0x83,0xff,0x08,0x83,0xff,0x08,0x83,0xff,0x08,0x83,0xff,0x08,0x83,0xff,
    0x08,0x83,0xff,0x08,0x83,0xff,0x08,0x83,0xff,0x08,0x83,0xff,0x08,0x83,0xff,0x08,0x83,0xff,0x08,0x83,0xff,0x08,0x83,0xff,
    0x08,0x83,0xff,0x08,0x83,0xff,0x08,0x83,0xff,0x08,0x83,0xff,0x08,0x83,0xff,0x08,0x83,0xff,0x08,0x83,0xff,0x08,0x83,0xff,
    0x08,0x83,0xff,0x08,0x83,0xff,0x08,0x83,0xff,0x08,0x83,0xff,0x08,0x83,0xff,0x08,0x83,0xff,0x08,0x83,0xff,0x08,0x83,0xff,
    0x08,0x83,0xff,0x08,0x83,0xff,0x08,0x83,0xff,0x08,0x83,0xff,0x08,0x83,0xff,0x08,0x83,0xff,0x08,0x83,0xff,0x08,0x83,0xff,
    0x08,0x83,0xff,0x08,0x83,0xff,0x08,0x83,0xff,0x08,0x83,0xff,0x08,0x83,0xff,0x08,0x83,0xff,0x08,0x83,0xff,0x08,0x83,0xff,
    0x08,0x83,0xff,0x08,0x83,0xff,0x08,0x83,0xff,0x08,0x83,0xff,0x08,0x83,0xff,0x08,0x83,0xff,0x08,0x83,0xff,0x08,0x83,0xff,
    0x08,0x83,0xff,0x08,0x83,0xff,0x08,0x83,0xff,0x08,0x83,0xff,0x08,0x83,0xff,0x08,0x83,0xff,0x08,0x83,0xff,0x08,0x83,0xff,
    0x08,0x83,0xff,0x08,0x83,0xff,0x08,0x83,0xff,0x08,0x83,0xff,0x08,0x83,0xff,0x08,0x83,0xff,0x08,0x83,0xff,0x08,0x83,0xff,
    0x08,0x83,0xff,0x08,0x83,0xff,0x08,0x83,0xff,0x08,0x83,0xff,0x08,0x83,0xff,0x50,0x65,0xdc,0x00,0x00,0x00,0x00,0x00,0x00,
    0x00,0x00,0x00,0x00,0x00,0x00,0x50,0x65,0xdc,0x08,0x83,0xff,0x08,0x83,0xff,0x08,0x83,0xff,0x08,0x83,0xff,0x08,0x83,0xff,
    0x08,0x83,0xff,0x08,0x83,0xff,0x08,0x83,0xff,0x08,0x83,0xff,0x08,0x83,0xff,0x08,0x83,0xff,0x08,0x83,0xff,0x08,0x83,0xff,
    0x08,0x83,0xff,0x08,0x83,0xff,0x08,0x83,0xff,0x08,0x83,0xff,0x08,0x83,0xff,0x08,0x83,0xff,0x08,0x83,0xff,0x08,0x83,0xff,
    0x08,0x83,0xff,0x08,0x83,0xff,0x08,0x83,0xff,0x08,0x83,0xff,0x08,0x83,0xff,0x08,0x83,0xff,0x08,0x83,0xff,0x08,0x83,0xff,
    0x08,0x83,0xff,0x08,0x83,0xff,0x08,0x83,0xff,0x08,0x83,0xff,0x08,0x83,0xff,0x08,0x83,0xff,0x08,0x83,0xff,0x08,0x83,0xff,
    0x08,0x83,0xff,0x08,0x83,0xff,0x08,0x83,0xff,0x08,0x83,0xff,0x08,0x83,0xff,0x08,0x83,0xff,0x08,0x83,0xff,0x08,0x83,0xff,
    0x08,0x83,0xff,0x08,0x83,0xff,0x08,0x83,0xff,0x08,0x83,0xff,0x08,0x83,0xff,0x08,0x83,0xff,0x08,0x83,0xff,0x08,0x83,0xff,
    0x08,0x83,0xff,0x08,0x83,0xff,0x08,0x83,0xff,0x08,0x83,0xff,0x08,0x83,0xff,0x08,0x83,0xff,0x08,0x83,0xff,0x08,0x83,0xff,
    0x08,0x83,0xff,0x08,0x83,0xff,0x08,0x83,0xff,0x08,0x83,0xff,0x08,0x83,0xff,0x08,0x83,0xff,0x08,0x83,0xff,0x08,0x83,0xff,
    0x08,0x83,0xff,0x08,0x83,0xff,0x08,0x83,0xff,0x08,0x83,0xff,0x08,0x83,0xff,0x08,0x83,0xff,0x08,0x83,0xff,0x08,0x83,0xff,
    0x08,0x83,0xff,0x08,0x83,0xff,0x08,0x83,0xff,0x08,0x83,0xff,0x08,0x83,0xff,0x08,0x83,0xff,0x08,0x83,0xff,0x08,0x83,0xff,
    0x08,0x83,0xff,0x08,0x83,0xff,0x08,0x83,0xff,0x08,0x83,0xff,0x08,0x83,0xff,0x08,0x83,0xff,0x08,0x83,0xff,0x08,0x83,0xff,
    0x08,0x83,0xff,0x08,0x83,0xff,0x08,0x83,0xff,0x08,0x83,0xff,0x08,0x83,0xff,0x08,0x83,0xff,0x08,0x83,0xff,0x08,0x83,0xff,
    0x08,0x83,0xff,0x08,0x83,0xff,0x08,0x83,0xff,0x08,0x83,0xff,0x08,0x83,0xff,0x08,0x83,0xff,0x08,0x83,0xff,0x08,0x83,0xff,
    0x08,0x83,0xff,0x08,0x83,0xff,0x08,0x83,0xff,0x08,0x83,0xff,0x08,0x83,0xff,0x08,0x83,0xff,0x08,0x83,0xff,0x08,0x83,0xff,
    0x08,0x83,0xff,0x08,0x83,0xff,0x08,0x83,0xff,0x08,0x83,0xff,0x08,0x83,0xff,0x08,0x83,0xff,0x08,0x83,0xff,0x08,0x83,0xff,
    0x08,0x83,0xff,0x08,0x83,0xff,0x08,0x83,0xff,0x08,0x83,0xff,0x08,0x83,0xff,0x50,0x65,0xdc,0x00,0x00,0x00,0x00,0x00,0x00,
    0x00,0x00,0x00,0x00,0x00,0x00,0x50,0x65,0xdc,0x08,0x83,0xff,0x08,0x83,0xff,0x08,0x83,0xff,0x08,0x83,0xff,0x08,0x83,0xff,
    0x08,0x83,0xff,0x08,0x83,0xff,0x08,0x83,0xff,0x08,0x83,0xff,0x08,0x83,0xff,0x08,0x83,0xff,0x08,0x83,0xff,0x08,0x83,0xff,
    0x08,0x83,0xff,0x08,0x83,0xff,0x08,0x83,0xff,0x08,0x83,0xff,0x08,0x83,0xff,0x08,0x83,0xff,0x08,0x83,0xff,0x08,0x83,0xff,
    0x08,0x83,0xff,0x08,0x83,0xff,0x08,0x83,0xff,0x08,0x83,0xff,0x08,0x83,0xff,0x08,0x83,0xff,0x08,0x83,0xff,0x08,0x83,0xff,
    0x08,0x83,0xff,0x08,0x83,0xff,0x08,0x83,0xff,0x08,0x83,0xff,0x08,0x83,0xff,0x08,0x83,0xff,0x08,0x83,0xff,0x08,0x83,0xff,
    0x08,0x83,0xff,0x08,0x83,0xff,0x08,0x83,0xff,0x08,0x83,0xff,0x08,0x83,0xff,0x08,0x83,0xff,0x08,0x83,0xff,0x08,0x83,0xff,
    0x08,0x83,0xff,0x08,0x83,0xff,0x08,0x83,0xff,0x08,0x83,0xff,0x08,0x83,0xff,0x08,0x83,0xff,0x08,0x83,0xff,0x08,0x83,0xff,
    0x08,0x83,0xff,0x08,0x83,0xff,0x08,0x83,0xff,0x08,0x83,0xff,0x08,0x83,0xff,0x08,0x83,0xff,0x08,0x83,0xff,0x08,0x83,0xff,
    0x08,0x83,0xff,0x08,0x83,0xff,0x08,0x83,0xff,0x08,0x83,0xff,0x08,0x83,0xff,0x08,0x83,0xff,0x08,0x83,0xff,0x08,0x83,0xff,
    0x08,0x83,0xff,0x08,0x83,0xff,0x08,0x83,0xff,0x08,0x83,0xff,0x08,0x83,0xff,0x08,0x83,0xff,0x08,0x83,0xff,0x08,0x83,0xff,
    0x08,0x83,0xff,0x08,0x83,0xff,0x08,0x83,0xff,0x08,0x83,0xff,0x08,0x83,0xff,0x08,0x83,0xff,0x08,0x83,0xff,0x08,0x83,0xff,
    0x08,0x83,0xff,0x08,0x83,0xff,0x08,0x83,0xff,0x08,0x83,0xff,0x08,0x83,0xff,0x08,0x83,0xff,0x08,0x83,0xff,0x08,0x83,0xff,
    0x08,0x83,0xff,0x08,0x83,0xff,0x08,0x83,0xff,0x08,0x83,0xff,0x08,0x83,0xff,0x08,0x83,0xff,0x08,0x83,0xff,0x08,0x83,0xff,
    0x08,0x83,0xff,0x08,0x83,0xff,0x08,0x83,0xff,0x08,0x83,0xff,0x08,0x83,0xff,0x08,0x83,0xff,0x08,0x83,0xff,0x08,0x83,0xff,
    0x08,0x83,0xff,0x08,0x83,0xff,0x08,0x83,0xff,0x08,0x83,0xff,0x08,0x83,0xff,0x08,0x83,0xff,0x08,0x83,0xff,0x08,0x83,0xff,
    0x08,0x83,0xff,0x08,0x83,0xff,0x08,0x83,0xff,0x08,0x83,0xff,0x08,0x83,0xff,0x08,0x83,0xff,0x08,0x83,0xff,0x08,0x83,0xff,
    0x08,0x83,0xff,0x08,0x83,0xff,0x08,0x83,0xff,0x08,0x83,0xff,0x08,0x83,0xff,0x50,0x65,0xdc,0x00,0x00,0x00,0x00,0x00,0x00,
    0x00,0x00,0x00,0x00,0x00,0x00,0x50,0x65,0xdc,0x08,0x83,0xff,0x08,0x83,0xff,0x08,0x83,0xff,0x08,0x83,0xff,0x08,0x83,0xff,
    0x08,0x83,0xff,0x08,0x83,0xff,0x08,0x83,0xff,0x08,0x83,0xff,0x08,0x83,0xff,0x08,0x83,0xff,0x08,0x83,0xff,0x08,0x83,0xff,
    0x08,0x83,0xff,0x08,0x83,0xff,0x08,0x83,0xff,0x08,0x83,0xff,0x08,0x83,0xff,0x08,0x83,0xff,0x08,0x83,0xff,0x08,0x83,0xff,
    0x08,0x83,0xff,0x08,0x83,0xff,0x08,0x83,0xff,0x08,0x83,0xff,0x08,0x83,0xff,0x08,0x83,0xff,0x08,0x83,0xff,0x08,0x83,0xff,
    0x08,0x83,0xff,0x08,0x83,0xff,0x08,0x83,0xff,0x08,0x83,0xff,0x08,0x83,0xff,0x08,0x83,0xff,0x08,0x83,0xff,0x08,0x83,0xff,
    0x08,0x83,0xff,0x08,0x83,0xff,0x08,0x83,0xff,0x08,0x83,0xff,0x08,0x83,0xff,0x08,0x83,0xff,0x08,0x83,0xff,0x08,0x83,0xff,
    0x08,0x83,0xff,0x08,0x83,0xff,0x08,0x83,0xff,0x08,0x83,0xff,0x08,0x83,0xff,0x08,0x83,0xff,0x08,0x83,0xff,0x08,0x83,0xff,
    0x08,0x83,0xff,0x08,0x83,0xff,0x08,0x83,0xff,0x08,0x83,0xff,0x08,0x83,0xff,0x08,0x83,0xff,0x08,0x83,0xff,0x08,0x83,0xff,
    0x08,0x83,0xff,0x08,0x83,0xff,0x08,0x83,0xff,0x08,0x83,0xff,0x08,0x83,0xff,0x08,0x83,0xff,0x08,0x83,0xff,0x08,0x83,0xff,
    0x08,0x83,0xff,0x08,0x83,0xff,0x08,0x83,0xff,0x08,0x83,0xff,0x08,0x83,0xff,0x08,0x83,0xff,0x08,0x83,0xff,0x08,0x83,0xff,
    0x08,0x83,0xff,0x08,0x83,0xff,0x08,0x83,0xff,0x08,0x83,0xff,0x08,0x83,0xff,0x08,0x83,0xff,0x08,0x83,0xff,0x08,0x83,0xff,
    0x08,0x83,0xff,0x08,0x83,0xff,0x08,0x83,0xff,0x08,0x83,0xff,0x08,0x83,0xff,0x08,0x83,0xff,0x08,0x83,0xff,0x08,0x83,0xff,
    0x08,0x83,0xff,0x08,0x83,0xff,0x08,0x83,0xff,0x08,0x83,0xff,0x08,0x83,0xff,0x08,0x83,0xff,0x08,0x83,0xff,0x08,0x83,0xff,
    0x08,0x83,0xff,0x08,0x83,0xff,0x08,0x83,0xff,0x08,0x83,0xff,0x08,0x83,0xff,0x08,0x83,0xff,0x08,0x83,0xff,0x08,0x83,0xff,
    0x08,0x83,0xff,0x08,0x83,0xff,0x08,0x83,0xff,0x08,0x83,0xff,0x08,0x83,0xff,0x08,0x83,0xff,0x08,0x83,0xff,0x08,0x83,0xff,
    0x08,0x83,0xff,0x08,0x83,0xff,0x08,0x83,0xff,0x08,0x83,0xff,0x08,0x83,0xff,0x08,0x83,0xff,0x08,0x83,0xff,0x08,0x83,0xff,
    0x08,0x83,0xff,0x08,0x83,0xff,0x08,0x83,0xff,0x08,0x83,0xff,0x08,0x83,0xff,0x50,0x65,0xdc,0x00,0x00,0x00,0x00,0x00,0x00,
    0x00,0x00,0x00,0x00,0x00,0x00,0x50,0x65,0xdc,0x08,0x83,0xff,0x08,0x83,0xff,0x08,0x83,0xff,0x08,0x83,0xff,0x08,0x83,0xff,
    0x08,0x83,0xff,0x08,0x83,0xff,0x08,0x83,0xff,0x08,0x83,0xff,0x08,0x83,0xff,0x08,0x83,0xff,0x08,0x83,0xff,0x08,0x83,0xff,
    0x08,0x83,0xff,0x08,0x83,0xff,0x08,0x83,0xff,0x08,0x83,0xff,0x08,0x83,0xff,0x08,0x83,0xff,0x08,0x83,0xff,0x08,0x83,0xff,
    0x08,0x83,0xff,0x08,0x83,0xff,0x08,0x83,0xff,0x08,0x83,0xff,0x08,0x83,0xff,0x08,0x83,0xff,0x08,0x83,0xff,0x08,0x83,0xff,
    0x08,0x83,0xff,0x08,0x83,0xff,0x08,0x83,0xff,0x08,0x83,0xff,0x08,0x83,0xff,0x08,0x83,0xff,0x08,0x83,0xff,0x08,0x83,0xff,
    0x08,0x83,0xff,0x08,0x83,0xff,0x08,0x83,0xff,0x08,0x83,0xff,0x08,0x83,0xff,0x08,0x83,0xff,0x08,0x83,0xff,0x08,0x83,0xff,
    0x08,0x83,0xff,0x08,0x83,0xff,0x08,0x83,0xff,0x08,0x83,0xff,0x08,0x83,0xff,0x08,0x83,0xff,0x08,0x83,0xff,0x08,0x83,0xff,
    0x08,0x83,0xff,0x08,0x83,0xff,0x08,0x83,0xff,0x08,0x83,0xff,0x08,0x83,0xff,0x08,0x83,0xff,0x08,0x83,0xff,0x08,0x83,0xff,
    0x08,0x83,0xff,0x08,0x83,0xff,0x08,0x83,0xff,0x08,0x83,0xff,0x08,0x83,0xff,0x08,0x83,0xff,0x08,0x83,0xff,0x08,0x83,0xff,
    0x08,0x83,0xff,0x08,0x83,0xff,0x08,0x83,0xff,0x08,0x83,0xff,0x08,0x83,0xff,0x08,0x83,0xff,0x08,0x83,0xff,0x08,0x83,0xff,
    0x08,0x83,0xff,0x08,0x83,0xff,0x08,0x83,0xff,0x08,0x83,0xff,0x08,0x83,0xff,0x08,0x83,0xff,0x08,0x83,0xff,0x08,0x83,0xff,
    0x08,0x83,0xff,0x08,0x83,0xff,0x08,0x83,0xff,0x08,0x83,0xff,0x08,0x83,0xff,0x08,0x83,0xff,0x08,0x83,0xff,0x08,0x83,0xff,
    0x08,0x83,0xff,0x08,0x83,0xff,0x08,0x83,0xff,0x08,0x83,0xff,0x08,0x83,0xff,0x08,0x83,0xff,0x08,0x83,0xff,0x08,0x83,0xff,
    0x08,0x83,0xff,0x08,0x83,0xff,0x08,0x83,0xff,0x08,0x83,0xff,0x08,0x83,0xff,0x08,0x83,0xff,0x08,0x83,0xff,0x08,0x83,0xff,
    0x08,0x83,0xff,0x08,0x83,0xff,0x08,0x83,0xff,0x08,0x83,0xff,0x08,0x83,0xff,0x08,0x83,0xff,0x08,0x83,0xff,0x08,0x83,0xff,
    0x08,0x83,0xff,0x08,0x83,0xff,0x08,0x83,0xff,0x08,0x83,0xff,0x08,0x83,0xff,0x08,0x83,0xff,0x08,0x83,0xff,0x08,0x83,0xff,
    0x08,0x83,0xff,0x08,0x83,0xff,0x08,0x83,0xff,0x08,0x83,0xff,0x08,0x83,0xff,0x50,0x65,0xdc,0x00,0x00,0x00,0x00,0x00,0x00,
    0x00,0x00,0x00,0x00,0x00,0x00,0x50,0x65,0xdc,0x08,0x83,0xff,0x08,0x83,0xff,0x08,0x83,0xff,0x08,0x83,0xff,0x08,0x83,0xff,
    0x08,0x83,0xff,0x08,0x83,0xff,0x08,0x83,0xff,0x08,0x83,0xff,0x08,0x83,0xff,0x08,0x83,0xff,0x08,0x83,0xff,0x08,0x83,0xff,
    0x08,0x83,0xff,0x08,0x83,0xff,0x08,0x83,0xff,0x08,0x83,0xff,0x08,0x83,0xff,0x08,0x83,0xff,0x08,0x83,0xff,0x08,0x83,0xff,
    0x08,0x83,0xff,0x08,0x83,0xff,0x08,0x83,0xff,0x08,0x83,0xff,0x08,0x83,0xff,0x08,0x83,0xff,0x08,0x83,0xff,0x08,0x83,0xff,
    0x08,0x83,0xff,0x08,0x83,0xff,0x08,0x83,0xff,0x08,0x83,0xff,0x08,0x83,0xff,0x08,0x83,0xff,0x08,0x83,0xff,0x08,0x83,0xff,
    0x08,0x83,0xff,0x08,0x83,0xff,0x08,0x83,0xff,0x08,0x83,0xff,0x08,0x83,0xff,0x08,0x83,0xff,0x08,0x83,0xff,0x08,0x83,0xff,
    0x08,0x83,0xff,0x08,0x83,0xff,0x08,0x83,0xff,0x08,0x83,0xff,0x08,0x83,0xff,0x08,0x83,0xff,0x08,0x83,0xff,0x08,0x83,0xff,
    0x08,0x83,0xff,0x08,0x83,0xff,0x08,0x83,0xff,0x08,0x83,0xff,0x08,0x83,0xff,0x08,0x83,0xff,0x08,0x83,0xff,0x08,0x83,0xff,
    0x08,0x83,0xff,0x08,0x83,0xff,0x08,0x83,0xff,0x08,0x83,0xff,0x08,0x83,0xff,0x08,0x83,0xff,0x08,0x83,0xff,0x08,0x83,0xff,
    0x08,0x83,0xff,0x08,0x83,0xff,0x08,0x83,0xff,0x08,0x83,0xff,0x08,0x83,0xff,0x08,0x83,0xff,0x08,0x83,0xff,0x08,0x83,0xff,
    0x08,0x83,0xff,0x08,0x83,0xff,0x08,0x83,0xff,0x08,0x83,0xff,0x08,0x83,0xff,0x08,0x83,0xff,0x08,0x83,0xff,0x08,0x83,0xff,
    0x08,0x83,0xff,0x08,0x83,0xff,0x08,0x83,0xff,0x08,0x83,0xff,0x08,0x83,0xff,0x08,0x83,0xff,0x08,0x83,0xff,0x08,0x83,0xff,
    0x08,0x83,0xff,0x08,0x83,0xff,0x08,0x83,0xff,0x08,0x83,0xff,0x08,0x83,0xff,0x08,0x83,0xff,0x08,0x83,0xff,0x08,0x83,0xff,
    0x08,0x83,0xff,0x08,0x83,0xff,0x08,0x83,0xff,0x08,0x83,0xff,0x08,0x83,0xff,0x08,0x83,0xff,0x08,0x83,0xff,0x08,0x83,0xff,
    0x08,0x83,0xff,0x08,0x83,0xff,0x08,0x83,0xff,0x08,0x83,0xff,0x08,0x83,0xff,0x08,0x83,0xff,0x08,0x83,0xff,0x08,0x83,0xff,
    0x08,0x83,0xff,0x08,0x83,0xff,0x08,0x83,0xff,0x08,0x83,0xff,0x08,0x83,0xff,0x08,0x83,0xff,0x08,0x83,0xff,0x08,0x83,0xff,
    0x08,0x83,0xff,0x08,0x83,0xff,0x08,0x83,0xff,0x08,0x83,0xff,0x08,0x83,0xff,0x50,0x65,0xdc,0x00,0x00,0x00,0x00,0x00,0x00,
    0x00,0x00,0x00,0x00,0x00,0x00,0x50,0x65,0xdc,0x08,0x83,0xff,0x08,0x83,0xff,0x08,0x83,0xff,0x08,0x83,0xff,0x08,0x83,0xff,
    0x08,0x83,0xff,0x08,0x83,0xff,0x08,0x83,0xff,0x08,0x83,0xff,0x08,0x83,0xff,0x08,0x83,0xff,0x08,0x83,0xff,0x08,0x83,0xff,
    0x08,0x83,0xff,0x08,0x83,0xff,0x08,0x83,0xff,0x08,0x83,0xff,0x08,0x83,0xff,0x08,0x83,0xff,0x08,0x83,0xff,0x08,0x83,0xff,
    0x08,0x83,0xff,0x08,0x83,0xff,0x08,0x83,0xff,0x08,0x83,0xff,0x08,0x83,0xff,0x08,0x83,0xff,0x08,0x83,0xff,0x08,0x83,0xff,
    0x08,0x83,0xff,0x08,0x83,0xff,0x08,0x83,0xff,0x08,0x83,0xff,0x08,0x83,0xff,0x08,0x83,0xff,0x08,0x83,0xff,0x08,0x83,0xff,
    0x08,0x83,0xff,0x08,0x83,0xff,0x08,0x83,0xff,0x08,0x83,0xff,0x08,0x83,0xff,0x08,0x83,0xff,0x08,0x83,0xff,0x08,0x83,0xff,
    0x08,0x83,0xff,0x08,0x83,0xff,0x08,0x83,0xff,0x08,0x83,0xff,0x08,0x83,0xff,0x08,0x83,0xff,0x08,0x83,0xff,0x08,0x83,0xff,
    0x08,0x83,0xff,0x08,0x83,0xff,0x08,0x83,0xff,0x08,0x83,0xff,0x08,0x83,0xff,0x08,0x83,0xff,0x08,0x83,0xff,0x08,0x83,0xff,
    0x08,0x83,0xff,0x08,0x83,0xff,0x08,0x83,0xff,0x08,0x83,0xff,0x08,0x83,0xff,0x08,0x83,0xff,0x08,0x83,0xff,0x08,0x83,0xff,
    0x08,0x83,0xff,0x08,0x83,0xff,0x08,0x83,0xff,0x08,0x83,0xff,0x08,0x83,0xff,0x08,0x83,0xff,0x08,0x83,0xff,0x08,0x83,0xff,
    0x08,0x83,0xff,0x08,0x83,0xff,0x08,0x83,0xff,0x08,0x83,0xff,0x08,0x83,0xff,0x08,0x83,0xff,0x08,0x83,0xff,0x08,0x83,0xff,
    0x08,0x83,0xff,0x08,0x83,0xff,0x08,0x83,0xff,0x08,0x83,0xff,0x08,0x83,0xff,0x08,0x83,0xff,0x08,0x83,0xff,0x08,0x83,0xff,
    0x08,0x83,0xff,0x08,0x83,0xff,0x08,0x83,0xff,0x08,0x83,0xff,0x08,0x83,0xff,0x08,0x83,0xff,0x08,0x83,0xff,0x08,0x83,0xff,
    0x08,0x83,0xff,0x08,0x83,0xff,0x08,0x83,0xff,0x08,0x83,0xff,0x08,0x83,0xff,0x08,0x83,0xff,0x08,0x83,0xff,0x08,0x83,0xff,
    0x08,0x83,0xff,0x08,0x83,0xff,0x08,0x83,0xff,0x08,0x83,0xff,0x08,0x83,0xff,0x08,0x83,0xff,0x08,0x83,0xff,0x08,0x83,0xff,
    0x08,0x83,0xff,0x08,0x83,0xff,0x08,0x83,0xff,0x08,0x83,0xff,0x08,0x83,0xff,0x08,0x83,0xff,0x08,0x83,0xff,0x08,0x83,0xff,
    0x08,0x83,0xff,0x08,0x83,0xff,0x08,0x83,0xff,0x08,0x83,0xff,0x08,0x83,0xff,0x50,0x65,0xdc,0x00,0x00,0x00,0x00,0x00,0x00,
    0x00,0x00,0x00,0x00,0x00,0x00,0x50,0x65,0xdc,0x08,0x83,0xff,0x08,0x83,0xff,0x08,0x83,0xff,0x08,0x83,0xff,0x08,0x83,0xff,
    0x08,0x83,0xff,0x08,0x83,0xff,0x08,0x83,0xff,0x08,0x83,0xff,0x08,0x83,0xff,0x08,0x83,0xff,0x08,0x83,0xff,0x08,0x83,0xff,
    0x08,0x83,0xff,0x08,0x83,0xff,0x08,0x83,0xff,0x08,0x83,0xff,0x08,0x83,0xff,0x08,0x83,0xff,0x08,0x83,0xff,0x08,0x83,0xff,
    0x08,0x83,0xff,0x08,0x83,0xff,0x08,0x83,0xff,0x08,0x83,0xff,0x08,0x83,0xff,0x08,0x83,0xff,0x08,0x83,0xff,0x08,0x83,0xff,
    0x08,0x83,0xff,0x08,0x83,0xff,0x08,0x83,0xff,0x08,0x83,0xff,0x08,0x83,0xff,0x08,0x83,0xff,0x08,0x83,0xff,0x08,0x83,0xff,
    0x08,0x83,0xff,0x08,0x83,0xff,0x08,0x83,0xff,0x08,0x83,0xff,0x08,0x83,0xff,0x08,0x83,0xff,0x08,0x83,0xff,0x08,0x83,0xff,
    0x08,0x83,0xff,0x08,0x83,0xff,0x08,0x83,0xff,0x08,0x83,0xff,0x08,0x83,0xff,0x08,0x83,0xff,0x08,0x83,0xff,0x08,0x83,0xff,
    0x08,0x83,0xff,0x08,0x83,0xff,0x08,0x83,0xff,0x08,0x83,0xff,0x08,0x83,0xff,0x08,0x83,0xff,0x08,0x83,0xff,0x08,0x83,0xff,
    0x08,0x83,0xff,0x08,0x83,0xff,0x08,0x83,0xff,0x08,0x83,0xff,0x08,0x83,0xff,0x08,0x83,0xff,0x08,0x83,0xff,0x08,0x83,0xff,
    0x08,0x83,0xff,0x08,0x83,0xff,0x08,0x83,0xff,0x08,0x83,0xff,0x08,0x83,0xff,0x08,0x83,0xff,0x08,0x83,0xff,0x08,0x83,0xff,
    0x08,0x83,0xff,0x08,0x83,0xff,0x08,0x83,0xff,0x08,0x83,0xff,0x08,0x83,0xff,0x08,0x83,0xff,0x08,0x83,0xff,0x08,0x83,0xff,
    0x08,0x83,0xff,0x08,0x83,0xff,0x08,0x83,0xff,0x08,0x83,0xff,0x08,0x83,0xff,0x08,0x83,0xff,0x08,0x83,0xff,0x08,0x83,0xff,
    0x08,0x83,0xff,0x08,0x83,0xff,0x08,0x83,0xff,0x08,0x83,0xff,0x08,0x83,0xff,0x08,0x83,0xff,0x08,0x83,0xff,0x08,0x83,0xff,
    0x08,0x83,0xff,0x08,0x83,0xff,0x08,0x83,0xff,0x08,0x83,0xff,0x08,0x83,0xff,0x08,0x83,0xff,0x08,0x83,0xff,0x08,0x83,0xff,
    0x08,0x83,0xff,0x08,0x83,0xff,0x08,0x83,0xff,0x08,0x83,0xff,0x08,0x83,0xff,0x08,0x83,0xff,0x08,0x83,0xff,0x08,0x83,0xff,
    0x08,0x83,0xff,0x08,0x83,0xff,0x08,0x83,0xff,0x08,0x83,0xff,0x08,0x83,0xff,0x08,0x83,0xff,0x08,0x83,0xff,0x08,0x83,0xff,
    0x08,0x83,0xff,0x08,0x83,0xff,0x08,0x83,0xff,0x08,0x83,0xff,0x08,0x83,0xff,0x50,0x65,0xdc,0x00,0x00,0x00,0x00,0x00,0x00,
    0x00,0x00,0x00,0x00,0x00,0x00,0x50,0x65,0xdc,0x08,0x83,0xff,0x08,0x83,0xff,0x08,0x83,0xff,0x08,0x83,0xff,0x08,0x83,0xff,
    0x08,0x83,0xff,0x08,0x83,0xff,0x08,0x83,0xff,0x08,0x83,0xff,0x08,0x83,0xff,0x08,0x83,0xff,0x08,0x83,0xff,0x08,0x83,0xff,
    0x08,0x83,0xff,0x08,0x83,0xff,0x08,0x83,0xff,0x08,0x83,0xff,0x08,0x83,0xff,0x08,0x83,0xff,0x08,0x83,0xff,0x08,0x83,0xff,
    0x08,0x83,0xff,0x08,0x83,0xff,0x08,0x83,0xff,0x08,0x83,0xff,0x08,0x83,0xff,0x08,0x83,0xff,0x08,0x83,0xff,0x08,0x83,0xff,
    0x08,0x83,0xff,0x08,0x83,0xff,0x08,0x83,0xff,0x08,0x83,0xff,0x08,0x83,0xff,0x08,0x83,0xff,0x08,0x83,0xff,0x08,0x83,0xff,
    0x08,0x83,0xff,0x08,0x83,0xff,0x08,0x83,0xff,0x08,0x83,0xff,0x08,0x83,0xff,0x08,0x83,0xff,0x08,0x83,0xff,0x08,0x83,0xff,
    0x08,0x83,0xff,0x08,0x83,0xff,0x08,0x83,0xff,0x08,0x83,0xff,0x08,0x83,0xff,0x08,0x83,0xff,0x08,0x83,0xff,0x08,0x83,0xff,
    0x08,0x83,0xff,0x08,0x83,0xff,0x08,0x83,0xff,0x08,0x83,0xff,0x08,0x83,0xff,0x08,0x83,0xff,0x08,0x83,0xff,0x08,0x83,0xff,
    0x08,0x83,0xff,0x08,0x83,0xff,0x08,0x83,0xff,0x08,0x83,0xff,0x08,0x83,0xff,0x08,0x83,0xff,0x08,0x83,0xff,0x08,0x83,0xff,
    0x08,0x83,0xff,0x08,0x83,0xff,0x08,0x83,0xff,0x08,0x83,0xff,0x08,0x83,0xff,0x08,0x83,0xff,0x08,0x83,0xff,0x08,0x83,0xff,
    0x08,0x83,0xff,0x08,0x83,0xff,0x08,0x83,0xff,0x08,0x83,0xff,0x08,0x83,0xff,0x08,0x83,0xff,0x08,0x83,0xff,0x08,0x83,0xff,
    0x08,0x83,0xff,0x08,0x83,0xff,0x08,0x83,0xff,0x08,0x83,0xff,0x08,0x83,0xff,0x08,0x83,0xff,0x08,0x83,0xff,0x08,0x83,0xff,
    0x08,0x83,0xff,0x08,0x83,0xff,0x08,0x83,0xff,0x08,0x83,0xff,0x08,0x83,0xff,0x08,0x83,0xff,0x08,0x83,0xff,0x08,0x83,0xff,
    0x08,0x83,0xff,0x08,0x83,0xff,0x08,0x83,0xff,0x08,0x83,0xff,0x08,0x83,0xff,0x08,0x83,0xff,0x08,0x83,0xff,0x08,0x83,0xff,
    0x08,0x83,0xff,0x08,0x83,0xff,0x08,0x83,0xff,0x08,0x83,0xff,0x08,0x83,0xff,0x08,0x83,0xff,0x08,0x83,0xff,0x08,0x83,0xff,
    0x08,0x83,0xff,0x08,0x83,0xff,0x08,0x83,0xff,0x08,0x83,0xff,0x08,0x83,0xff,0x08,0x83,0xff,0x08,0x83,0xff,0x08,0x83,0xff,
    0x08,0x83,0xff,0x08,0x83,0xff,0x08,0x83,0xff,0x08,0x83,0xff,0x08,0x83,0xff,0x50,0x65,0xdc,0x00,0x00,0x00,0x00,0x00,0x00,
    0x00,0x00,0x00,0x00,0x00,0x00,0x50,0x65,0xdc,0x08,0x83,0xff,0x08,0x83,0xff,0x08,0x83,0xff,0x08,0x83,0xff,0x08,0x83,0xff,
    0x08,0x83,0xff,0x08,0x83,0xff,0x08,0x83,0xff,0x08,0x83,0xff,0x08,0x83,0xff,0x08,0x83,0xff,0x08,0x83,0xff,0x08,0x83,0xff,
    0x08,0x83,0xff,0x08,0x83,0xff,0x08,0x83,0xff,0x08,0x83,0xff,0x08,0x83,0xff,0x08,0x83,0xff,0x08,0x83,0xff,0x08,0x83,0xff,
    0x08,0x83,0xff,0x08,0x83,0xff,0x08,0x83,0xff,0x08,0x83,0xff,0x08,0x83,0xff,0x08,0x83,0xff,0x08,0x83,0xff,0x08,0x83,0xff,
    0x08,0x83,0xff,0x08,0x83,0xff,0x08,0x83,0xff,0x08,0x83,0xff,0x08,0x83,0xff,0x08,0x83,0xff,0x08,0x83,0xff,0x08,0x83,0xff,
    0x08,0x83,0xff,0x08,0x83,0xff,0x08,0x83,0xff,0x08,0x83,0xff,0x08,0x83,0xff,0x08,0x83,0xff,0x08,0x83,0xff,0x08,0x83,0xff,
    0x08,0x83,0xff,0x08,0x83,0xff,0x08,0x83,0xff,0x08,0x83,0xff,0x08,0x83,0xff,0x08,0x83,0xff,0x08,0x83,0xff,0x08,0x83,0xff,
    0x08,0x83,0xff,0x08,0x83,0xff,0x08,0x83,0xff,0x08,0x83,0xff,0x08,0x83,0xff,0x08,0x83,0xff,0x08,0x83,0xff,0x08,0x83,0xff,
    0x08,0x83,0xff,0x08,0x83,0xff,0x08,0x83,0xff,0x08,0x83,0xff,0x08,0x83,0xff,0x08,0x83,0xff,0x08,0x83,0xff,0x08,0x83,0xff,
    0x08,0x83,0xff,0x08,0x83,0xff,0x08,0x83,0xff,0x08,0x83,0xff,0x08,0x83,0xff,0x08,0x83,0xff,0x08,0x83,0xff,0x08,0x83,0xff,
    0x08,0x83,0xff,0x08,0x83,0xff,0x08,0x83,0xff,0x08,0x83,0xff,0x08,0x83,0xff,0x08,0x83,0xff,0x08,0x83,0xff,0x08,0x83,0xff,
    0x08,0x83,0xff,0x08,0x83,0xff,0x08,0x83,0xff,0x08,0x83,0xff,0x08,0x83,0xff,0x08,0x83,0xff,0x08,0x83,0xff,0x08,0x83,0xff,
    0x08,0x83,0xff,0x08,0x83,0xff,0x08,0x83,0xff,0x08,0x83,0xff,0x08,0x83,0xff,0x08,0x83,0xff,0x08,0x83,0xff,0x08,0x83,0xff,
    0x08,0x83,0xff,0x08,0x83,0xff,0x08,0x83,0xff,0x08,0x83,0xff,0x08,0x83,0xff,0x08,0x83,0xff,0x08,0x83,0xff,0x08,0x83,0xff,
    0x08,0x83,0xff,0x08,0x83,0xff,0x08,0x83,0xff,0x08,0x83,0xff,0x08,0x83,0xff,0x08,0x83,0xff,0x08,0x83,0xff,0x08,0x83,0xff,
    0x08,0x83,0xff,0x08,0x83,0xff,0x08,0x83,0xff,0x08,0x83,0xff,0x08,0x83,0xff,0x08,0x83,0xff,0x08,0x83,0xff,0x08,0x83,0xff,
    0x08,0x83,0xff,0x08,0x83,0xff,0x08,0x83,0xff,0x08,0x83,0xff,0x08,0x83,0xff,0x50,0x65,0xdc,0x00,0x00,0x00,0x00,0x00,0x00,
    0x00,0x00,0x00,0x00,0x00,0x00,0x50,0x65,0xdc,0x08,0x83,0xff,0x08,0x83,0xff,0x08,0x83,0xff,0x08,0x83,0xff,0x08,0x83,0xff,
    0x08,0x83,0xff,0x08,0x83,0xff,0x08,0x83,0xff,0x08,0x83,0xff,0x08,0x83,0xff,0x08,0x83,0xff,0x08,0x83,0xff,0x08,0x83,0xff,
    0x08,0x83,0xff,0x08,0x83,0xff,0x08,0x83,0xff,0x08,0x83,0xff,0x08,0x83,0xff,0x08,0x83,0xff,0x08,0x83,0xff,0x08,0x83,0xff,
    0x08,0x83,0xff,0x08,0x83,0xff,0x08,0x83,0xff,0x08,0x83,0xff,0x08,0x83,0xff,0x08,0x83,0xff,0x08,0x83,0xff,0x08,0x83,0xff,
    0x08,0x83,0xff,0x08,0x83,0xff,0x08,0x83,0xff,0x08,0x83,0xff,0x08,0x83,0xff,0x08,0x83,0xff,0x08,0x83,0xff,0x08,0x83,0xff,
    0x08,0x83,0xff,0x08,0x83,0xff,0x08,0x83,0xff,0x08,0x83,0xff,0x08,0x83,0xff,0x08,0x83,0xff,0x08,0x83,0xff,0x08,0x83,0xff,
    0x08,0x83,0xff,0x08,0x83,0xff,0x08,0x83,0xff,0x08,0x83,0xff,0x08,0x83,0xff,0x08,0x83,0xff,0x08,0x83,0xff,0x08,0x83,0xff,
    0x08,0x83,0xff,0x08,0x83,0xff,0x08,0x83,0xff,0x08,0x83,0xff,0x08,0x83,0xff,0x08,0x83,0xff,0x08,0x83,0xff,0x08,0x83,0xff,
    0x08,0x83,0xff,0x08,0x83,0xff,0x08,0x83,0xff,0x08,0x83,0xff,0x08,0x83,0xff,0x08,0x83,0xff,0x08,0x83,0xff,0x08,0x83,0xff,
    0x08,0x83,0xff,0x08,0x83,0xff,0x08,0x83,0xff,0x08,0x83,0xff,0x08,0x83,0xff,0x08,0x83,0xff,0x08,0x83,0xff,0x08,0x83,0xff,
    0x08,0x83,0xff,0x08,0x83,0xff,0x08,0x83,0xff,0x08,0x83,0xff,0x08,0x83,0xff,0x08,0x83,0xff,0x08,0x83,0xff,0x08,0x83,0xff,
    0x08,0x83,0xff,0x08,0x83,0xff,0x08,0x83,0xff,0x08,0x83,0xff,0x08,0x83,0xff,0x08,0x83,0xff,0x08,0x83,0xff,0x08,0x83,0xff,
    0x08,0x83,0xff,0x08,0x83,0xff,0x08,0x83,0xff,0x08,0x83,0xff,0x08,0x83,0xff,0x08,0x83,0xff,0x08,0x83,0xff,0x08,0x83,0xff,
    0x08,0x83,0xff,0x08,0x83,0xff,0x08,0x83,0xff,0x08,0x83,0xff,0x08,0x83,0xff,0x08,0x83,0xff,0x08,0x83,0xff,0x08,0x83,0xff,
    0x08,0x83,0xff,0x08,0x83,0xff,0x08,0x83,0xff,0x08,0x83,0xff,0x08,0x83,0xff,0x08,0x83,0xff,0x08,0x83,0xff,0x08,0x83,0xff,
    0x08,0x83,0xff,0x08,0x83,0xff,0x08,0x83,0xff,0x08,0x83,0xff,0x08,0x83,0xff,0x08,0x83,0xff,0x08,0x83,0xff,0x08,0x83,0xff,
    0x08,0x83,0xff,0x08,0x83,0xff,0x08,0x83,0xff,0x08,0x83,0xff,0x08,0x83,0xff,0x50,0x65,0xdc,0x00,0x00,0x00,0x00,0x00,0x00,
    0x00,0x00,0x00,0x00,0x00,0x00,0x50,0x65,0xdc,0x08,0x83,0xff,0x08,0x83,0xff,0x08,0x83,0xff,0x08,0x83,0xff,0x08,0x83,0xff,
    0x08,0x83,0xff,0x08,0x83,0xff,0x08,0x83,0xff,0x08,0x83,0xff,0x08,0x83,0xff,0x08,0x83,0xff,0x08,0x83,0xff,0x08,0x83,0xff,
    0x08,0x83,0xff,0x08,0x83,0xff,0x08,0x83,0xff,0x08,0x83,0xff,0x08,0x83,0xff,0x08,0x83,0xff,0x08,0x83,0xff,0x08,0x83,0xff,
    0x08,0x83,0xff,0x08,0x83,0xff,0x08,0x83,0xff,0x08,0x83,0xff,0x08,0x83,0xff,0x08,0x83,0xff,0x08,0x83,0xff,0x08,0x83,0xff,
    0x08,0x83,0xff,0x08,0x83,0xff,0x08,0x83,0xff,0x08,0x83,0xff,0x08,0x83,0xff,0x08,0x83,0xff,0x08,0x83,0xff,0x08,0x83,0xff,
    0x08,0x83,0xff,0x08,0x83,0xff,0x08,0x83,0xff,0x08,0x83,0xff,0x08,0x83,0xff,0x08,0x83,0xff,0x08,0x83,0xff,0x08,0x83,0xff,
    0x08,0x83,0xff,0x08,0x83,0xff,0x08,0x83,0xff,0x08,0x83,0xff,0x08,0x83,0xff,0x08,0x83,0xff,0x08,0x83,0xff,0x08,0x83,0xff,
    0x08,0x83,0xff,0x08,0x83,0xff,0x08,0x83,0xff,0x08,0x83,0xff,0x08,0x83,0xff,0x08,0x83,0xff,0x08,0x83,0xff,0x08,0x83,0xff,
    0x08,0x83,0xff,0x08,0x83,0xff,0x08,0x83,0xff,0x08,0x83,0xff,0x08,0x83,0xff,0x08,0x83,0xff,0x08,0x83,0xff,0x08,0x83,0xff,
    0x08,0x83,0xff,0x08,0x83,0xff,0x08,0x83,0xff,0x08,0x83,0xff,0x08,0x83,0xff,0x08,0x83,0xff,0x08,0x83,0xff,0x08,0x83,0xff,
    0x08,0x83,0xff,0x08,0x83,0xff,0x08,0x83,0xff,0x08,0x83,0xff,0x08,0x83,0xff,0x08,0x83,0xff,0x08,0x83,0xff,0x08,0x83,0xff,
    0x08,0x83,0xff,0x08,0x83,0xff,0x08,0x83,0xff,0x08,0x83,0xff,0x08,0x83,0xff,0x08,0x83,0xff,0x08,0x83,0xff,0x08,0x83,0xff,
    0x08,0x83,0xff,0x08,0x83,0xff,0x08,0x83,0xff,0x08,0x83,0xff,0x08,0x83,0xff,0x08,0x83,0xff,0x08,0x83,0xff,0x08,0x83,0xff,
    0x08,0x83,0xff,0x08,0x83,0xff,0x08,0x83,0xff,0x08,0x83,0xff,0x08,0x83,0xff,0x08,0x83,0xff,0x08,0x83,0xff,0x08,0x83,0xff,
    0x08,0x83,0xff,0x08,0x83,0xff,0x08,0x83,0xff,0x08,0x83,0xff,0x08,0x83,0xff,0x08,0x83,0xff,0x08,0x83,0xff,0x08,0x83,0xff,
    0x08,0x83,0xff,0x08,0x83,0xff,0x08,0x83,0xff,0x08,0x83,0xff,0x08,0x83,0xff,0x08,0x83,0xff,0x08,0x83,0xff,0x08,0x83,0xff,
    0x08,0x83,0xff,0x08,0x83,0xff,0x08,0x83,0xff,0x08,0x83,0xff,0x08,0x83,0xff,0x50,0x65,0xdc,0x00,0x00,0x00,0x00,0x00,0x00,
    0x00,0x00,0x00,0x00,0x00,0x00,0x50,0x65,0xdc,0x08,0x83,0xff,0x08,0x83,0xff,0x08,0x83,0xff,0x08,0x83,0xff,0x08,0x83,0xff,
    0x08,0x83,0xff,0x08,0x83,0xff,0x08,0x83,0xff,0x08,0x83,0xff,0x08,0x83,0xff,0x08,0x83,0xff,0x08,0x83,0xff,0x08,0x83,0xff,
    0x08,0x83,0xff,0x08,0x83,0xff,0x08,0x83,0xff,0x08,0x83,0xff,0x08,0x83,0xff,0x08,0x83,0xff,0x08,0x83,0xff,0x08,0x83,0xff,
    0x08,0x83,0xff,0x08,0x83,0xff,0x08,0x83,0xff,0x08,0x83,0xff,0x08,0x83,0xff,0x08,0x83,0xff,0x08,0x83,0xff,0x08,0x83,0xff,
    0x08,0x83,0xff,0x08,0x83,0xff,0x08,0x83,0xff,0x08,0x83,0xff,0x08,0x83,0xff,0x08,0x83,0xff,0x08,0x83,0xff,0x08,0x83,0xff,
    0x08,0x83,0xff,0x08,0x83,0xff,0x08,0x83,0xff,0x08,0x83,0xff,0x08,0x83,0xff,0x08,0x83,0xff,0x08,0x83,0xff,0x08,0x83,0xff,
    0x08,0x83,0xff,0x08,0x83,0xff,0x08,0x83,0xff,0x08,0x83,0xff,0x08,0x83,0xff,0x08,0x83,0xff,0x08,0x83,0xff,0x08,0x83,0xff,
    0x08,0x83,0xff,0x08,0x83,0xff,0x08,0x83,0xff,0x08,0x83,0xff,0x08,0x83,0xff,0x08,0x83,0xff,0x08,0x83,0xff,0x08,0x83,0xff,
    0x08,0x83,0xff,0x08,0x83,0xff,0x08,0x83,0xff,0x08,0x83,0xff,0x08,0x83,0xff,0x08,0x83,0xff,0x08,0x83,0xff,0x08,0x83,0xff,
    0x08,0x83,0xff,0x08,0x83,0xff,0x08,0x83,0xff,0x08,0x83,0xff,0x08,0x83,0xff,0x08,0x83,0xff,0x08,0x83,0xff,0x08,0x83,0xff,
    0x08,0x83,0xff,0x08,0x83,0xff,0x08,0x83,0xff,0x08,0x83,0xff,0x08,0x83,0xff,0x08,0x83,0xff,0x08,0x83,0xff,0x08,0x83,0xff,
    0x08,0x83,0xff,0x08,0x83,0xff,0x08,0x83,0xff,0x08,0x83,0xff,0x08,0x83,0xff,0x08,0x83,0xff,0x08,0x83,0xff,0x08,0x83,0xff,
    0x08,0x83,0xff,0x08,0x83,0xff,0x08,0x83,0xff,0x08,0x83,0xff,0x08,0x83,0xff,0x08,0x83,0xff,0x08,0x83,0xff,0x08,0x83,0xff,
    0x08,0x83,0xff,0x08,0x83,0xff,0x08,0x83,0xff,0x08,0x83,0xff,0x08,0x83,0xff,0x08,0x83,0xff,0x08,0x83,0xff,0x08,0x83,0xff,
    0x08,0x83,0xff,0x08,0x83,0xff,0x08,0x83,0xff,0x08,0x83,0xff,0x08,0x83,0xff,0x08,0x83,0xff,0x08,0x83,0xff,0x08,0x83,0xff,
    0x08,0x83,0xff,0x08,0x83,0xff,0x08,0x83,0xff,0x08,0x83,0xff,0x08,0x83,0xff,0x08,0x83,0xff,0x08,0x83,0xff,0x08,0x83,0xff,
    0x08,0x83,0xff,0x08,0x83,0xff,0x08,0x83,0xff,0x08,0x83,0xff,0x08,0x83,0xff,0x50,0x65,0xdc,0x00,0x00,0x00,0x00,0x00,0x00,
    0x00,0x00,0x00,0x00,0x00,0x00,0x50,0x65,0xdc,0x08,0x83,0xff,0x08,0x83,0xff,0x08,0x83,0xff,0x08,0x83,0xff,0x08,0x83,0xff,
    0x08,0x83,0xff,0x08,0x83,0xff,0x08,0x83,0xff,0x08,0x83,0xff,0x08,0x83,0xff,0x08,0x83,0xff,0x08,0x83,0xff,0x08,0x83,0xff,
    0x08,0x83,0xff,0x08,0x83,0xff,0x08,0x83,0xff,0x08,0x83,0xff,0x08,0x83,0xff,0x08,0x83,0xff,0x08,0x83,0xff,0x08,0x83,0xff,
    0x08,0x83,0xff,0x08,0x83,0xff,0x08,0x83,0xff,0x08,0x83,0xff,0x08,0x83,0xff,0x08,0x83,0xff,0x08,0x83,0xff,0x08,0x83,0xff,
    0x08,0x83,0xff,0x08,0x83,0xff,0x08,0x83,0xff,0x08,0x83,0xff,0x08,0x83,0xff,0x08,0x83,0xff,0x08,0x83,0xff,0x08,0x83,0xff,
    0x08,0x83,0xff,0x08,0x83,0xff,0x08,0x83,0xff,0x08,0x83,0xff,0x08,0x83,0xff,0x08,0x83,0xff,0x08,0x83,0xff,0x08,0x83,0xff,
    0x08,0x83,0xff,0x08,0x83,0xff,0x08,0x83,0xff,0x08,0x83,0xff,0x08,0x83,0xff,0x08,0x83,0xff,0x08,0x83,0xff,0x08,0x83,0xff,
    0x08,0x83,0xff,0x08,0x83,0xff,0x08,0x83,0xff,0x08,0x83,0xff,0x08,0x83,0xff,0x08,0x83,0xff,0x08,0x83,0xff,0x08,0x83,0xff,
    0x08,0x83,0xff,0x08,0x83,0xff,0x08,0x83,0xff,0x08,0x83,0xff,0x08,0x83,0xff,0x08,0x83,0xff,0x08,0x83,0xff,0x08,0x83,0xff,
    0x08,0x83,0xff,0x08,0x83,0xff,0x08,0x83,0xff,0x08,0x83,0xff,0x08,0x83,0xff,0x08,0x83,0xff,0x08,0x83,0xff,0x08,0x83,0xff,
    0x08,0x83,0xff,0x08,0x83,0xff,0x08,0x83,0xff,0x08,0x83,0xff,0x08,0x83,0xff,0x08,0x83,0xff,0x08,0x83,0xff,0x08,0x83,0xff,
    0x08,0x83,0xff,0x08,0x83,0xff,0x08,0x83,0xff,0x08,0x83,0xff,0x08,0x83,0xff,0x08,0x83,0xff,0x08,0x83,0xff,0x08,0x83,0xff,
    0x08,0x83,0xff,0x08,0x83,0xff,0x08,0x83,0xff,0x08,0x83,0xff,0x08,0x83,0xff,0x08,0x83,0xff,0x08,0x83,0xff,0x08,0x83,0xff,
    0x08,0x83,0xff,0x08,0x83,0xff,0x08,0x83,0xff,0x08,0x83,0xff,0x08,0x83,0xff,0x08,0x83,0xff,0x08,0x83,0xff,0x08,0x83,0xff,
    0x08,0x83,0xff,0x08,0x83,0xff,0x08,0x83,0xff,0x08,0x83,0xff,0x08,0x83,0xff,0x08,0x83,0xff,0x08,0x83,0xff,0x08,0x83,0xff,
    0x08,0x83,0xff,0x08,0x83,0xff,0x08,0x83,0xff,0x08,0x83,0xff,0x08,0x83,0xff,0x08,0x83,0xff,0x08,0x83,0xff,0x08,0x83,0xff,
    0x08,0x83,0xff,0x08,0x83,0xff,0x08,0x83,0xff,0x08,0x83,0xff,0x08,0x83,0xff,0x50,0x65,0xdc,0x00,0x00,0x00,0x00,0x00,0x00,
    0x00,0x00,0x00,0x00,0x00,0x00,0x50,0x65,0xdc,0x08,0x83,0xff,0x08,0x83,0xff,0x08,0x83,0xff,0x08,0x83,0xff,0x08,0x83,0xff,
    0x08,0x83,0xff,0x08,0x83,0xff,0x08,0x83,0xff,0x08,0x83,0xff,0x08,0x83,0xff,0x08,0x83,0xff,0x08,0x83,0xff,0x08,0x83,0xff,
    0x08,0x83,0xff,0x08,0x83,0xff,0x08,0x83,0xff,0x08,0x83,0xff,0x08,0x83,0xff,0x08,0x83,0xff,0x08,0x83,0xff,0x08,0x83,0xff,
    0x08,0x83,0xff,0x08,0x83,0xff,0x08,0x83,0xff,0x08,0x83,0xff,0x08,0x83,0xff,0x08,0x83,0xff,0x08,0x83,0xff,0x08,0x83,0xff,
    0x08,0x83,0xff,0x08,0x83,0xff,0x08,0x83,0xff,0x08,0x83,0xff,0x08,0x83,0xff,0x08,0x83,0xff,0x08,0x83,0xff,0x08,0x83,0xff,
    0x08,0x83,0xff,0x08,0x83,0xff,0x08,0x83,0xff,0x08,0x83,0xff,0x08,0x83,0xff,0x08,0x83,0xff,0x08,0x83,0xff,0x08,0x83,0xff,
    0x08,0x83,0xff,0x08,0x83,0xff,0x08,0x83,0xff,0x08,0x83,0xff,0x08,0x83,0xff,0x08,0x83,0xff,0x08,0x83,0xff,0x08,0x83,0xff,
    0x08,0x83,0xff,0x08,0x83,0xff,0x08,0x83,0xff,0x08,0x83,0xff,0x08,0x83,0xff,0x08,0x83,0xff,0x08,0x83,0xff,0x08,0x83,0xff,
    0x08,0x83,0xff,0x08,0x83,0xff,0x08,0x83,0xff,0x08,0x83,0xff,0x08,0x83,0xff,0x08,0x83,0xff,0x08,0x83,0xff,0x08,0x83,0xff,
    0x08,0x83,0xff,0x08,0x83,0xff,0x08,0x83,0xff,0x08,0x83,0xff,0x08,0x83,0xff,0x08,0x83,0xff,0x08,0x83,0xff,0x08,0x83,0xff,
    0x08,0x83,0xff,0x08,0x83,0xff,0x08,0x83,0xff,0x08,0x83,0xff,0x08,0x83,0xff,0x08,0x83,0xff,0x08,0x83,0xff,0x08,0x83,0xff,
    0x08,0x83,0xff,0x08,0x83,0xff,0x08,0x83,0xff,0x08,0x83,0xff,0x08,0x83,0xff,0x08,0x83,0xff,0x08,0x83,0xff,0x08,0x83,0xff,
    0x08,0x83,0xff,0x08,0x83,0xff,0x08,0x83,0xff,0x08,0x83,0xff,0x08,0x83,0xff,0x08,0x83,0xff,0x08,0x83,0xff,0x08,0x83,0xff,
    0x08,0x83,0xff,0x08,0x83,0xff,0x08,0x83,0xff,0x08,0x83,0xff,0x08,0x83,0xff,0x08,0x83,0xff,0x08,0x83,0xff,0x08,0x83,0xff,
    0x08,0x83,0xff,0x08,0x83,0xff,0x08,0x83,0xff,0x08,0x83,0xff,0x08,0x83,0xff,0x08,0x83,0xff,0x08,0x83,0xff,0x08,0x83,0xff,
    0x08,0x83,0xff,0x08,0x83,0xff,0x08,0x83,0xff,0x08,0x83,0xff,0x08,0x83,0xff,0x08,0x83,0xff,0x08,0x83,0xff,0x08,0x83,0xff,
    0x08,0x83,0xff,0x08,0x83,0xff,0x08,0x83,0xff,0x08,0x83,0xff,0x08,0x83,0xff,0x50,0x65,0xdc,0x00,0x00,0x00,0x00,0x00,0x00,
    0x00,0x00,0x00,0x00,0x00,0x00,0x50,0x65,0xdc,0x08,0x83,0xff,0x08,0x83,0xff,0x08,0x83,0xff,0x08,0x83,0xff,0x08,0x83,0xff,
    0x08,0x83,0xff,0x08,0x83,0xff,0x08,0x83,0xff,0x08,0x83,0xff,0x08,0x83,0xff,0x08,0x83,0xff,0x08,0x83,0xff,0x08,0x83,0xff,
    0x08,0x83,0xff,0x08,0x83,0xff,0x08,0x83,0xff,0x08,0x83,0xff,0x08,0x83,0xff,0x08,0x83,0xff,0x08,0x83,0xff,0x08,0x83,0xff,
    0x08,0x83,0xff,0x08,0x83,0xff,0x08,0x83,0xff,0x08,0x83,0xff,0x08,0x83,0xff,0x08,0x83,0xff,0x08,0x83,0xff,0x08,0x83,0xff,
    0x08,0x83,0xff,0x08,0x83,0xff,0x08,0x83,0xff,0x08,0x83,0xff,0x08,0x83,0xff,0x08,0x83,0xff,0x08,0x83,0xff,0x08,0x83,0xff,
    0x08,0x83,0xff,0x08,0x83,0xff,0x08,0x83,0xff,0x08,0x83,0xff,0x08,0x83,0xff,0x08,0x83,0xff,0x08,0x83,0xff,0x08,0x83,0xff,
    0x08,0x83,0xff,0x08,0x83,0xff,0x08,0x83,0xff,0x08,0x83,0xff,0x08,0x83,0xff,0x08,0x83,0xff,0x08,0x83,0xff,0x08,0x83,0xff,
    0x08,0x83,0xff,0x08,0x83,0xff,0x08,0x83,0xff,0x08,0x83,0xff,0x08,0x83,0xff,0x08,0x83,0xff,0x08,0x83,0xff,0x08,0x83,0xff,
    0x08,0x83,0xff,0x08,0x83,0xff,0x08,0x83,0xff,0x08,0x83,0xff,0x08,0x83,0xff,0x08,0x83,0xff,0x08,0x83,0xff,0x08,0x83,0xff,
    0x08,0x83,0xff,0x08,0x83,0xff,0x08,0x83,0xff,0x08,0x83,0xff,0x08,0x83,0xff,0x08,0x83,0xff,0x08,0x83,0xff,0x08,0x83,0xff,
    0x08,0x83,0xff,0x08,0x83,0xff,0x08,0x83,0xff,0x08,0x83,0xff,0x08,0x83,0xff,0x08,0x83,0xff,0x08,0x83,0xff,0x08,0x83,0xff,
    0x08,0x83,0xff,0x08,0x83,0xff,0x08,0x83,0xff,0x08,0x83,0xff,0x08,0x83,0xff,0x08,0x83,0xff,0x08,0x83,0xff,0x08,0x83,0xff,
    0x08,0x83,0xff,0x08,0x83,0xff,0x08,0x83,0xff,0x08,0x83,0xff,0x08,0x83,0xff,0x08,0x83,0xff,0x08,0x83,0xff,0x08,0x83,0xff,
    0x08,0x83,0xff,0x08,0x83,0xff,0x08,0x83,0xff,0x08,0x83,0xff,0x08,0x83,0xff,0x08,0x83,0xff,0x08,0x83,0xff,0x08,0x83,0xff,
    0x08,0x83,0xff,0x08,0x83,0xff,0x08,0x83,0xff,0x08,0x83,0xff,0x08,0x83,0xff,0x08,0x83,0xff,0x08,0x83,0xff,0x08,0x83,0xff,
    0x08,0x83,0xff,0x08,0x83,0xff,0x08,0x83,0xff,0x08,0x83,0xff,0x08,0x83,0xff,0x08,0x83,0xff,0x08,0x83,0xff,0x08,0x83,0xff,
    0x08,0x83,0xff,0x08,0x83,0xff,0x08,0x83,0xff,0x08,0x83,0xff,0x08,0x83,0xff,0x50,0x65,0xdc,0x00,0x00,0x00,0x00,0x00,0x00,
    0x00,0x00,0x00,0x00,0x00,0x00,0x50,0x65,0xdc,0x08,0x83,0xff,0x08,0x83,0xff,0x08,0x83,0xff,0x08,0x83,0xff,0x08,0x83,0xff,
    0x08,0x83,0xff,0x08,0x83,0xff,0x08,0x83,0xff,0x08,0x83,0xff,0x08,0x83,0xff,0x08,0x83,0xff,0x08,0x83,0xff,0x08,0x83,0xff,
    0x08,0x83,0xff,0x08,0x83,0xff,0x08,0x83,0xff,0x08,0x83,0xff,0x08,0x83,0xff,0x08,0x83,0xff,0x08,0x83,0xff,0x08,0x83,0xff,
    0x08,0x83,0xff,0x08,0x83,0xff,0x08,0x83,0xff,0x08,0x83,0xff,0x08,0x83,0xff,0x08,0x83,0xff,0x08,0x83,0xff,0x08,0x83,0xff,
    0x08,0x83,0xff,0x08,0x83,0xff,0x08,0x83,0xff,0x08,0x83,0xff,0x08,0x83,0xff,0x08,0x83,0xff,0x08,0x83,0xff,0x08,0x83,0xff,
    0x08,0x83,0xff,0x08,0x83,0xff,0x08,0x83,0xff,0x08,0x83,0xff,0x08,0x83,0xff,0x08,0x83,0xff,0x08,0x83,0xff,0x08,0x82,0xff,
    0x08,0x83,0xff,0x08,0x83,0xff,0x08,0x83,0xff,0x08,0x83,0xff,0x08,0x83,0xff,0x08,0x83,0xff,0x08,0x83,0xff,0x08,0x83,0xff,
    0x08,0x83,0xff,0x08,0x83,0xff,0x08,0x83,0xff,0x08,0x83,0xff,0x08,0x83,0xff,0x08,0x83,0xff,0x08,0x83,0xff,0x08,0x83,0xff,
    0x08,0x83,0xff,0x08,0x83,0xff,0x08,0x83,0xff,0x08,0x83,0xff,0x08,0x82,0xff,0x08,0x83,0xff,0x08,0x83,0xff,0x08,0x83,0xff,
    0x08,0x83,0xff,0x08,0x83,0xff,0x08,0x83,0xff,0x08,0x83,0xff,0x08,0x83,0xff,0x08,0x83,0xff,0x08,0x83,0xff,0x08,0x83,0xff,
    0x08,0x83,0xff,0x08,0x83,0xff,0x08,0x83,0xff,0x08,0x83,0xff,0x08,0x83,0xff,0x08,0x83,0xff,0x08,0x83,0xff,0x08,0x83,0xff,
    0x08,0x83,0xff,0x08,0x83,0xff,0x08,0x83,0xff,0x08,0x83,0xff,0x08,0x83,0xff,0x08,0x83,0xff,0x08,0x83,0xff,0x08,0x83,0xff,
    0x08,0x83,0xff,0x08,0x83,0xff,0x08,0x83,0xff,0x08,0x83,0xff,0x08,0x83,0xff,0x08,0x83,0xff,0x08,0x83,0xff,0x08,0x83,0xff,
    0x08,0x83,0xff,0x08,0x83,0xff,0x08,0x83,0xff,0x08,0x83,0xff,0x08,0x83,0xff,0x08,0x83,0xff,0x08,0x83,0xff,0x08,0x83,0xff,
    0x08,0x83,0xff,0x08,0x83,0xff,0x08,0x83,0xff,0x08,0x83,0xff,0x08,0x83,0xff,0x08,0x83,0xff,0x08,0x83,0xff,0x08,0x83,0xff,
    0x08,0x83,0xff,0x08,0x83,0xff,0x08,0x83,0xff,0x08,0x83,0xff,0x08,0x83,0xff,0x08,0x83,0xff,0x08,0x83,0xff,0x08,0x83,0xff,
    0x08,0x83,0xff,0x08,0x83,0xff,0x08,0x83,0xff,0x08,0x83,0xff,0x08,0x83,0xff,0x50,0x65,0xdc,0x00,0x00,0x00,0x00,0x00,0x00,
    0x00,0x00,0x00,0x00,0x00,0x00,0x50,0x65,0xdc,0x08,0x83,0xff,0x08,0x83,0xff,0x08,0x83,0xff,0x08,0x83,0xff,0x08,0x83,0xff,
    0x08,0x83,0xff,0x08,0x83,0xff,0x08,0x83,0xff,0x08,0x83,0xff,0x08,0x83,0xff,0x08,0x83,0xff,0x08,0x83,0xff,0x08,0x83,0xff,
    0x08,0x83,0xff,0x08,0x83,0xff,0x08,0x83,0xff,0x08,0x83,0xff,0x08,0x83,0xff,0x08,0x83,0xff,0x08,0x83,0xff,0x08,0x83,0xff,
    0x08,0x83,0xff,0x08,0x83,0xff,0x08,0x83,0xff,0x08,0x83,0xff,0x08,0x83,0xff,0x08,0x83,0xff,0x08,0x83,0xff,0x08,0x83,0xff,
    0x08,0x83,0xff,0x08,0x83,0xff,0x08,0x83,0xff,0x08,0x83,0xff,0x08,0x83,0xff,0x08,0x83,0xff,0x08,0x83,0xff,0x08,0x83,0xff,
    0x08,0x83,0xff,0x08,0x83,0xff,0x08,0x83,0xff,0x08,0x83,0xff,0x08,0x83,0xff,0x08,0x82,0xff,0x08,0x83,0xff,0x08,0x83,0xff,
    0x08,0x83,0xff,0x08,0x83,0xff,0x08,0x83,0xff,0x08,0x83,0xff,0x08,0x83,0xff,0x08,0x83,0xff,0x08,0x83,0xff,0x08,0x83,0xff,
    0x08,0x83,0xff,0x08,0x83,0xff,0x08,0x83,0xff,0x08,0x83,0xff,0x08,0x83,0xff,0x08,0x83,0xff,0x08,0x83,0xff,0x08,0x83,0xff,
    0x08,0x83,0xff,0x08,0x82,0xff,0x08,0x83,0xff,0x08,0x83,0xff,0x08,0x83,0xff,0x08,0x83,0xff,0x08,0x83,0xff,0x08,0x83,0xff,
    0x08,0x83,0xff,0x08,0x83,0xff,0x08,0x83,0xff,0x08,0x83,0xff,0x08,0x83,0xff,0x08,0x83,0xff,0x08,0x83,0xff,0x08,0x83,0xff,
    0x08,0x83,0xff,0x08,0x83,0xff,0x08,0x83,0xff,0x08,0x83,0xff,0x08,0x83,0xff,0x08,0x83,0xff,0x08,0x83,0xff,0x08,0x83,0xff,
    0x08,0x83,0xff,0x08,0x83,0xff,0x08,0x83,0xff,0x08,0x83,0xff,0x08,0x83,0xff,0x08,0x83,0xff,0x08,0x83,0xff,0x08,0x83,0xff,
    0x08,0x83,0xff,0x08,0x83,0xff,0x08,0x83,0xff,0x08,0x83,0xff,0x08,0x83,0xff,0x08,0x83,0xff,0x08,0x83,0xff,0x08,0x83,0xff,
    0x08,0x83,0xff,0x08,0x83,0xff,0x08,0x83,0xff,0x08,0x83,0xff,0x08,0x83,0xff,0x08,0x83,0xff,0x08,0x83,0xff,0x08,0x83,0xff,
    0x08,0x83,0xff,0x08,0x83,0xff,0x08,0x83,0xff,0x08,0x83,0xff,0x08,0x83,0xff,0x08,0x83,0xff,0x08,0x83,0xff,0x08,0x83,0xff,
    0x08,0x83,0xff,0x08,0x83,0xff,0x08,0x83,0xff,0x08,0x83,0xff,0x08,0x83,0xff,0x08,0x83,0xff,0x08,0x83,0xff,0x08,0x83,0xff,
    0x08,0x83,0xff,0x08,0x83,0xff,0x08,0x83,0xff,0x08,0x83,0xff,0x08,0x83,0xff,0x50,0x65,0xdc,0x00,0x00,0x00,0x00,0x00,0x00,
    0x00,0x00,0x00,0x00,0x00,0x00,0x50,0x65,0xdc,0x08,0x83,0xff,0x08,0x83,0xff,0x08,0x83,0xff,0x08,0x83,0xff,0x08,0x83,0xff,
    0x08,0x83,0xff,0x08,0x83,0xff,0x08,0x83,0xff,0x08,0x83,0xff,0x08,0x83,0xff,0x08,0x83,0xff,0x08,0x83,0xff,0x08,0x83,0xff,
    0x08,0x83,0xff,0x08,0x83,0xff,0x08,0x83,0xff,0x08,0x83,0xff,0x08,0x83,0xff,0x08,0x83,0xff,0x08,0x83,0xff,0x08,0x83,0xff,
    0x08,0x83,0xff,0x08,0x83,0xff,0x08,0x83,0xff,0x08,0x83,0xff,0x08,0x83,0xff,0x08,0x83,0xff,0x08,0x83,0xff,0x08,0x83,0xff,
    0x08,0x83,0xff,0x08,0x83,0xff,0x08,0x83,0xff,0x08,0x83,0xff,0x08,0x83,0xff,0x08,0x83,0xff,0x08,0x83,0xff,0x08,0x83,0xff,
    0x08,0x83,0xff,0x08,0x83,0xff,0x08,0x83,0xff,0x08,0x83,0xff,0x08,0x82,0xff,0x08,0x83,0xff,0x08,0x83,0xff,0x10,0x83,0xff,
    0x10,0x83,0xff,0x10,0x83,0xff,0x10,0x83,0xff,0x08,0x83,0xff,0x08,0x83,0xff,0x08,0x83,0xff,0x08,0x83,0xff,0x08,0x83,0xff,
    0x08,0x83,0xff,0x08,0x83,0xff,0x08,0x83,0xff,0x08,0x83,0xff,0x08,0x83,0xff,0x08,0x83,0xff,0x08,0x83,0xff,0x08,0x83,0xff,
    0x08,0x83,0xff,0x08,0x83,0xff,0x08,0x83,0xff,0x08,0x83,0xff,0x10,0x83,0xff,0x10,0x83,0xff,0x10,0x83,0xff,0x10,0x83,0xff,
    0x10,0x83,0xff,0x10,0x83,0xff,0x08,0x83,0xff,0x08,0x83,0xff,0x08,0x83,0xff,0x08,0x83,0xff,0x08,0x83,0xff,0x08,0x83,0xff,
    0x08,0x83,0xff,0x08,0x83,0xff,0x08,0x83,0xff,0x08,0x83,0xff,0x10,0x83,0xff,0x10,0x83,0xff,0x10,0x83,0xff,0x10,0x83,0xff,
    0x10,0x83,0xff,0x08,0x83,0xff,0x08,0x83,0xff,0x08,0x83,0xff,0x08,0x83,0xff,0x08,0x83,0xff,0x08,0x83,0xff,0x08,0x83,0xff,
    0x08,0x83,0xff,0x08,0x83,0xff,0x08,0x83,0xff,0x08,0x83,0xff,0x08,0x83,0xff,0x08,0x83,0xff,0x08,0x83,0xff,0x08,0x83,0xff,
    0x08,0x83,0xff,0x08,0x83,0xff,0x08,0x83,0xff,0x08,0x83,0xff,0x08,0x83,0xff,0x08,0x83,0xff,0x08,0x83,0xff,0x08,0x83,0xff,
    0x08,0x83,0xff,0x08,0x83,0xff,0x08,0x83,0xff,0x08,0x83,0xff,0x08,0x83,0xff,0x08,0x83,0xff,0x08,0x83,0xff,0x08,0x83,0xff,
    0x08,0x83,0xff,0x08,0x83,0xff,0x08,0x83,0xff,0x08,0x83,0xff,0x08,0x83,0xff,0x08,0x83,0xff,0x08,0x83,0xff,0x08,0x83,0xff,
    0x08,0x83,0xff,0x08,0x83,0xff,0x08,0x83,0xff,0x08,0x83,0xff,0x08,0x83,0xff,0x50,0x65,0xdc,0x00,0x00,0x00,0x00,0x00,0x00,
    0x00,0x00,0x00,0x00,0x00,0x00,0x50,0x65,0xdc,0x08,0x83,0xff,0x08,0x83,0xff,0x08,0x83,0xff,0x08,0x83,0xff,0x08,0x83,0xff,
    0x08,0x83,0xff,0x08,0x83,0xff,0x08,0x83,0xff,0x08,0x83,0xff,0x08,0x83,0xff,0x08,0x83,0xff,0x08,0x83,0xff,0x08,0x83,0xff,
    0x08,0x83,0xff,0x08,0x83,0xff,0x08,0x83,0xff,0x08,0x83,0xff,0x08,0x83,0xff,0x08,0x83,0xff,0x08,0x83,0xff,0x08,0x83,0xff,
    0x08,0x83,0xff,0x08,0x83,0xff,0x08,0x83,0xff,0x08,0x83,0xff,0x08,0x83,0xff,0x08,0x83,0xff,0x08,0x83,0xff,0x08,0x83,0xff,
    0x08,0x83,0xff,0x08,0x83,0xff,0x08,0x83,0xff,0x08,0x83,0xff,0x08,0x83,0xff,0x08,0x83,0xff,0x08,0x83,0xff,0x08,0x83,0xff,
    0x08,0x83,0xff,0x08,0x83,0xff,0x08,0x83,0xff,0x08,0x82,0xff,0x08,0x83,0xff,0x08,0x83,0xff,0x10,0x83,0xff,0x10,0x83,0xff,
    0x10,0x83,0xff,0x10,0x83,0xff,0x10,0x83,0xff,0x10,0x83,0xff,0x10,0x83,0xff,0x10,0x83,0xff,0x08,0x83,0xff,0x08,0x83,0xff,
    0x10,0x83,0xff,0x10,0x83,0xff,0x10,0x83,0xff,0x10,0x83,0xff,0x10,0x83,0xff,0x10,0x83,0xff,0x10,0x83,0xff,0x08,0x83,0xff,
    0x08,0x83,0xff,0x08,0x83,0xff,0x10,0x83,0xff,0x10,0x83,0xff,0x10,0x83,0xff,0x10,0x83,0xff,0x10,0x83,0xff,0x10,0x83,0xff,
    0x10,0x83,0xff,0x10,0x83,0xff,0x10,0x83,0xff,0x10,0x83,0xff,0x10,0x83,0xff,0x10,0x83,0xff,0x10,0x83,0xff,0x10,0x83,0xff,
    0x10,0x83,0xff,0x10,0x83,0xff,0x10,0x83,0xff,0x10,0x83,0xff,0x10,0x83,0xff,0x10,0x83,0xff,0x10,0x83,0xff,0x10,0x83,0xff,
    0x10,0x83,0xff,0x10,0x83,0xff,0x10,0x83,0xff,0x08,0x83,0xff,0x08,0x83,0xff,0x08,0x83,0xff,0x08,0x83,0xff,0x08,0x83,0xff,
    0x08,0x83,0xff,0x08,0x83,0xff,0x08,0x83,0xff,0x08,0x83,0xff,0x08,0x83,0xff,0x08,0x83,0xff,0x08,0x83,0xff,0x08,0x83,0xff,
    0x08,0x83,0xff,0x08,0x83,0xff,0x08,0x83,0xff,0x08,0x83,0xff,0x08,0x83,0xff,0x08,0x83,0xff,0x08,0x83,0xff,0x08,0x83,0xff,
    0x08,0x83,0xff,0x08,0x83,0xff,0x08,0x83,0xff,0x08,0x83,0xff,0x08,0x83,0xff,0x08,0x83,0xff,0x08,0x83,0xff,0x08,0x83,0xff,
    0x08,0x83,0xff,0x08,0x83,0xff,0x08,0x83,0xff,0x08,0x83,0xff,0x08,0x83,0xff,0x08,0x83,0xff,0x08,0x83,0xff,0x08,0x83,0xff,
    0x08,0x83,0xff,0x08,0x83,0xff,0x08,0x83,0xff,0x08,0x83,0xff,0x08,0x83,0xff,0x50,0x65,0xdc,0x00,0x00,0x00,0x00,0x00,0x00,
    0x00,0x00,0x00,0x00,0x00,0x00,0x50,0x65,0xdc,0x08,0x83,0xff,0x08,0x83,0xff,0x08,0x83,0xff,0x08,0x83,0xff,0x08,0x83,0xff,
    0x08,0x83,0xff,0x08,0x83,0xff,0x08,0x83,0xff,0x08,0x83,0xff,0x08,0x83,0xff,0x08,0x83,0xff,0x08,0x83,0xff,0x08,0x83,0xff,
    0x08,0x83,0xff,0x08,0x83,0xff,0x08,0x83,0xff,0x08,0x83,0xff,0x08,0x83,0xff,0x08,0x83,0xff,0x08,0x83,0xff,0x08,0x83,0xff,
    0x08,0x83,0xff,0x08,0x83,0xff,0x08,0x83,0xff,0x08,0x83,0xff,0x08,0x83,0xff,0x08,0x83,0xff,0x08,0x83,0xff,0x08,0x83,0xff,
    0x08,0x83,0xff,0x08,0x83,0xff,0x08,0x83,0xff,0x08,0x83,0xff,0x08,0x83,0xff,0x08,0x83,0xff,0x08,0x83,0xff,0x08,0x83,0xff,
    0x08,0x83,0xff,0x08,0x83,0xff,0x08,0x83,0xff,0x08,0x83,0xff,0x08,0x83,0xff,0x10,0x83,0xff,0xdf,0x3e,0xff,0xe7,0x9f,0xff,
    0xe7,0x9f,0xff,0xe7,0x5e,0xff,0xce,0x7b,0xff,0x73,0xb0,0xff,0x10,0x83,0xff,0x10,0x83,0xff,0x10,0x83,0xff,0x10,0x83,0xff,
    0x10,0x83,0xff,0x10,0x83,0xff,0xbe,0x19,0xff,0xe7,0x9f,0xff,0xdf,0x3d,0xff,0x18,0xa4,0xff,0x10,0x83,0xff,0x10,0x83,0xff,
    0x10,0x83,0xff,0x10,0x83,0xff,0x10,0x83,0xff,0xdf,0x3e,0xff,0xe7,0x9f,0xff,0xe7,0x9f,0xff,0xe7,0x7e,0xff,0xd6,0xbc,0xff,
    0x9c,0xf4,0xff,0x31,0x67,0xff,0x10,0x83,0xff,0x10,0x83,0xff,0x10,0x83,0xff,0x10,0x83,0xff,0xdf,0x3e,0xff,0xe7,0x9f,0xff,
    0x29,0x26,0xff,0x10,0x83,0xff,0x10,0x83,0xff,0x18,0x83,0xff,0x4a,0x4a,0xff,0xb5,0xb8,0xff,0xdf,0x3e,0xff,0xdf,0x3e,0xff,
    0xb5,0xb8,0xff,0x42,0x2a,0xff,0x10,0x83,0xff,0x10,0x83,0xff,0x08,0x83,0xff,0x08,0x83,0xff,0x08,0x83,0xff,0x08,0x83,0xff,
    0x08,0x83,0xff,0x08,0x83,0xff,0x08,0x83,0xff,0x08,0x83,0xff,0x08,0x83,0xff,0x08,0x83,0xff,0x08,0x83,0xff,0x08,0x83,0xff,
    0x08,0x83,0xff,0x08,0x83,0xff,0x08,0x83,0xff,0x08,0x83,0xff,0x08,0x83,0xff,0x08,0x83,0xff,0x08,0x83,0xff,0x08,0x83,0xff,
    0x08,0x83,0xff,0x08,0x83,0xff,0x08,0x83,0xff,0x08,0x83,0xff,0x08,0x83,0xff,0x08,0x83,0xff,0x08,0x83,0xff,0x08,0x83,0xff,
    0x08,0x83,0xff,0x08,0x83,0xff,0x08,0x83,0xff,0x08,0x83,0xff,0x08,0x83,0xff,0x08,0x83,0xff,0x08,0x83,0xff,0x08,0x83,0xff,
    0x08,0x83,0xff,0x08,0x83,0xff,0x08,0x83,0xff,0x08,0x83,0xff,0x08,0x83,0xff,0x50,0x65,0xdc,0x00,0x00,0x00,0x00,0x00,0x00,
    0x00,0x00,0x00,0x00,0x00,0x00,0x50,0x65,0xdc,0x08,0x83,0xff,0x08,0x83,0xff,0x08,0x83,0xff,0x08,0x83,0xff,0x08,0x83,0xff,
    0x08,0x83,0xff,0x08,0x83,0xff,0x08,0x83,0xff,0x08,0x83,0xff,0x08,0x83,0xff,0x08,0x83,0xff,0x08,0x83,0xff,0x08,0x83,0xff,
    0x08,0x83,0xff,0x08,0x83,0xff,0x08,0x83,0xff,0x08,0x83,0xff,0x08,0x83,0xff,0x08,0x83,0xff,0x08,0x83,0xff,0x08,0x83,0xff,
    0x08,0x83,0xff,0x08,0x83,0xff,0x08,0x83,0xff,0x08,0x83,0xff,0x08,0x83,0xff,0x08,0x83,0xff,0x08,0x83,0xff,0x08,0x83,0xff,
    0x08,0x83,0xff,0x08,0x83,0xff,0x08,0x83,0xff,0x08,0x83,0xff,0x08,0x83,0xff,0x08,0x83,0xff,0x08,0x83,0xff,0x08,0x83,0xff,
    0x08,0x83,0xff,0x08,0x83,0xff,0x08,0x82,0xff,0x08,0x83,0xff,0x10,0x83,0xff,0x10,0x83,0xff,0xdf,0x3e,0xff,0xe7,0x9f,0xff,
    0xe7,0x9f,0xff,0xe7,0x9f,0xff,0xe7,0x9f,0xff,0xe7,0x9f,0xff,0x5a,0xcc,0xff,0x18,0x83,0xff,0x10,0x83,0xff,0x10,0x83,0xff,
    0x10,0x83,0xff,0x31,0x67,0xff,0xe7,0x9f,0xff,0xe7,0x7e,0xff,0xe7,0x9f,0xff,0x52,0x8b,0xff,0x10,0x83,0xff,0x10,0x83,0xff,
    0x10,0x83,0xff,0x10,0x83,0xff,0x10,0x83,0xff,0xdf,0x3e,0xff,0xe7,0x9f,0xff,0xe7,0x9f,0xff,0xe7,0x9f,0xff,0xe7,0x9f,0xff,
    0xe7,0x9f,0xff,0xdf,0x1d,0xff,0x39,0xa8,0xff,0x18,0x83,0xff,0x18,0x83,0xff,0x18,0x83,0xff,0xdf,0x3e,0xff,0xe7,0x9f,0xff,
    0x29,0x26,0xff,0x18,0x83,0xff,0x18,0x83,0xff,0x5a,0xcc,0xff,0xe7,0x7f,0xff,0xe7,0x9f,0xff,0xe7,0x9f,0xff,0xe7,0x9f,0xff,
    0xe7,0x9f,0xff,0xe7,0x7e,0xff,0x52,0x8b,0xff,0x10,0x83,0xff,0x10,0x83,0xff,0x08,0x83,0xff,0x08,0x83,0xff,0x08,0x83,0xff,
    0x08,0x83,0xff,0x08,0x83,0xff,0x08,0x83,0xff,0x08,0x83,0xff,0x08,0x83,0xff,0x08,0x83,0xff,0x08,0x83,0xff,0x08,0x83,0xff,
    0x08,0x83,0xff,0x08,0x83,0xff,0x08,0x83,0xff,0x08,0x83,0xff,0x08,0x83,0xff,0x08,0x83,0xff,0x08,0x83,0xff,0x08,0x83,0xff,
    0x08,0x83,0xff,0x08,0x83,0xff,0x08,0x83,0xff,0x08,0x83,0xff,0x08,0x83,0xff,0x08,0x83,0xff,0x08,0x83,0xff,0x08,0x83,0xff,
    0x08,0x83,0xff,0x08,0x83,0xff,0x08,0x83,0xff,0x08,0x83,0xff,0x08,0x83,0xff,0x08,0x83,0xff,0x08,0x83,0xff,0x08,0x83,0xff,
    0x08,0x83,0xff,0x08,0x83,0xff,0x08,0x83,0xff,0x08,0x83,0xff,0x08,0x83,0xff,0x50,0x65,0xdc,0x00,0x00,0x00,0x00,0x00,0x00,
    0x00,0x00,0x00,0x00,0x00,0x00,0x50,0x65,0xdc,0x08,0x83,0xff,0x08,0x83,0xff,0x08,0x83,0xff,0x08,0x83,0xff,0x08,0x83,0xff,
    0x08,0x83,0xff,0x08,0x83,0xff,0x08,0x83,0xff,0x08,0x83,0xff,0x08,0x83,0xff,0x08,0x83,0xff,0x08,0x83,0xff,0x08,0x83,0xff,
    0x08,0x83,0xff,0x08,0x83,0xff,0x08,0x83,0xff,0x08,0x83,0xff,0x08,0x83,0xff,0x08,0x83,0xff,0x08,0x83,0xff,0x08,0x83,0xff,
    0x08,0x83,0xff,0x08,0x83,0xff,0x08,0x83,0xff,0x08,0x83,0xff,0x08,0x83,0xff,0x08,0x83,0xff,0x08,0x83,0xff,0x08,0x83,0xff,
    0x08,0x83,0xff,0x08,0x83,0xff,0x08,0x83,0xff,0x08,0x83,0xff,0x08,0x83,0xff,0x08,0x83,0xff,0x08,0x83,0xff,0x08,0x83,0xff,
    0x08,0x83,0xff,0x08,0x83,0xff,0x08,0x82,0xff,0x08,0x83,0xff,0x10,0x83,0xff,0x10,0x83,0xff,0xdf,0x3e,0xff,0xe7,0x9f,0xff,
    0x39,0x27,0xff,0x31,0x06,0xff,0xb5,0xb8,0xff,0xe7,0x9f,0xff,0x8c,0x73,0xff,0x18,0x83,0xff,0x18,0x83,0xff,0x18,0x83,0xff,
    0x18,0x83,0xff,0x7b,0xb0,0xff,0xe7,0x9f,0xff,0xa5,0x36,0xff,0xe7,0x9f,0xff,0x9c,0xf4,0xff,0x18,0x83,0xff,0x18,0x83,0xff,
    0x18,0x83,0xff,0x18,0x83,0xff,0x18,0x83,0xff,0xdf,0x3e,0xff,0xe7,0x9f,0xff,0x39,0x26,0xff,0x31,0x06,0xff,0x6a,0xed,0xff,
    0xdf,0x1d,0xff,0xe7,0x9f,0xff,0xad,0x56,0xff,0x20,0x83,0xff,0x18,0x83,0xff,0x18,0x83,0xff,0xdf,0x3e,0xff,0xe7,0x9f,0xff,
    0x31,0x26,0xff,0x20,0x84,0xff,0x28,0xe5,0xff,0xdf,0x1d,0xff,0xe7,0x9f,0xff,0xa4,0xf5,0xff,0x39,0x47,0xff,0x39,0x47,0xff,
    0xad,0x97,0xff,0xe7,0x9f,0xff,0xce,0xbc,0xff,0x18,0xa3,0xff,0x10,0x83,0xff,0x08,0x83,0xff,0x08,0x83,0xff,0x08,0x83,0xff,
    0x08,0x83,0xff,0x08,0x83,0xff,0x08,0x83,0xff,0x08,0x83,0xff,0x08,0x83,0xff,0x08,0x83,0xff,0x08,0x83,0xff,0x08,0x83,0xff,
    0x08,0x83,0xff,0x08,0x83,0xff,0x08,0x83,0xff,0x08,0x83,0xff,0x08,0x83,0xff,0x08,0x83,0xff,0x08,0x83,0xff,0x08,0x83,0xff,
    0x08,0x83,0xff,0x08,0x83,0xff,0x08,0x83,0xff,0x08,0x83,0xff,0x08,0x83,0xff,0x08,0x83,0xff,0x08,0x83,0xff,0x08,0x83,0xff,
    0x08,0x83,0xff,0x08,0x83,0xff,0x08,0x83,0xff,0x08,0x83,0xff,0x08,0x83,0xff,0x08,0x83,0xff,0x08,0x83,0xff,0x08,0x83,0xff,
    0x08,0x83,0xff,0x08,0x83,0xff,0x08,0x83,0xff,0x08,0x83,0xff,0x08,0x83,0xff,0x50,0x65,0xdc,0x00,0x00,0x00,0x00,0x00,0x00,
    0x00,0x00,0x00,0x00,0x00,0x00,0x50,0x65,0xdc,0x08,0x83,0xff,0x08,0x83,0xff,0x08,0x83,0xff,0x08,0x83,0xff,0x08,0x83,0xff,
    0x08,0x83,0xff,0x08,0x83,0xff,0x08,0x83,0xff,0x08,0x83,0xff,0x08,0x83,0xff,0x08,0x83,0xff,0x08,0x83,0xff,0x08,0x83,0xff,
    0x08,0x83,0xff,0x08,0x83,0xff,0x08,0x83,0xff,0x08,0x83,0xff,0x08,0x83,0xff,0x08,0x83,0xff,0x08,0x83,0xff,0x08,0x83,0xff,
    0x08,0x83,0xff,0x08,0x83,0xff,0x08,0x83,0xff,0x08,0x83,0xff,0x08,0x83,0xff,0x08,0x83,0xff,0x08,0x83,0xff,0x08,0x83,0xff,
    0x08,0x83,0xff,0x08,0x83,0xff,0x08,0x83,0xff,0x08,0x83,0xff,0x08,0x83,0xff,0x08,0x83,0xff,0x08,0x83,0xff,0x08,0x83,0xff,
    0x08,0x83,0xff,0x08,0x83,0xff,0x08,0x82,0xff,0x08,0x83,0xff,0x10,0x83,0xff,0x18,0x83,0xff,0xdf,0x3e,0xff,0xe7,0x9f,0xff,
    0x41,0x47,0xff,0x41,0x47,0xff,0xc6,0x19,0xff,0xe7,0x9f,0xff,0x7b,0x90,0xff,0x20,0x83,0xff,0x18,0x83,0xff,0x18,0x83,0xff,
    0x20,0x84,0xff,0xbe,0x19,0xff,0xe7,0x9f,0xff,0x41,0x88,0xff,0xe7,0x7e,0xff,0xdf,0x1d,0xff,0x20,0xa4,0xff,0x18,0x83,0xff,
    0x18,0x83,0xff,0x18,0x83,0xff,0x18,0x83,0xff,0xdf,0x3e,0xff,0xe7,0x9f,0xff,0x39,0x47,0xff,0x28,0x84,0xff,0x28,0x84,0xff,
    0x73,0x2e,0xff,0xe7,0x9f,0xff,0xdf,0x5e,0xff,0x20,0xa4,0xff,0x20,0x84,0xff,0x20,0x84,0xff,0xdf,0x3e,0xff,0xe7,0x9f,0xff,
    0x39,0x26,0xff,0x20,0x84,0xff,0x62,0xcd,0xff,0xe7,0x9f,0xff,0xd6,0xdc,0xff,0x30,0xc5,0xff,0x28,0x84,0xff,0x28,0x84,0xff,
    0x31,0x26,0xff,0xe7,0x5e,0xff,0xe7,0x9f,0xff,0x42,0x09,0xff,0x10,0x83,0xff,0x08,0x83,0xff,0x08,0x83,0xff,0x08,0x83,0xff,
    0x08,0x83,0xff,0x08,0x83,0xff,0x08,0x83,0xff,0x08,0x83,0xff,0x08,0x83,0xff,0x08,0x83,0xff,0x08,0x83,0xff,0x08,0x83,0xff,
    0x08,0x83,0xff,0x08,0x83,0xff,0x08,0x83,0xff,0x08,0x83,0xff,0x08,0x83,0xff,0x08,0x83,0xff,0x08,0x83,0xff,0x08,0x83,0xff,
    0x08,0x83,0xff,0x08,0x83,0xff,0x08,0x83,0xff,0x08,0x83,0xff,0x08,0x83,0xff,0x08,0x83,0xff,0x08,0x83,0xff,0x08,0x83,0xff,
    0x08,0x83,0xff,0x08,0x83,0xff,0x08,0x83,0xff,0x08,0x83,0xff,0x08,0x83,0xff,0x08,0x83,0xff,0x08,0x83,0xff,0x08,0x83,0xff,
    0x08,0x83,0xff,0x08,0x83,0xff,0x08,0x83,0xff,0x08,0x83,0xff,0x08,0x83,0xff,0x50,0x65,0xdc,0x00,0x00,0x00,0x00,0x00,0x00,
    0x00,0x00,0x00,0x00,0x00,0x00,0x50,0x65,0xdc,0x08,0x83,0xff,0x08,0x83,0xff,0x08,0x83,0xff,0x08,0x83,0xff,0x08,0x83,0xff,
    0x08,0x83,0xff,0x08,0x83,0xff,0x08,0x83,0xff,0x08,0x83,0xff,0x08,0x83,0xff,0x08,0x83,0xff,0x08,0x83,0xff,0x08,0x83,0xff,
    0x08,0x83,0xff,0x08,0x83,0xff,0x08,0x83,0xff,0x08,0x83,0xff,0x08,0x83,0xff,0x08,0x83,0xff,0x08,0x83,0xff,0x08,0x83,0xff,
    0x08,0x83,0xff,0x08,0x83,0xff,0x08,0x83,0xff,0x08,0x83,0xff,0x08,0x83,0xff,0x08,0x83,0xff,0x08,0x83,0xff,0x08,0x83,0xff,
    0x08,0x83,0xff,0x08,0x83,0xff,0x08,0x83,0xff,0x08,0x83,0xff,0x08,0x83,0xff,0x08,0x83,0xff,0x08,0x83,0xff,0x08,0x83,0xff,
    0x08,0x83,0xff,0x08,0x82,0xff,0x08,0x83,0xff,0x08,0x83,0xff,0x10,0x83,0xff,0x18,0x83,0xff,0xdf,0x3e,0xff,0xe7,0x9f,0xff,
    0xe7,0x9f,0xff,0xe7,0x9f,0xff,0xe7,0x9f,0xff,0xc6,0x3a,0xff,0x30,0xe5,0xff,0x20,0x84,0xff,0x20,0x84,0xff,0x20,0x84,0xff,
    0x39,0x67,0xff,0xe7,0x9f,0xff,0xc6,0x19,0xff,0x28,0x84,0xff,0xb5,0xd8,0xff,0xe7,0x9f,0xff,0x5a,0x6b,0xff,0x20,0x83,0xff,
    0x18,0x83,0xff,0x18,0x83,0xff,0x20,0x83,0xff,0xdf,0x3e,0xff,0xe7,0x9f,0xff,0x39,0x47,0xff,0x28,0x84,0xff,0x28,0x84,0xff,
    0x41,0x47,0xff,0xe7,0x9f,0xff,0xe7,0x9f,0xff,0x31,0x26,0xff,0x20,0x84,0xff,0x20,0x84,0xff,0xdf,0x3e,0xff,0xe7,0x9f,0xff,
    0x39,0x27,0xff,0x28,0x84,0xff,0x83,0xf1,0xff,0xe7,0x9f,0xff,0xad,0x77,0xff,0x28,0x84,0xff,0x28,0x84,0xff,0x28,0x84,0xff,
    0x28,0x84,0xff,0xc6,0x7a,0xff,0xe7,0x9f,0xff,0x63,0x0d,0xff,0x10,0x83,0xff,0x08,0x83,0xff,0x08,0x83,0xff,0x08,0x83,0xff,
    0x08,0x83,0xff,0x08,0x83,0xff,0x08,0x83,0xff,0x08,0x83,0xff,0x08,0x83,0xff,0x08,0x83,0xff,0x08,0x83,0xff,0x08,0x83,0xff,
    0x08,0x83,0xff,0x08,0x83,0xff,0x08,0x83,0xff,0x08,0x83,0xff,0x08,0x83,0xff,0x08,0x83,0xff,0x08,0x83,0xff,0x08,0x83,0xff,
    0x08,0x83,0xff,0x08,0x83,0xff,0x08,0x83,0xff,0x08,0x83,0xff,0x08,0x83,0xff,0x08,0x83,0xff,0x08,0x83,0xff,0x08,0x83,0xff,
    0x08,0x83,0xff,0x08,0x83,0xff,0x08,0x83,0xff,0x08,0x83,0xff,0x08,0x83,0xff,0x08,0x83,0xff,0x08,0x83,0xff,0x08,0x83,0xff,
    0x08,0x83,0xff,0x08,0x83,0xff,0x08,0x83,0xff,0x08,0x83,0xff,0x08,0x83,0xff,0x50,0x65,0xdc,0x00,0x00,0x00,0x00,0x00,0x00,
    0x00,0x00,0x00,0x00,0x00,0x00,0x50,0x65,0xdc,0x08,0x83,0xff,0x08,0x83,0xff,0x08,0x83,0xff,0x08,0x83,0xff,0x08,0x83,0xff,
    0x08,0x83,0xff,0x08,0x83,0xff,0x08,0x83,0xff,0x08,0x83,0xff,0x08,0x83,0xff,0x08,0x83,0xff,0x08,0x83,0xff,0x08,0x83,0xff,
    0x08,0x83,0xff,0x08,0x83,0xff,0x08,0x83,0xff,0x08,0x83,0xff,0x08,0x83,0xff,0x08,0x83,0xff,0x08,0x83,0xff,0x08,0x83,0xff,
    0x08,0x83,0xff,0x08,0x83,0xff,0x08,0x83,0xff,0x08,0x83,0xff,0x08,0x83,0xff,0x08,0x83,0xff,0x08,0x83,0xff,0x08,0x83,0xff,
    0x08,0x83,0xff,0x08,0x83,0xff,0x08,0x83,0xff,0x08,0x83,0xff,0x08,0x83,0xff,0x08,0x83,0xff,0x08,0x83,0xff,0x08,0x83,0xff,
    0x08,0x83,0xff,0x08,0x82,0xff,0x08,0x83,0xff,0x08,0x83,0xff,0x10,0x83,0xff,0x18,0x83,0xff,0xdf,0x3e,0xff,0xe7,0x9f,0xff,
    0xe7,0x9f,0xff,0xe7,0x9f,0xff,0xd6,0xdc,0xff,0x39,0x26,0xff,0x28,0x84,0xff,0x20,0x84,0xff,0x20,0x84,0xff,0x20,0x84,0xff,
    0x7b,0xb0,0xff,0xe7,0x9f,0xff,0x8c,0x12,0xff,0x28,0x84,0xff,0x83,0xd0,0xff,0xe7,0x9f,0xff,0x94,0xb4,0xff,0x20,0x84,0xff,
    0x20,0x83,0xff,0x20,0x83,0xff,0x20,0x83,0xff,0xdf,0x3e,0xff,0xe7,0x9f,0xff,0x39,0x47,0xff,0x28,0x84,0xff,0x28,0x84,0xff,
    0x41,0x88,0xff,0xe7,0x9f,0xff,0xe7,0x9f,0xff,0x30,0xe5,0xff,0x20,0x84,0xff,0x20,0x84,0xff,0xdf,0x3e,0xff,0xe7,0x9f,0xff,
    0x39,0x27,0xff,0x28,0x84,0xff,0x8c,0x12,0xff,0xe7,0x9f,0xff,0xad,0x57,0xff,0x28,0x84,0xff,0x28,0x84,0xff,0x28,0x84,0xff,
    0x28,0x84,0xff,0xc6,0x5a,0xff,0xe7,0x9f,0xff,0x62,0xed,0xff,0x10,0x83,0xff,0x08,0x83,0xff,0x08,0x83,0xff,0x08,0x83,0xff,
    0x08,0x83,0xff,0x08,0x83,0xff,0x08,0x83,0xff,0x08,0x83,0xff,0x08,0x83,0xff,0x08,0x83,0xff,0x08,0x83,0xff,0x08,0x83,0xff,
    0x08,0x83,0xff,0x08,0x83,0xff,0x08,0x83,0xff,0x08,0x83,0xff,0x08,0x83,0xff,0x08,0x83,0xff,0x08,0x83,0xff,0x08,0x83,0xff,
    0x08,0x83,0xff,0x08,0x83,0xff,0x08,0x83,0xff,0x08,0x83,0xff,0x08,0x83,0xff,0x08,0x83,0xff,0x08,0x83,0xff,0x08,0x83,0xff,
    0x08,0x83,0xff,0x08,0x83,0xff,0x08,0x83,0xff,0x08,0x83,0xff,0x08,0x83,0xff,0x08,0x83,0xff,0x08,0x83,0xff,0x08,0x83,0xff,
    0x08,0x83,0xff,0x08,0x83,0xff,0x08,0x83,0xff,0x08,0x83,0xff,0x08,0x83,0xff,0x50,0x65,0xdc,0x00,0x00,0x00,0x00,0x00,0x00,
    0x00,0x00,0x00,0x00,0x00,0x00,0x50,0x65,0xdc,0x08,0x83,0xff,0x08,0x83,0xff,0x08,0x83,0xff,0x08,0x83,0xff,0x08,0x83,0xff,
    0x08,0x83,0xff,0x08,0x83,0xff,0x08,0x83,0xff,0x08,0x83,0xff,0x08,0x83,0xff,0x08,0x83,0xff,0x08,0x83,0xff,0x08,0x83,0xff,
    0x08,0x83,0xff,0x08,0x83,0xff,0x08,0x83,0xff,0x08,0x83,0xff,0x08,0x83,0xff,0x08,0x83,0xff,0x08,0x83,0xff,0x08,0x83,0xff,
    0x08,0x83,0xff,0x08,0x83,0xff,0x08,0x83,0xff,0x08,0x83,0xff,0x08,0x83,0xff,0x08,0x83,0xff,0x08,0x83,0xff,0x08,0x83,0xff,
    0x08,0x83,0xff,0x08,0x83,0xff,0x08,0x83,0xff,0x08,0x83,0xff,0x08,0x83,0xff,0x08,0x83,0xff,0x08,0x83,0xff,0x08,0x83,0xff,
    0x08,0x83,0xff,0x08,0x83,0xff,0x08,0x82,0xff,0x08,0x83,0xff,0x10,0x83,0xff,0x18,0x83,0xff,0xdf,0x3e,0xff,0xe7,0x9f,0xff,
    0x41,0x47,0xff,0xa4,0xf5,0xff,0xe7,0x9f,0xff,0xad,0x56,0xff,0x20,0x84,0xff,0x20,0x84,0xff,0x20,0x84,0xff,0x20,0x84,0xff,
    0xbe,0x19,0xff,0xe7,0x9f,0xff,0xe7,0x9f,0xff,0xe7,0x9f,0xff,0xe7,0x9f,0xff,0xe7,0x9f,0xff,0xd6,0xdc,0xff,0x20,0xa4,0xff,
    0x18,0x83,0xff,0x18,0x83,0xff,0x20,0x83,0xff,0xdf,0x3e,0xff,0xe7,0x9f,0xff,0x39,0x47,0xff,0x28,0x84,0xff,0x28,0x84,0xff,
    0x7b,0x90,0xff,0xe7,0x9f,0xff,0xd6,0xdc,0xff,0x20,0x84,0xff,0x20,0x84,0xff,0x20,0x84,0xff,0xdf,0x3e,0xff,0xe7,0x9f,0xff,
    0x39,0x26,0xff,0x20,0x84,0xff,0x6b,0x2e,0xff,0xe7,0x9f,0xff,0xd6,0xdc,0xff,0x30,0xa5,0xff,0x28,0x84,0xff,0x28,0x84,0xff,
    0x31,0x26,0xff,0xe7,0x5e,0xff,0xe7,0x9f,0xff,0x39,0xe8,0xff,0x10,0x83,0xff,0x08,0x83,0xff,0x08,0x83,0xff,0x08,0x83,0xff,
    0x08,0x83,0xff,0x08,0x83,0xff,0x08,0x83,0xff,0x08,0x83,0xff,0x08,0x83,0xff,0x08,0x83,0xff,0x08,0x83,0xff,0x08,0x83,0xff,
    0x08,0x83,0xff,0x08,0x83,0xff,0x08,0x83,0xff,0x08,0x83,0xff,0x08,0x83,0xff,0x08,0x83,0xff,0x08,0x83,0xff,0x08,0x83,0xff,
    0x08,0x83,0xff,0x08,0x83,0xff,0x08,0x83,0xff,0x08,0x83,0xff,0x08,0x83,0xff,0x08,0x83,0xff,0x08,0x83,0xff,0x08,0x83,0xff,
    0x08,0x83,0xff,0x08,0x83,0xff,0x08,0x83,0xff,0x08,0x83,0xff,0x08,0x83,0xff,0x08,0x83,0xff,0x08,0x83,0xff,0x08,0x83,0xff,
    0x08,0x83,0xff,0x08,0x83,0xff,0x08,0x83,0xff,0x08,0x83,0xff,0x08,0x83,0xff,0x50,0x65,0xdc,0x00,0x00,0x00,0x00,0x00,0x00,
    0x00,0x00,0x00,0x00,0x00,0x00,0x50,0x65,0xdc,0x08,0x83,0xff,0x08,0x83,0xff,0x08,0x83,0xff,0x08,0x83,0xff,0x08,0x83,0xff,
    0x08,0x83,0xff,0x08,0x83,0xff,0x08,0x83,0xff,0x08,0x83,0xff,0x08,0x83,0xff,0x08,0x83,0xff,0x08,0x83,0xff,0x08,0x83,0xff,
    0x08,0x83,0xff,0x08,0x83,0xff,0x08,0x83,0xff,0x08,0x83,0xff,0x08,0x83,0xff,0x08,0x83,0xff,0x08,0x83,0xff,0x08,0x83,0xff,
    0x08,0x83,0xff,0x08,0x83,0xff,0x08,0x83,0xff,0x08,0x83,0xff,0x08,0x83,0xff,0x08,0x83,0xff,0x08,0x83,0xff,0x08,0x83,0xff,
    0x08,0x83,0xff,0x08,0x83,0xff,0x08,0x83,0xff,0x08,0x83,0xff,0x08,0x83,0xff,0x08,0x83,0xff,0x08,0x83,0xff,0x08,0x83,0xff,
    0x08,0x83,0xff,0x08,0x83,0xff,0x08,0x82,0xff,0x08,0x83,0xff,0x10,0x83,0xff,0x10,0x83,0xff,0xdf,0x3e,0xff,0xe7,0x9f,0xff,
    0x39,0x26,0xff,0x31,0x06,0xff,0xdf,0x1d,0xff,0xe7,0x9f,0xff,0x5a,0x6b,0xff,0x20,0x84,0xff,0x20,0x83,0xff,0x31,0x47,0xff,
    0xe7,0x9f,0xff,0xe7,0x9f,0xff,0xe7,0x9f,0xff,0xe7,0x9f,0xff,0xe7,0x9f,0xff,0xe7,0x9f,0xff,0xe7,0x9f,0xff,0x4a,0x2a,0xff,
    0x18,0x83,0xff,0x18,0x83,0xff,0x18,0x83,0xff,0xdf,0x3e,0xff,0xe7,0x9f,0xff,0x39,0x26,0xff,0x31,0x06,0xff,0x6b,0x2e,0xff,
    0xdf,0x3d,0xff,0xe7,0x9f,0xff,0x8c,0x32,0xff,0x18,0x83,0xff,0x18,0x83,0xff,0x18,0x83,0xff,0xdf,0x3e,0xff,0xe7,0x9f,0xff,
    0x31,0x26,0xff,0x20,0x84,0xff,0x31,0x06,0xff,0xdf,0x5e,0xff,0xe7,0x9f,0xff,0x9c,0xd4,0xff,0x39,0x26,0xff,0x39,0x67,0xff,
    0xad,0x77,0xff,0xe7,0x9f,0xff,0xc6,0x7a,0xff,0x10,0x83,0xff,0x10,0x83,0xff,0x08,0x83,0xff,0x08,0x83,0xff,0x08,0x83,0xff,
    0x08,0x83,0xff,0x08,0x83,0xff,0x08,0x83,0xff,0x08,0x83,0xff,0x08,0x83,0xff,0x08,0x83,0xff,0x08,0x83,0xff,0x08,0x83,0xff,
    0x08,0x83,0xff,0x08,0x83,0xff,0x08,0x83,0xff,0x08,0x83,0xff,0x08,0x83,0xff,0x08,0x83,0xff,0x08,0x83,0xff,0x08,0x83,0xff,
    0x08,0x83,0xff,0x08,0x83,0xff,0x08,0x83,0xff,0x08,0x83,0xff,0x08,0x83,0xff,0x08,0x83,0xff,0x08,0x83,0xff,0x08,0x83,0xff,
    0x08,0x83,0xff,0x08,0x83,0xff,0x08,0x83,0xff,0x08,0x83,0xff,0x08,0x83,0xff,0x08,0x83,0xff,0x08,0x83,0xff,0x08,0x83,0xff,
    0x08,0x83,0xff,0x08,0x83,0xff,0x08,0x83,0xff,0x08,0x83,0xff,0x08,0x83,0xff,0x50,0x65,0xdc,0x00,0x00,0x00,0x00,0x00,0x00,
    0x00,0x00,0x00,0x00,0x00,0x00,0x50,0x65,0xdc,0x08,0x83,0xff,0x08,0x83,0xff,0x08,0x83,0xff,0x08,0x83,0xff,0x08,0x83,0xff,
    0x08,0x83,0xff,0x08,0x83,0xff,0x08,0x83,0xff,0x08,0x83,0xff,0x08,0x83,0xff,0x08,0x83,0xff,0x08,0x83,0xff,0x08,0x83,0xff,
    0x08,0x83,0xff,0x08,0x83,0xff,0x08,0x83,0xff,0x08,0x83,0xff,0x08,0x83,0xff,0x08,0x83,0xff,0x08,0x83,0xff,0x08,0x83,0xff,
    0x08,0x83,0xff,0x08,0x83,0xff,0x08,0x83,0xff,0x08,0x83,0xff,0x08,0x83,0xff,0x08,0x83,0xff,0x08,0x83,0xff,0x08,0x83,0xff,
    0x08,0x83,0xff,0x08,0x83,0xff,0x08,0x83,0xff,0x08,0x83,0xff,0x08,0x83,0xff,0x08,0x83,0xff,0x08,0x83,0xff,0x08,0x83,0xff,
    0x08,0x83,0xff,0x08,0x83,0xff,0x08,0x82,0xff,0x08,0x83,0xff,0x10,0x83,0xff,0x10,0x83,0xff,0xdf,0x3e,0xff,0xe7,0x9f,0xff,
    0x31,0x26,0xff,0x20,0x83,0xff,0x7b,0xd0,0xff,0xe7,0x9f,0xff,0xc6,0x5a,0xff,0x18,0x84,0xff,0x18,0x83,0xff,0x73,0xb0,0xff,
    0xe7,0x9f,0xff,0xb5,0xd8,0xff,0x20,0x83,0xff,0x20,0x83,0xff,0x20,0x83,0xff,0xad,0x56,0xff,0xe7,0x9f,0xff,0x8c,0x73,0xff,
    0x18,0x83,0xff,0x18,0x83,0xff,0x18,0x83,0xff,0xdf,0x3e,0xff,0xe7,0x9f,0xff,0xe7,0x9f,0xff,0xe7,0x9f,0xff,0xe7,0x9f,0xff,
    0xe7,0x9f,0xff,0xbe,0x19,0xff,0x20,0xc4,0xff,0x18,0x83,0xff,0x18,0x83,0xff,0x18,0x83,0xff,0xdf,0x3e,0xff,0xe7,0x9f,0xff,
    0x29,0x26,0xff,0x18,0x83,0xff,0x18,0x83,0xff,0x6b,0x4e,0xff,0xe7,0x9f,0xff,0xe7,0x9f,0xff,0xe7,0x9f,0xff,0xe7,0x9f,0xff,
    0xe7,0x9f,0xff,0xe7,0x5e,0xff,0x42,0x29,0xff,0x10,0x83,0xff,0x10,0x83,0xff,0x08,0x83,0xff,0x08,0x83,0xff,0x08,0x83,0xff,
    0x08,0x83,0xff,0x08,0x83,0xff,0x08,0x83,0xff,0x08,0x83,0xff,0x08,0x83,0xff,0x08,0x83,0xff,0x08,0x83,0xff,0x08,0x83,0xff,
    0x08,0x83,0xff,0x08,0x83,0xff,0x08,0x83,0xff,0x08,0x83,0xff,0x08,0x83,0xff,0x08,0x83,0xff,0x08,0x83,0xff,0x08,0x83,0xff,
    0x08,0x83,0xff,0x08,0x83,0xff,0x08,0x83,0xff,0x08,0x83,0xff,0x08,0x83,0xff,0x08,0x83,0xff,0x08,0x83,0xff,0x08,0x83,0xff,
    0x08,0x83,0xff,0x08,0x83,0xff,0x08,0x83,0xff,0x08,0x83,0xff,0x08,0x83,0xff,0x08,0x83,0xff,0x08,0x83,0xff,0x08,0x83,0xff,
    0x08,0x83,0xff,0x08,0x83,0xff,0x08,0x83,0xff,0x08,0x83,0xff,0x08,0x83,0xff,0x50,0x65,0xdc,0x00,0x00,0x00,0x00,0x00,0x00,
    0x00,0x00,0x00,0x00,0x00,0x00,0x00,0x00,0x00,0x50,0x65,0xdc,0x08,0x83,0xff,0x08,0x83,0xff,0x08,0x83,0xff,0x08,0x83,0xff,
    0x08,0x83,0xff,0x08,0x83,0xff,0x08,0x83,0xff,0x08,0x83,0xff,0x08,0x83,0xff,0x08,0x83,0xff,0x08,0x83,0xff,0x08,0x83,0xff,
    0x08,0x83,0xff,0x08,0x83,0xff,0x08,0x83,0xff,0x08,0x83,0xff,0x08,0x83,0xff,0x08,0x83,0xff,0x08,0x83,0xff,0x08,0x83,0xff,
    0x08,0x83,0xff,0x08,0x83,0xff,0x08,0x83,0xff,0x08,0x83,0xff,0x08,0x83,0xff,0x08,0x83,0xff,0x08,0x83,0xff,0x08,0x83,0xff,
    0x08,0x83,0xff,0x08,0x83,0xff,0x08,0x83,0xff,0x08,0x83,0xff,0x08,0x83,0xff,0x08,0x83,0xff,0x08,0x83,0xff,0x08,0x83,0xff,
    0x08,0x83,0xff,0x08,0x83,0xff,0x08,0x83,0xff,0x08,0x83,0xff,0x08,0x83,0xff,0x10,0x83,0xff,0xdf,0x3e,0xff,0xe7,0x9f,0xff,
    0x29,0x26,0xff,0x18,0x83,0xff,0x20,0xc4,0xff,0xd6,0xdc,0xff,0xe7,0x9f,0xff,0x6b,0x4e,0xff,0x10,0x83,0xff,0xbd,0xf9,0xff,
    0xe7,0x9f,0xff,0x73,0x8f,0xff,0x18,0x83,0xff,0x18,0x83,0xff,0x18,0x83,0xff,0x63,0x0d,0xff,0xe7,0x9f,0xff,0xce,0xbc,0xff,
    0x10,0x83,0xff,0x10,0x83,0xff,0x10,0x83,0xff,0xdf,0x3e,0xff,0xe7,0x9f,0xff,0xe7,0x9f,0xff,0xe7,0x7e,0xff,0xce,0x9b,0xff,
    0x84,0x11,0xff,0x20,0xc4,0xff,0x10,0x83,0xff,0x10,0x83,0xff,0x10,0x83,0xff,0x10,0x83,0xff,0xdf,0x3e,0xff,0xe7,0x9f,0xff,
    0x29,0x26,0xff,0x10,0x83,0xff,0x10,0x83,0xff,0x18,0x83,0xff,0x52,0xab,0xff,0xbd,0xf9,0xff,0xe7,0x5e,0xff,0xdf,0x3d,0xff,
    0xad,0x77,0xff,0x39,0xc8,0xff,0x10,0x83,0xff,0x10,0x83,0xff,0x08,0x83,0xff,0x08,0x83,0xff,0x08,0x83,0xff,0x08,0x83,0xff,
    0x08,0x83,0xff,0x08,0x83,0xff,0x08,0x83,0xff,0x08,0x83,0xff,0x08,0x83,0xff,0x08,0x83,0xff,0x08,0x83,0xff,0x08,0x83,0xff,
    0x08,0x83,0xff,0x08,0x83,0xff,0x08,0x83,0xff,0x08,0x83,0xff,0x08,0x83,0xff,0x08,0x83,0xff,0x08,0x83,0xff,0x08,0x83,0xff,
    0x08,0x83,0xff,0x08,0x83,0xff,0x08,0x83,0xff,0x08,0x83,0xff,0x08,0x83,0xff,0x08,0x83,0xff,0x08,0x83,0xff,0x08,0x83,0xff,
    0x08,0x83,0xff,0x08,0x83,0xff,0x08,0x83,0xff,0x08,0x83,0xff,0x08,0x83,0xff,0x08,0x83,0xff,0x08,0x83,0xff,0x08,0x83,0xff,
    0x08,0x83,0xff,0x08,0x83,0xff,0x08,0x83,0xff,0x08,0x83,0xff,0x50,0x65,0xdc,0x00,0x00,0x00,0x00,0x00,0x00,0x00,0x00,0x00,
    0x00,0x00,0x00,0x00,0x00,0x00,0x00,0x00,0x00,0x50,0x65,0xdc,0x08,0x83,0xff,0x08,0x83,0xff,0x08,0x83,0xff,0x08,0x83,0xff,
    0x08,0x83,0xff,0x08,0x83,0xff,0x08,0x83,0xff,0x08,0x83,0xff,0x08,0x83,0xff,0x08,0x83,0xff,0x08,0x83,0xff,0x08,0x83,0xff,
    0x08,0x83,0xff,0x08,0x83,0xff,0x08,0x83,0xff,0x08,0x83,0xff,0x08,0x83,0xff,0x08,0x83,0xff,0x08,0x83,0xff,0x08,0x83,0xff,
    0x08,0x83,0xff,0x08,0x83,0xff,0x08,0x83,0xff,0x08,0x83,0xff,0x08,0x83,0xff,0x08,0x83,0xff,0x08,0x83,0xff,0x08,0x83,0xff,
    0x08,0x83,0xff,0x08,0x83,0xff,0x08,0x83,0xff,0x08,0x83,0xff,0x08,0x83,0xff,0x08,0x83,0xff,0x08,0x83,0xff,0x08,0x83,0xff,
    0x08,0x83,0xff,0x08,0x83,0xff,0x08,0x83,0xff,0x08,0x82,0xff,0x08,0x83,0xff,0x08,0x83,0xff,0x10,0x83,0xff,0x10,0x83,0xff,
    0x10,0x83,0xff,0x10,0x83,0xff,0x10,0x83,0xff,0x10,0x83,0xff,0x10,0x83,0xff,0x10,0x83,0xff,0x10,0x83,0xff,0x10,0x83,0xff,
    0x10,0x83,0xff,0x10,0x83,0xff,0x10,0x83,0xff,0x10,0x83,0xff,0x10,0x83,0xff,0x10,0x83,0xff,0x10,0x83,0xff,0x10,0x83,0xff,
    0x10,0x83,0xff,0x10,0x83,0xff,0x10,0x83,0xff,0x10,0x83,0xff,0x10,0x83,0xff,0x10,0x83,0xff,0x10,0x83,0xff,0x10,0x83,0xff,
    0x10,0x83,0xff,0x10,0x83,0xff,0x10,0x83,0xff,0x10,0x83,0xff,0x10,0x83,0xff,0x10,0x83,0xff,0x10,0x83,0xff,0x10,0x83,0xff,
    0x10,0x83,0xff,0x10,0x83,0xff,0x10,0x83,0xff,0x10,0x83,0xff,0x10,0x83,0xff,0x10,0x83,0xff,0x10,0x83,0xff,0x10,0x83,0xff,
    0x10,0x83,0xff,0x10,0x83,0xff,0x10,0x83,0xff,0x08,0x83,0xff,0x08,0x83,0xff,0x08,0x83,0xff,0x08,0x83,0xff,0x08,0x83,0xff,
    0x08,0x83,0xff,0x08,0x83,0xff,0x08,0x83,0xff,0x08,0x83,0xff,0x08,0x83,0xff,0x08,0x83,0xff,0x08,0x83,0xff,0x08,0x83,0xff,
    0x08,0x83,0xff,0x08,0x83,0xff,0x08,0x83,0xff,0x08,0x83,0xff,0x08,0x83,0xff,0x08,0x83,0xff,0x08,0x83,0xff,0x08,0x83,0xff,
    0x08,0x83,0xff,0x08,0x83,0xff,0x08,0x83,0xff,0x08,0x83,0xff,0x08,0x83,0xff,0x08,0x83,0xff,0x08,0x83,0xff,0x08,0x83,0xff,
    0x08,0x83,0xff,0x08,0x83,0xff,0x08,0x83,0xff,0x08,0x83,0xff,0x08,0x83,0xff,0x08,0x83,0xff,0x08,0x83,0xff,0x08,0x83,0xff,
    0x08,0x83,0xff,0x08,0x83,0xff,0x08,0x83,0xff,0x08,0x83,0xff,0x50,0x65,0xdc,0x00,0x00,0x00,0x00,0x00,0x00,0x00,0x00,0x00,
    0x00,0x00,0x00,0x00,0x00,0x00,0x00,0x00,0x00,0x50,0x65,0xdc,0x08,0x83,0xff,0x08,0x83,0xff,0x08,0x83,0xff,0x08,0x83,0xff,
    0x08,0x83,0xff,0x08,0x83,0xff,0x08,0x83,0xff,0x08,0x83,0xff,0x08,0x83,0xff,0x08,0x83,0xff,0x08,0x83,0xff,0x08,0x83,0xff,
    0x08,0x83,0xff,0x08,0x83,0xff,0x08,0x83,0xff,0x08,0x83,0xff,0x08,0x83,0xff,0x08,0x83,0xff,0x08,0x83,0xff,0x08,0x83,0xff,
    0x08,0x83,0xff,0x08,0x83,0xff,0x08,0x83,0xff,0x08,0x83,0xff,0x08,0x83,0xff,0x08,0x83,0xff,0x08,0x83,0xff,0x08,0x83,0xff,
    0x08,0x83,0xff,0x08,0x83,0xff,0x08,0x83,0xff,0x08,0x83,0xff,0x08,0x83,0xff,0x08,0x83,0xff,0x08,0x83,0xff,0x08,0x83,0xff,
    0x08,0x83,0xff,0x08,0x83,0xff,0x08,0x83,0xff,0x08,0x83,0xff,0x08,0x83,0xff,0x08,0x83,0xff,0x08,0x83,0xff,0x08,0x83,0xff,
    0x08,0x83,0xff,0x10,0x83,0xff,0x10,0x83,0xff,0x10,0x83,0xff,0x10,0x83,0xff,0x10,0x83,0xff,0x08,0x83,0xff,0x10,0x83,0xff,
    0x10,0x83,0xff,0x10,0x83,0xff,0x10,0x83,0xff,0x08,0x83,0xff,0x08,0x83,0xff,0x08,0x83,0xff,0x08,0x83,0xff,0x08,0x83,0xff,
    0x08,0x83,0xff,0x08,0x83,0xff,0x08,0x83,0xff,0x10,0x83,0xff,0x10,0x83,0xff,0x10,0x83,0xff,0x10,0x83,0xff,0x10,0x83,0xff,
    0x10,0x83,0xff,0x08,0x83,0xff,0x08,0x83,0xff,0x08,0x83,0xff,0x08,0x83,0xff,0x08,0x83,0xff,0x08,0x83,0xff,0x08,0x83,0xff,
    0x08,0x83,0xff,0x08,0x83,0xff,0x08,0x83,0xff,0x10,0x83,0xff,0x10,0x83,0xff,0x10,0x83,0xff,0x10,0x83,0xff,0x10,0x83,0xff,
    0x10,0x83,0xff,0x08,0x83,0xff,0x08,0x83,0xff,0x08,0x83,0xff,0x08,0x83,0xff,0x08,0x83,0xff,0x08,0x83,0xff,0x08,0x83,0xff,
    0x08,0x83,0xff,0x08,0x83,0xff,0x08,0x83,0xff,0x08,0x83,0xff,0x08,0x83,0xff,0x08,0x83,0xff,0x08,0x83,0xff,0x08,0x83,0xff,
    0x08,0x83,0xff,0x08,0x83,0xff,0x08,0x83,0xff,0x08,0x83,0xff,0x08,0x83,0xff,0x08,0x83,0xff,0x08,0x83,0xff,0x08,0x83,0xff,
    0x08,0x83,0xff,0x08,0x83,0xff,0x08,0x83,0xff,0x08,0x83,0xff,0x08,0x83,0xff,0x08,0x83,0xff,0x08,0x83,0xff,0x08,0x83,0xff,
    0x08,0x83,0xff,0x08,0x83,0xff,0x08,0x83,0xff,0x08,0x83,0xff,0x08,0x83,0xff,0x08,0x83,0xff,0x08,0x83,0xff,0x08,0x83,0xff,
    0x08,0x83,0xff,0x08,0x83,0xff,0x08,0x83,0xff,0x08,0x83,0xff,0x50,0x65,0xdc,0x00,0x00,0x00,0x00,0x00,0x00,0x00,0x00,0x00,
    0x00,0x00,0x00,0x00,0x00,0x00,0x00,0x00,0x00,0x00,0x00,0x00,0x50,0x65,0xdc,0x08,0x83,0xff,0x08,0x83,0xff,0x08,0x83,0xff,
    0x08,0x83,0xff,0x08,0x83,0xff,0x08,0x83,0xff,0x08,0x83,0xff,0x08,0x83,0xff,0x08,0x83,0xff,0x08,0x83,0xff,0x08,0x83,0xff,
    0x08,0x83,0xff,0x08,0x83,0xff,0x08,0x83,0xff,0x08,0x83,0xff,0x08,0x83,0xff,0x08,0x83,0xff,0x08,0x83,0xff,0x08,0x83,0xff,
    0x08,0x83,0xff,0x08,0x83,0xff,0x08,0x83,0xff,0x08,0x83,0xff,0x08,0x83,0xff,0x08,0x83,0xff,0x08,0x83,0xff,0x08,0x83,0xff,
    0x08,0x83,0xff,0x08,0x83,0xff,0x08,0x83,0xff,0x08,0x83,0xff,0x08,0x83,0xff,0x08,0x83,0xff,0x08,0x83,0xff,0x08,0x83,0xff,
    0x08,0x83,0xff,0x08,0x83,0xff,0x08,0x83,0xff,0x08,0x83,0xff,0x08,0x83,0xff,0x08,0x83,0xff,0x08,0x83,0xff,0x08,0x83,0xff,
    0x08,0x83,0xff,0x08,0x83,0xff,0x08,0x83,0xff,0x08,0x83,0xff,0x08,0x83,0xff,0x08,0x83,0xff,0x08,0x83,0xff,0x08,0x83,0xff,
    0x08,0x83,0xff,0x08,0x83,0xff,0x08,0x83,0xff,0x08,0x83,0xff,0x08,0x83,0xff,0x08,0x83,0xff,0x08,0x83,0xff,0x08,0x83,0xff,
    0x08,0x83,0xff,0x08,0x83,0xff,0x08,0x83,0xff,0x08,0x83,0xff,0x08,0x83,0xff,0x08,0x83,0xff,0x08,0x83,0xff,0x08,0x83,0xff,
    0x08,0x83,0xff,0x08,0x83,0xff,0x08,0x83,0xff,0x08,0x83,0xff,0x08,0x83,0xff,0x08,0x83,0xff,0x08,0x83,0xff,0x08,0x83,0xff,
    0x08,0x83,0xff,0x08,0x83,0xff,0x08,0x83,0xff,0x08,0x83,0xff,0x08,0x83,0xff,0x08,0x83,0xff,0x08,0x83,0xff,0x08,0x83,0xff,
    0x08,0x83,0xff,0x08,0x83,0xff,0x08,0x83,0xff,0x08,0x83,0xff,0x08,0x83,0xff,0x08,0x83,0xff,0x08,0x83,0xff,0x08,0x83,0xff,
    0x08,0x83,0xff,0x08,0x83,0xff,0x08,0x83,0xff,0x08,0x83,0xff,0x08,0x83,0xff,0x08,0x83,0xff,0x08,0x83,0xff,0x08,0x83,0xff,
    0x08,0x83,0xff,0x08,0x83,0xff,0x08,0x83,0xff,0x08,0x83,0xff,0x08,0x83,0xff,0x08,0x83,0xff,0x08,0x83,0xff,0x08,0x83,0xff,
    0x08,0x83,0xff,0x08,0x83,0xff,0x08,0x83,0xff,0x08,0x83,0xff,0x08,0x83,0xff,0x08,0x83,0xff,0x08,0x83,0xff,0x08,0x83,0xff,
    0x08,0x83,0xff,0x08,0x83,0xff,0x08,0x83,0xff,0x08,0x83,0xff,0x08,0x83,0xff,0x08,0x83,0xff,0x08,0x83,0xff,0x08,0x83,0xff,
    0x08,0x83,0xff,0x08,0x83,0xff,0x08,0x83,0xff,0x50,0x65,0xdc,0x00,0x00,0x00,0x00,0x00,0x00,0x00,0x00,0x00,0x00,0x00,0x00,
    0x00,0x00,0x00,0x00,0x00,0x00,0x00,0x00,0x00,0x00,0x00,0x00,0x00,0x00,0x00,0x50,0x65,0xdc,0x08,0x83,0xff,0x08,0x83,0xff,
    0x08,0x83,0xff,0x08,0x83,0xff,0x08,0x83,0xff,0x08,0x83,0xff,0x08,0x83,0xff,0x08,0x83,0xff,0x08,0x83,0xff,0x08,0x83,0xff,
    0x08,0x83,0xff,0x08,0x83,0xff,0x08,0x83,0xff,0x08,0x83,0xff,0x08,0x83,0xff,0x08,0x83,0xff,0x08,0x83,0xff,0x08,0x83,0xff,
    0x08,0x83,0xff,0x08,0x83,0xff,0x08,0x83,0xff,0x08,0x83,0xff,0x08,0x83,0xff,0x08,0x83,0xff,0x08,0x83,0xff,0x08,0x83,0xff,
    0x08,0x83,0xff,0x08,0x83,0xff,0x08,0x83,0xff,0x08,0x83,0xff,0x08,0x83,0xff,0x08,0x83,0xff,0x08,0x83,0xff,0x08,0x83,0xff,
    0x08,0x83,0xff,0x08,0x83,0xff,0x08,0x83,0xff,0x08,0x83,0xff,0x08,0x83,0xff,0x08,0x83,0xff,0x08,0x83,0xff,0x08,0x83,0xff,
    0x08,0x83,0xff,0x08,0x83,0xff,0x08,0x83,0xff,0x08,0x83,0xff,0x08,0x83,0xff,0x08,0x83,0xff,0x08,0x83,0xff,0x08,0x83,0xff,
    0x08,0x83,0xff,0x08,0x83,0xff,0x08,0x83,0xff,0x08,0x83,0xff,0x08,0x83,0xff,0x08,0x83,0xff,0x08,0x83,0xff,0x08,0x83,0xff,
    0x08,0x83,0xff,0x08,0x83,0xff,0x08,0x83,0xff,0x08,0x83,0xff,0x08,0x83,0xff,0x08,0x83,0xff,0x08,0x83,0xff,0x08,0x83,0xff,
    0x08,0x83,0xff,0x08,0x83,0xff,0x08,0x83,0xff,0x08,0x83,0xff,0x08,0x83,0xff,0x08,0x83,0xff,0x08,0x83,0xff,0x08,0x83,0xff,
    0x08,0x83,0xff,0x08,0x83,0xff,0x08,0x83,0xff,0x08,0x83,0xff,0x08,0x83,0xff,0x08,0x83,0xff,0x08,0x83,0xff,0x08,0x83,0xff,
    0x08,0x83,0xff,0x08,0x83,0xff,0x08,0x83,0xff,0x08,0x83,0xff,0x08,0x83,0xff,0x08,0x83,0xff,0x08,0x83,0xff,0x08,0x83,0xff,
    0x08,0x83,0xff,0x08,0x83,0xff,0x08,0x83,0xff,0x08,0x83,0xff,0x08,0x83,0xff,0x08,0x83,0xff,0x08,0x83,0xff,0x08,0x83,0xff,
    0x08,0x83,0xff,0x08,0x83,0xff,0x08,0x83,0xff,0x08,0x83,0xff,0x08,0x83,0xff,0x08,0x83,0xff,0x08,0x83,0xff,0x08,0x83,0xff,
    0x08,0x83,0xff,0x08,0x83,0xff,0x08,0x83,0xff,0x08,0x83,0xff,0x08,0x83,0xff,0x08,0x83,0xff,0x08,0x83,0xff,0x08,0x83,0xff,
    0x08,0x83,0xff,0x08,0x83,0xff,0x08,0x83,0xff,0x08,0x83,0xff,0x08,0x83,0xff,0x08,0x83,0xff,0x08,0x83,0xff,0x08,0x83,0xff,
    0x08,0x83,0xff,0x08,0x83,0xff,0x50,0x65,0xdc,0x00,0x00,0x00,0x00,0x00,0x00,0x00,0x00,0x00,0x00,0x00,0x00,0x00,0x00,0x00,
    0x00,0x00,0x00,0x00,0x00,0x00,0x00,0x00,0x00,0x00,0x00,0x00,0x00,0x00,0x00,0x50,0x65,0xdc,0x08,0x83,0xff,0x08,0x83,0xff,
    0x08,0x83,0xff,0x08,0x83,0xff,0x08,0x83,0xff,0x08,0x83,0xff,0x08,0x83,0xff,0x08,0x83,0xff,0x08,0x83,0xff,0x08,0x83,0xff,
    0x08,0x83,0xff,0x08,0x83,0xff,0x08,0x83,0xff,0x08,0x83,0xff,0x08,0x83,0xff,0x08,0x83,0xff,0x08,0x83,0xff,0x08,0x83,0xff,
    0x08,0x83,0xff,0x08,0x83,0xff,0x08,0x83,0xff,0x08,0x83,0xff,0x08,0x83,0xff,0x08,0x83,0xff,0x08,0x83,0xff,0x08,0x83,0xff,
    0x08,0x83,0xff,0x08,0x83,0xff,0x08,0x83,0xff,0x08,0x83,0xff,0x08,0x83,0xff,0x08,0x83,0xff,0x08,0x83,0xff,0x08,0x83,0xff,
    0x08,0x83,0xff,0x08,0x83,0xff,0x08,0x83,0xff,0x08,0x83,0xff,0x08,0x83,0xff,0x08,0x83,0xff,0x08,0x83,0xff,0x08,0x83,0xff,
    0x08,0x83,0xff,0x08,0x83,0xff,0x08,0x83,0xff,0x08,0x83,0xff,0x08,0x83,0xff,0x08,0x83,0xff,0x08,0x83,0xff,0x08,0x83,0xff,
    0x08,0x83,0xff,0x08,0x83,0xff,0x08,0x83,0xff,0x08,0x83,0xff,0x08,0x83,0xff,0x08,0x83,0xff,0x08,0x83,0xff,0x08,0x83,0xff,
    0x08,0x83,0xff,0x08,0x83,0xff,0x08,0x83,0xff,0x08,0x83,0xff,0x08,0x83,0xff,0x08,0x83,0xff,0x08,0x83,0xff,0x08,0x83,0xff,
    0x08,0x83,0xff,0x08,0x83,0xff,0x08,0x83,0xff,0x08,0x83,0xff,0x08,0x83,0xff,0x08,0x83,0xff,0x08,0x83,0xff,0x08,0x83,0xff,
    0x08,0x83,0xff,0x08,0x83,0xff,0x08,0x83,0xff,0x08,0x83,0xff,0x08,0x83,0xff,0x08,0x83,0xff,0x08,0x83,0xff,0x08,0x83,0xff,
    0x08,0x83,0xff,0x08,0x83,0xff,0x08,0x83,0xff,0x08,0x83,0xff,0x08,0x83,0xff,0x08,0x83,0xff,0x08,0x83,0xff,0x08,0x83,0xff,
    0x08,0x83,0xff,0x08,0x83,0xff,0x08,0x83,0xff,0x08,0x83,0xff,0x08,0x83,0xff,0x08,0x83,0xff,0x08,0x83,0xff,0x08,0x83,0xff,
    0x08,0x83,0xff,0x08,0x83,0xff,0x08,0x83,0xff,0x08,0x83,0xff,0x08,0x83,0xff,0x08,0x83,0xff,0x08,0x83,0xff,0x08,0x83,0xff,
    0x08,0x83,0xff,0x08,0x83,0xff,0x08,0x83,0xff,0x08,0x83,0xff,0x08,0x83,0xff,0x08,0x83,0xff,0x08,0x83,0xff,0x08,0x83,0xff,
    0x08,0x83,0xff,0x08,0x83,0xff,0x08,0x83,0xff,0x08,0x83,0xff,0x08,0x83,0xff,0x08,0x83,0xff,0x08,0x83,0xff,0x08,0x83,0xff,
    0x08,0x83,0xff,0x08,0x83,0xff,0x50,0x65,0xdc,0x00,0x00,0x00,0x00,0x00,0x00,0x00,0x00,0x00,0x00,0x00,0x00,0x00,0x00,0x00,
    0x00,0x00,0x00,0x00,0x00,0x00,0x00,0x00,0x00,0x00,0x00,0x00,0x00,0x00,0x00,0x00,0x00,0x00,0x50,0x65,0xdc,0x08,0x83,0xff,
    0x08,0x83,0xff,0x08,0x83,0xff,0x08,0x83,0xff,0x08,0x83,0xff,0x08,0x83,0xff,0x08,0x83,0xff,0x08,0x83,0xff,0x08,0x83,0xff,
    0x08,0x83,0xff,0x08,0x83,0xff,0x08,0x83,0xff,0x08,0x83,0xff,0x08,0x83,0xff,0x08,0x83,0xff,0x08,0x83,0xff,0x08,0x83,0xff,
    0x08,0x83,0xff,0x08,0x83,0xff,0x08,0x83,0xff,0x08,0x83,0xff,0x08,0x83,0xff,0x08,0x83,0xff,0x08,0x83,0xff,0x08,0x83,0xff,
    0x08,0x83,0xff,0x08,0x83,0xff,0x08,0x83,0xff,0x08,0x83,0xff,0x08,0x83,0xff,0x08,0x83,0xff,0x08,0x83,0xff,0x08,0x83,0xff,
    0x08,0x83,0xff,0x08,0x83,0xff,0x08,0x83,0xff,0x08,0x83,0xff,0x08,0x83,0xff,0x08,0x83,0xff,0x08,0x83,0xff,0x08,0x83,0xff,
    0x08,0x83,0xff,0x08,0x83,0xff,0x08,0x83,0xff,0x08,0x83,0xff,0x08,0x83,0xff,0x08,0x83,0xff,0x08,0x83,0xff,0x08,0x83,0xff,
    0x08,0x83,0xff,0x08,0x83,0xff,0x08,0x83,0xff,0x08,0x83,0xff,0x08,0x83,0xff,0x08,0x83,0xff,0x08,0x83,0xff,0x08,0x83,0xff,
    0x08,0x83,0xff,0x08,0x83,0xff,0x08,0x83,0xff,0x08,0x83,0xff,0x08,0x83,0xff,0x08,0x83,0xff,0x08,0x83,0xff,0x08,0x83,0xff,
    0x08,0x83,0xff,0x08,0x83,0xff,0x08,0x83,0xff,0x08,0x83,0xff,0x08,0x83,0xff,0x08,0x83,0xff,0x08,0x83,0xff,0x08,0x83,0xff,
    0x08,0x83,0xff,0x08,0x83,0xff,0x08,0x83,0xff,0x08,0x83,0xff,0x08,0x83,0xff,0x08,0x83,0xff,0x08,0x83,0xff,0x08,0x83,0xff,
    0x08,0x83,0xff,0x08,0x83,0xff,0x08,0x83,0xff,0x08,0x83,0xff,0x08,0x83,0xff,0x08,0x83,0xff,0x08,0x83,0xff,0x08,0x83,0xff,
    0x08,0x83,0xff,0x08,0x83,0xff,0x08,0x83,0xff,0x08,0x83,0xff,0x08,0x83,0xff,0x08,0x83,0xff,0x08,0x83,0xff,0x08,0x83,0xff,
    0x08,0x83,0xff,0x08,0x83,0xff,0x08,0x83,0xff,0x08,0x83,0xff,0x08,0x83,0xff,0x08,0x83,0xff,0x08,0x83,0xff,0x08,0x83,0xff,
    0x08,0x83,0xff,0x08,0x83,0xff,0x08,0x83,0xff,0x08,0x83,0xff,0x08,0x83,0xff,0x08,0x83,0xff,0x08,0x83,0xff,0x08,0x83,0xff,
    0x08,0x83,0xff,0x08,0x83,0xff,0x08,0x83,0xff,0x08,0x83,0xff,0x08,0x83,0xff,0x08,0x83,0xff,0x08,0x83,0xff,0x08,0x83,0xff,
    0x08,0x83,0xff,0x50,0x65,0xdc,0x00,0x00,0x00,0x00,0x00,0x00,0x00,0x00,0x00,0x00,0x00,0x00,0x00,0x00,0x00,0x00,0x00,0x00,
    0x00,0x00,0x00,0x00,0x00,0x00,0x00,0x00,0x00,0x00,0x00,0x00,0x00,0x00,0x00,0x00,0x00,0x00,0x00,0x00,0x00,0x50,0x65,0xdc,
    0x50,0x65,0xdc,0x08,0x83,0xff,0x08,0x83,0xff,0x08,0x83,0xff,0x08,0x83,0xff,0x08,0x83,0xff,0x08,0x83,0xff,0x08,0x83,0xff,
    0x08,0x83,0xff,0x08,0x83,0xff,0x08,0x83,0xff,0x08,0x83,0xff,0x08,0x83,0xff,0x08,0x83,0xff,0x08,0x83,0xff,0x08,0x83,0xff,
    0x08,0x83,0xff,0x08,0x83,0xff,0x08,0x83,0xff,0x08,0x83,0xff,0x08,0x83,0xff,0x08,0x83,0xff,0x08,0x83,0xff,0x08,0x83,0xff,
    0x08,0x83,0xff,0x08,0x83,0xff,0x08,0x83,0xff,0x08,0x83,0xff,0x08,0x83,0xff,0x08,0x83,0xff,0x08,0x83,0xff,0x08,0x83,0xff,
    0x08,0x83,0xff,0x08,0x83,0xff,0x08,0x83,0xff,0x08,0x83,0xff,0x08,0x83,0xff,0x08,0x83,0xff,0x08,0x83,0xff,0x08,0x83,0xff,
    0x08,0x83,0xff,0x08,0x83,0xff,0x08,0x83,0xff,0x08,0x83,0xff,0x08,0x83,0xff,0x08,0x83,0xff,0x08,0x83,0xff,0x08,0x83,0xff,
    0x08,0x83,0xff,0x08,0x83,0xff,0x08,0x83,0xff,0x08,0x83,0xff,0x08,0x83,0xff,0x08,0x83,0xff,0x08,0x83,0xff,0x08,0x83,0xff,
    0x08,0x83,0xff,0x08,0x83,0xff,0x08,0x83,0xff,0x08,0x83,0xff,0x08,0x83,0xff,0x08,0x83,0xff,0x08,0x83,0xff,0x08,0x83,0xff,
    0x08,0x83,0xff,0x08,0x83,0xff,0x08,0x83,0xff,0x08,0x83,0xff,0x08,0x83,0xff,0x08,0x83,0xff,0x08,0x83,0xff,0x08,0x83,0xff,
    0x08,0x83,0xff,0x08,0x83,0xff,0x08,0x83,0xff,0x08,0x83,0xff,0x08,0x83,0xff,0x08,0x83,0xff,0x08,0x83,0xff,0x08,0x83,0xff,
    0x08,0x83,0xff,0x08,0x83,0xff,0x08,0x83,0xff,0x08,0x83,0xff,0x08,0x83,0xff,0x08,0x83,0xff,0x08,0x83,0xff,0x08,0x83,0xff,
    0x08,0x83,0xff,0x08,0x83,0xff,0x08,0x83,0xff,0x08,0x83,0xff,0x08,0x83,0xff,0x08,0x83,0xff,0x08,0x83,0xff,0x08,0x83,0xff,
    0x08,0x83,0xff,0x08,0x83,0xff,0x08,0x83,0xff,0x08,0x83,0xff,0x08,0x83,0xff,0x08,0x83,0xff,0x08,0x83,0xff,0x08,0x83,0xff,
    0x08,0x83,0xff,0x08,0x83,0xff,0x08,0x83,0xff,0x08,0x83,0xff,0x08,0x83,0xff,0x08,0x83,0xff,0x08,0x83,0xff,0x08,0x83,0xff,
    0x08,0x83,0xff,0x08,0x83,0xff,0x08,0x83,0xff,0x08,0x83,0xff,0x08,0x83,0xff,0x08,0x83,0xff,0x08,0x83,0xff,0x50,0x65,0xdc,
    0x50,0x65,0xdc,0x00,0x00,0x00,0x00,0x00,0x00,0x00,0x00,0x00,0x00,0x00,0x00,0x00,0x00,0x00,0x00,0x00,0x00,0x00,0x00,0x00,
    0x00,0x00,0x00,0x00,0x00,0x00,0x00,0x00,0x00,0x00,0x00,0x00,0x00,0x00,0x00,0x00,0x00,0x00,0x00,0x00,0x00,0x00,0x00,0x00,
    0x00,0x00,0x00,0x50,0x65,0xdc,0x08,0x83,0xff,0x08,0x83,0xff,0x08,0x83,0xff,0x08,0x83,0xff,0x08,0x83,0xff,0x08,0x83,0xff,
    0x08,0x83,0xff,0x08,0x83,0xff,0x08,0x83,0xff,0x08,0x83,0xff,0x08,0x83,0xff,0x08,0x83,0xff,0x08,0x83,0xff,0x08,0x83,0xff,
    0x08,0x83,0xff,0x08,0x83,0xff,0x08,0x83,0xff,0x08,0x83,0xff,0x08,0x83,0xff,0x08,0x83,0xff,0x08,0x83,0xff,0x08,0x83,0xff,
    0x08,0x83,0xff,0x08,0x83,0xff,0x08,0x83,0xff,0x08,0x83,0xff,0x08,0x83,0xff,0x08,0x83,0xff,0x08,0x83,0xff,0x08,0x83,0xff,
    0x08,0x83,0xff,0x08,0x83,0xff,0x08,0x83,0xff,0x08,0x83,0xff,0x08,0x83,0xff,0x08,0x83,0xff,0x08,0x83,0xff,0x08,0x83,0xff,
    0x08,0x83,0xff,0x08,0x83,0xff,0x08,0x83,0xff,0x08,0x83,0xff,0x08,0x83,0xff,0x08,0x83,0xff,0x08,0x83,0xff,0x08,0x83,0xff,
    0x08,0x83,0xff,0x08,0x83,0xff,0x08,0x83,0xff,0x08,0x83,0xff,0x08,0x83,0xff,0x08,0x83,0xff,0x08,0x83,0xff,0x08,0x83,0xff,
    0x08,0x83,0xff,0x08,0x83,0xff,0x08,0x83,0xff,0x08,0x83,0xff,0x08,0x83,0xff,0x08,0x83,0xff,0x08,0x83,0xff,0x08,0x83,0xff,
    0x08,0x83,0xff,0x08,0x83,0xff,0x08,0x83,0xff,0x08,0x83,0xff,0x08,0x83,0xff,0x08,0x83,0xff,0x08,0x83,0xff,0x08,0x83,0xff,
    0x08,0x83,0xff,0x08,0x83,0xff,0x08,0x83,0xff,0x08,0x83,0xff,0x08,0x83,0xff,0x08,0x83,0xff,0x08,0x83,0xff,0x08,0x83,0xff,
    0x08,0x83,0xff,0x08,0x83,0xff,0x08,0x83,0xff,0x08,0x83,0xff,0x08,0x83,0xff,0x08,0x83,0xff,0x08,0x83,0xff,0x08,0x83,0xff,
    0x08,0x83,0xff,0x08,0x83,0xff,0x08,0x83,0xff,0x08,0x83,0xff,0x08,0x83,0xff,0x08,0x83,0xff,0x08,0x83,0xff,0x08,0x83,0xff,
    0x08,0x83,0xff,0x08,0x83,0xff,0x08,0x83,0xff,0x08,0x83,0xff,0x08,0x83,0xff,0x08,0x83,0xff,0x08,0x83,0xff,0x08,0x83,0xff,
    0x08,0x83,0xff,0x08,0x83,0xff,0x08,0x83,0xff,0x08,0x83,0xff,0x08,0x83,0xff,0x08,0x83,0xff,0x08,0x83,0xff,0x08,0x83,0xff,
    0x08,0x83,0xff,0x08,0x83,0xff,0x08,0x83,0xff,0x08,0x83,0xff,0x08,0x83,0xff,0x08,0x83,0xff,0x50,0x65,0xdc,0x00,0x00,0x00,
    0x00,0x00,0x00,0x00,0x00,0x00,0x00,0x00,0x00,0x00,0x00,0x00,0x00,0x00,0x00,0x00,0x00,0x00,0x00,0x00,0x00,0x00,0x00,0x00,
    0x00,0x00,0x00,0x00,0x00,0x00,0x00,0x00,0x00,0x00,0x00,0x00,0x00,0x00,0x00,0x00,0x00,0x00,0x00,0x00,0x00,0x00,0x00,0x00,
    0x00,0x00,0x00,0x00,0x00,0x00,0x50,0x65,0xdc,0x50,0x65,0xdc,0x50,0x65,0xdc,0x08,0x83,0xff,0x08,0x83,0xff,0x08,0x83,0xff,
    0x08,0x83,0xff,0x08,0x83,0xff,0x08,0x83,0xff,0x08,0x83,0xff,0x08,0x83,0xff,0x08,0x83,0xff,0x08,0x83,0xff,0x08,0x83,0xff,
    0x08,0x83,0xff,0x08,0x83,0xff,0x08,0x83,0xff,0x08,0x83,0xff,0x08,0x83,0xff,0x08,0x83,0xff,0x08,0x83,0xff,0x08,0x83,0xff,
    0x08,0x83,0xff,0x08,0x83,0xff,0x08,0x83,0xff,0x08,0x83,0xff,0x10,0x83,0xff,0x10,0x83,0xff,0x10,0x83,0xff,0x10,0x83,0xff,
    0x10,0x83,0xff,0x10,0x83,0xff,0x10,0x83,0xff,0x10,0x83,0xff,0x10,0x83,0xff,0x10,0x83,0xff,0x10,0x83,0xff,0x10,0x83,0xff,
    0x10,0x83,0xff,0x10,0x83,0xff,0x10,0x83,0xff,0x10,0x83,0xff,0x10,0x83,0xff,0x10,0x83,0xff,0x10,0x83,0xff,0x10,0x83,0xff,
    0x10,0x83,0xff,0x10,0x83,0xff,0x10,0x83,0xff,0x10,0x83,0xff,0x10,0x83,0xff,0x10,0x83,0xff,0x10,0x83,0xff,0x10,0x83,0xff,
    0x10,0x83,0xff,0x10,0x83,0xff,0x10,0x83,0xff,0x10,0x83,0xff,0x10,0x83,0xff,0x10,0x83,0xff,0x10,0x83,0xff,0x10,0x83,0xff,
    0x10,0x83,0xff,0x10,0x83,0xff,0x10,0x83,0xff,0x10,0x83,0xff,0x10,0x83,0xff,0x10,0x83,0xff,0x10,0x83,0xff,0x10,0x83,0xff,
    0x10,0x83,0xff,0x10,0x83,0xff,0x10,0x83,0xff,0x10,0x83,0xff,0x10,0x83,0xff,0x10,0x83,0xff,0x10,0x83,0xff,0x10,0x83,0xff,
    0x10,0x83,0xff,0x10,0x83,0xff,0x10,0x83,0xff,0x10,0x83,0xff,0x10,0x83,0xff,0x10,0x83,0xff,0x10,0x83,0xff,0x10,0x83,0xff,
    0x10,0x83,0xff,0x10,0x83,0xff,0x10,0x83,0xff,0x10,0x83,0xff,0x10,0x83,0xff,0x08,0x83,0xff,0x08,0x83,0xff,0x08,0x83,0xff,
    0x08,0x83,0xff,0x08,0x83,0xff,0x08,0x83,0xff,0x08,0x83,0xff,0x08,0x83,0xff,0x08,0x83,0xff,0x08,0x83,0xff,0x08,0x83,0xff,
    0x08,0x83,0xff,0x08,0x83,0xff,0x08,0x83,0xff,0x08,0x83,0xff,0x08,0x83,0xff,0x08,0x83,0xff,0x08,0x83,0xff,0x08,0x83,0xff,
    0x08,0x83,0xff,0x08,0x83,0xff,0x08,0x83,0xff,0x50,0x65,0xdc,0x50,0x65,0xdc,0x50,0x65,0xdc,0x00,0x00,0x00,0x00,0x00,0x00,
    0x00,0x00,0x00,0x00,0x00,0x00,0x00,0x00,0x00,0x00,0x00,0x00,0x00,0x00,0x00,0x00,0x00,0x00,0x00,0x00,0x00,0x00,0x00,0x00,
    0x00,0x00,0x00,0x00,0x00,0x00,0x00,0x00,0x00,0x00,0x00,0x00,0x00,0x00,0x00,0x00,0x00,0x00,0x00,0x00,0x00,0x00,0x00,0x00,
    0x00,0x00,0x00,0x00,0x00,0x00,0x00,0x00,0x00,0x00,0x00,0x00,0x00,0x00,0x00,0x50,0x65,0xdc,0x50,0x65,0xdc,0x50,0x65,0xdc,
    0x50,0x65,0xdc,0x50,0x65,0xdc,0x50,0x65,0xdc,0x50,0x65,0xdc,0x50,0x65,0xdc,0x50,0x65,0xdc,0x50,0x65,0xdc,0x50,0x65,0xdc,
    0x50,0x65,0xdc,0x50,0x65,0xdc,0x50,0x65,0xdc,0x50,0x65,0xdc,0x50,0x65,0xdc,0x50,0x65,0xdd,0x50,0x65,0xdd,0x50,0x65,0xde,
    0xd1,0x0d,0xf5,0xd1,0x0d,0xf6,0xd1,0x0d,0xf6,0xd1,0x0d,0xf6,0xd1,0x0d,0xf6,0xd1,0x0d,0xf6,0xd1,0x0d,0xf6,0xd1,0x0d,0xf6,
    0xd1,0x0d,0xf6,0xd1,0x0d,0xf6,0xd1,0x0d,0xf6,0xd1,0x0d,0xf6,0xd1,0x0d,0xf6,0xd1,0x0d,0xf6,0xd1,0x0d,0xf6,0xd1,0x0d,0xf6,
    0xd1,0x0d,0xf6,0xd1,0x0d,0xf6,0xd1,0x0d,0xf6,0xd1,0x0d,0xf6,0xd1,0x0d,0xf6,0xd1,0x0d,0xf6,0xd1,0x0d,0xf6,0xd1,0x0d,0xf6,
    0xd1,0x0d,0xf6,0xd1,0x0d,0xf6,0xd1,0x0d,0xf6,0xd1,0x0d,0xf6,0xd1,0x0d,0xf6,0xd1,0x0d,0xf6,0xd1,0x0d,0xf6,0xd1,0x0d,0xf6,
    0xd1,0x0d,0xf6,0xd1,0x0d,0xf6,0xd1,0x0d,0xf6,0xd1,0x0d,0xf6,0xd1,0x0d,0xf6,0xd1,0x0d,0xf6,0xd1,0x0d,0xf6,0xd1,0x0d,0xf6,
    0xd1,0x0d,0xf6,0xd1,0x0d,0xf6,0xd1,0x0d,0xf6,0xd1,0x0d,0xf6,0xd1,0x0d,0xf6,0xd1,0x0d,0xf6,0xd1,0x0d,0xf6,0xd1,0x0d,0xf6,
    0xd1,0x0d,0xf6,0xd1,0x0d,0xf6,0xd1,0x0d,0xf6,0xd1,0x0d,0xf6,0xd1,0x0d,0xf6,0xd1,0x0d,0xf6,0xd1,0x0d,0xf6,0xd1,0x0d,0xf6,
    0xd1,0x0d,0xf6,0xd1,0x0d,0xf6,0xd1,0x0d,0xf6,0xd1,0x0d,0xf6,0xd1,0x0d,0xf6,0xd1,0x0d,0xf6,0xd1,0x0d,0xf6,0xd1,0x0d,0xf6,
    0xd1,0x0d,0xf6,0xd1,0x0d,0xf6,0xd1,0x0d,0xf6,0xd1,0x0d,0xf6,0xd1,0x0d,0xf6,0xd1,0x0d,0xf6,0xd1,0x0d,0xf6,0xd1,0x0d,0xf6,
    0xd1,0x0d,0xf5,0x50,0x65,0xde,0x50,0x65,0xdd,0x50,0x65,0xdd,0x50,0x65,0xdc,0x50,0x65,0xdc,0x50,0x65,0xdc,0x50,0x65,0xdc,
    0x50,0x65,0xdc,0x50,0x65,0xdc,0x50,0x65,0xdc,0x50,0x65,0xdc,0x50,0x65,0xdc,0x50,0x65,0xdc,0x50,0x65,0xdc,0x50,0x65,0xdc,
    0x50,0x65,0xdc,0x50,0x65,0xdc,0x50,0x65,0xdc,0x00,0x00,0x00,0x00,0x00,0x00,0x00,0x00,0x00,0x00,0x00,0x00,0x00,0x00,0x00,
    0x00,0x00,0x00,0x00,0x00,0x00,0x00,0x00,0x00,0x00,0x00,0x00,0x00,0x00,0x00,0x00,0x00,0x00,0x00,0x00,0x00,0x00,0x00,0x00,
    0x00,0x00,0x00,0x00,0x00,0x00,0x00,0x00,0x00,0x00,0x00,0x00,0x00,0x00,0x00,0x00,0x00,0x00,0x00,0x00,0x00,0x00,0x00,0x00,
    0x00,0x00,0x00,0x00,0x00,0x00,0x00,0x00,0x00,0x00,0x00,0x00,0x00,0x00,0x00,0x00,0x00,0x00,0x00,0x00,0x00,0x00,0x00,0x00,
    0x00,0x00,0x00,0x00,0x00,0x00,0x00,0x00,0x00,0x00,0x00,0x00,0x00,0x00,0x00,0x00,0x00,0x00,0x00,0x00,0x00,0x00,0x00,0x00,
    0x00,0x00,0x00,0x00,0x00,0x00,0x00,0x00,0x01,0x00,0x00,0x02,0x08,0x00,0x04,0x10,0x01,0x06,0x18,0x21,0x0a,0x20,0x22,0x0e,
    0x28,0x22,0x11,0x30,0x43,0x15,0x38,0x44,0x18,0x40,0x64,0x1b,0x48,0x64,0x1d,0x48,0x65,0x1e,0x48,0x65,0x1f,0x48,0x65,0x1f,
    0x48,0x65,0x1f,0x48,0x65,0x1f,0x48,0x65,0x1f,0x48,0x65,0x1f,0x48,0x65,0x1f,0x48,0x65,0x1f,0x48,0x65,0x1f,0x48,0x65,0x1f,
    0x48,0x65,0x1f,0x48,0x65,0x1f,0x48,0x65,0x1f,0x48,0x65,0x1f,0x48,0x65,0x1f,0x48,0x65,0x1f,0x48,0x65,0x1f,0x48,0x65,0x1f,
    0x48,0x65,0x1f,0x48,0x65,0x1f,0x48,0x65,0x1f,0x48,0x65,0x1f,0x48,0x65,0x1f,0x48,0x65,0x1f,0x48,0x65,0x1f,0x48,0x65,0x1f,
    0x48,0x65,0x1f,0x48,0x65,0x1f,0x48,0x65,0x1f,0x48,0x65,0x1f,0x48,0x65,0x1f,0x48,0x65,0x1f,0x48,0x65,0x1f,0x48,0x65,0x1f,
    0x48,0x65,0x1f,0x48,0x65,0x1f,0x48,0x65,0x1f,0x48,0x65,0x1f,0x48,0x65,0x1f,0x48,0x65,0x1f,0x48,0x65,0x1f,0x48,0x65,0x1f,
    0x48,0x65,0x1f,0x48,0x65,0x1f,0x48,0x65,0x1f,0x48,0x65,0x1f,0x48,0x65,0x1f,0x48,0x65,0x1f,0x48,0x65,0x1f,0x48,0x65,0x1f,
    0x48,0x65,0x1f,0x48,0x65,0x1f,0x48,0x65,0x1f,0x48,0x65,0x1f,0x48,0x65,0x1f,0x48,0x65,0x1f,0x48,0x65,0x1f,0x48,0x65,0x1f,
    0x48,0x65,0x1f,0x48,0x65,0x1f,0x48,0x65,0x1f,0x48,0x65,0x1e,0x48,0x64,0x1d,0x40,0x64,0x1b,0x38,0x44,0x18,0x30,0x43,0x15,
    0x28,0x22,0x11,0x20,0x22,0x0e,0x18,0x21,0x0a,0x10,0x01,0x06,0x08,0x00,0x04,0x00,0x00,0x02,0x00,0x00,0x01,0x00,0x00,0x00,
    0x00,0x00,0x00,0x00,0x00,0x00,0x00,0x00,0x00,0x00,0x00,0x00,0x00,0x00,0x00,0x00,0x00,0x00,0x00,0x00,0x00,0x00,0x00,0x00,
    0x00,0x00,0x00,0x00,0x00,0x00,0x00,0x00,0x00,0x00,0x00,0x00,0x00,0x00,0x00,0x00,0x00,0x00,0x00,0x00,0x00,0x00,0x00,0x00,
    0x00,0x00,0x00,0x00,0x00,0x00,0x00,0x00,0x00,0x00,0x00,0x00,0x00,0x00,0x00,0x00,0x00,0x00,0x00,0x00,0x00,0x00,0x00,0x00,
    0x00,0x00,0x00,0x00,0x00,0x00,0x00,0x00,0x00,0x00,0x00,0x00,0x00,0x00,0x00,0x00,0x00,0x00,0x00,0x00,0x00,0x00,0x00,0x00,
    0x00,0x00,0x00,0x00,0x00,0x00,0x00,0x00,0x00,0x00,0x00,0x00,0x00,0x00,0x00,0x00,0x00,0x00,0x00,0x00,0x00,0x00,0x00,0x00,
    0x00,0x00,0x00,0x00,0x00,0x00,0x00,0x00,0x00,0x00,0x00,0x00,0x00,0x00,0x00,0x00,0x00,0x00,0x00,0x00,0x00,0x00,0x00,0x00,
    0x00,0x00,0x00,0x00,0x00,0x00,0x00,0x00,0x01,0x00,0x00,0x02,0x08,0x00,0x04,0x10,0x01,0x07,0x18,0x21,0x0b,0x20,0x22,0x0e,
    0x28,0x43,0x12,0x38,0x43,0x16,0x40,0x44,0x1a,0x48,0x64,0x1d,0x48,0x65,0x1f,0x50,0x65,0x20,0x50,0x65,0x20,0x50,0x65,0x20,
    0x50,0x65,0x20,0x50,0x65,0x20,0x50,0x65,0x20,0x50,0x65,0x20,0x50,0x65,0x20,0x50,0x65,0x20,0x50,0x65,0x20,0x50,0x65,0x20,
    0x50,0x65,0x20,0x50,0x65,0x20,0x50,0x65,0x20,0x50,0x65,0x20,0x50,0x65,0x20,0x50,0x65,0x20,0x50,0x65,0x20,0x50,0x65,0x20,
    0x50,0x65,0x20,0x50,0x65,0x20,0x50,0x65,0x20,0x50,0x65,0x20,0x50,0x65,0x20,0x50,0x65,0x20,0x50,0x65,0x20,0x50,0x65,0x20,
    0x50,0x65,0x20,0x50,0x65,0x20,0x50,0x65,0x20,0x50,0x65,0x20,0x50,0x65,0x20,0x50,0x65,0x20,0x50,0x65,0x20,0x50,0x65,0x20,
    0x50,0x65,0x20,0x50,0x65,0x20,0x50,0x65,0x20,0x50,0x65,0x20,0x50,0x65,0x20,0x50,0x65,0x20,0x50,0x65,0x20,0x50,0x65,0x20,
    0x50,0x65,0x20,0x50,0x65,0x20,0x50,0x65,0x20,0x50,0x65,0x20,0x50,0x65,0x20,0x50,0x65,0x20,0x50,0x65,0x20,0x50,0x65,0x20,
    0x50,0x65,0x20,0x50,0x65,0x20,0x50,0x65,0x20,0x50,0x65,0x20,0x50,0x65,0x20,0x50,0x65,0x20,0x50,0x65,0x20,0x50,0x65,0x20,
    0x50,0x65,0x20,0x50,0x65,0x20,0x50,0x65,0x20,0x50,0x65,0x20,0x48,0x65,0x1f,0x48,0x64,0x1d,0x40,0x44,0x1a,0x38,0x43,0x16,
    0x28,0x43,0x12,0x20,0x22,0x0e,0x18,0x21,0x0b,0x10,0x01,0x07,0x08,0x00,0x04,0x00,0x00,0x02,0x00,0x00,0x01,0x00,0x00,0x00,
    0x00,0x00,0x00,0x00,0x00,0x00,0x00,0x00,0x00,0x00,0x00,0x00,0x00,0x00,0x00,0x00,0x00,0x00,0x00,0x00,0x00,0x00,0x00,0x00,
    0x00,0x00,0x00,0x00,0x00,0x00,0x00,0x00,0x00,0x00,0x00,0x00,0x00,0x00,0x00,0x00,0x00,0x00,0x00,0x00,0x00,0x00,0x00,0x00,
    0x00,0x00,0x00,0x00,0x00,0x00,0x00,0x00,0x00,0x00,0x00,0x00,0x00,0x00,0x00,0x00,0x00,0x00,0x00,0x00,0x00,0x00,0x00,0x00
};
const lv_img_dsc_t ui_img_images_livestreaming_png = {
    .header.always_zero = 0,
    .header.w = 136,
    .header.h = 146,
    .data_size = sizeof(ui_img_images_livestreaming_png_data),
    .header.cf = LV_IMG_CF_TRUE_COLOR_ALPHA,
    .data = ui_img_images_livestreaming_png_data
};
