#include "../ui.h"

#ifndef LV_ATTRIBUTE_MEM_ALIGN
    #define LV_ATTRIBUTE_MEM_ALIGN
#endif

// IMAGE DATA: ui_img_images_settings_png (136x146)
const LV_ATTRIBUTE_MEM_ALIGN uint8_t ui_img_images_settings_png_data[] = {
    0x00,0x00,0x00,0x00,0x00,0x00,0x00,0x00,0x00,0x00,0x00,0x00,0x00,0x00,0x00,0x00,0x00,0x00,0x00,0x00,0x00,0x00,0x00,0x00,
    0x00,0x00,0x00,0x00,0x00,0x00,0x00,0x00,0x00,0x00,0x00,0x00,0x00,0x00,0x00,0x00,0x00,0x00,0x00,0x00,0x00,0x00,0x00,0x00,
    0x00,0x00,0x02,0x00,0x20,0x04,0x08,0x41,0x07,0x08,0x62,0x0c,0x10,0xa3,0x12,0x19,0x04,0x1a,0x21,0x45,0x21,0x29,0x86,0x28,
    0x31,0xc7,0x2f,0x39,0xe8,0x33,0x3a,0x09,0x37,0x42,0x29,0x3a,0x42,0x29,0x3a,0x42,0x49,0x3b,0x42,0x49,0x3b,0x42,0x49,0x3b,
    0x42,0x49,0x3b,0x42,0x49,0x3b,0x42,0x49,0x3b,0x42,0x49,0x3b,0x42,0x49,0x3b,0x42,0x49,0x3b,0x42,0x49,0x3b,0x42,0x49,0x3b,
    0x42,0x49,0x3b,0x42,0x49,0x3b,0x42,0x49,0x3b,0x42,0x49,0x3b,0x42,0x49,0x3b,0x42,0x49,0x3b,0x42,0x49,0x3b,0x42,0x49,0x3b,
    0x42,0x49,0x3b,0x42,0x49,0x3b,0x42,0x49,0x3b,0x42,0x49,0x3b,0x42,0x49,0x3b,0x42,0x49,0x3b,0x42,0x49,0x3b,0x42,0x49,0x3b,
    0x42,0x49,0x3b,0x42,0x49,0x3b,0x42,0x49,0x3b,0x42,0x49,0x3b,0x42,0x49,0x3b,0x42,0x49,0x3b,0x42,0x49,0x3b,0x42,0x49,0x3b,
    0x42,0x49,0x3b,0x42,0x49,0x3b,0x42,0x49,0x3b,0x42,0x49,0x3b,0x42,0x49,0x3b,0x42,0x49,0x3b,0x42,0x49,0x3b,0x42,0x49,0x3b,
    0x42,0x49,0x3b,0x42,0x49,0x3b,0x42,0x49,0x3b,0x42,0x49,0x3b,0x42,0x49,0x3b,0x42,0x49,0x3b,0x42,0x49,0x3b,0x42,0x49,0x3b,
    0x42,0x49,0x3b,0x42,0x49,0x3b,0x42,0x49,0x3b,0x42,0x49,0x3b,0x42,0x49,0x3b,0x42,0x49,0x3b,0x42,0x49,0x3b,0x42,0x49,0x3b,
    0x42,0x49,0x3b,0x42,0x49,0x3b,0x42,0x49,0x3b,0x42,0x49,0x3b,0x42,0x49,0x3b,0x42,0x49,0x3b,0x42,0x49,0x3b,0x42,0x49,0x3b,
    0x42,0x49,0x3b,0x42,0x49,0x3b,0x42,0x49,0x3b,0x42,0x49,0x3b,0x42,0x49,0x3b,0x42,0x49,0x3b,0x42,0x49,0x3b,0x42,0x49,0x3b,
    0x42,0x49,0x3b,0x42,0x49,0x3b,0x42,0x49,0x3b,0x42,0x49,0x3b,0x42,0x29,0x3a,0x42,0x29,0x3a,0x3a,0x09,0x37,0x39,0xe8,0x33,
    0x31,0xc7,0x2f,0x29,0x86,0x28,0x21,0x45,0x21,0x19,0x04,0x1a,0x10,0xa3,0x12,0x08,0x62,0x0c,0x08,0x41,0x07,0x00,0x20,0x04,
    0x00,0x00,0x02,0x00,0x00,0x00,0x00,0x00,0x00,0x00,0x00,0x00,0x00,0x00,0x00,0x00,0x00,0x00,0x00,0x00,0x00,0x00,0x00,0x00,
    0x00,0x00,0x00,0x00,0x00,0x00,0x00,0x00,0x00,0x00,0x00,0x00,0x00,0x00,0x00,0x00,0x00,0x00,0x00,0x00,0x00,0x00,0x00,0x00,
    0x00,0x00,0x00,0x00,0x00,0x00,0x00,0x00,0x00,0x00,0x00,0x00,0x00,0x00,0x00,0x00,0x00,0x00,0x00,0x00,0x00,0x00,0x00,0x00,
    0x00,0x00,0x00,0x00,0x00,0x00,0x00,0x00,0x00,0x00,0x00,0x00,0x00,0x00,0x00,0x00,0x00,0x00,0x00,0x00,0x00,0x00,0x00,0x01,
    0x00,0x00,0x02,0x00,0x20,0x05,0x08,0x41,0x08,0x08,0x82,0x0d,0x10,0xc3,0x13,0x19,0x04,0x1b,0x21,0x45,0x22,0x29,0xa7,0x2a,
    0x31,0xc8,0x31,0x3a,0x09,0x36,0x42,0x29,0x39,0x42,0x4a,0x3c,0x42,0x4a,0x3c,0x42,0x4a,0x3d,0x42,0x4a,0x3d,0x42,0x4a,0x3d,
    0x42,0x4a,0x3d,0x42,0x4a,0x3d,0x42,0x4a,0x3d,0x42,0x4a,0x3d,0x42,0x4a,0x3d,0x42,0x4a,0x3d,0x42,0x4a,0x3d,0x42,0x4a,0x3d,
    0x42,0x4a,0x3d,0x42,0x4a,0x3d,0x42,0x4a,0x3d,0x42,0x4a,0x3d,0x42,0x4a,0x3d,0x42,0x4a,0x3d,0x42,0x4a,0x3d,0x42,0x4a,0x3d,
    0x42,0x4a,0x3d,0x42,0x4a,0x3d,0x42,0x4a,0x3d,0x42,0x4a,0x3d,0x42,0x4a,0x3d,0x42,0x4a,0x3d,0x42,0x4a,0x3d,0x42,0x4a,0x3d,
    0x42,0x4a,0x3d,0x42,0x4a,0x3d,0x42,0x4a,0x3d,0x42,0x4a,0x3d,0x42,0x4a,0x3d,0x42,0x4a,0x3d,0x42,0x4a,0x3d,0x42,0x4a,0x3d,
    0x42,0x4a,0x3d,0x42,0x4a,0x3d,0x42,0x4a,0x3d,0x42,0x4a,0x3d,0x42,0x4a,0x3d,0x42,0x4a,0x3d,0x42,0x4a,0x3d,0x42,0x4a,0x3d,
    0x42,0x4a,0x3d,0x42,0x4a,0x3d,0x42,0x4a,0x3d,0x42,0x4a,0x3d,0x42,0x4a,0x3d,0x42,0x4a,0x3d,0x42,0x4a,0x3d,0x42,0x4a,0x3d,
    0x42,0x4a,0x3d,0x42,0x4a,0x3d,0x42,0x4a,0x3d,0x42,0x4a,0x3d,0x42,0x4a,0x3d,0x42,0x4a,0x3d,0x42,0x4a,0x3d,0x42,0x4a,0x3d,
    0x42,0x4a,0x3d,0x42,0x4a,0x3d,0x42,0x4a,0x3d,0x42,0x4a,0x3d,0x42,0x4a,0x3d,0x42,0x4a,0x3d,0x42,0x4a,0x3d,0x42,0x4a,0x3d,
    0x42,0x4a,0x3d,0x42,0x4a,0x3d,0x42,0x4a,0x3d,0x42,0x4a,0x3d,0x42,0x4a,0x3d,0x42,0x4a,0x3d,0x42,0x4a,0x3d,0x42,0x4a,0x3d,
    0x42,0x4a,0x3d,0x42,0x4a,0x3d,0x42,0x4a,0x3d,0x42,0x4a,0x3d,0x42,0x4a,0x3c,0x42,0x4a,0x3c,0x42,0x29,0x39,0x3a,0x09,0x36,
    0x31,0xc8,0x31,0x29,0xa7,0x2a,0x21,0x45,0x22,0x19,0x04,0x1b,0x10,0xc3,0x13,0x08,0x82,0x0d,0x08,0x41,0x08,0x00,0x20,0x05,
    0x00,0x00,0x02,0x00,0x00,0x01,0x00,0x00,0x00,0x00,0x00,0x00,0x00,0x00,0x00,0x00,0x00,0x00,0x00,0x00,0x00,0x00,0x00,0x00,
    0x00,0x00,0x00,0x00,0x00,0x00,0x00,0x00,0x00,0x00,0x00,0x00,0x00,0x00,0x00,0x00,0x00,0x00,0x00,0x00,0x00,0x00,0x00,0x00,
    0x00,0x00,0x00,0x00,0x00,0x00,0x00,0x00,0x00,0x00,0x00,0x00,0x00,0x00,0x00,0x00,0x00,0x00,0x00,0x00,0x00,0x00,0x00,0x00,
    0x00,0x00,0x00,0x00,0x00,0x00,0x00,0x00,0x00,0x00,0x00,0x00,0x00,0x00,0x00,0x29,0x86,0xc8,0x29,0x86,0xc8,0x29,0x86,0xc8,
    0x29,0x86,0xc8,0x29,0x66,0xc9,0x29,0x66,0xca,0x29,0x66,0xcb,0x29,0x66,0xcc,0x29,0x66,0xce,0x29,0x66,0xd0,0x29,0x86,0xd1,
    0x29,0x87,0xd3,0x31,0xa7,0xd4,0x31,0xa7,0xd5,0x31,0xa7,0xd5,0x31,0xc7,0xd5,0x31,0xc7,0xd5,0x31,0xc7,0xd5,0x31,0xc7,0xd5,
    0x31,0xc7,0xd5,0x31,0xc7,0xd5,0x31,0xc7,0xd5,0x31,0xc7,0xd5,0x31,0xc7,0xd5,0x31,0xc7,0xd5,0x31,0xc7,0xd5,0x31,0xc7,0xd5,
    0x31,0xc7,0xd5,0x31,0xc7,0xd5,0x31,0xc7,0xd5,0x31,0xc7,0xd5,0x31,0xc7,0xd5,0x31,0xc7,0xd5,0x31,0xc7,0xd5,0x31,0xc7,0xd5,
    0x31,0xc7,0xd5,0x31,0xc7,0xd5,0x31,0xc7,0xd5,0x31,0xc7,0xd5,0x31,0xc7,0xd5,0x31,0xc7,0xd5,0x31,0xc7,0xd5,0x31,0xc7,0xd5,
    0x31,0xc7,0xd5,0x31,0xc7,0xd5,0x31,0xc7,0xd5,0x31,0xc7,0xd5,0x31,0xc7,0xd5,0x31,0xc7,0xd5,0x31,0xc7,0xd5,0x31,0xc7,0xd5,
    0x31,0xc7,0xd5,0x31,0xc7,0xd5,0x31,0xc7,0xd5,0x31,0xc7,0xd5,0x31,0xc7,0xd5,0x31,0xc7,0xd5,0x31,0xc7,0xd5,0x31,0xc7,0xd5,
    0x31,0xc7,0xd5,0x31,0xc7,0xd5,0x31,0xc7,0xd5,0x31,0xc7,0xd5,0x31,0xc7,0xd5,0x31,0xc7,0xd5,0x31,0xc7,0xd5,0x31,0xc7,0xd5,
    0x31,0xc7,0xd5,0x31,0xc7,0xd5,0x31,0xc7,0xd5,0x31,0xc7,0xd5,0x31,0xc7,0xd5,0x31,0xc7,0xd5,0x31,0xc7,0xd5,0x31,0xc7,0xd5,
    0x31,0xc7,0xd5,0x31,0xc7,0xd5,0x31,0xc7,0xd5,0x31,0xc7,0xd5,0x31,0xc7,0xd5,0x31,0xc7,0xd5,0x31,0xc7,0xd5,0x31,0xc7,0xd5,
    0x31,0xc7,0xd5,0x31,0xc7,0xd5,0x31,0xc7,0xd5,0x31,0xc7,0xd5,0x31,0xc7,0xd5,0x31,0xc7,0xd5,0x31,0xc7,0xd5,0x31,0xc7,0xd5,
    0x31,0xc7,0xd5,0x31,0xc7,0xd5,0x31,0xc7,0xd5,0x31,0xc7,0xd5,0x31,0xc7,0xd5,0x31,0xa7,0xd5,0x31,0xa7,0xd5,0x31,0xa7,0xd4,
    0x29,0x87,0xd3,0x29,0x86,0xd1,0x29,0x66,0xd0,0x29,0x66,0xce,0x29,0x66,0xcc,0x29,0x66,0xcb,0x29,0x66,0xca,0x29,0x66,0xc9,
    0x29,0x86,0xc8,0x29,0x86,0xc8,0x29,0x86,0xc8,0x00,0x00,0x00,0x00,0x00,0x00,0x00,0x00,0x00,0x00,0x00,0x00,0x00,0x00,0x00,
    0x00,0x00,0x00,0x00,0x00,0x00,0x00,0x00,0x00,0x00,0x00,0x00,0x00,0x00,0x00,0x00,0x00,0x00,0x00,0x00,0x00,0x00,0x00,0x00,
    0x00,0x00,0x00,0x00,0x00,0x00,0x00,0x00,0x00,0x00,0x00,0x00,0x00,0x00,0x00,0x00,0x00,0x00,0x00,0x00,0x00,0x00,0x00,0x00,
    0x00,0x00,0x00,0x00,0x00,0x00,0x29,0x86,0xc8,0x29,0x86,0xc8,0x29,0x86,0xc8,0x08,0x83,0xff,0x08,0x83,0xff,0x08,0x83,0xff,
    0x08,0x83,0xff,0x08,0x83,0xff,0x08,0x83,0xff,0x08,0x83,0xff,0x08,0x83,0xff,0x08,0x83,0xff,0xb6,0x1a,0xff,0xb6,0x1a,0xff,
    0xb6,0x1a,0xff,0xb6,0x1a,0xff,0xb6,0x1a,0xff,0xb6,0x1a,0xff,0xb6,0x1a,0xff,0xb6,0x1a,0xff,0xb6,0x1a,0xff,0xb6,0x1a,0xff,
    0xb6,0x1a,0xff,0xb6,0x1a,0xff,0xb6,0x1a,0xff,0xb6,0x1a,0xff,0xb6,0x1a,0xff,0xb6,0x1a,0xff,0xb6,0x1a,0xff,0xb6,0x1a,0xff,
    0xb6,0x1a,0xff,0xb6,0x1a,0xff,0xb6,0x1a,0xff,0xb6,0x1a,0xff,0xb6,0x1a,0xff,0xb6,0x1a,0xff,0xb6,0x1a,0xff,0xb6,0x1a,0xff,
    0xb6,0x1a,0xff,0xb6,0x1a,0xff,0xb6,0x1a,0xff,0xb6,0x1a,0xff,0xb6,0x1a,0xff,0xb6,0x1a,0xff,0xb6,0x1a,0xff,0xb6,0x1a,0xff,
    0xb6,0x1a,0xff,0xb6,0x1a,0xff,0xb6,0x1a,0xff,0xb6,0x1a,0xff,0xb6,0x1a,0xff,0xb6,0x1a,0xff,0xb6,0x1a,0xff,0xb6,0x1a,0xff,
    0xb6,0x1a,0xff,0xb6,0x1a,0xff,0xb6,0x1a,0xff,0xb6,0x1a,0xff,0xb6,0x1a,0xff,0xb6,0x1a,0xff,0xb6,0x1a,0xff,0xb6,0x1a,0xff,
    0xb6,0x1a,0xff,0xb6,0x1a,0xff,0xb6,0x1a,0xff,0xb6,0x1a,0xff,0xb6,0x1a,0xff,0xb6,0x1a,0xff,0xb6,0x1a,0xff,0xb6,0x1a,0xff,
    0xb6,0x1a,0xff,0xb6,0x1a,0xff,0xb6,0x1a,0xff,0xb6,0x1a,0xff,0xb6,0x1a,0xff,0xb6,0x1a,0xff,0xb6,0x1a,0xff,0xb6,0x1a,0xff,
    0xb6,0x1a,0xff,0xb6,0x1a,0xff,0xb6,0x1a,0xff,0xb6,0x1a,0xff,0xb6,0x1a,0xff,0xb6,0x1a,0xff,0xb6,0x1a,0xff,0xb6,0x1a,0xff,
    0xb6,0x1a,0xff,0xb6,0x1a,0xff,0xb6,0x1a,0xff,0xb6,0x1a,0xff,0xb6,0x1a,0xff,0xb6,0x1a,0xff,0xb6,0x1a,0xff,0xb6,0x1a,0xff,
    0xb6,0x1a,0xff,0xb6,0x1a,0xff,0xb6,0x1a,0xff,0xb6,0x1a,0xff,0xb6,0x1a,0xff,0xb6,0x1a,0xff,0xb6,0x1a,0xff,0xb6,0x1a,0xff,
    0xb6,0x1a,0xff,0xb6,0x1a,0xff,0xb6,0x1a,0xff,0x08,0x83,0xff,0x08,0x83,0xff,0x08,0x83,0xff,0x08,0x83,0xff,0x08,0x83,0xff,
    0x08,0x83,0xff,0x08,0x83,0xff,0x08,0x83,0xff,0x29,0x86,0xc8,0x29,0x86,0xc8,0x29,0x86,0xc8,0x00,0x00,0x00,0x00,0x00,0x00,
    0x00,0x00,0x00,0x00,0x00,0x00,0x00,0x00,0x00,0x00,0x00,0x00,0x00,0x00,0x00,0x00,0x00,0x00,0x00,0x00,0x00,0x00,0x00,0x00,
    0x00,0x00,0x00,0x00,0x00,0x00,0x00,0x00,0x00,0x00,0x00,0x00,0x00,0x00,0x00,0x00,0x00,0x00,0x00,0x00,0x00,0x00,0x00,0x00,
    0x00,0x00,0x00,0x29,0x86,0xc8,0x08,0x83,0xff,0x08,0x83,0xff,0x08,0x83,0xff,0x08,0x83,0xff,0x08,0x83,0xff,0x08,0x83,0xff,
    0x08,0x83,0xff,0x08,0x83,0xff,0x08,0x83,0xff,0x08,0x83,0xff,0x08,0x83,0xff,0x08,0x83,0xff,0x08,0xa3,0xff,0x10,0xa3,0xff,
    0x10,0xc3,0xff,0x10,0xc4,0xff,0x10,0xc4,0xff,0x10,0xe4,0xff,0x10,0xe4,0xff,0x18,0xe4,0xff,0x18,0xe4,0xff,0x18,0xe4,0xff,
    0x18,0xe4,0xff,0x18,0xe4,0xff,0x18,0xe4,0xff,0x18,0xe4,0xff,0x18,0xe4,0xff,0x18,0xe4,0xff,0x18,0xe4,0xff,0x18,0xe4,0xff,
    0x18,0xe4,0xff,0x18,0xe4,0xff,0x18,0xe4,0xff,0x18,0xe4,0xff,0x18,0xe4,0xff,0x18,0xe4,0xff,0x18,0xe4,0xff,0x18,0xe4,0xff,
    0x18,0xe4,0xff,0x18,0xe4,0xff,0x18,0xe4,0xff,0x18,0xe4,0xff,0x18,0xe4,0xff,0x18,0xe4,0xff,0x18,0xe4,0xff,0x18,0xe4,0xff,
    0x18,0xe4,0xff,0x18,0xe4,0xff,0x18,0xe4,0xff,0x18,0xe4,0xff,0x18,0xe4,0xff,0x18,0xe4,0xff,0x18,0xe4,0xff,0x18,0xe4,0xff,
    0x18,0xe4,0xff,0x18,0xe4,0xff,0x18,0xe4,0xff,0x18,0xe4,0xff,0x18,0xe4,0xff,0x18,0xe4,0xff,0x18,0xe4,0xff,0x18,0xe4,0xff,
    0x18,0xe4,0xff,0x18,0xe4,0xff,0x18,0xe4,0xff,0x18,0xe4,0xff,0x18,0xe4,0xff,0x18,0xe4,0xff,0x18,0xe4,0xff,0x18,0xe4,0xff,
    0x18,0xe4,0xff,0x18,0xe4,0xff,0x18,0xe4,0xff,0x18,0xe4,0xff,0x18,0xe4,0xff,0x18,0xe4,0xff,0x18,0xe4,0xff,0x18,0xe4,0xff,
    0x18,0xe4,0xff,0x18,0xe4,0xff,0x18,0xe4,0xff,0x18,0xe4,0xff,0x18,0xe4,0xff,0x18,0xe4,0xff,0x18,0xe4,0xff,0x18,0xe4,0xff,
    0x18,0xe4,0xff,0x18,0xe4,0xff,0x18,0xe4,0xff,0x18,0xe4,0xff,0x18,0xe4,0xff,0x18,0xe4,0xff,0x18,0xe4,0xff,0x18,0xe4,0xff,
    0x18,0xe4,0xff,0x18,0xe4,0xff,0x18,0xe4,0xff,0x18,0xe4,0xff,0x10,0xe4,0xff,0x10,0xe4,0xff,0x10,0xc4,0xff,0x10,0xc4,0xff,
    0x10,0xc3,0xff,0x10,0xa3,0xff,0x08,0xa3,0xff,0x08,0x83,0xff,0x08,0x83,0xff,0x08,0x83,0xff,0x08,0x83,0xff,0x08,0x83,0xff,
    0x08,0x83,0xff,0x08,0x83,0xff,0x08,0x83,0xff,0x08,0x83,0xff,0x08,0x83,0xff,0x08,0x83,0xff,0x29,0x86,0xc8,0x00,0x00,0x00,
    0x00,0x00,0x00,0x00,0x00,0x00,0x00,0x00,0x00,0x00,0x00,0x00,0x00,0x00,0x00,0x00,0x00,0x00,0x00,0x00,0x00,0x00,0x00,0x00,
    0x00,0x00,0x00,0x00,0x00,0x00,0x00,0x00,0x00,0x00,0x00,0x00,0x00,0x00,0x00,0x00,0x00,0x00,0x00,0x00,0x00,0x29,0x86,0xc8,
    0x29,0x86,0xc8,0x08,0x83,0xff,0x08,0x83,0xff,0x08,0x83,0xff,0x08,0x83,0xff,0x08,0x83,0xff,0x08,0x83,0xff,0x08,0x83,0xff,
    0x08,0x83,0xff,0x08,0x83,0xff,0x08,0x83,0xff,0x08,0x83,0xff,0x08,0x83,0xff,0x08,0x83,0xff,0x08,0x83,0xff,0x08,0xa3,0xff,
    0x10,0xa3,0xff,0x10,0xa3,0xff,0x10,0xc3,0xff,0x10,0xc4,0xff,0x10,0xc4,0xff,0x10,0xc4,0xff,0x10,0xc4,0xff,0x10,0xc4,0xff,
    0x10,0xc4,0xff,0x10,0xc4,0xff,0x10,0xc4,0xff,0x10,0xc4,0xff,0x10,0xc4,0xff,0x10,0xc4,0xff,0x10,0xc4,0xff,0x10,0xc4,0xff,
    0x10,0xc4,0xff,0x10,0xc4,0xff,0x10,0xc4,0xff,0x10,0xc4,0xff,0x10,0xc4,0xff,0x10,0xc4,0xff,0x10,0xc4,0xff,0x10,0xc4,0xff,
    0x10,0xc4,0xff,0x10,0xc4,0xff,0x10,0xc4,0xff,0x10,0xc4,0xff,0x10,0xc4,0xff,0x10,0xc4,0xff,0x10,0xc4,0xff,0x10,0xc4,0xff,
    0x10,0xc4,0xff,0x10,0xc4,0xff,0x10,0xc4,0xff,0x10,0xc4,0xff,0x10,0xc4,0xff,0x10,0xc4,0xff,0x10,0xc4,0xff,0x10,0xc4,0xff,
    0x10,0xc4,0xff,0x10,0xc4,0xff,0x10,0xc4,0xff,0x10,0xc4,0xff,0x10,0xc4,0xff,0x10,0xc4,0xff,0x10,0xc4,0xff,0x10,0xc4,0xff,
    0x10,0xc4,0xff,0x10,0xc4,0xff,0x10,0xc4,0xff,0x10,0xc4,0xff,0x10,0xc4,0xff,0x10,0xc4,0xff,0x10,0xc4,0xff,0x10,0xc4,0xff,
    0x10,0xc4,0xff,0x10,0xc4,0xff,0x10,0xc4,0xff,0x10,0xc4,0xff,0x10,0xc4,0xff,0x10,0xc4,0xff,0x10,0xc4,0xff,0x10,0xc4,0xff,
    0x10,0xc4,0xff,0x10,0xc4,0xff,0x10,0xc4,0xff,0x10,0xc4,0xff,0x10,0xc4,0xff,0x10,0xc4,0xff,0x10,0xc4,0xff,0x10,0xc4,0xff,
    0x10,0xc4,0xff,0x10,0xc4,0xff,0x10,0xc4,0xff,0x10,0xc4,0xff,0x10,0xc4,0xff,0x10,0xc4,0xff,0x10,0xc4,0xff,0x10,0xc4,0xff,
    0x10,0xc4,0xff,0x10,0xc4,0xff,0x10,0xc4,0xff,0x10,0xc4,0xff,0x10,0xc4,0xff,0x10,0xc4,0xff,0x10,0xc3,0xff,0x10,0xa3,0xff,
    0x10,0xa3,0xff,0x08,0xa3,0xff,0x08,0x83,0xff,0x08,0x83,0xff,0x08,0x83,0xff,0x08,0x83,0xff,0x08,0x83,0xff,0x08,0x83,0xff,
    0x08,0x83,0xff,0x08,0x83,0xff,0x08,0x83,0xff,0x08,0x83,0xff,0x08,0x83,0xff,0x08,0x83,0xff,0x08,0x83,0xff,0x29,0x86,0xc8,
    0x29,0x86,0xc8,0x00,0x00,0x00,0x00,0x00,0x00,0x00,0x00,0x00,0x00,0x00,0x00,0x00,0x00,0x00,0x00,0x00,0x00,0x00,0x00,0x00,
    0x00,0x00,0x00,0x00,0x00,0x00,0x00,0x00,0x00,0x00,0x00,0x00,0x00,0x00,0x00,0x00,0x00,0x00,0x29,0x86,0xc8,0x08,0x83,0xff,
    0x08,0x83,0xff,0x08,0x83,0xff,0x08,0x83,0xff,0x08,0x83,0xff,0x08,0x83,0xff,0x08,0x83,0xff,0x08,0x83,0xff,0x08,0x83,0xff,
    0x08,0x83,0xff,0x08,0x83,0xff,0x08,0x83,0xff,0x08,0x83,0xff,0x08,0x83,0xff,0x08,0x83,0xff,0x08,0x83,0xff,0x08,0x83,0xff,
    0x08,0xa3,0xff,0x10,0xa3,0xff,0x10,0xa3,0xff,0x10,0xa3,0xff,0x10,0xa3,0xff,0x10,0xa3,0xff,0x10,0xa3,0xff,0x10,0xa3,0xff,
    0x10,0xa3,0xff,0x10,0xa3,0xff,0x10,0xa3,0xff,0x10,0xa3,0xff,0x10,0xa3,0xff,0x10,0xa3,0xff,0x10,0xa3,0xff,0x10,0xa3,0xff,
    0x10,0xa3,0xff,0x10,0xa3,0xff,0x10,0xa3,0xff,0x10,0xa3,0xff,0x10,0xa3,0xff,0x10,0xa3,0xff,0x10,0xa3,0xff,0x10,0xa3,0xff,
    0x10,0xa3,0xff,0x10,0xa3,0xff,0x10,0xa3,0xff,0x10,0xa3,0xff,0x10,0xa3,0xff,0x10,0xa3,0xff,0x10,0xa3,0xff,0x10,0xa3,0xff,
    0x10,0xa3,0xff,0x10,0xa3,0xff,0x10,0xa3,0xff,0x10,0xa3,0xff,0x10,0xa3,0xff,0x10,0xa3,0xff,0x10,0xa3,0xff,0x10,0xa3,0xff,
    0x10,0xa3,0xff,0x10,0xa3,0xff,0x10,0xa3,0xff,0x10,0xa3,0xff,0x10,0xa3,0xff,0x10,0xa3,0xff,0x10,0xa3,0xff,0x10,0xa3,0xff,
    0x10,0xa3,0xff,0x10,0xa3,0xff,0x10,0xa3,0xff,0x10,0xa3,0xff,0x10,0xa3,0xff,0x10,0xa3,0xff,0x10,0xa3,0xff,0x10,0xa3,0xff,
    0x10,0xa3,0xff,0x10,0xa3,0xff,0x10,0xa3,0xff,0x10,0xa3,0xff,0x10,0xa3,0xff,0x10,0xa3,0xff,0x10,0xa3,0xff,0x10,0xa3,0xff,
    0x10,0xa3,0xff,0x10,0xa3,0xff,0x10,0xa3,0xff,0x10,0xa3,0xff,0x10,0xa3,0xff,0x10,0xa3,0xff,0x10,0xa3,0xff,0x10,0xa3,0xff,
    0x10,0xa3,0xff,0x10,0xa3,0xff,0x10,0xa3,0xff,0x10,0xa3,0xff,0x10,0xa3,0xff,0x10,0xa3,0xff,0x10,0xa3,0xff,0x10,0xa3,0xff,
    0x10,0xa3,0xff,0x10,0xa3,0xff,0x10,0xa3,0xff,0x10,0xa3,0xff,0x10,0xa3,0xff,0x10,0xa3,0xff,0x10,0xa3,0xff,0x10,0xa3,0xff,
    0x08,0xa3,0xff,0x08,0x83,0xff,0x08,0x83,0xff,0x08,0x83,0xff,0x08,0x83,0xff,0x08,0x83,0xff,0x08,0x83,0xff,0x08,0x83,0xff,
    0x08,0x83,0xff,0x08,0x83,0xff,0x08,0x83,0xff,0x08,0x83,0xff,0x08,0x83,0xff,0x08,0x83,0xff,0x08,0x83,0xff,0x08,0x83,0xff,
    0x08,0x83,0xff,0x29,0x86,0xc8,0x00,0x00,0x00,0x00,0x00,0x00,0x00,0x00,0x00,0x00,0x00,0x00,0x00,0x00,0x00,0x00,0x00,0x00,
    0x00,0x00,0x00,0x00,0x00,0x00,0x00,0x00,0x00,0x00,0x00,0x00,0x00,0x00,0x00,0x29,0x86,0xc8,0x08,0x83,0xff,0x08,0x83,0xff,
    0x08,0x83,0xff,0x08,0x83,0xff,0x08,0x83,0xff,0x08,0x83,0xff,0x08,0x83,0xff,0x08,0x83,0xff,0x08,0x83,0xff,0x08,0x83,0xff,
    0x08,0x83,0xff,0x08,0x83,0xff,0x08,0x83,0xff,0x08,0x83,0xff,0x08,0x83,0xff,0x08,0x83,0xff,0x08,0x83,0xff,0x08,0x83,0xff,
    0x08,0x83,0xff,0x08,0x83,0xff,0x08,0x83,0xff,0x08,0x83,0xff,0x08,0x83,0xff,0x08,0x83,0xff,0x08,0x83,0xff,0x08,0x83,0xff,
    0x08,0x83,0xff,0x08,0x83,0xff,0x08,0x83,0xff,0x08,0x83,0xff,0x08,0x83,0xff,0x08,0x83,0xff,0x08,0x83,0xff,0x08,0x83,0xff,
    0x08,0x83,0xff,0x08,0x83,0xff,0x08,0x83,0xff,0x08,0x83,0xff,0x08,0x83,0xff,0x08,0x83,0xff,0x08,0x83,0xff,0x08,0x83,0xff,
    0x08,0x83,0xff,0x08,0x83,0xff,0x08,0x83,0xff,0x08,0x83,0xff,0x08,0x83,0xff,0x08,0x83,0xff,0x08,0x83,0xff,0x08,0x83,0xff,
    0x08,0x83,0xff,0x08,0x83,0xff,0x08,0x83,0xff,0x08,0x83,0xff,0x08,0x83,0xff,0x08,0x83,0xff,0x08,0x83,0xff,0x08,0x83,0xff,
    0x08,0x83,0xff,0x08,0x83,0xff,0x08,0x83,0xff,0x08,0x83,0xff,0x08,0x83,0xff,0x08,0x83,0xff,0x08,0x83,0xff,0x08,0x83,0xff,
    0x08,0x83,0xff,0x08,0x83,0xff,0x08,0x83,0xff,0x08,0x83,0xff,0x08,0x83,0xff,0x08,0x83,0xff,0x08,0x83,0xff,0x08,0x83,0xff,
    0x08,0x83,0xff,0x08,0x83,0xff,0x08,0x83,0xff,0x08,0x83,0xff,0x08,0x83,0xff,0x08,0x83,0xff,0x08,0x83,0xff,0x08,0x83,0xff,
    0x08,0x83,0xff,0x08,0x83,0xff,0x08,0x83,0xff,0x08,0x83,0xff,0x08,0x83,0xff,0x08,0x83,0xff,0x08,0x83,0xff,0x08,0x83,0xff,
    0x08,0x83,0xff,0x08,0x83,0xff,0x08,0x83,0xff,0x08,0x83,0xff,0x08,0x83,0xff,0x08,0x83,0xff,0x08,0x83,0xff,0x08,0x83,0xff,
    0x08,0x83,0xff,0x08,0x83,0xff,0x08,0x83,0xff,0x08,0x83,0xff,0x08,0x83,0xff,0x08,0x83,0xff,0x08,0x83,0xff,0x08,0x83,0xff,
    0x08,0x83,0xff,0x08,0x83,0xff,0x08,0x83,0xff,0x08,0x83,0xff,0x08,0x83,0xff,0x08,0x83,0xff,0x08,0x83,0xff,0x08,0x83,0xff,
    0x08,0x83,0xff,0x08,0x83,0xff,0x08,0x83,0xff,0x08,0x83,0xff,0x08,0x83,0xff,0x08,0x83,0xff,0x08,0x83,0xff,0x08,0x83,0xff,
    0x08,0x83,0xff,0x08,0x83,0xff,0x29,0x86,0xc8,0x00,0x00,0x00,0x00,0x00,0x00,0x00,0x00,0x00,0x00,0x00,0x00,0x00,0x00,0x00,
    0x00,0x00,0x00,0x00,0x00,0x00,0x00,0x00,0x00,0x00,0x00,0x00,0x00,0x00,0x00,0x29,0x86,0xc8,0x08,0x83,0xff,0x08,0x83,0xff,
    0x08,0x83,0xff,0x08,0x83,0xff,0x08,0x83,0xff,0x08,0x83,0xff,0x08,0x83,0xff,0x08,0x83,0xff,0x08,0x83,0xff,0x08,0x83,0xff,
    0x08,0x83,0xff,0x08,0x83,0xff,0x08,0x83,0xff,0x08,0x83,0xff,0x08,0x83,0xff,0x08,0x83,0xff,0x08,0x83,0xff,0x08,0x83,0xff,
    0x08,0x83,0xff,0x08,0x83,0xff,0x08,0x83,0xff,0x08,0x83,0xff,0x08,0x83,0xff,0x08,0x83,0xff,0x08,0x83,0xff,0x08,0x83,0xff,
    0x08,0x83,0xff,0x08,0x83,0xff,0x08,0x83,0xff,0x08,0x83,0xff,0x08,0x83,0xff,0x08,0x83,0xff,0x08,0x83,0xff,0x08,0x83,0xff,
    0x08,0x83,0xff,0x08,0x83,0xff,0x08,0x83,0xff,0x08,0x83,0xff,0x08,0x83,0xff,0x08,0x83,0xff,0x08,0x83,0xff,0x08,0x83,0xff,
    0x08,0x83,0xff,0x08,0x83,0xff,0x08,0x83,0xff,0x08,0x83,0xff,0x08,0x83,0xff,0x08,0x83,0xff,0x08,0x83,0xff,0x08,0x83,0xff,
    0x08,0x83,0xff,0x08,0x83,0xff,0x08,0x83,0xff,0x08,0x83,0xff,0x08,0x83,0xff,0x08,0x83,0xff,0x08,0x83,0xff,0x08,0x83,0xff,
    0x08,0x83,0xff,0x08,0x83,0xff,0x08,0x83,0xff,0x08,0x83,0xff,0x08,0x83,0xff,0x08,0x83,0xff,0x08,0x83,0xff,0x08,0x83,0xff,
    0x08,0x83,0xff,0x08,0x83,0xff,0x08,0x83,0xff,0x08,0x83,0xff,0x08,0x83,0xff,0x08,0x83,0xff,0x08,0x83,0xff,0x08,0x83,0xff,
    0x08,0x83,0xff,0x08,0x83,0xff,0x08,0x83,0xff,0x08,0x83,0xff,0x08,0x83,0xff,0x08,0x83,0xff,0x08,0x83,0xff,0x08,0x83,0xff,
    0x08,0x83,0xff,0x08,0x83,0xff,0x08,0x83,0xff,0x08,0x83,0xff,0x08,0x83,0xff,0x08,0x83,0xff,0x08,0x83,0xff,0x08,0x83,0xff,
    0x08,0x83,0xff,0x08,0x83,0xff,0x08,0x83,0xff,0x08,0x83,0xff,0x08,0x83,0xff,0x08,0x83,0xff,0x08,0x83,0xff,0x08,0x83,0xff,
    0x08,0x83,0xff,0x08,0x83,0xff,0x08,0x83,0xff,0x08,0x83,0xff,0x08,0x83,0xff,0x08,0x83,0xff,0x08,0x83,0xff,0x08,0x83,0xff,
    0x08,0x83,0xff,0x08,0x83,0xff,0x08,0x83,0xff,0x08,0x83,0xff,0x08,0x83,0xff,0x08,0x83,0xff,0x08,0x83,0xff,0x08,0x83,0xff,
    0x08,0x83,0xff,0x08,0x83,0xff,0x08,0x83,0xff,0x08,0x83,0xff,0x08,0x83,0xff,0x08,0x83,0xff,0x08,0x83,0xff,0x08,0x83,0xff,
    0x08,0x83,0xff,0x08,0x83,0xff,0x29,0x86,0xc8,0x00,0x00,0x00,0x00,0x00,0x00,0x00,0x00,0x00,0x00,0x00,0x00,0x00,0x00,0x00,
    0x00,0x00,0x00,0x00,0x00,0x00,0x00,0x00,0x00,0x00,0x00,0x00,0x29,0x86,0xc8,0x08,0x83,0xff,0x08,0x83,0xff,0x08,0x83,0xff,
    0x08,0x83,0xff,0x08,0x83,0xff,0x08,0x83,0xff,0x08,0x83,0xff,0x08,0x83,0xff,0x08,0x83,0xff,0x08,0x83,0xff,0x08,0x83,0xff,
    0x08,0x83,0xff,0x08,0x83,0xff,0x08,0x83,0xff,0x08,0x83,0xff,0x08,0x83,0xff,0x08,0x83,0xff,0x08,0x83,0xff,0x08,0x83,0xff,
    0x08,0x83,0xff,0x08,0x83,0xff,0x08,0x83,0xff,0x08,0x83,0xff,0x08,0x83,0xff,0x08,0x83,0xff,0x08,0x83,0xff,0x08,0x83,0xff,
    0x08,0x83,0xff,0x08,0x83,0xff,0x08,0x83,0xff,0x08,0x83,0xff,0x08,0x83,0xff,0x08,0x83,0xff,0x08,0x83,0xff,0x08,0x83,0xff,
    0x08,0x83,0xff,0x08,0x83,0xff,0x08,0x83,0xff,0x08,0x83,0xff,0x08,0x83,0xff,0x08,0x83,0xff,0x08,0x83,0xff,0x08,0x83,0xff,
    0x08,0x83,0xff,0x08,0x83,0xff,0x08,0x83,0xff,0x08,0x83,0xff,0x08,0x83,0xff,0x08,0x83,0xff,0x08,0x83,0xff,0x08,0x83,0xff,
    0x08,0x83,0xff,0x08,0x83,0xff,0x08,0x83,0xff,0x08,0x83,0xff,0x08,0x83,0xff,0x08,0x83,0xff,0x08,0x83,0xff,0x08,0x83,0xff,
    0x08,0x83,0xff,0x08,0x83,0xff,0x08,0x83,0xff,0x08,0x83,0xff,0x08,0x83,0xff,0x08,0x83,0xff,0x08,0x83,0xff,0x08,0x83,0xff,
    0x08,0x83,0xff,0x08,0x83,0xff,0x08,0x83,0xff,0x08,0x83,0xff,0x08,0x83,0xff,0x08,0x83,0xff,0x08,0x83,0xff,0x08,0x83,0xff,
    0x08,0x83,0xff,0x08,0x83,0xff,0x08,0x83,0xff,0x08,0x83,0xff,0x08,0x83,0xff,0x08,0x83,0xff,0x08,0x83,0xff,0x08,0x83,0xff,
    0x08,0x83,0xff,0x08,0x83,0xff,0x08,0x83,0xff,0x08,0x83,0xff,0x08,0x83,0xff,0x08,0x83,0xff,0x08,0x83,0xff,0x08,0x83,0xff,
    0x08,0x83,0xff,0x08,0x83,0xff,0x08,0x83,0xff,0x08,0x83,0xff,0x08,0x83,0xff,0x08,0x83,0xff,0x08,0x83,0xff,0x08,0x83,0xff,
    0x08,0x83,0xff,0x08,0x83,0xff,0x08,0x83,0xff,0x08,0x83,0xff,0x08,0x83,0xff,0x08,0x83,0xff,0x08,0x83,0xff,0x08,0x83,0xff,
    0x08,0x83,0xff,0x08,0x83,0xff,0x08,0x83,0xff,0x08,0x83,0xff,0x08,0x83,0xff,0x08,0x83,0xff,0x08,0x83,0xff,0x08,0x83,0xff,
    0x08,0x83,0xff,0x08,0x83,0xff,0x08,0x83,0xff,0x08,0x83,0xff,0x08,0x83,0xff,0x08,0x83,0xff,0x08,0x83,0xff,0x08,0x83,0xff,
    0x08,0x83,0xff,0x08,0x83,0xff,0x08,0x83,0xff,0x29,0x86,0xc8,0x00,0x00,0x00,0x00,0x00,0x00,0x00,0x00,0x00,0x00,0x00,0x00,
    0x00,0x00,0x00,0x00,0x00,0x00,0x00,0x00,0x00,0x29,0x86,0xc8,0x08,0x83,0xff,0x08,0x83,0xff,0x08,0x83,0xff,0x08,0x83,0xff,
    0x08,0x83,0xff,0x08,0x83,0xff,0x08,0x83,0xff,0x08,0x83,0xff,0x08,0x83,0xff,0x08,0x83,0xff,0x08,0x83,0xff,0x08,0x83,0xff,
    0x08,0x83,0xff,0x08,0x83,0xff,0x08,0x83,0xff,0x08,0x83,0xff,0x08,0x83,0xff,0x08,0x83,0xff,0x08,0x83,0xff,0x08,0x83,0xff,
    0x08,0x83,0xff,0x08,0x83,0xff,0x08,0x83,0xff,0x08,0x83,0xff,0x08,0x83,0xff,0x08,0x83,0xff,0x08,0x83,0xff,0x08,0x83,0xff,
    0x08,0x83,0xff,0x08,0x83,0xff,0x08,0x83,0xff,0x08,0x83,0xff,0x08,0x83,0xff,0x08,0x83,0xff,0x08,0x83,0xff,0x08,0x83,0xff,
    0x08,0x83,0xff,0x08,0x83,0xff,0x08,0x83,0xff,0x08,0x83,0xff,0x08,0x83,0xff,0x08,0x83,0xff,0x08,0x83,0xff,0x08,0x83,0xff,
    0x08,0x83,0xff,0x08,0x83,0xff,0x08,0x83,0xff,0x08,0x83,0xff,0x08,0x83,0xff,0x08,0x83,0xff,0x08,0x83,0xff,0x08,0x83,0xff,
    0x08,0x83,0xff,0x08,0x83,0xff,0x08,0x83,0xff,0x08,0x83,0xff,0x08,0x83,0xff,0x08,0x83,0xff,0x08,0x83,0xff,0x08,0x83,0xff,
    0x08,0x83,0xff,0x08,0x83,0xff,0x08,0x83,0xff,0x08,0x83,0xff,0x08,0x83,0xff,0x08,0x83,0xff,0x08,0x83,0xff,0x08,0x83,0xff,
    0x08,0x83,0xff,0x08,0x83,0xff,0x08,0x83,0xff,0x08,0x83,0xff,0x08,0x83,0xff,0x08,0x83,0xff,0x08,0x83,0xff,0x08,0x83,0xff,
    0x08,0x83,0xff,0x08,0x83,0xff,0x08,0x83,0xff,0x08,0x83,0xff,0x08,0x83,0xff,0x08,0x83,0xff,0x08,0x83,0xff,0x08,0x83,0xff,
    0x08,0x83,0xff,0x08,0x83,0xff,0x08,0x83,0xff,0x08,0x83,0xff,0x08,0x83,0xff,0x08,0x83,0xff,0x08,0x83,0xff,0x08,0x83,0xff,
    0x08,0x83,0xff,0x08,0x83,0xff,0x08,0x83,0xff,0x08,0x83,0xff,0x08,0x83,0xff,0x08,0x83,0xff,0x08,0x83,0xff,0x08,0x83,0xff,
    0x08,0x83,0xff,0x08,0x83,0xff,0x08,0x83,0xff,0x08,0x83,0xff,0x08,0x83,0xff,0x08,0x83,0xff,0x08,0x83,0xff,0x08,0x83,0xff,
    0x08,0x83,0xff,0x08,0x83,0xff,0x08,0x83,0xff,0x08,0x83,0xff,0x08,0x83,0xff,0x08,0x83,0xff,0x08,0x83,0xff,0x08,0x83,0xff,
    0x08,0x83,0xff,0x08,0x83,0xff,0x08,0x83,0xff,0x08,0x83,0xff,0x08,0x83,0xff,0x08,0x83,0xff,0x08,0x83,0xff,0x08,0x83,0xff,
    0x08,0x83,0xff,0x08,0x83,0xff,0x08,0x83,0xff,0x08,0x83,0xff,0x29,0x86,0xc8,0x00,0x00,0x00,0x00,0x00,0x00,0x00,0x00,0x00,
    0x00,0x00,0x00,0x00,0x00,0x00,0x00,0x00,0x00,0x29,0x86,0xc8,0x08,0x83,0xff,0x08,0x83,0xff,0x08,0x83,0xff,0x08,0x83,0xff,
    0x08,0x83,0xff,0x08,0x83,0xff,0x08,0x83,0xff,0x08,0x83,0xff,0x08,0x83,0xff,0x08,0x83,0xff,0x08,0x83,0xff,0x08,0x83,0xff,
    0x08,0x83,0xff,0x08,0x83,0xff,0x08,0x83,0xff,0x08,0x83,0xff,0x08,0x83,0xff,0x08,0x83,0xff,0x08,0x83,0xff,0x08,0x83,0xff,
    0x08,0x83,0xff,0x08,0x83,0xff,0x08,0x83,0xff,0x08,0x83,0xff,0x08,0x83,0xff,0x08,0x83,0xff,0x08,0x83,0xff,0x08,0x83,0xff,
    0x08,0x83,0xff,0x08,0x83,0xff,0x08,0x83,0xff,0x08,0x83,0xff,0x08,0x83,0xff,0x08,0x83,0xff,0x08,0x83,0xff,0x08,0x83,0xff,
    0x08,0x83,0xff,0x08,0x83,0xff,0x08,0x83,0xff,0x08,0x83,0xff,0x08,0x83,0xff,0x08,0x83,0xff,0x08,0x83,0xff,0x08,0x83,0xff,
    0x08,0x83,0xff,0x08,0x83,0xff,0x08,0x83,0xff,0x08,0x83,0xff,0x08,0x83,0xff,0x08,0x83,0xff,0x08,0x83,0xff,0x08,0x83,0xff,
    0x08,0x83,0xff,0x08,0x83,0xff,0x08,0x83,0xff,0x08,0x83,0xff,0x08,0x83,0xff,0x08,0x83,0xff,0x08,0x83,0xff,0x08,0x83,0xff,
    0x08,0x83,0xff,0x08,0x83,0xff,0x08,0x83,0xff,0x08,0x83,0xff,0x08,0x83,0xff,0x08,0x83,0xff,0x08,0x83,0xff,0x08,0x83,0xff,
    0x08,0x83,0xff,0x08,0x83,0xff,0x08,0x83,0xff,0x08,0x83,0xff,0x08,0x83,0xff,0x08,0x83,0xff,0x08,0x83,0xff,0x08,0x83,0xff,
    0x08,0x83,0xff,0x08,0x83,0xff,0x08,0x83,0xff,0x08,0x83,0xff,0x08,0x83,0xff,0x08,0x83,0xff,0x08,0x83,0xff,0x08,0x83,0xff,
    0x08,0x83,0xff,0x08,0x83,0xff,0x08,0x83,0xff,0x08,0x83,0xff,0x08,0x83,0xff,0x08,0x83,0xff,0x08,0x83,0xff,0x08,0x83,0xff,
    0x08,0x83,0xff,0x08,0x83,0xff,0x08,0x83,0xff,0x08,0x83,0xff,0x08,0x83,0xff,0x08,0x83,0xff,0x08,0x83,0xff,0x08,0x83,0xff,
    0x08,0x83,0xff,0x08,0x83,0xff,0x08,0x83,0xff,0x08,0x83,0xff,0x08,0x83,0xff,0x08,0x83,0xff,0x08,0x83,0xff,0x08,0x83,0xff,
    0x08,0x83,0xff,0x08,0x83,0xff,0x08,0x83,0xff,0x08,0x83,0xff,0x08,0x83,0xff,0x08,0x83,0xff,0x08,0x83,0xff,0x08,0x83,0xff,
    0x08,0x83,0xff,0x08,0x83,0xff,0x08,0x83,0xff,0x08,0x83,0xff,0x08,0x83,0xff,0x08,0x83,0xff,0x08,0x83,0xff,0x08,0x83,0xff,
    0x08,0x83,0xff,0x08,0x83,0xff,0x08,0x83,0xff,0x08,0x83,0xff,0x29,0x86,0xc8,0x00,0x00,0x00,0x00,0x00,0x00,0x00,0x00,0x00,
    0x00,0x00,0x00,0x00,0x00,0x00,0x00,0x00,0x00,0x29,0x86,0xc8,0x08,0x83,0xff,0x08,0x83,0xff,0x08,0x83,0xff,0x08,0x83,0xff,
    0x08,0x83,0xff,0x08,0x83,0xff,0x08,0x83,0xff,0x08,0x83,0xff,0x08,0x83,0xff,0x08,0x83,0xff,0x08,0x83,0xff,0x08,0x83,0xff,
    0x08,0x83,0xff,0x08,0x83,0xff,0x08,0x83,0xff,0x08,0x83,0xff,0x08,0x83,0xff,0x08,0x83,0xff,0x08,0x83,0xff,0x08,0x83,0xff,
    0x08,0x83,0xff,0x08,0x83,0xff,0x08,0x83,0xff,0x08,0x83,0xff,0x08,0x83,0xff,0x08,0x83,0xff,0x08,0x83,0xff,0x08,0x83,0xff,
    0x08,0x83,0xff,0x08,0x83,0xff,0x08,0x83,0xff,0x08,0x83,0xff,0x08,0x83,0xff,0x08,0x83,0xff,0x08,0x83,0xff,0x08,0x83,0xff,
    0x08,0x83,0xff,0x08,0x83,0xff,0x08,0x83,0xff,0x08,0x83,0xff,0x08,0x83,0xff,0x08,0x83,0xff,0x08,0x83,0xff,0x08,0x83,0xff,
    0x08,0x83,0xff,0x08,0x83,0xff,0x08,0x83,0xff,0x08,0x83,0xff,0x08,0x83,0xff,0x08,0x83,0xff,0x08,0x83,0xff,0x08,0x83,0xff,
    0x08,0x83,0xff,0x08,0x83,0xff,0x08,0x83,0xff,0x08,0x83,0xff,0x08,0x83,0xff,0x08,0x83,0xff,0x08,0x83,0xff,0x08,0x83,0xff,
    0x08,0x83,0xff,0x08,0x83,0xff,0x08,0x83,0xff,0x08,0x83,0xff,0x08,0x83,0xff,0x08,0x83,0xff,0x08,0x83,0xff,0x08,0x83,0xff,
    0x08,0x83,0xff,0x08,0x83,0xff,0x08,0x83,0xff,0x08,0x83,0xff,0x08,0x83,0xff,0x08,0x83,0xff,0x08,0x83,0xff,0x08,0x83,0xff,
    0x08,0x83,0xff,0x08,0x83,0xff,0x08,0x83,0xff,0x08,0x83,0xff,0x08,0x83,0xff,0x08,0x83,0xff,0x08,0x83,0xff,0x08,0x83,0xff,
    0x08,0x83,0xff,0x08,0x83,0xff,0x08,0x83,0xff,0x08,0x83,0xff,0x08,0x83,0xff,0x08,0x83,0xff,0x08,0x83,0xff,0x08,0x83,0xff,
    0x08,0x83,0xff,0x08,0x83,0xff,0x08,0x83,0xff,0x08,0x83,0xff,0x08,0x83,0xff,0x08,0x83,0xff,0x08,0x83,0xff,0x08,0x83,0xff,
    0x08,0x83,0xff,0x08,0x83,0xff,0x08,0x83,0xff,0x08,0x83,0xff,0x08,0x83,0xff,0x08,0x83,0xff,0x08,0x83,0xff,0x08,0x83,0xff,
    0x08,0x83,0xff,0x08,0x83,0xff,0x08,0x83,0xff,0x08,0x83,0xff,0x08,0x83,0xff,0x08,0x83,0xff,0x08,0x83,0xff,0x08,0x83,0xff,
    0x08,0x83,0xff,0x08,0x83,0xff,0x08,0x83,0xff,0x08,0x83,0xff,0x08,0x83,0xff,0x08,0x83,0xff,0x08,0x83,0xff,0x08,0x83,0xff,
    0x08,0x83,0xff,0x08,0x83,0xff,0x08,0x83,0xff,0x08,0x83,0xff,0x29,0x86,0xc8,0x00,0x00,0x00,0x00,0x00,0x00,0x00,0x00,0x00,
    0x00,0x00,0x00,0x00,0x00,0x00,0x29,0x86,0xc8,0x08,0x83,0xff,0x08,0x83,0xff,0x08,0x83,0xff,0x08,0x83,0xff,0x08,0x83,0xff,
    0x08,0x83,0xff,0x08,0x83,0xff,0x08,0x83,0xff,0x08,0x83,0xff,0x08,0x83,0xff,0x08,0x83,0xff,0x08,0x83,0xff,0x08,0x83,0xff,
    0x08,0x83,0xff,0x08,0x83,0xff,0x08,0x83,0xff,0x08,0x83,0xff,0x08,0x83,0xff,0x08,0x83,0xff,0x08,0x83,0xff,0x08,0x83,0xff,
    0x08,0x83,0xff,0x08,0x83,0xff,0x08,0x83,0xff,0x08,0x83,0xff,0x08,0x83,0xff,0x08,0x83,0xff,0x08,0x83,0xff,0x08,0x83,0xff,
    0x08,0x83,0xff,0x08,0x83,0xff,0x08,0x83,0xff,0x08,0x83,0xff,0x08,0x83,0xff,0x08,0x83,0xff,0x08,0x83,0xff,0x08,0x83,0xff,
    0x08,0x83,0xff,0x08,0x83,0xff,0x08,0x83,0xff,0x08,0x83,0xff,0x08,0x83,0xff,0x08,0x83,0xff,0x08,0x83,0xff,0x08,0x83,0xff,
    0x08,0x83,0xff,0x08,0x83,0xff,0x08,0x83,0xff,0x08,0x83,0xff,0x08,0x83,0xff,0x08,0x83,0xff,0x08,0x83,0xff,0x08,0x83,0xff,
    0x08,0x83,0xff,0x08,0x83,0xff,0x08,0x83,0xff,0x08,0x83,0xff,0x08,0x83,0xff,0x08,0x83,0xff,0x08,0x83,0xff,0x08,0x83,0xff,
    0x08,0x83,0xff,0x08,0x83,0xff,0x08,0x83,0xff,0x08,0x83,0xff,0x08,0x83,0xff,0x08,0x83,0xff,0x08,0x83,0xff,0x08,0x83,0xff,
    0x08,0x83,0xff,0x08,0x83,0xff,0x08,0x83,0xff,0x08,0x83,0xff,0x08,0x83,0xff,0x08,0x83,0xff,0x08,0x83,0xff,0x08,0x83,0xff,
    0x08,0x83,0xff,0x08,0x83,0xff,0x08,0x83,0xff,0x08,0x83,0xff,0x08,0x83,0xff,0x08,0x83,0xff,0x08,0x83,0xff,0x08,0x83,0xff,
    0x08,0x83,0xff,0x08,0x83,0xff,0x08,0x83,0xff,0x08,0x83,0xff,0x08,0x83,0xff,0x08,0x83,0xff,0x08,0x83,0xff,0x08,0x83,0xff,
    0x08,0x83,0xff,0x08,0x83,0xff,0x08,0x83,0xff,0x08,0x83,0xff,0x08,0x83,0xff,0x08,0x83,0xff,0x08,0x83,0xff,0x08,0x83,0xff,
    0x08,0x83,0xff,0x08,0x83,0xff,0x08,0x83,0xff,0x08,0x83,0xff,0x08,0x83,0xff,0x08,0x83,0xff,0x08,0x83,0xff,0x08,0x83,0xff,
    0x08,0x83,0xff,0x08,0x83,0xff,0x08,0x83,0xff,0x08,0x83,0xff,0x08,0x83,0xff,0x08,0x83,0xff,0x08,0x83,0xff,0x08,0x83,0xff,
    0x08,0x83,0xff,0x08,0x83,0xff,0x08,0x83,0xff,0x08,0x83,0xff,0x08,0x83,0xff,0x08,0x83,0xff,0x08,0x83,0xff,0x08,0x83,0xff,
    0x08,0x83,0xff,0x08,0x83,0xff,0x08,0x83,0xff,0x08,0x83,0xff,0x08,0x83,0xff,0x29,0x86,0xc8,0x00,0x00,0x00,0x00,0x00,0x00,
    0x00,0x00,0x00,0x00,0x00,0x00,0x29,0x86,0xc8,0x08,0x83,0xff,0x08,0x83,0xff,0x08,0x83,0xff,0x08,0x83,0xff,0x08,0x83,0xff,
    0x08,0x83,0xff,0x08,0x83,0xff,0x08,0x83,0xff,0x08,0x83,0xff,0x08,0x83,0xff,0x08,0x83,0xff,0x08,0x83,0xff,0x08,0x83,0xff,
    0x08,0x83,0xff,0x08,0x83,0xff,0x08,0x83,0xff,0x08,0x83,0xff,0x08,0x83,0xff,0x08,0x83,0xff,0x08,0x83,0xff,0x08,0x83,0xff,
    0x08,0x83,0xff,0x08,0x83,0xff,0x08,0x83,0xff,0x08,0x83,0xff,0x08,0x83,0xff,0x08,0x83,0xff,0x08,0x83,0xff,0x08,0x83,0xff,
    0x08,0x83,0xff,0x08,0x83,0xff,0x08,0x83,0xff,0x08,0x83,0xff,0x08,0x83,0xff,0x08,0x83,0xff,0x08,0x83,0xff,0x08,0x83,0xff,
    0x08,0x83,0xff,0x08,0x83,0xff,0x08,0x83,0xff,0x08,0x83,0xff,0x08,0x83,0xff,0x08,0x83,0xff,0x08,0x83,0xff,0x08,0x83,0xff,
    0x08,0x83,0xff,0x08,0x83,0xff,0x08,0x83,0xff,0x08,0x83,0xff,0x08,0x83,0xff,0x08,0x83,0xff,0x08,0x83,0xff,0x08,0x83,0xff,
    0x08,0x83,0xff,0x08,0x83,0xff,0x08,0x83,0xff,0x08,0x83,0xff,0x08,0x83,0xff,0x08,0x83,0xff,0x08,0x83,0xff,0x08,0x83,0xff,
    0x08,0x83,0xff,0x08,0x83,0xff,0x08,0x83,0xff,0x08,0x83,0xff,0x08,0x83,0xff,0x08,0x83,0xff,0x08,0x83,0xff,0x08,0x83,0xff,
    0x08,0x83,0xff,0x08,0x83,0xff,0x08,0x83,0xff,0x08,0x83,0xff,0x08,0x83,0xff,0x08,0x83,0xff,0x08,0x83,0xff,0x08,0x83,0xff,
    0x08,0x83,0xff,0x08,0x83,0xff,0x08,0x83,0xff,0x08,0x83,0xff,0x08,0x83,0xff,0x08,0x83,0xff,0x08,0x83,0xff,0x08,0x83,0xff,
    0x08,0x83,0xff,0x08,0x83,0xff,0x08,0x83,0xff,0x08,0x83,0xff,0x08,0x83,0xff,0x08,0x83,0xff,0x08,0x83,0xff,0x08,0x83,0xff,
    0x08,0x83,0xff,0x08,0x83,0xff,0x08,0x83,0xff,0x08,0x83,0xff,0x08,0x83,0xff,0x08,0x83,0xff,0x08,0x83,0xff,0x08,0x83,0xff,
    0x08,0x83,0xff,0x08,0x83,0xff,0x08,0x83,0xff,0x08,0x83,0xff,0x08,0x83,0xff,0x08,0x83,0xff,0x08,0x83,0xff,0x08,0x83,0xff,
    0x08,0x83,0xff,0x08,0x83,0xff,0x08,0x83,0xff,0x08,0x83,0xff,0x08,0x83,0xff,0x08,0x83,0xff,0x08,0x83,0xff,0x08,0x83,0xff,
    0x08,0x83,0xff,0x08,0x83,0xff,0x08,0x83,0xff,0x08,0x83,0xff,0x08,0x83,0xff,0x08,0x83,0xff,0x08,0x83,0xff,0x08,0x83,0xff,
    0x08,0x83,0xff,0x08,0x83,0xff,0x08,0x83,0xff,0x08,0x83,0xff,0x08,0x83,0xff,0x29,0x86,0xc8,0x00,0x00,0x00,0x00,0x00,0x00,
    0x00,0x00,0x00,0x00,0x00,0x00,0x29,0x86,0xc8,0x08,0x83,0xff,0x08,0x83,0xff,0x08,0x83,0xff,0x08,0x83,0xff,0x08,0x83,0xff,
    0x08,0x83,0xff,0x08,0x83,0xff,0x08,0x83,0xff,0x08,0x83,0xff,0x08,0x83,0xff,0x08,0x83,0xff,0x08,0x83,0xff,0x08,0x83,0xff,
    0x08,0x83,0xff,0x08,0x83,0xff,0x08,0x83,0xff,0x08,0x83,0xff,0x08,0x83,0xff,0x08,0x83,0xff,0x08,0x83,0xff,0x08,0x83,0xff,
    0x08,0x83,0xff,0x08,0x83,0xff,0x08,0x83,0xff,0x08,0x83,0xff,0x08,0x83,0xff,0x08,0x83,0xff,0x08,0x83,0xff,0x08,0x83,0xff,
    0x08,0x83,0xff,0x08,0x83,0xff,0x08,0x83,0xff,0x08,0x83,0xff,0x08,0x83,0xff,0x08,0x83,0xff,0x08,0x83,0xff,0x08,0x83,0xff,
    0x08,0x83,0xff,0x08,0x83,0xff,0x08,0x83,0xff,0x08,0x83,0xff,0x08,0x83,0xff,0x08,0x83,0xff,0x08,0x83,0xff,0x08,0x83,0xff,
    0x08,0x83,0xff,0x08,0x83,0xff,0x08,0x83,0xff,0x08,0x83,0xff,0x08,0x83,0xff,0x08,0x83,0xff,0x08,0x83,0xff,0x08,0x83,0xff,
    0x08,0x83,0xff,0x08,0x83,0xff,0x08,0x83,0xff,0x08,0x83,0xff,0x08,0x83,0xff,0x08,0x83,0xff,0x08,0x83,0xff,0x08,0x83,0xff,
    0x08,0x83,0xff,0x08,0x83,0xff,0x08,0x83,0xff,0x08,0x83,0xff,0x08,0x83,0xff,0x08,0x83,0xff,0x08,0x83,0xff,0x08,0x83,0xff,
    0x08,0x83,0xff,0x08,0x83,0xff,0x08,0x83,0xff,0x08,0x83,0xff,0x08,0x83,0xff,0x08,0x83,0xff,0x08,0x83,0xff,0x08,0x83,0xff,
    0x08,0x83,0xff,0x08,0x83,0xff,0x08,0x83,0xff,0x08,0x83,0xff,0x08,0x83,0xff,0x08,0x83,0xff,0x08,0x83,0xff,0x08,0x83,0xff,
    0x08,0x83,0xff,0x08,0x83,0xff,0x08,0x83,0xff,0x08,0x83,0xff,0x08,0x83,0xff,0x08,0x83,0xff,0x08,0x83,0xff,0x08,0x83,0xff,
    0x08,0x83,0xff,0x08,0x83,0xff,0x08,0x83,0xff,0x08,0x83,0xff,0x08,0x83,0xff,0x08,0x83,0xff,0x08,0x83,0xff,0x08,0x83,0xff,
    0x08,0x83,0xff,0x08,0x83,0xff,0x08,0x83,0xff,0x08,0x83,0xff,0x08,0x83,0xff,0x08,0x83,0xff,0x08,0x83,0xff,0x08,0x83,0xff,
    0x08,0x83,0xff,0x08,0x83,0xff,0x08,0x83,0xff,0x08,0x83,0xff,0x08,0x83,0xff,0x08,0x83,0xff,0x08,0x83,0xff,0x08,0x83,0xff,
    0x08,0x83,0xff,0x08,0x83,0xff,0x08,0x83,0xff,0x08,0x83,0xff,0x08,0x83,0xff,0x08,0x83,0xff,0x08,0x83,0xff,0x08,0x83,0xff,
    0x08,0x83,0xff,0x08,0x83,0xff,0x08,0x83,0xff,0x08,0x83,0xff,0x08,0x83,0xff,0x29,0x86,0xc8,0x00,0x00,0x00,0x00,0x00,0x00,
    0x00,0x00,0x00,0x00,0x00,0x00,0x29,0x86,0xc8,0x08,0x83,0xff,0x08,0x83,0xff,0x08,0x83,0xff,0x08,0x83,0xff,0x08,0x83,0xff,
    0x08,0x83,0xff,0x08,0x83,0xff,0x08,0x83,0xff,0x08,0x83,0xff,0x08,0x83,0xff,0x08,0x83,0xff,0x08,0x83,0xff,0x08,0x83,0xff,
    0x08,0x83,0xff,0x08,0x83,0xff,0x08,0x83,0xff,0x08,0x83,0xff,0x08,0x83,0xff,0x08,0x83,0xff,0x08,0x83,0xff,0x08,0x83,0xff,
    0x08,0x83,0xff,0x08,0x83,0xff,0x08,0x83,0xff,0x08,0x83,0xff,0x08,0x83,0xff,0x08,0x83,0xff,0x08,0x83,0xff,0x08,0x83,0xff,
    0x08,0x83,0xff,0x08,0x83,0xff,0x08,0x83,0xff,0x08,0x83,0xff,0x08,0x83,0xff,0x08,0x83,0xff,0x08,0x83,0xff,0x08,0x83,0xff,
    0x08,0x83,0xff,0x08,0x83,0xff,0x08,0x83,0xff,0x08,0x83,0xff,0x08,0x83,0xff,0x08,0x83,0xff,0x08,0x83,0xff,0x08,0x83,0xff,
    0x08,0x83,0xff,0x08,0x83,0xff,0x08,0x83,0xff,0x08,0x83,0xff,0x08,0x83,0xff,0x08,0x83,0xff,0x08,0x83,0xff,0x08,0x83,0xff,
    0x08,0x83,0xff,0x08,0x83,0xff,0x08,0x83,0xff,0x08,0x83,0xff,0x08,0x83,0xff,0x08,0x83,0xff,0x08,0x83,0xff,0x08,0x83,0xff,
    0x08,0x83,0xff,0x08,0x83,0xff,0x08,0x83,0xff,0x08,0x83,0xff,0x08,0x83,0xff,0x08,0x83,0xff,0x08,0x83,0xff,0x08,0x83,0xff,
    0x08,0x83,0xff,0x08,0x83,0xff,0x08,0x83,0xff,0x08,0x83,0xff,0x08,0x83,0xff,0x08,0x83,0xff,0x08,0x83,0xff,0x08,0x83,0xff,
    0x08,0x83,0xff,0x08,0x83,0xff,0x08,0x83,0xff,0x08,0x83,0xff,0x08,0x83,0xff,0x08,0x83,0xff,0x08,0x83,0xff,0x08,0x83,0xff,
    0x08,0x83,0xff,0x08,0x83,0xff,0x08,0x83,0xff,0x08,0x83,0xff,0x08,0x83,0xff,0x08,0x83,0xff,0x08,0x83,0xff,0x08,0x83,0xff,
    0x08,0x83,0xff,0x08,0x83,0xff,0x08,0x83,0xff,0x08,0x83,0xff,0x08,0x83,0xff,0x08,0x83,0xff,0x08,0x83,0xff,0x08,0x83,0xff,
    0x08,0x83,0xff,0x08,0x83,0xff,0x08,0x83,0xff,0x08,0x83,0xff,0x08,0x83,0xff,0x08,0x83,0xff,0x08,0x83,0xff,0x08,0x83,0xff,
    0x08,0x83,0xff,0x08,0x83,0xff,0x08,0x83,0xff,0x08,0x83,0xff,0x08,0x83,0xff,0x08,0x83,0xff,0x08,0x83,0xff,0x08,0x83,0xff,
    0x08,0x83,0xff,0x08,0x83,0xff,0x08,0x83,0xff,0x08,0x83,0xff,0x08,0x83,0xff,0x08,0x83,0xff,0x08,0x83,0xff,0x08,0x83,0xff,
    0x08,0x83,0xff,0x08,0x83,0xff,0x08,0x83,0xff,0x08,0x83,0xff,0x08,0x83,0xff,0x29,0x86,0xc8,0x00,0x00,0x00,0x00,0x00,0x00,
    0x00,0x00,0x00,0x00,0x00,0x00,0x29,0x86,0xc8,0x08,0x83,0xff,0x08,0x83,0xff,0x08,0x83,0xff,0x08,0x83,0xff,0x08,0x83,0xff,
    0x08,0x83,0xff,0x08,0x83,0xff,0x08,0x83,0xff,0x08,0x83,0xff,0x08,0x83,0xff,0x08,0x83,0xff,0x08,0x83,0xff,0x08,0x83,0xff,
    0x08,0x83,0xff,0x08,0x83,0xff,0x08,0x83,0xff,0x08,0x83,0xff,0x08,0x83,0xff,0x08,0x83,0xff,0x08,0x83,0xff,0x08,0x83,0xff,
    0x08,0x83,0xff,0x08,0x83,0xff,0x08,0x83,0xff,0x08,0x83,0xff,0x08,0x83,0xff,0x08,0x83,0xff,0x08,0x83,0xff,0x08,0x83,0xff,
    0x08,0x83,0xff,0x08,0x83,0xff,0x08,0x83,0xff,0x08,0x83,0xff,0x08,0x83,0xff,0x08,0x83,0xff,0x08,0x83,0xff,0x08,0x83,0xff,
    0x08,0x83,0xff,0x08,0x83,0xff,0x08,0x83,0xff,0x08,0x83,0xff,0x08,0x83,0xff,0x08,0x83,0xff,0x08,0x83,0xff,0x08,0x83,0xff,
    0x08,0x83,0xff,0x08,0x83,0xff,0x08,0x83,0xff,0x08,0x83,0xff,0x08,0x83,0xff,0x08,0x83,0xff,0x08,0x83,0xff,0x08,0x83,0xff,
    0x08,0x83,0xff,0x08,0x83,0xff,0x08,0x83,0xff,0x08,0x83,0xff,0x08,0x83,0xff,0x08,0x83,0xff,0x08,0x83,0xff,0x08,0x83,0xff,
    0x08,0x83,0xff,0x08,0x83,0xff,0x08,0x83,0xff,0x08,0x83,0xff,0x08,0x83,0xff,0x08,0x83,0xff,0x08,0x83,0xff,0x08,0x83,0xff,
    0x08,0x83,0xff,0x08,0x83,0xff,0x08,0x83,0xff,0x08,0x83,0xff,0x08,0x83,0xff,0x08,0x83,0xff,0x08,0x83,0xff,0x08,0x83,0xff,
    0x08,0x83,0xff,0x08,0x83,0xff,0x08,0x83,0xff,0x08,0x83,0xff,0x08,0x83,0xff,0x08,0x83,0xff,0x08,0x83,0xff,0x08,0x83,0xff,
    0x08,0x83,0xff,0x08,0x83,0xff,0x08,0x83,0xff,0x08,0x83,0xff,0x08,0x83,0xff,0x08,0x83,0xff,0x08,0x83,0xff,0x08,0x83,0xff,
    0x08,0x83,0xff,0x08,0x83,0xff,0x08,0x83,0xff,0x08,0x83,0xff,0x08,0x83,0xff,0x08,0x83,0xff,0x08,0x83,0xff,0x08,0x83,0xff,
    0x08,0x83,0xff,0x08,0x83,0xff,0x08,0x83,0xff,0x08,0x83,0xff,0x08,0x83,0xff,0x08,0x83,0xff,0x08,0x83,0xff,0x08,0x83,0xff,
    0x08,0x83,0xff,0x08,0x83,0xff,0x08,0x83,0xff,0x08,0x83,0xff,0x08,0x83,0xff,0x08,0x83,0xff,0x08,0x83,0xff,0x08,0x83,0xff,
    0x08,0x83,0xff,0x08,0x83,0xff,0x08,0x83,0xff,0x08,0x83,0xff,0x08,0x83,0xff,0x08,0x83,0xff,0x08,0x83,0xff,0x08,0x83,0xff,
    0x08,0x83,0xff,0x08,0x83,0xff,0x08,0x83,0xff,0x08,0x83,0xff,0x08,0x83,0xff,0x29,0x86,0xc8,0x00,0x00,0x00,0x00,0x00,0x00,
    0x00,0x00,0x00,0x00,0x00,0x00,0x29,0x86,0xc8,0x08,0x83,0xff,0x08,0x83,0xff,0x08,0x83,0xff,0x08,0x83,0xff,0x08,0x83,0xff,
    0x08,0x83,0xff,0x08,0x83,0xff,0x08,0x83,0xff,0x08,0x83,0xff,0x08,0x83,0xff,0x08,0x83,0xff,0x08,0x83,0xff,0x08,0x83,0xff,
    0x08,0x83,0xff,0x08,0x83,0xff,0x08,0x83,0xff,0x08,0x83,0xff,0x08,0x83,0xff,0x08,0x83,0xff,0x08,0x83,0xff,0x08,0x83,0xff,
    0x08,0x83,0xff,0x08,0x83,0xff,0x08,0x83,0xff,0x08,0x83,0xff,0x08,0x83,0xff,0x08,0x83,0xff,0x08,0x83,0xff,0x08,0x83,0xff,
    0x08,0x83,0xff,0x08,0x83,0xff,0x08,0x83,0xff,0x08,0x83,0xff,0x08,0x83,0xff,0x08,0x83,0xff,0x08,0x83,0xff,0x08,0x83,0xff,
    0x08,0x83,0xff,0x08,0x83,0xff,0x08,0x83,0xff,0x08,0x83,0xff,0x08,0x83,0xff,0x08,0x83,0xff,0x08,0x83,0xff,0x08,0x83,0xff,
    0x08,0x83,0xff,0x08,0x83,0xff,0x08,0x83,0xff,0x08,0x83,0xff,0x08,0x83,0xff,0x08,0x83,0xff,0x08,0x83,0xff,0x08,0x83,0xff,
    0x08,0x83,0xff,0x08,0x83,0xff,0x08,0x83,0xff,0x08,0x83,0xff,0x08,0x83,0xff,0x08,0x83,0xff,0x08,0x83,0xff,0x08,0x83,0xff,
    0x08,0x83,0xff,0x08,0x83,0xff,0x08,0x83,0xff,0x08,0x83,0xff,0x08,0x83,0xff,0x08,0x83,0xff,0x08,0x83,0xff,0x08,0x83,0xff,
    0x08,0x83,0xff,0x08,0x83,0xff,0x08,0x83,0xff,0x08,0x83,0xff,0x08,0x83,0xff,0x08,0x83,0xff,0x08,0x83,0xff,0x08,0x83,0xff,
    0x08,0x83,0xff,0x08,0x83,0xff,0x08,0x83,0xff,0x08,0x83,0xff,0x08,0x83,0xff,0x08,0x83,0xff,0x08,0x83,0xff,0x08,0x83,0xff,
    0x08,0x83,0xff,0x08,0x83,0xff,0x08,0x83,0xff,0x08,0x83,0xff,0x08,0x83,0xff,0x08,0x83,0xff,0x08,0x83,0xff,0x08,0x83,0xff,
    0x08,0x83,0xff,0x08,0x83,0xff,0x08,0x83,0xff,0x08,0x83,0xff,0x08,0x83,0xff,0x08,0x83,0xff,0x08,0x83,0xff,0x08,0x83,0xff,
    0x08,0x83,0xff,0x08,0x83,0xff,0x08,0x83,0xff,0x08,0x83,0xff,0x08,0x83,0xff,0x08,0x83,0xff,0x08,0x83,0xff,0x08,0x83,0xff,
    0x08,0x83,0xff,0x08,0x83,0xff,0x08,0x83,0xff,0x08,0x83,0xff,0x08,0x83,0xff,0x08,0x83,0xff,0x08,0x83,0xff,0x08,0x83,0xff,
    0x08,0x83,0xff,0x08,0x83,0xff,0x08,0x83,0xff,0x08,0x83,0xff,0x08,0x83,0xff,0x08,0x83,0xff,0x08,0x83,0xff,0x08,0x83,0xff,
    0x08,0x83,0xff,0x08,0x83,0xff,0x08,0x83,0xff,0x08,0x83,0xff,0x08,0x83,0xff,0x29,0x86,0xc8,0x00,0x00,0x00,0x00,0x00,0x00,
    0x00,0x00,0x00,0x00,0x00,0x00,0x29,0x86,0xc8,0x08,0x83,0xff,0x08,0x83,0xff,0x08,0x83,0xff,0x08,0x83,0xff,0x08,0x83,0xff,
    0x08,0x83,0xff,0x08,0x83,0xff,0x08,0x83,0xff,0x08,0x83,0xff,0x08,0x83,0xff,0x08,0x83,0xff,0x08,0x83,0xff,0x08,0x83,0xff,
    0x08,0x83,0xff,0x08,0x83,0xff,0x08,0x83,0xff,0x08,0x83,0xff,0x08,0x83,0xff,0x08,0x83,0xff,0x08,0x83,0xff,0x08,0x83,0xff,
    0x08,0x83,0xff,0x08,0x83,0xff,0x08,0x83,0xff,0x08,0x83,0xff,0x08,0x83,0xff,0x08,0x83,0xff,0x08,0x83,0xff,0x08,0x83,0xff,
    0x08,0x83,0xff,0x08,0x83,0xff,0x08,0x83,0xff,0x08,0x83,0xff,0x08,0x83,0xff,0x08,0x83,0xff,0x08,0x83,0xff,0x08,0x83,0xff,
    0x08,0x83,0xff,0x08,0x83,0xff,0x08,0x83,0xff,0x08,0x83,0xff,0x08,0x83,0xff,0x08,0x83,0xff,0x08,0x83,0xff,0x08,0x83,0xff,
    0x08,0x83,0xff,0x08,0x83,0xff,0x08,0x83,0xff,0x08,0x83,0xff,0x08,0x83,0xff,0x08,0x83,0xff,0x08,0x83,0xff,0x08,0x83,0xff,
    0x08,0x83,0xff,0x08,0x83,0xff,0x08,0x83,0xff,0x08,0x83,0xff,0x08,0x83,0xff,0x08,0x83,0xff,0x08,0x83,0xff,0x08,0x83,0xff,
    0x08,0x83,0xff,0x08,0x83,0xff,0x08,0x83,0xff,0x08,0x83,0xff,0x08,0x83,0xff,0x08,0x83,0xff,0x08,0x83,0xff,0x08,0x83,0xff,
    0x08,0x83,0xff,0x08,0x83,0xff,0x08,0x83,0xff,0x08,0x83,0xff,0x08,0x83,0xff,0x08,0x83,0xff,0x08,0x83,0xff,0x08,0x83,0xff,
    0x08,0x83,0xff,0x08,0x83,0xff,0x08,0x83,0xff,0x08,0x83,0xff,0x08,0x83,0xff,0x08,0x83,0xff,0x08,0x83,0xff,0x08,0x83,0xff,
    0x08,0x83,0xff,0x08,0x83,0xff,0x08,0x83,0xff,0x08,0x83,0xff,0x08,0x83,0xff,0x08,0x83,0xff,0x08,0x83,0xff,0x08,0x83,0xff,
    0x08,0x83,0xff,0x08,0x83,0xff,0x08,0x83,0xff,0x08,0x83,0xff,0x08,0x83,0xff,0x08,0x83,0xff,0x08,0x83,0xff,0x08,0x83,0xff,
    0x08,0x83,0xff,0x08,0x83,0xff,0x08,0x83,0xff,0x08,0x83,0xff,0x08,0x83,0xff,0x08,0x83,0xff,0x08,0x83,0xff,0x08,0x83,0xff,
    0x08,0x83,0xff,0x08,0x83,0xff,0x08,0x83,0xff,0x08,0x83,0xff,0x08,0x83,0xff,0x08,0x83,0xff,0x08,0x83,0xff,0x08,0x83,0xff,
    0x08,0x83,0xff,0x08,0x83,0xff,0x08,0x83,0xff,0x08,0x83,0xff,0x08,0x83,0xff,0x08,0x83,0xff,0x08,0x83,0xff,0x08,0x83,0xff,
    0x08,0x83,0xff,0x08,0x83,0xff,0x08,0x83,0xff,0x08,0x83,0xff,0x08,0x83,0xff,0x29,0x86,0xc8,0x00,0x00,0x00,0x00,0x00,0x00,
    0x00,0x00,0x00,0x00,0x00,0x00,0x29,0x86,0xc8,0x08,0x83,0xff,0x08,0x83,0xff,0x08,0x83,0xff,0x08,0x83,0xff,0x08,0x83,0xff,
    0x08,0x83,0xff,0x08,0x83,0xff,0x08,0x83,0xff,0x08,0x83,0xff,0x08,0x83,0xff,0x08,0x83,0xff,0x08,0x83,0xff,0x08,0x83,0xff,
    0x08,0x83,0xff,0x08,0x83,0xff,0x08,0x83,0xff,0x08,0x83,0xff,0x08,0x83,0xff,0x08,0x83,0xff,0x08,0x83,0xff,0x08,0x83,0xff,
    0x08,0x83,0xff,0x08,0x83,0xff,0x08,0x83,0xff,0x08,0x83,0xff,0x08,0x83,0xff,0x08,0x83,0xff,0x08,0x83,0xff,0x08,0x83,0xff,
    0x08,0x83,0xff,0x08,0x83,0xff,0x08,0x83,0xff,0x08,0x83,0xff,0x08,0x83,0xff,0x08,0x83,0xff,0x08,0x83,0xff,0x08,0x83,0xff,
    0x08,0x83,0xff,0x08,0x83,0xff,0x08,0x83,0xff,0x08,0x83,0xff,0x08,0x83,0xff,0x08,0x83,0xff,0x08,0x83,0xff,0x08,0x83,0xff,
    0x08,0x83,0xff,0x08,0x83,0xff,0x08,0x83,0xff,0x08,0x83,0xff,0x08,0x83,0xff,0x08,0x83,0xff,0x08,0x83,0xff,0x08,0x83,0xff,
    0x08,0x83,0xff,0x08,0x83,0xff,0x08,0x83,0xff,0x08,0x83,0xff,0x08,0x83,0xff,0x08,0x83,0xff,0x08,0x83,0xff,0x08,0x83,0xff,
    0x08,0x83,0xff,0x08,0x83,0xff,0x08,0x83,0xff,0x08,0x83,0xff,0x08,0x83,0xff,0x08,0x83,0xff,0x08,0x83,0xff,0x08,0x83,0xff,
    0x08,0x83,0xff,0x08,0x83,0xff,0x08,0x83,0xff,0x08,0x83,0xff,0x08,0x83,0xff,0x08,0x83,0xff,0x08,0x83,0xff,0x08,0x83,0xff,
    0x08,0x83,0xff,0x08,0x83,0xff,0x08,0x83,0xff,0x08,0x83,0xff,0x08,0x83,0xff,0x08,0x83,0xff,0x08,0x83,0xff,0x08,0x83,0xff,
    0x08,0x83,0xff,0x08,0x83,0xff,0x08,0x83,0xff,0x08,0x83,0xff,0x08,0x83,0xff,0x08,0x83,0xff,0x08,0x83,0xff,0x08,0x83,0xff,
    0x08,0x83,0xff,0x08,0x83,0xff,0x08,0x83,0xff,0x08,0x83,0xff,0x08,0x83,0xff,0x08,0x83,0xff,0x08,0x83,0xff,0x08,0x83,0xff,
    0x08,0x83,0xff,0x08,0x83,0xff,0x08,0x83,0xff,0x08,0x83,0xff,0x08,0x83,0xff,0x08,0x83,0xff,0x08,0x83,0xff,0x08,0x83,0xff,
    0x08,0x83,0xff,0x08,0x83,0xff,0x08,0x83,0xff,0x08,0x83,0xff,0x08,0x83,0xff,0x08,0x83,0xff,0x08,0x83,0xff,0x08,0x83,0xff,
    0x08,0x83,0xff,0x08,0x83,0xff,0x08,0x83,0xff,0x08,0x83,0xff,0x08,0x83,0xff,0x08,0x83,0xff,0x08,0x83,0xff,0x08,0x83,0xff,
    0x08,0x83,0xff,0x08,0x83,0xff,0x08,0x83,0xff,0x08,0x83,0xff,0x08,0x83,0xff,0x29,0x86,0xc8,0x00,0x00,0x00,0x00,0x00,0x00,
    0x00,0x00,0x00,0x00,0x00,0x00,0x29,0x86,0xc8,0x08,0x83,0xff,0x08,0x83,0xff,0x08,0x83,0xff,0x08,0x83,0xff,0x08,0x83,0xff,
    0x08,0x83,0xff,0x08,0x83,0xff,0x08,0x83,0xff,0x08,0x83,0xff,0x08,0x83,0xff,0x08,0x83,0xff,0x08,0x83,0xff,0x08,0x83,0xff,
    0x08,0x83,0xff,0x08,0x83,0xff,0x08,0x83,0xff,0x08,0x83,0xff,0x08,0x83,0xff,0x08,0x83,0xff,0x08,0x83,0xff,0x08,0x83,0xff,
    0x08,0x83,0xff,0x08,0x83,0xff,0x08,0x83,0xff,0x08,0x83,0xff,0x08,0x83,0xff,0x08,0x83,0xff,0x08,0x83,0xff,0x08,0x83,0xff,
    0x08,0x83,0xff,0x08,0x83,0xff,0x08,0x83,0xff,0x08,0x83,0xff,0x08,0x83,0xff,0x08,0x83,0xff,0x08,0x83,0xff,0x08,0x83,0xff,
    0x08,0x83,0xff,0x08,0x83,0xff,0x08,0x83,0xff,0x08,0x83,0xff,0x08,0x83,0xff,0x08,0x83,0xff,0x08,0x83,0xff,0x08,0x83,0xff,
    0x08,0x83,0xff,0x08,0x83,0xff,0x08,0x83,0xff,0x08,0x83,0xff,0x08,0x83,0xff,0x08,0x83,0xff,0x08,0x83,0xff,0x08,0x83,0xff,
    0x08,0x83,0xff,0x08,0x83,0xff,0x08,0x83,0xff,0x08,0x83,0xff,0x08,0x83,0xff,0x08,0x83,0xff,0x08,0x83,0xff,0x08,0x83,0xff,
    0x08,0x83,0xff,0x08,0x83,0xff,0x08,0x83,0xff,0x08,0x83,0xff,0x08,0x83,0xff,0x08,0x83,0xff,0x08,0x83,0xff,0x08,0x83,0xff,
    0x08,0x83,0xff,0x08,0x83,0xff,0x08,0x83,0xff,0x08,0x83,0xff,0x08,0x83,0xff,0x08,0x83,0xff,0x08,0x83,0xff,0x08,0x83,0xff,
    0x08,0x83,0xff,0x08,0x83,0xff,0x08,0x83,0xff,0x08,0x83,0xff,0x08,0x83,0xff,0x08,0x83,0xff,0x08,0x83,0xff,0x08,0x83,0xff,
    0x08,0x83,0xff,0x08,0x83,0xff,0x08,0x83,0xff,0x08,0x83,0xff,0x08,0x83,0xff,0x08,0x83,0xff,0x08,0x83,0xff,0x08,0x83,0xff,
    0x08,0x83,0xff,0x08,0x83,0xff,0x08,0x83,0xff,0x08,0x83,0xff,0x08,0x83,0xff,0x08,0x83,0xff,0x08,0x83,0xff,0x08,0x83,0xff,
    0x08,0x83,0xff,0x08,0x83,0xff,0x08,0x83,0xff,0x08,0x83,0xff,0x08,0x83,0xff,0x08,0x83,0xff,0x08,0x83,0xff,0x08,0x83,0xff,
    0x08,0x83,0xff,0x08,0x83,0xff,0x08,0x83,0xff,0x08,0x83,0xff,0x08,0x83,0xff,0x08,0x83,0xff,0x08,0x83,0xff,0x08,0x83,0xff,
    0x08,0x83,0xff,0x08,0x83,0xff,0x08,0x83,0xff,0x08,0x83,0xff,0x08,0x83,0xff,0x08,0x83,0xff,0x08,0x83,0xff,0x08,0x83,0xff,
    0x08,0x83,0xff,0x08,0x83,0xff,0x08,0x83,0xff,0x08,0x83,0xff,0x08,0x83,0xff,0x29,0x86,0xc8,0x00,0x00,0x00,0x00,0x00,0x00,
    0x00,0x00,0x00,0x00,0x00,0x00,0x29,0x86,0xc8,0x08,0x83,0xff,0x08,0x83,0xff,0x08,0x83,0xff,0x08,0x83,0xff,0x08,0x83,0xff,
    0x08,0x83,0xff,0x08,0x83,0xff,0x08,0x83,0xff,0x08,0x83,0xff,0x08,0x83,0xff,0x08,0x83,0xff,0x08,0x83,0xff,0x08,0x83,0xff,
    0x08,0x83,0xff,0x08,0x83,0xff,0x08,0x83,0xff,0x08,0x83,0xff,0x08,0x83,0xff,0x08,0x83,0xff,0x08,0x83,0xff,0x08,0x83,0xff,
    0x08,0x83,0xff,0x08,0x83,0xff,0x08,0x83,0xff,0x08,0x83,0xff,0x08,0x83,0xff,0x08,0x83,0xff,0x08,0x83,0xff,0x08,0x83,0xff,
    0x08,0x83,0xff,0x08,0x83,0xff,0x08,0x83,0xff,0x08,0x83,0xff,0x08,0x83,0xff,0x08,0x83,0xff,0x08,0x83,0xff,0x08,0x83,0xff,
    0x08,0x83,0xff,0x08,0x83,0xff,0x08,0x83,0xff,0x08,0x83,0xff,0x08,0x83,0xff,0x08,0x83,0xff,0x08,0x83,0xff,0x08,0x83,0xff,
    0x08,0x83,0xff,0x08,0x83,0xff,0x08,0x83,0xff,0x08,0x83,0xff,0x08,0x83,0xff,0x08,0x83,0xff,0x08,0x83,0xff,0x08,0x83,0xff,
    0x08,0x83,0xff,0x08,0x83,0xff,0x08,0x83,0xff,0x08,0x83,0xff,0x08,0x83,0xff,0x08,0x83,0xff,0x08,0x83,0xff,0x08,0x83,0xff,
    0x08,0x83,0xff,0x08,0x83,0xff,0x08,0x83,0xff,0x08,0x83,0xff,0x08,0x83,0xff,0x08,0x83,0xff,0x08,0x83,0xff,0x08,0x83,0xff,
    0x08,0x83,0xff,0x08,0x83,0xff,0x08,0x83,0xff,0x08,0x83,0xff,0x08,0x83,0xff,0x08,0x83,0xff,0x08,0x83,0xff,0x08,0x83,0xff,
    0x08,0x83,0xff,0x08,0x83,0xff,0x08,0x83,0xff,0x08,0x83,0xff,0x08,0x83,0xff,0x08,0x83,0xff,0x08,0x83,0xff,0x08,0x83,0xff,
    0x08,0x83,0xff,0x08,0x83,0xff,0x08,0x83,0xff,0x08,0x83,0xff,0x08,0x83,0xff,0x08,0x83,0xff,0x08,0x83,0xff,0x08,0x83,0xff,
    0x08,0x83,0xff,0x08,0x83,0xff,0x08,0x83,0xff,0x08,0x83,0xff,0x08,0x83,0xff,0x08,0x83,0xff,0x08,0x83,0xff,0x08,0x83,0xff,
    0x08,0x83,0xff,0x08,0x83,0xff,0x08,0x83,0xff,0x08,0x83,0xff,0x08,0x83,0xff,0x08,0x83,0xff,0x08,0x83,0xff,0x08,0x83,0xff,
    0x08,0x83,0xff,0x08,0x83,0xff,0x08,0x83,0xff,0x08,0x83,0xff,0x08,0x83,0xff,0x08,0x83,0xff,0x08,0x83,0xff,0x08,0x83,0xff,
    0x08,0x83,0xff,0x08,0x83,0xff,0x08,0x83,0xff,0x08,0x83,0xff,0x08,0x83,0xff,0x08,0x83,0xff,0x08,0x83,0xff,0x08,0x83,0xff,
    0x08,0x83,0xff,0x08,0x83,0xff,0x08,0x83,0xff,0x08,0x83,0xff,0x08,0x83,0xff,0x29,0x86,0xc8,0x00,0x00,0x00,0x00,0x00,0x00,
    0x00,0x00,0x00,0x00,0x00,0x00,0x29,0x86,0xc8,0x08,0x83,0xff,0x08,0x83,0xff,0x08,0x83,0xff,0x08,0x83,0xff,0x08,0x83,0xff,
    0x08,0x83,0xff,0x08,0x83,0xff,0x08,0x83,0xff,0x08,0x83,0xff,0x08,0x83,0xff,0x08,0x83,0xff,0x08,0x83,0xff,0x08,0x83,0xff,
    0x08,0x83,0xff,0x08,0x83,0xff,0x08,0x83,0xff,0x08,0x83,0xff,0x08,0x83,0xff,0x08,0x83,0xff,0x08,0x83,0xff,0x08,0x83,0xff,
    0x08,0x83,0xff,0x08,0x83,0xff,0x08,0x83,0xff,0x08,0x83,0xff,0x08,0x83,0xff,0x08,0x83,0xff,0x08,0x83,0xff,0x08,0x83,0xff,
    0x08,0x83,0xff,0x08,0x83,0xff,0x08,0x83,0xff,0x08,0x83,0xff,0x08,0x83,0xff,0x08,0x83,0xff,0x08,0x83,0xff,0x08,0x83,0xff,
    0x08,0x83,0xff,0x08,0x83,0xff,0x08,0x83,0xff,0x08,0x83,0xff,0x08,0x83,0xff,0x08,0x83,0xff,0x08,0x83,0xff,0x08,0x83,0xff,
    0x08,0x83,0xff,0x08,0x83,0xff,0x08,0x83,0xff,0x08,0x83,0xff,0x08,0x83,0xff,0x08,0x83,0xff,0x08,0x83,0xff,0x08,0x83,0xff,
    0x08,0x83,0xff,0x08,0x83,0xff,0x08,0x83,0xff,0x08,0x83,0xff,0x08,0x83,0xff,0x08,0x83,0xff,0x08,0x83,0xff,0x08,0x83,0xff,
    0x08,0x83,0xff,0x08,0x83,0xff,0x08,0x83,0xff,0x08,0x83,0xff,0x08,0x83,0xff,0x08,0x83,0xff,0x08,0x83,0xff,0x08,0x83,0xff,
    0x08,0x83,0xff,0x08,0x83,0xff,0x08,0x83,0xff,0x08,0x83,0xff,0x08,0x83,0xff,0x08,0x83,0xff,0x08,0x83,0xff,0x08,0x83,0xff,
    0x08,0x83,0xff,0x08,0x83,0xff,0x08,0x83,0xff,0x08,0x83,0xff,0x08,0x83,0xff,0x08,0x83,0xff,0x08,0x83,0xff,0x08,0x83,0xff,
    0x08,0x83,0xff,0x08,0x83,0xff,0x08,0x83,0xff,0x08,0x83,0xff,0x08,0x83,0xff,0x08,0x83,0xff,0x08,0x83,0xff,0x08,0x83,0xff,
    0x08,0x83,0xff,0x08,0x83,0xff,0x08,0x83,0xff,0x08,0x83,0xff,0x08,0x83,0xff,0x08,0x83,0xff,0x08,0x83,0xff,0x08,0x83,0xff,
    0x08,0x83,0xff,0x08,0x83,0xff,0x08,0x83,0xff,0x08,0x83,0xff,0x08,0x83,0xff,0x08,0x83,0xff,0x08,0x83,0xff,0x08,0x83,0xff,
    0x08,0x83,0xff,0x08,0x83,0xff,0x08,0x83,0xff,0x08,0x83,0xff,0x08,0x83,0xff,0x08,0x83,0xff,0x08,0x83,0xff,0x08,0x83,0xff,
    0x08,0x83,0xff,0x08,0x83,0xff,0x08,0x83,0xff,0x08,0x83,0xff,0x08,0x83,0xff,0x08,0x83,0xff,0x08,0x83,0xff,0x08,0x83,0xff,
    0x08,0x83,0xff,0x08,0x83,0xff,0x08,0x83,0xff,0x08,0x83,0xff,0x08,0x83,0xff,0x29,0x86,0xc8,0x00,0x00,0x00,0x00,0x00,0x00,
    0x00,0x00,0x00,0x00,0x00,0x00,0x29,0x86,0xc8,0x08,0x83,0xff,0x08,0x83,0xff,0x08,0x83,0xff,0x08,0x83,0xff,0x08,0x83,0xff,
    0x08,0x83,0xff,0x08,0x83,0xff,0x08,0x83,0xff,0x08,0x83,0xff,0x08,0x83,0xff,0x08,0x83,0xff,0x08,0x83,0xff,0x08,0x83,0xff,
    0x08,0x83,0xff,0x08,0x83,0xff,0x08,0x83,0xff,0x08,0x83,0xff,0x08,0x83,0xff,0x08,0x83,0xff,0x08,0x83,0xff,0x08,0x83,0xff,
    0x08,0x83,0xff,0x08,0x83,0xff,0x08,0x83,0xff,0x08,0x83,0xff,0x08,0x83,0xff,0x08,0x83,0xff,0x08,0x83,0xff,0x08,0x83,0xff,
    0x08,0x83,0xff,0x08,0x83,0xff,0x08,0x83,0xff,0x08,0x83,0xff,0x08,0x83,0xff,0x08,0x83,0xff,0x08,0x83,0xff,0x08,0x83,0xff,
    0x08,0x83,0xff,0x08,0x83,0xff,0x08,0x83,0xff,0x08,0x83,0xff,0x08,0x83,0xff,0x08,0x83,0xff,0x08,0x83,0xff,0x08,0x83,0xff,
    0x08,0x83,0xff,0x08,0x83,0xff,0x08,0x83,0xff,0x08,0x83,0xff,0x08,0x83,0xff,0x08,0x83,0xff,0x08,0x83,0xff,0x08,0x83,0xff,
    0x08,0x83,0xff,0x08,0x83,0xff,0x08,0x83,0xff,0x08,0x83,0xff,0x08,0x83,0xff,0x08,0x83,0xff,0x08,0x83,0xff,0x08,0x83,0xff,
    0x08,0x83,0xff,0x08,0x83,0xff,0x08,0x83,0xff,0x08,0x83,0xff,0x08,0x83,0xff,0x08,0x83,0xff,0x08,0x83,0xff,0x08,0x83,0xff,
    0x08,0x83,0xff,0x08,0x83,0xff,0x08,0x83,0xff,0x08,0x83,0xff,0x08,0x83,0xff,0x08,0x83,0xff,0x08,0x83,0xff,0x08,0x83,0xff,
    0x08,0x83,0xff,0x08,0x83,0xff,0x08,0x83,0xff,0x08,0x83,0xff,0x08,0x83,0xff,0x08,0x83,0xff,0x08,0x83,0xff,0x08,0x83,0xff,
    0x08,0x83,0xff,0x08,0x83,0xff,0x08,0x83,0xff,0x08,0x83,0xff,0x08,0x83,0xff,0x08,0x83,0xff,0x08,0x83,0xff,0x08,0x83,0xff,
    0x08,0x83,0xff,0x08,0x83,0xff,0x08,0x83,0xff,0x08,0x83,0xff,0x08,0x83,0xff,0x08,0x83,0xff,0x08,0x83,0xff,0x08,0x83,0xff,
    0x08,0x83,0xff,0x08,0x83,0xff,0x08,0x83,0xff,0x08,0x83,0xff,0x08,0x83,0xff,0x08,0x83,0xff,0x08,0x83,0xff,0x08,0x83,0xff,
    0x08,0x83,0xff,0x08,0x83,0xff,0x08,0x83,0xff,0x08,0x83,0xff,0x08,0x83,0xff,0x08,0x83,0xff,0x08,0x83,0xff,0x08,0x83,0xff,
    0x08,0x83,0xff,0x08,0x83,0xff,0x08,0x83,0xff,0x08,0x83,0xff,0x08,0x83,0xff,0x08,0x83,0xff,0x08,0x83,0xff,0x08,0x83,0xff,
    0x08,0x83,0xff,0x08,0x83,0xff,0x08,0x83,0xff,0x08,0x83,0xff,0x08,0x83,0xff,0x29,0x86,0xc8,0x00,0x00,0x00,0x00,0x00,0x00,
    0x00,0x00,0x00,0x00,0x00,0x00,0x29,0x86,0xc8,0x08,0x83,0xff,0x08,0x83,0xff,0x08,0x83,0xff,0x08,0x83,0xff,0x08,0x83,0xff,
    0x08,0x83,0xff,0x08,0x83,0xff,0x08,0x83,0xff,0x08,0x83,0xff,0x08,0x83,0xff,0x08,0x83,0xff,0x08,0x83,0xff,0x08,0x83,0xff,
    0x08,0x83,0xff,0x08,0x83,0xff,0x08,0x83,0xff,0x08,0x83,0xff,0x08,0x83,0xff,0x08,0x83,0xff,0x08,0x83,0xff,0x08,0x83,0xff,
    0x08,0x83,0xff,0x08,0x83,0xff,0x08,0x83,0xff,0x08,0x83,0xff,0x08,0x83,0xff,0x08,0x83,0xff,0x08,0x83,0xff,0x08,0x83,0xff,
    0x08,0x83,0xff,0x08,0x83,0xff,0x08,0x83,0xff,0x08,0x83,0xff,0x08,0x83,0xff,0x08,0x83,0xff,0x08,0x83,0xff,0x08,0x83,0xff,
    0x08,0x83,0xff,0x08,0x83,0xff,0x08,0x83,0xff,0x08,0x83,0xff,0x08,0x83,0xff,0x08,0x83,0xff,0x08,0x83,0xff,0x08,0x83,0xff,
    0x08,0x83,0xff,0x08,0x83,0xff,0x08,0x83,0xff,0x08,0x83,0xff,0x08,0x83,0xff,0x08,0x83,0xff,0x08,0x83,0xff,0x08,0x83,0xff,
    0x08,0x83,0xff,0x08,0x83,0xff,0x08,0x83,0xff,0x08,0x83,0xff,0x08,0x83,0xff,0x08,0x83,0xff,0x08,0x83,0xff,0x08,0x83,0xff,
    0x08,0x83,0xff,0x08,0x83,0xff,0x08,0x83,0xff,0x08,0x83,0xff,0x08,0x83,0xff,0x08,0x83,0xff,0x08,0x83,0xff,0x08,0x83,0xff,
    0x08,0x83,0xff,0x08,0x83,0xff,0x08,0x83,0xff,0x08,0x83,0xff,0x08,0x83,0xff,0x08,0x83,0xff,0x08,0x83,0xff,0x08,0x83,0xff,
    0x08,0x83,0xff,0x08,0x83,0xff,0x08,0x83,0xff,0x08,0x83,0xff,0x08,0x83,0xff,0x08,0x83,0xff,0x08,0x83,0xff,0x08,0x83,0xff,
    0x08,0x83,0xff,0x08,0x83,0xff,0x08,0x83,0xff,0x08,0x83,0xff,0x08,0x83,0xff,0x08,0x83,0xff,0x08,0x83,0xff,0x08,0x83,0xff,
    0x08,0x83,0xff,0x08,0x83,0xff,0x08,0x83,0xff,0x08,0x83,0xff,0x08,0x83,0xff,0x08,0x83,0xff,0x08,0x83,0xff,0x08,0x83,0xff,
    0x08,0x83,0xff,0x08,0x83,0xff,0x08,0x83,0xff,0x08,0x83,0xff,0x08,0x83,0xff,0x08,0x83,0xff,0x08,0x83,0xff,0x08,0x83,0xff,
    0x08,0x83,0xff,0x08,0x83,0xff,0x08,0x83,0xff,0x08,0x83,0xff,0x08,0x83,0xff,0x08,0x83,0xff,0x08,0x83,0xff,0x08,0x83,0xff,
    0x08,0x83,0xff,0x08,0x83,0xff,0x08,0x83,0xff,0x08,0x83,0xff,0x08,0x83,0xff,0x08,0x83,0xff,0x08,0x83,0xff,0x08,0x83,0xff,
    0x08,0x83,0xff,0x08,0x83,0xff,0x08,0x83,0xff,0x08,0x83,0xff,0x08,0x83,0xff,0x29,0x86,0xc8,0x00,0x00,0x00,0x00,0x00,0x00,
    0x00,0x00,0x00,0x00,0x00,0x00,0x29,0x86,0xc8,0x08,0x83,0xff,0x08,0x83,0xff,0x08,0x83,0xff,0x08,0x83,0xff,0x08,0x83,0xff,
    0x08,0x83,0xff,0x08,0x83,0xff,0x08,0x83,0xff,0x08,0x83,0xff,0x08,0x83,0xff,0x08,0x83,0xff,0x08,0x83,0xff,0x08,0x83,0xff,
    0x08,0x83,0xff,0x08,0x83,0xff,0x08,0x83,0xff,0x08,0x83,0xff,0x08,0x83,0xff,0x08,0x83,0xff,0x08,0x83,0xff,0x08,0x83,0xff,
    0x08,0x83,0xff,0x08,0x83,0xff,0x08,0x83,0xff,0x08,0x83,0xff,0x08,0x83,0xff,0x08,0x83,0xff,0x08,0x83,0xff,0x08,0x83,0xff,
    0x08,0x83,0xff,0x08,0x83,0xff,0x08,0x83,0xff,0x08,0x83,0xff,0x08,0x83,0xff,0x08,0x83,0xff,0x08,0x83,0xff,0x08,0x83,0xff,
    0x08,0x83,0xff,0x08,0x83,0xff,0x08,0x83,0xff,0x08,0x83,0xff,0x08,0x83,0xff,0x08,0x83,0xff,0x08,0x83,0xff,0x08,0x83,0xff,
    0x08,0x83,0xff,0x08,0x83,0xff,0x08,0x83,0xff,0x08,0x83,0xff,0x08,0x83,0xff,0x08,0x83,0xff,0x08,0x83,0xff,0x08,0x83,0xff,
    0x08,0x83,0xff,0x08,0x83,0xff,0x08,0x83,0xff,0x08,0x83,0xff,0x08,0x83,0xff,0x08,0x83,0xff,0x08,0x83,0xff,0x08,0x83,0xff,
    0x08,0x83,0xff,0x08,0x83,0xff,0x08,0x83,0xff,0x08,0x83,0xff,0x08,0x83,0xff,0x08,0x83,0xff,0x08,0x83,0xff,0x08,0x83,0xff,
    0x08,0x83,0xff,0x08,0x83,0xff,0x08,0x83,0xff,0x08,0x83,0xff,0x08,0x83,0xff,0x08,0x83,0xff,0x08,0x83,0xff,0x08,0x83,0xff,
    0x08,0x83,0xff,0x08,0x83,0xff,0x08,0x83,0xff,0x08,0x83,0xff,0x08,0x83,0xff,0x08,0x83,0xff,0x08,0x83,0xff,0x08,0x83,0xff,
    0x08,0x83,0xff,0x08,0x83,0xff,0x08,0x83,0xff,0x08,0x83,0xff,0x08,0x83,0xff,0x08,0x83,0xff,0x08,0x83,0xff,0x08,0x83,0xff,
    0x08,0x83,0xff,0x08,0x83,0xff,0x08,0x83,0xff,0x08,0x83,0xff,0x08,0x83,0xff,0x08,0x83,0xff,0x08,0x83,0xff,0x08,0x83,0xff,
    0x08,0x83,0xff,0x08,0x83,0xff,0x08,0x83,0xff,0x08,0x83,0xff,0x08,0x83,0xff,0x08,0x83,0xff,0x08,0x83,0xff,0x08,0x83,0xff,
    0x08,0x83,0xff,0x08,0x83,0xff,0x08,0x83,0xff,0x08,0x83,0xff,0x08,0x83,0xff,0x08,0x83,0xff,0x08,0x83,0xff,0x08,0x83,0xff,
    0x08,0x83,0xff,0x08,0x83,0xff,0x08,0x83,0xff,0x08,0x83,0xff,0x08,0x83,0xff,0x08,0x83,0xff,0x08,0x83,0xff,0x08,0x83,0xff,
    0x08,0x83,0xff,0x08,0x83,0xff,0x08,0x83,0xff,0x08,0x83,0xff,0x08,0x83,0xff,0x29,0x86,0xc8,0x00,0x00,0x00,0x00,0x00,0x00,
    0x00,0x00,0x00,0x00,0x00,0x00,0x29,0x86,0xc8,0x08,0x83,0xff,0x08,0x83,0xff,0x08,0x83,0xff,0x08,0x83,0xff,0x08,0x83,0xff,
    0x08,0x83,0xff,0x08,0x83,0xff,0x08,0x83,0xff,0x08,0x83,0xff,0x08,0x83,0xff,0x08,0x83,0xff,0x08,0x83,0xff,0x08,0x83,0xff,
    0x08,0x83,0xff,0x08,0x83,0xff,0x08,0x83,0xff,0x08,0x83,0xff,0x08,0x83,0xff,0x08,0x83,0xff,0x08,0x83,0xff,0x08,0x83,0xff,
    0x08,0x83,0xff,0x08,0x83,0xff,0x08,0x83,0xff,0x08,0x83,0xff,0x08,0x83,0xff,0x08,0x83,0xff,0x08,0x83,0xff,0x08,0x83,0xff,
    0x08,0x83,0xff,0x08,0x83,0xff,0x08,0x83,0xff,0x08,0x83,0xff,0x08,0x83,0xff,0x08,0x83,0xff,0x08,0x83,0xff,0x08,0x83,0xff,
    0x08,0x83,0xff,0x08,0x83,0xff,0x08,0x83,0xff,0x08,0x83,0xff,0x08,0x83,0xff,0x08,0x83,0xff,0x08,0x83,0xff,0x08,0x83,0xff,
    0x08,0x83,0xff,0x08,0x83,0xff,0x08,0x83,0xff,0x08,0x83,0xff,0x08,0x83,0xff,0x08,0x83,0xff,0x08,0x83,0xff,0x08,0x83,0xff,
    0x08,0x83,0xff,0x08,0x83,0xff,0x08,0x83,0xff,0x08,0x83,0xff,0x08,0x83,0xff,0x08,0x83,0xff,0x08,0x83,0xff,0x08,0x83,0xff,
    0x08,0x83,0xff,0x08,0x83,0xff,0x08,0x83,0xff,0x08,0x83,0xff,0x08,0x83,0xff,0x08,0x83,0xff,0x08,0x83,0xff,0x08,0x83,0xff,
    0x08,0x83,0xff,0x08,0x83,0xff,0x08,0x83,0xff,0x08,0x83,0xff,0x08,0x83,0xff,0x08,0x83,0xff,0x08,0x83,0xff,0x08,0x83,0xff,
    0x08,0x83,0xff,0x08,0x83,0xff,0x08,0x83,0xff,0x08,0x83,0xff,0x08,0x83,0xff,0x08,0x83,0xff,0x08,0x83,0xff,0x08,0x83,0xff,
    0x08,0x83,0xff,0x08,0x83,0xff,0x08,0x83,0xff,0x08,0x83,0xff,0x08,0x83,0xff,0x08,0x83,0xff,0x08,0x83,0xff,0x08,0x83,0xff,
    0x08,0x83,0xff,0x08,0x83,0xff,0x08,0x83,0xff,0x08,0x83,0xff,0x08,0x83,0xff,0x08,0x83,0xff,0x08,0x83,0xff,0x08,0x83,0xff,
    0x08,0x83,0xff,0x08,0x83,0xff,0x08,0x83,0xff,0x08,0x83,0xff,0x08,0x83,0xff,0x08,0x83,0xff,0x08,0x83,0xff,0x08,0x83,0xff,
    0x08,0x83,0xff,0x08,0x83,0xff,0x08,0x83,0xff,0x08,0x83,0xff,0x08,0x83,0xff,0x08,0x83,0xff,0x08,0x83,0xff,0x08,0x83,0xff,
    0x08,0x83,0xff,0x08,0x83,0xff,0x08,0x83,0xff,0x08,0x83,0xff,0x08,0x83,0xff,0x08,0x83,0xff,0x08,0x83,0xff,0x08,0x83,0xff,
    0x08,0x83,0xff,0x08,0x83,0xff,0x08,0x83,0xff,0x08,0x83,0xff,0x08,0x83,0xff,0x29,0x86,0xc8,0x00,0x00,0x00,0x00,0x00,0x00,
    0x00,0x00,0x00,0x00,0x00,0x00,0x29,0x86,0xc8,0x08,0x83,0xff,0x08,0x83,0xff,0x08,0x83,0xff,0x08,0x83,0xff,0x08,0x83,0xff,
    0x08,0x83,0xff,0x08,0x83,0xff,0x08,0x83,0xff,0x08,0x83,0xff,0x08,0x83,0xff,0x08,0x83,0xff,0x08,0x83,0xff,0x08,0x83,0xff,
    0x08,0x83,0xff,0x08,0x83,0xff,0x08,0x83,0xff,0x08,0x83,0xff,0x08,0x83,0xff,0x08,0x83,0xff,0x08,0x83,0xff,0x08,0x83,0xff,
    0x08,0x83,0xff,0x08,0x83,0xff,0x08,0x83,0xff,0x08,0x83,0xff,0x08,0x83,0xff,0x08,0x83,0xff,0x08,0x83,0xff,0x08,0x83,0xff,
    0x08,0x83,0xff,0x08,0x83,0xff,0x08,0x83,0xff,0x08,0x83,0xff,0x08,0x83,0xff,0x08,0x83,0xff,0x08,0x83,0xff,0x08,0x83,0xff,
    0x08,0x83,0xff,0x08,0x83,0xff,0x08,0x83,0xff,0x08,0x83,0xff,0x08,0x83,0xff,0x08,0x83,0xff,0x08,0x83,0xff,0x08,0x83,0xff,
    0x08,0x83,0xff,0x08,0x83,0xff,0x08,0x83,0xff,0x08,0x83,0xff,0x08,0x83,0xff,0x08,0x83,0xff,0x08,0x83,0xff,0x08,0x83,0xff,
    0x08,0x83,0xff,0x08,0x83,0xff,0x08,0x83,0xff,0x08,0x83,0xff,0x08,0x83,0xff,0x08,0x83,0xff,0x08,0x83,0xff,0x08,0x83,0xff,
    0x08,0x83,0xff,0x08,0x83,0xff,0x08,0x83,0xff,0x08,0x83,0xff,0x08,0x83,0xff,0x08,0x83,0xff,0x08,0x83,0xff,0x08,0x83,0xff,
    0x08,0x83,0xff,0x08,0x83,0xff,0x08,0x83,0xff,0x08,0x83,0xff,0x08,0x83,0xff,0x08,0x83,0xff,0x08,0x83,0xff,0x08,0x83,0xff,
    0x08,0x83,0xff,0x08,0x83,0xff,0x08,0x83,0xff,0x08,0x83,0xff,0x08,0x83,0xff,0x08,0x83,0xff,0x08,0x83,0xff,0x08,0x83,0xff,
    0x08,0x83,0xff,0x08,0x83,0xff,0x08,0x83,0xff,0x08,0x83,0xff,0x08,0x83,0xff,0x08,0x83,0xff,0x08,0x83,0xff,0x08,0x83,0xff,
    0x08,0x83,0xff,0x08,0x83,0xff,0x08,0x83,0xff,0x08,0x83,0xff,0x08,0x83,0xff,0x08,0x83,0xff,0x08,0x83,0xff,0x08,0x83,0xff,
    0x08,0x83,0xff,0x08,0x83,0xff,0x08,0x83,0xff,0x08,0x83,0xff,0x08,0x83,0xff,0x08,0x83,0xff,0x08,0x83,0xff,0x08,0x83,0xff,
    0x08,0x83,0xff,0x08,0x83,0xff,0x08,0x83,0xff,0x08,0x83,0xff,0x08,0x83,0xff,0x08,0x83,0xff,0x08,0x83,0xff,0x08,0x83,0xff,
    0x08,0x83,0xff,0x08,0x83,0xff,0x08,0x83,0xff,0x08,0x83,0xff,0x08,0x83,0xff,0x08,0x83,0xff,0x08,0x83,0xff,0x08,0x83,0xff,
    0x08,0x83,0xff,0x08,0x83,0xff,0x08,0x83,0xff,0x08,0x83,0xff,0x08,0x83,0xff,0x29,0x86,0xc8,0x00,0x00,0x00,0x00,0x00,0x00,
    0x00,0x00,0x00,0x00,0x00,0x00,0x29,0x86,0xc8,0x08,0x83,0xff,0x08,0x83,0xff,0x08,0x83,0xff,0x08,0x83,0xff,0x08,0x83,0xff,
    0x08,0x83,0xff,0x08,0x83,0xff,0x08,0x83,0xff,0x08,0x83,0xff,0x08,0x83,0xff,0x08,0x83,0xff,0x08,0x83,0xff,0x08,0x83,0xff,
    0x08,0x83,0xff,0x08,0x83,0xff,0x08,0x83,0xff,0x08,0x83,0xff,0x08,0x83,0xff,0x08,0x83,0xff,0x08,0x83,0xff,0x08,0x83,0xff,
    0x08,0x83,0xff,0x08,0x83,0xff,0x08,0x83,0xff,0x08,0x83,0xff,0x08,0x83,0xff,0x08,0x83,0xff,0x08,0x83,0xff,0x08,0x83,0xff,
    0x08,0x83,0xff,0x08,0x83,0xff,0x08,0x83,0xff,0x08,0x83,0xff,0x08,0x83,0xff,0x08,0x83,0xff,0x08,0x83,0xff,0x08,0x83,0xff,
    0x08,0x83,0xff,0x08,0x83,0xff,0x08,0x83,0xff,0x08,0x83,0xff,0x08,0x83,0xff,0x08,0x83,0xff,0x08,0x83,0xff,0x08,0x83,0xff,
    0x08,0x83,0xff,0x08,0x83,0xff,0x08,0x83,0xff,0x08,0x83,0xff,0x08,0x83,0xff,0x08,0x83,0xff,0x08,0x83,0xff,0x08,0x83,0xff,
    0x08,0x83,0xff,0x08,0x83,0xff,0x08,0x83,0xff,0x08,0x83,0xff,0x08,0x83,0xff,0x08,0x83,0xff,0x08,0x83,0xff,0x08,0x83,0xff,
    0x08,0x83,0xff,0x08,0x83,0xff,0x08,0x83,0xff,0x08,0x83,0xff,0x08,0x83,0xff,0x08,0x83,0xff,0x08,0x83,0xff,0x08,0x83,0xff,
    0x08,0x83,0xff,0x08,0x83,0xff,0x08,0x83,0xff,0x08,0x83,0xff,0x08,0x83,0xff,0x08,0x83,0xff,0x08,0x83,0xff,0x08,0x83,0xff,
    0x08,0x83,0xff,0x08,0x83,0xff,0x08,0x83,0xff,0x08,0x83,0xff,0x08,0x83,0xff,0x08,0x83,0xff,0x08,0x83,0xff,0x08,0x83,0xff,
    0x08,0x83,0xff,0x08,0x83,0xff,0x08,0x83,0xff,0x08,0x83,0xff,0x08,0x83,0xff,0x08,0x83,0xff,0x08,0x83,0xff,0x08,0x83,0xff,
    0x08,0x83,0xff,0x08,0x83,0xff,0x08,0x83,0xff,0x08,0x83,0xff,0x08,0x83,0xff,0x08,0x83,0xff,0x08,0x83,0xff,0x08,0x83,0xff,
    0x08,0x83,0xff,0x08,0x83,0xff,0x08,0x83,0xff,0x08,0x83,0xff,0x08,0x83,0xff,0x08,0x83,0xff,0x08,0x83,0xff,0x08,0x83,0xff,
    0x08,0x83,0xff,0x08,0x83,0xff,0x08,0x83,0xff,0x08,0x83,0xff,0x08,0x83,0xff,0x08,0x83,0xff,0x08,0x83,0xff,0x08,0x83,0xff,
    0x08,0x83,0xff,0x08,0x83,0xff,0x08,0x83,0xff,0x08,0x83,0xff,0x08,0x83,0xff,0x08,0x83,0xff,0x08,0x83,0xff,0x08,0x83,0xff,
    0x08,0x83,0xff,0x08,0x83,0xff,0x08,0x83,0xff,0x08,0x83,0xff,0x08,0x83,0xff,0x29,0x86,0xc8,0x00,0x00,0x00,0x00,0x00,0x00,
    0x00,0x00,0x00,0x00,0x00,0x00,0x29,0x86,0xc8,0x08,0x83,0xff,0x08,0x83,0xff,0x08,0x83,0xff,0x08,0x83,0xff,0x08,0x83,0xff,
    0x08,0x83,0xff,0x08,0x83,0xff,0x08,0x83,0xff,0x08,0x83,0xff,0x08,0x83,0xff,0x08,0x83,0xff,0x08,0x83,0xff,0x08,0x83,0xff,
    0x08,0x83,0xff,0x08,0x83,0xff,0x08,0x83,0xff,0x08,0x83,0xff,0x08,0x83,0xff,0x08,0x83,0xff,0x08,0x83,0xff,0x08,0x83,0xff,
    0x08,0x83,0xff,0x08,0x83,0xff,0x08,0x83,0xff,0x08,0x83,0xff,0x08,0x83,0xff,0x08,0x83,0xff,0x08,0x83,0xff,0x08,0x83,0xff,
    0x08,0x83,0xff,0x08,0x83,0xff,0x08,0x83,0xff,0x08,0x83,0xff,0x08,0x83,0xff,0x08,0x83,0xff,0x08,0x83,0xff,0x08,0x83,0xff,
    0x08,0x83,0xff,0x08,0x83,0xff,0x08,0x83,0xff,0x08,0x83,0xff,0x08,0x83,0xff,0x08,0x83,0xff,0x08,0x83,0xff,0x08,0x83,0xff,
    0x08,0x83,0xff,0x08,0x83,0xff,0x08,0x83,0xff,0x08,0x83,0xff,0x08,0x83,0xff,0x08,0x83,0xff,0x08,0x83,0xff,0x08,0x83,0xff,
    0x08,0x83,0xff,0x08,0x83,0xff,0x08,0x83,0xff,0x08,0x83,0xff,0x08,0x83,0xff,0x08,0x83,0xff,0x08,0x83,0xff,0x08,0x83,0xff,
    0x08,0x83,0xff,0x08,0x83,0xff,0x08,0x83,0xff,0x08,0x83,0xff,0x08,0x83,0xff,0x08,0x83,0xff,0x08,0x83,0xff,0x08,0x83,0xff,
    0x08,0x83,0xff,0x08,0x83,0xff,0x08,0x83,0xff,0x08,0x83,0xff,0x08,0x83,0xff,0x08,0x83,0xff,0x08,0x83,0xff,0x08,0x83,0xff,
    0x08,0x83,0xff,0x08,0x83,0xff,0x08,0x83,0xff,0x08,0x83,0xff,0x08,0x83,0xff,0x08,0x83,0xff,0x08,0x83,0xff,0x08,0x83,0xff,
    0x08,0x83,0xff,0x08,0x83,0xff,0x08,0x83,0xff,0x08,0x83,0xff,0x08,0x83,0xff,0x08,0x83,0xff,0x08,0x83,0xff,0x08,0x83,0xff,
    0x08,0x83,0xff,0x08,0x83,0xff,0x08,0x83,0xff,0x08,0x83,0xff,0x08,0x83,0xff,0x08,0x83,0xff,0x08,0x83,0xff,0x08,0x83,0xff,
    0x08,0x83,0xff,0x08,0x83,0xff,0x08,0x83,0xff,0x08,0x83,0xff,0x08,0x83,0xff,0x08,0x83,0xff,0x08,0x83,0xff,0x08,0x83,0xff,
    0x08,0x83,0xff,0x08,0x83,0xff,0x08,0x83,0xff,0x08,0x83,0xff,0x08,0x83,0xff,0x08,0x83,0xff,0x08,0x83,0xff,0x08,0x83,0xff,
    0x08,0x83,0xff,0x08,0x83,0xff,0x08,0x83,0xff,0x08,0x83,0xff,0x08,0x83,0xff,0x08,0x83,0xff,0x08,0x83,0xff,0x08,0x83,0xff,
    0x08,0x83,0xff,0x08,0x83,0xff,0x08,0x83,0xff,0x08,0x83,0xff,0x08,0x83,0xff,0x29,0x86,0xc8,0x00,0x00,0x00,0x00,0x00,0x00,
    0x00,0x00,0x00,0x00,0x00,0x00,0x29,0x86,0xc8,0x08,0x83,0xff,0x08,0x83,0xff,0x08,0x83,0xff,0x08,0x83,0xff,0x08,0x83,0xff,
    0x08,0x83,0xff,0x08,0x83,0xff,0x08,0x83,0xff,0x08,0x83,0xff,0x08,0x83,0xff,0x08,0x83,0xff,0x08,0x83,0xff,0x08,0x83,0xff,
    0x08,0x83,0xff,0x08,0x83,0xff,0x08,0x83,0xff,0x08,0x83,0xff,0x08,0x83,0xff,0x08,0x83,0xff,0x08,0x83,0xff,0x08,0x83,0xff,
    0x08,0x83,0xff,0x08,0x83,0xff,0x08,0x83,0xff,0x08,0x83,0xff,0x08,0x83,0xff,0x08,0x83,0xff,0x08,0x83,0xff,0x08,0x83,0xff,
    0x08,0x83,0xff,0x08,0x83,0xff,0x08,0x83,0xff,0x08,0x83,0xff,0x08,0x83,0xff,0x08,0x83,0xff,0x08,0x83,0xff,0x08,0x83,0xff,
    0x08,0x83,0xff,0x08,0x83,0xff,0x08,0x83,0xff,0x08,0x83,0xff,0x08,0x83,0xff,0x08,0x83,0xff,0x08,0x83,0xff,0x08,0x83,0xff,
    0x08,0x83,0xff,0x08,0x83,0xff,0x08,0x83,0xff,0x08,0x83,0xff,0x08,0x83,0xff,0x08,0x83,0xff,0x08,0x83,0xff,0x08,0x83,0xff,
    0x08,0x83,0xff,0x08,0x83,0xff,0x08,0x83,0xff,0xb6,0x1a,0xff,0xb6,0x1a,0xff,0xb6,0x1a,0xff,0x08,0x83,0xff,0x08,0x83,0xff,
    0x08,0x83,0xff,0x08,0x83,0xff,0x08,0x83,0xff,0x08,0x83,0xff,0x08,0x83,0xff,0x08,0x83,0xff,0x08,0x83,0xff,0x08,0x83,0xff,
    0x08,0x83,0xff,0x08,0x83,0xff,0x08,0x83,0xff,0x08,0x83,0xff,0x08,0x83,0xff,0x08,0x83,0xff,0x08,0x83,0xff,0x08,0x83,0xff,
    0x08,0x83,0xff,0x08,0x83,0xff,0x08,0x83,0xff,0x08,0x83,0xff,0x08,0x83,0xff,0x08,0x83,0xff,0x08,0x83,0xff,0x08,0x83,0xff,
    0x08,0x83,0xff,0x08,0x83,0xff,0x08,0x83,0xff,0x08,0x83,0xff,0x08,0x83,0xff,0x08,0x83,0xff,0x08,0x83,0xff,0x08,0x83,0xff,
    0x08,0x83,0xff,0x08,0x83,0xff,0x08,0x83,0xff,0x08,0x83,0xff,0x08,0x83,0xff,0x08,0x83,0xff,0x08,0x83,0xff,0x08,0x83,0xff,
    0x08,0x83,0xff,0x08,0x83,0xff,0x08,0x83,0xff,0x08,0x83,0xff,0x08,0x83,0xff,0x08,0x83,0xff,0x08,0x83,0xff,0x08,0x83,0xff,
    0x08,0x83,0xff,0x08,0x83,0xff,0x08,0x83,0xff,0x08,0x83,0xff,0x08,0x83,0xff,0x08,0x83,0xff,0x08,0x83,0xff,0x08,0x83,0xff,
    0x08,0x83,0xff,0x08,0x83,0xff,0x08,0x83,0xff,0x08,0x83,0xff,0x08,0x83,0xff,0x08,0x83,0xff,0x08,0x83,0xff,0x08,0x83,0xff,
    0x08,0x83,0xff,0x08,0x83,0xff,0x08,0x83,0xff,0x08,0x83,0xff,0x08,0x83,0xff,0x29,0x86,0xc8,0x00,0x00,0x00,0x00,0x00,0x00,
    0x00,0x00,0x00,0x00,0x00,0x00,0x29,0x86,0xc8,0x08,0x83,0xff,0x08,0x83,0xff,0x08,0x83,0xff,0x08,0x83,0xff,0x08,0x83,0xff,
    0x08,0x83,0xff,0x08,0x83,0xff,0x08,0x83,0xff,0x08,0x83,0xff,0x08,0x83,0xff,0x08,0x83,0xff,0x08,0x83,0xff,0x08,0x83,0xff,
    0x08,0x83,0xff,0x08,0x83,0xff,0x08,0x83,0xff,0x08,0x83,0xff,0x08,0x83,0xff,0x08,0x83,0xff,0x08,0x83,0xff,0x08,0x83,0xff,
    0x08,0x83,0xff,0x08,0x83,0xff,0x08,0x83,0xff,0x08,0x83,0xff,0x08,0x83,0xff,0x08,0x83,0xff,0x08,0x83,0xff,0x08,0x83,0xff,
    0x08,0x83,0xff,0x08,0x83,0xff,0x08,0x83,0xff,0x08,0x83,0xff,0x08,0x83,0xff,0x08,0x83,0xff,0x08,0x83,0xff,0x08,0x83,0xff,
    0x08,0x83,0xff,0x08,0x83,0xff,0x08,0x83,0xff,0x08,0x83,0xff,0x08,0x83,0xff,0x08,0x83,0xff,0x08,0x83,0xff,0x08,0x83,0xff,
    0x08,0x83,0xff,0x08,0x83,0xff,0x08,0x83,0xff,0x08,0x83,0xff,0x08,0x83,0xff,0x08,0x83,0xff,0x08,0x83,0xff,0x08,0x83,0xff,
    0x08,0x83,0xff,0x08,0x83,0xff,0x08,0x83,0xff,0xb6,0x1a,0xff,0xb6,0x1a,0xff,0xb6,0x1a,0xff,0x08,0x83,0xff,0x08,0x83,0xff,
    0x08,0x83,0xff,0x08,0x83,0xff,0x08,0x83,0xff,0x08,0x83,0xff,0x08,0x83,0xff,0x08,0x83,0xff,0x08,0x83,0xff,0x08,0x83,0xff,
    0x08,0x83,0xff,0x08,0x83,0xff,0x08,0x83,0xff,0x08,0x83,0xff,0x08,0x83,0xff,0x08,0x83,0xff,0x08,0x83,0xff,0x08,0x83,0xff,
    0x08,0x83,0xff,0x08,0x83,0xff,0x08,0x83,0xff,0x08,0x83,0xff,0x08,0x83,0xff,0x08,0x83,0xff,0x08,0x83,0xff,0x08,0x83,0xff,
    0x08,0x83,0xff,0x08,0x83,0xff,0x08,0x83,0xff,0x08,0x83,0xff,0x08,0x83,0xff,0x08,0x83,0xff,0x08,0x83,0xff,0x08,0x83,0xff,
    0x08,0x83,0xff,0x08,0x83,0xff,0x08,0x83,0xff,0x08,0x83,0xff,0x08,0x83,0xff,0x08,0x83,0xff,0x08,0x83,0xff,0x08,0x83,0xff,
    0x08,0x83,0xff,0x08,0x83,0xff,0x08,0x83,0xff,0x08,0x83,0xff,0x08,0x83,0xff,0x08,0x83,0xff,0x08,0x83,0xff,0x08,0x83,0xff,
    0x08,0x83,0xff,0x08,0x83,0xff,0x08,0x83,0xff,0x08,0x83,0xff,0x08,0x83,0xff,0x08,0x83,0xff,0x08,0x83,0xff,0x08,0x83,0xff,
    0x08,0x83,0xff,0x08,0x83,0xff,0x08,0x83,0xff,0x08,0x83,0xff,0x08,0x83,0xff,0x08,0x83,0xff,0x08,0x83,0xff,0x08,0x83,0xff,
    0x08,0x83,0xff,0x08,0x83,0xff,0x08,0x83,0xff,0x08,0x83,0xff,0x08,0x83,0xff,0x29,0x86,0xc8,0x00,0x00,0x00,0x00,0x00,0x00,
    0x00,0x00,0x00,0x00,0x00,0x00,0x29,0x86,0xc8,0x08,0x83,0xff,0x08,0x83,0xff,0x08,0x83,0xff,0x08,0x83,0xff,0x08,0x83,0xff,
    0x08,0x83,0xff,0x08,0x83,0xff,0x08,0x83,0xff,0x08,0x83,0xff,0x08,0x83,0xff,0x08,0x83,0xff,0x08,0x83,0xff,0x08,0x83,0xff,
    0x08,0x83,0xff,0x08,0x83,0xff,0x08,0x83,0xff,0x08,0x83,0xff,0x08,0x83,0xff,0x08,0x83,0xff,0x08,0x83,0xff,0x08,0x83,0xff,
    0x08,0x83,0xff,0x08,0x83,0xff,0x08,0x83,0xff,0x08,0x83,0xff,0x08,0x83,0xff,0x08,0x83,0xff,0x08,0x83,0xff,0x08,0x83,0xff,
    0x08,0x83,0xff,0x08,0x83,0xff,0x08,0x83,0xff,0x08,0x83,0xff,0x08,0x83,0xff,0x08,0x83,0xff,0x08,0x83,0xff,0x08,0x83,0xff,
    0x08,0x83,0xff,0x08,0x83,0xff,0x08,0x83,0xff,0x08,0x83,0xff,0x08,0x83,0xff,0x08,0x83,0xff,0x08,0x83,0xff,0x08,0x83,0xff,
    0x08,0x83,0xff,0x08,0x83,0xff,0x08,0x83,0xff,0x08,0x83,0xff,0x08,0x83,0xff,0x08,0x83,0xff,0x08,0x83,0xff,0x08,0x83,0xff,
    0x08,0x83,0xff,0x08,0x83,0xff,0x08,0x83,0xff,0xb6,0x1a,0xff,0xb6,0x1a,0xff,0xb6,0x1a,0xff,0x08,0x83,0xff,0x08,0x83,0xff,
    0x08,0x83,0xff,0x08,0x83,0xff,0x08,0x83,0xff,0x08,0x83,0xff,0x08,0x83,0xff,0x08,0x83,0xff,0x08,0x83,0xff,0x08,0x83,0xff,
    0x08,0x83,0xff,0x08,0x83,0xff,0x08,0x83,0xff,0x08,0x83,0xff,0x08,0x83,0xff,0x08,0x83,0xff,0x08,0x83,0xff,0x08,0x83,0xff,
    0x08,0x83,0xff,0x08,0x83,0xff,0x08,0x83,0xff,0x08,0x83,0xff,0x08,0x83,0xff,0x08,0x83,0xff,0x08,0x83,0xff,0x08,0x83,0xff,
    0x08,0x83,0xff,0x08,0x83,0xff,0x08,0x83,0xff,0x08,0x83,0xff,0x08,0x83,0xff,0x08,0x83,0xff,0x08,0x83,0xff,0x08,0x83,0xff,
    0x08,0x83,0xff,0x08,0x83,0xff,0x08,0x83,0xff,0x08,0x83,0xff,0x08,0x83,0xff,0x08,0x83,0xff,0x08,0x83,0xff,0x08,0x83,0xff,
    0x08,0x83,0xff,0x08,0x83,0xff,0x08,0x83,0xff,0x08,0x83,0xff,0x08,0x83,0xff,0x08,0x83,0xff,0x08,0x83,0xff,0x08,0x83,0xff,
    0x08,0x83,0xff,0x08,0x83,0xff,0x08,0x83,0xff,0x08,0x83,0xff,0x08,0x83,0xff,0x08,0x83,0xff,0x08,0x83,0xff,0x08,0x83,0xff,
    0x08,0x83,0xff,0x08,0x83,0xff,0x08,0x83,0xff,0x08,0x83,0xff,0x08,0x83,0xff,0x08,0x83,0xff,0x08,0x83,0xff,0x08,0x83,0xff,
    0x08,0x83,0xff,0x08,0x83,0xff,0x08,0x83,0xff,0x08,0x83,0xff,0x08,0x83,0xff,0x29,0x86,0xc8,0x00,0x00,0x00,0x00,0x00,0x00,
    0x00,0x00,0x00,0x00,0x00,0x00,0x29,0x86,0xc8,0x08,0x83,0xff,0x08,0x83,0xff,0x08,0x83,0xff,0x08,0x83,0xff,0x08,0x83,0xff,
    0x08,0x83,0xff,0x08,0x83,0xff,0x08,0x83,0xff,0x08,0x83,0xff,0x08,0x83,0xff,0x08,0x83,0xff,0x08,0x83,0xff,0x08,0x83,0xff,
    0x08,0x83,0xff,0x08,0x83,0xff,0x08,0x83,0xff,0x08,0x83,0xff,0x08,0x83,0xff,0x08,0x83,0xff,0x08,0x83,0xff,0x08,0x83,0xff,
    0x08,0x83,0xff,0x08,0x83,0xff,0x08,0x83,0xff,0x08,0x83,0xff,0x08,0x83,0xff,0x08,0x83,0xff,0x08,0x83,0xff,0x08,0x83,0xff,
    0x08,0x83,0xff,0x08,0x83,0xff,0x08,0x83,0xff,0x08,0x83,0xff,0x08,0x83,0xff,0x08,0x83,0xff,0x08,0x83,0xff,0x08,0x83,0xff,
    0x08,0x83,0xff,0x08,0x83,0xff,0x08,0x83,0xff,0x08,0x83,0xff,0x08,0x83,0xff,0x08,0x83,0xff,0x08,0x83,0xff,0x08,0x83,0xff,
    0x08,0x83,0xff,0x08,0x83,0xff,0x08,0x83,0xff,0x08,0x83,0xff,0x08,0x83,0xff,0x08,0x83,0xff,0x08,0xa3,0xff,0x10,0xa3,0xff,
    0x10,0xa3,0xff,0x10,0xa3,0xff,0x10,0xc3,0xff,0xb6,0x1a,0xff,0xb6,0x1a,0xff,0xb6,0x1a,0xff,0x10,0xc3,0xff,0x10,0xa3,0xff,
    0x10,0xa3,0xff,0x10,0xa3,0xff,0x08,0xa3,0xff,0x08,0x83,0xff,0x08,0x83,0xff,0x08,0x83,0xff,0x08,0x83,0xff,0x08,0x83,0xff,
    0x08,0x83,0xff,0x08,0x83,0xff,0x08,0x83,0xff,0x08,0x83,0xff,0x08,0x83,0xff,0x08,0x83,0xff,0x08,0x83,0xff,0x08,0x83,0xff,
    0x08,0x83,0xff,0x08,0x83,0xff,0x08,0x83,0xff,0x08,0x83,0xff,0x08,0x83,0xff,0x08,0x83,0xff,0x08,0x83,0xff,0x08,0x83,0xff,
    0x08,0x83,0xff,0x08,0x83,0xff,0x08,0x83,0xff,0x08,0x83,0xff,0x08,0x83,0xff,0x08,0x83,0xff,0x08,0x83,0xff,0x08,0x83,0xff,
    0x08,0x83,0xff,0x08,0x83,0xff,0x08,0x83,0xff,0x08,0x83,0xff,0x08,0x83,0xff,0x08,0x83,0xff,0x08,0x83,0xff,0x08,0x83,0xff,
    0x08,0x83,0xff,0x08,0x83,0xff,0x08,0x83,0xff,0x08,0x83,0xff,0x08,0x83,0xff,0x08,0x83,0xff,0x08,0x83,0xff,0x08,0x83,0xff,
    0x08,0x83,0xff,0x08,0x83,0xff,0x08,0x83,0xff,0x08,0x83,0xff,0x08,0x83,0xff,0x08,0x83,0xff,0x08,0x83,0xff,0x08,0x83,0xff,
    0x08,0x83,0xff,0x08,0x83,0xff,0x08,0x83,0xff,0x08,0x83,0xff,0x08,0x83,0xff,0x08,0x83,0xff,0x08,0x83,0xff,0x08,0x83,0xff,
    0x08,0x83,0xff,0x08,0x83,0xff,0x08,0x83,0xff,0x08,0x83,0xff,0x08,0x83,0xff,0x29,0x86,0xc8,0x00,0x00,0x00,0x00,0x00,0x00,
    0x00,0x00,0x00,0x00,0x00,0x00,0x29,0x86,0xc8,0x08,0x83,0xff,0x08,0x83,0xff,0x08,0x83,0xff,0x08,0x83,0xff,0x08,0x83,0xff,
    0x08,0x83,0xff,0x08,0x83,0xff,0x08,0x83,0xff,0x08,0x83,0xff,0x08,0x83,0xff,0x08,0x83,0xff,0x08,0x83,0xff,0x08,0x83,0xff,
    0x08,0x83,0xff,0x08,0x83,0xff,0x08,0x83,0xff,0x08,0x83,0xff,0x08,0x83,0xff,0x08,0x83,0xff,0x08,0x83,0xff,0x08,0x83,0xff,
    0x08,0x83,0xff,0x08,0x83,0xff,0x08,0x83,0xff,0x08,0x83,0xff,0x08,0x83,0xff,0x08,0x83,0xff,0x08,0x83,0xff,0x08,0x83,0xff,
    0x08,0x83,0xff,0x08,0x83,0xff,0x08,0x83,0xff,0x08,0x83,0xff,0x08,0x83,0xff,0x08,0x83,0xff,0x08,0x83,0xff,0x08,0x83,0xff,
    0x08,0x83,0xff,0x08,0x83,0xff,0x08,0x83,0xff,0x08,0x83,0xff,0x08,0x83,0xff,0x08,0x83,0xff,0x08,0x83,0xff,0x08,0x82,0xff,
    0x08,0x83,0xff,0x08,0x83,0xff,0x08,0x83,0xff,0x08,0x83,0xff,0x10,0xa3,0xff,0x10,0xa3,0xff,0x10,0xc3,0xff,0x10,0xc4,0xff,
    0x10,0xc4,0xff,0x18,0xe4,0xff,0x18,0xe4,0xff,0xb6,0x1a,0xff,0xb6,0x1a,0xff,0xb6,0x1a,0xff,0x18,0xe4,0xff,0x18,0xe4,0xff,
    0x10,0xc4,0xff,0x10,0xc4,0xff,0x10,0xc3,0xff,0x10,0xa3,0xff,0x10,0xa3,0xff,0x08,0x83,0xff,0x08,0x83,0xff,0x08,0x83,0xff,
    0x08,0x83,0xff,0x08,0x82,0xff,0x08,0x83,0xff,0x08,0x83,0xff,0x08,0x83,0xff,0x08,0x83,0xff,0x08,0x83,0xff,0x08,0x83,0xff,
    0x08,0x83,0xff,0x08,0x83,0xff,0x08,0x83,0xff,0x08,0x83,0xff,0x08,0x83,0xff,0x08,0x83,0xff,0x08,0x83,0xff,0x08,0x83,0xff,
    0x08,0x83,0xff,0x08,0x83,0xff,0x08,0x83,0xff,0x08,0x83,0xff,0x08,0x83,0xff,0x08,0x83,0xff,0x08,0x83,0xff,0x08,0x83,0xff,
    0x08,0x83,0xff,0x08,0x83,0xff,0x08,0x83,0xff,0x08,0x83,0xff,0x08,0x83,0xff,0x08,0x83,0xff,0x08,0x83,0xff,0x08,0x83,0xff,
    0x08,0x83,0xff,0x08,0x83,0xff,0x08,0x83,0xff,0x08,0x83,0xff,0x08,0x83,0xff,0x08,0x83,0xff,0x08,0x83,0xff,0x08,0x83,0xff,
    0x08,0x83,0xff,0x08,0x83,0xff,0x08,0x83,0xff,0x08,0x83,0xff,0x08,0x83,0xff,0x08,0x83,0xff,0x08,0x83,0xff,0x08,0x83,0xff,
    0x08,0x83,0xff,0x08,0x83,0xff,0x08,0x83,0xff,0x08,0x83,0xff,0x08,0x83,0xff,0x08,0x83,0xff,0x08,0x83,0xff,0x08,0x83,0xff,
    0x08,0x83,0xff,0x08,0x83,0xff,0x08,0x83,0xff,0x08,0x83,0xff,0x08,0x83,0xff,0x29,0x86,0xc8,0x00,0x00,0x00,0x00,0x00,0x00,
    0x00,0x00,0x00,0x00,0x00,0x00,0x29,0x86,0xc8,0x08,0x83,0xff,0x08,0x83,0xff,0x08,0x83,0xff,0x08,0x83,0xff,0x08,0x83,0xff,
    0x08,0x83,0xff,0x08,0x83,0xff,0x08,0x83,0xff,0x08,0x83,0xff,0x08,0x83,0xff,0x08,0x83,0xff,0x08,0x83,0xff,0x08,0x83,0xff,
    0x08,0x83,0xff,0x08,0x83,0xff,0x08,0x83,0xff,0x08,0x83,0xff,0x08,0x83,0xff,0x08,0x83,0xff,0x08,0x83,0xff,0x08,0x83,0xff,
    0x08,0x83,0xff,0x08,0x83,0xff,0x08,0x83,0xff,0x08,0x83,0xff,0x08,0x83,0xff,0x08,0x83,0xff,0x08,0x83,0xff,0x08,0x83,0xff,
    0x08,0x83,0xff,0x08,0x83,0xff,0x08,0x83,0xff,0x08,0x83,0xff,0x08,0x83,0xff,0x08,0x83,0xff,0x08,0x83,0xff,0x08,0x83,0xff,
    0x08,0x83,0xff,0x08,0x83,0xff,0x08,0x83,0xff,0x08,0x83,0xff,0x08,0x83,0xff,0x08,0x83,0xff,0x08,0x83,0xff,0x08,0x83,0xff,
    0x08,0x83,0xff,0x08,0x83,0xff,0x10,0xa3,0xff,0x10,0xa3,0xff,0x10,0xc4,0xff,0x10,0xc4,0xff,0x18,0xe4,0xff,0x19,0x05,0xff,
    0xb6,0x1a,0xff,0xb6,0x1a,0xff,0xb6,0x1a,0xff,0xb6,0x1a,0xff,0xb6,0x1a,0xff,0xb6,0x1a,0xff,0xb6,0x1a,0xff,0xb6,0x1a,0xff,
    0xb6,0x1a,0xff,0x19,0x05,0xff,0x18,0xe4,0xff,0x10,0xc4,0xff,0x10,0xc4,0xff,0x10,0xa3,0xff,0x10,0xa3,0xff,0x08,0x83,0xff,
    0x08,0x83,0xff,0x08,0x83,0xff,0x08,0x83,0xff,0x08,0x83,0xff,0x08,0x83,0xff,0x08,0x83,0xff,0x08,0x83,0xff,0x08,0x83,0xff,
    0x08,0x83,0xff,0x08,0x83,0xff,0x08,0x83,0xff,0x08,0x83,0xff,0x08,0x83,0xff,0x08,0x83,0xff,0x08,0x83,0xff,0x08,0x83,0xff,
    0x08,0x83,0xff,0x08,0x83,0xff,0x08,0x83,0xff,0x08,0x83,0xff,0x08,0x83,0xff,0x08,0x83,0xff,0x08,0x83,0xff,0x08,0x83,0xff,
    0x08,0x83,0xff,0x08,0x83,0xff,0x08,0x83,0xff,0x08,0x83,0xff,0x08,0x83,0xff,0x08,0x83,0xff,0x08,0x83,0xff,0x08,0x83,0xff,
    0x08,0x83,0xff,0x08,0x83,0xff,0x08,0x83,0xff,0x08,0x83,0xff,0x08,0x83,0xff,0x08,0x83,0xff,0x08,0x83,0xff,0x08,0x83,0xff,
    0x08,0x83,0xff,0x08,0x83,0xff,0x08,0x83,0xff,0x08,0x83,0xff,0x08,0x83,0xff,0x08,0x83,0xff,0x08,0x83,0xff,0x08,0x83,0xff,
    0x08,0x83,0xff,0x08,0x83,0xff,0x08,0x83,0xff,0x08,0x83,0xff,0x08,0x83,0xff,0x08,0x83,0xff,0x08,0x83,0xff,0x08,0x83,0xff,
    0x08,0x83,0xff,0x08,0x83,0xff,0x08,0x83,0xff,0x08,0x83,0xff,0x08,0x83,0xff,0x29,0x86,0xc8,0x00,0x00,0x00,0x00,0x00,0x00,
    0x00,0x00,0x00,0x00,0x00,0x00,0x29,0x86,0xc8,0x08,0x83,0xff,0x08,0x83,0xff,0x08,0x83,0xff,0x08,0x83,0xff,0x08,0x83,0xff,
    0x08,0x83,0xff,0x08,0x83,0xff,0x08,0x83,0xff,0x08,0x83,0xff,0x08,0x83,0xff,0x08,0x83,0xff,0x08,0x83,0xff,0x08,0x83,0xff,
    0x08,0x83,0xff,0x08,0x83,0xff,0x08,0x83,0xff,0x08,0x83,0xff,0x08,0x83,0xff,0x08,0x83,0xff,0x08,0x83,0xff,0x08,0x83,0xff,
    0x08,0x83,0xff,0x08,0x83,0xff,0x08,0x83,0xff,0x08,0x83,0xff,0x08,0x83,0xff,0x08,0x83,0xff,0x08,0x83,0xff,0x08,0x83,0xff,
    0x08,0x83,0xff,0x08,0x83,0xff,0x08,0x83,0xff,0x08,0x83,0xff,0x08,0x83,0xff,0x08,0x83,0xff,0x08,0x83,0xff,0x08,0x83,0xff,
    0x08,0x83,0xff,0x08,0x83,0xff,0x08,0x83,0xff,0x08,0x83,0xff,0x08,0x83,0xff,0xb6,0x1a,0xff,0x08,0x83,0xff,0x08,0x83,0xff,
    0x08,0x83,0xff,0x10,0xa3,0xff,0x10,0xc3,0xff,0x10,0xc4,0xff,0x18,0xe4,0xff,0xb6,0x1a,0xff,0xb6,0x1a,0xff,0xb6,0x1a,0xff,
    0xb6,0x1a,0xff,0xb6,0x1a,0xff,0xb6,0x1a,0xff,0xb6,0x1a,0xff,0xb6,0x1a,0xff,0xb6,0x1a,0xff,0xb6,0x1a,0xff,0xb6,0x1a,0xff,
    0xb6,0x1a,0xff,0xb6,0x1a,0xff,0xb6,0x1a,0xff,0xb6,0x1a,0xff,0x18,0xe4,0xff,0x10,0xc4,0xff,0x10,0xc3,0xff,0x10,0xa3,0xff,
    0x08,0x83,0xff,0x08,0x83,0xff,0x08,0x83,0xff,0xb6,0x1a,0xff,0x08,0x83,0xff,0x08,0x83,0xff,0x08,0x83,0xff,0x08,0x83,0xff,
    0x08,0x83,0xff,0x08,0x83,0xff,0x08,0x83,0xff,0x08,0x83,0xff,0x08,0x83,0xff,0x08,0x83,0xff,0x08,0x83,0xff,0x08,0x83,0xff,
    0x08,0x83,0xff,0x08,0x83,0xff,0x08,0x83,0xff,0x08,0x83,0xff,0x08,0x83,0xff,0x08,0x83,0xff,0x08,0x83,0xff,0x08,0x83,0xff,
    0x08,0x83,0xff,0x08,0x83,0xff,0x08,0x83,0xff,0x08,0x83,0xff,0x08,0x83,0xff,0x08,0x83,0xff,0x08,0x83,0xff,0x08,0x83,0xff,
    0x08,0x83,0xff,0x08,0x83,0xff,0x08,0x83,0xff,0x08,0x83,0xff,0x08,0x83,0xff,0x08,0x83,0xff,0x08,0x83,0xff,0x08,0x83,0xff,
    0x08,0x83,0xff,0x08,0x83,0xff,0x08,0x83,0xff,0x08,0x83,0xff,0x08,0x83,0xff,0x08,0x83,0xff,0x08,0x83,0xff,0x08,0x83,0xff,
    0x08,0x83,0xff,0x08,0x83,0xff,0x08,0x83,0xff,0x08,0x83,0xff,0x08,0x83,0xff,0x08,0x83,0xff,0x08,0x83,0xff,0x08,0x83,0xff,
    0x08,0x83,0xff,0x08,0x83,0xff,0x08,0x83,0xff,0x08,0x83,0xff,0x08,0x83,0xff,0x29,0x86,0xc8,0x00,0x00,0x00,0x00,0x00,0x00,
    0x00,0x00,0x00,0x00,0x00,0x00,0x29,0x86,0xc8,0x08,0x83,0xff,0x08,0x83,0xff,0x08,0x83,0xff,0x08,0x83,0xff,0x08,0x83,0xff,
    0x08,0x83,0xff,0x08,0x83,0xff,0x08,0x83,0xff,0x08,0x83,0xff,0x08,0x83,0xff,0x08,0x83,0xff,0x08,0x83,0xff,0x08,0x83,0xff,
    0x08,0x83,0xff,0x08,0x83,0xff,0x08,0x83,0xff,0x08,0x83,0xff,0x08,0x83,0xff,0x08,0x83,0xff,0x08,0x83,0xff,0x08,0x83,0xff,
    0x08,0x83,0xff,0x08,0x83,0xff,0x08,0x83,0xff,0x08,0x83,0xff,0x08,0x83,0xff,0x08,0x83,0xff,0x08,0x83,0xff,0x08,0x83,0xff,
    0x08,0x83,0xff,0x08,0x83,0xff,0x08,0x83,0xff,0x08,0x83,0xff,0x08,0x83,0xff,0x08,0x83,0xff,0x08,0x83,0xff,0x08,0x83,0xff,
    0x08,0x83,0xff,0x08,0x83,0xff,0x08,0x83,0xff,0x08,0x83,0xff,0xb6,0x1a,0xff,0xb6,0x1a,0xff,0xb6,0x1a,0xff,0x08,0x83,0xff,
    0x10,0xa3,0xff,0x10,0xc4,0xff,0x18,0xe4,0xff,0xb6,0x1a,0xff,0xb6,0x1a,0xff,0xb6,0x1a,0xff,0xb6,0x1a,0xff,0xb6,0x1a,0xff,
    0x21,0x66,0xff,0x21,0x66,0xff,0x21,0x66,0xff,0x21,0x66,0xff,0x21,0x66,0xff,0x21,0x66,0xff,0x21,0x66,0xff,0x21,0x66,0xff,
    0x21,0x66,0xff,0xb6,0x1a,0xff,0xb6,0x1a,0xff,0xb6,0x1a,0xff,0xb6,0x1a,0xff,0xb6,0x1a,0xff,0x18,0xe4,0xff,0x10,0xc4,0xff,
    0x10,0xa3,0xff,0x08,0x83,0xff,0xb6,0x1a,0xff,0xb6,0x1a,0xff,0xb6,0x1a,0xff,0x08,0x83,0xff,0x08,0x83,0xff,0x08,0x83,0xff,
    0x08,0x83,0xff,0x08,0x83,0xff,0x08,0x83,0xff,0x08,0x83,0xff,0x08,0x83,0xff,0x08,0x83,0xff,0x08,0x83,0xff,0x08,0x83,0xff,
    0x08,0x83,0xff,0x08,0x83,0xff,0x08,0x83,0xff,0x08,0x83,0xff,0x08,0x83,0xff,0x08,0x83,0xff,0x08,0x83,0xff,0x08,0x83,0xff,
    0x08,0x83,0xff,0x08,0x83,0xff,0x08,0x83,0xff,0x08,0x83,0xff,0x08,0x83,0xff,0x08,0x83,0xff,0x08,0x83,0xff,0x08,0x83,0xff,
    0x08,0x83,0xff,0x08,0x83,0xff,0x08,0x83,0xff,0x08,0x83,0xff,0x08,0x83,0xff,0x08,0x83,0xff,0x08,0x83,0xff,0x08,0x83,0xff,
    0x08,0x83,0xff,0x08,0x83,0xff,0x08,0x83,0xff,0x08,0x83,0xff,0x08,0x83,0xff,0x08,0x83,0xff,0x08,0x83,0xff,0x08,0x83,0xff,
    0x08,0x83,0xff,0x08,0x83,0xff,0x08,0x83,0xff,0x08,0x83,0xff,0x08,0x83,0xff,0x08,0x83,0xff,0x08,0x83,0xff,0x08,0x83,0xff,
    0x08,0x83,0xff,0x08,0x83,0xff,0x08,0x83,0xff,0x08,0x83,0xff,0x08,0x83,0xff,0x29,0x86,0xc8,0x00,0x00,0x00,0x00,0x00,0x00,
    0x00,0x00,0x00,0x00,0x00,0x00,0x29,0x86,0xc8,0x08,0x83,0xff,0x08,0x83,0xff,0x08,0x83,0xff,0x08,0x83,0xff,0x08,0x83,0xff,
    0x08,0x83,0xff,0x08,0x83,0xff,0x08,0x83,0xff,0x08,0x83,0xff,0x08,0x83,0xff,0x08,0x83,0xff,0x08,0x83,0xff,0x08,0x83,0xff,
    0x08,0x83,0xff,0x08,0x83,0xff,0x08,0x83,0xff,0x08,0x83,0xff,0x08,0x83,0xff,0x08,0x83,0xff,0x08,0x83,0xff,0x08,0x83,0xff,
    0x08,0x83,0xff,0x08,0x83,0xff,0x08,0x83,0xff,0x08,0x83,0xff,0x08,0x83,0xff,0x08,0x83,0xff,0x08,0x83,0xff,0x08,0x83,0xff,
    0x08,0x83,0xff,0x08,0x83,0xff,0x08,0x83,0xff,0x08,0x83,0xff,0x08,0x83,0xff,0x08,0x83,0xff,0x08,0x83,0xff,0x08,0x83,0xff,
    0x08,0x83,0xff,0x08,0x83,0xff,0x08,0x83,0xff,0xb6,0x1a,0xff,0xb6,0x1a,0xff,0xb6,0x1a,0xff,0xb6,0x1a,0xff,0xb6,0x1a,0xff,
    0x10,0xc4,0xff,0x18,0xe4,0xff,0xb6,0x1a,0xff,0xb6,0x1a,0xff,0xb6,0x1a,0xff,0xb6,0x1a,0xff,0x21,0x66,0xff,0x21,0x66,0xff,
    0x21,0x46,0xff,0x21,0x46,0xff,0x21,0x46,0xff,0x21,0x46,0xff,0x21,0x46,0xff,0x21,0x46,0xff,0x21,0x46,0xff,0x21,0x46,0xff,
    0x21,0x46,0xff,0x21,0x66,0xff,0x21,0x66,0xff,0xb6,0x1a,0xff,0xb6,0x1a,0xff,0xb6,0x1a,0xff,0xb6,0x1a,0xff,0x18,0xe4,0xff,
    0x10,0xc4,0xff,0xb6,0x1a,0xff,0xb6,0x1a,0xff,0xb6,0x1a,0xff,0xb6,0x1a,0xff,0xb6,0x1a,0xff,0x08,0x83,0xff,0x08,0x83,0xff,
    0x08,0x83,0xff,0x08,0x83,0xff,0x08,0x83,0xff,0x08,0x83,0xff,0x08,0x83,0xff,0x08,0x83,0xff,0x08,0x83,0xff,0x08,0x83,0xff,
    0x08,0x83,0xff,0x08,0x83,0xff,0x08,0x83,0xff,0x08,0x83,0xff,0x08,0x83,0xff,0x08,0x83,0xff,0x08,0x83,0xff,0x08,0x83,0xff,
    0x08,0x83,0xff,0x08,0x83,0xff,0x08,0x83,0xff,0x08,0x83,0xff,0x08,0x83,0xff,0x08,0x83,0xff,0x08,0x83,0xff,0x08,0x83,0xff,
    0x08,0x83,0xff,0x08,0x83,0xff,0x08,0x83,0xff,0x08,0x83,0xff,0x08,0x83,0xff,0x08,0x83,0xff,0x08,0x83,0xff,0x08,0x83,0xff,
    0x08,0x83,0xff,0x08,0x83,0xff,0x08,0x83,0xff,0x08,0x83,0xff,0x08,0x83,0xff,0x08,0x83,0xff,0x08,0x83,0xff,0x08,0x83,0xff,
    0x08,0x83,0xff,0x08,0x83,0xff,0x08,0x83,0xff,0x08,0x83,0xff,0x08,0x83,0xff,0x08,0x83,0xff,0x08,0x83,0xff,0x08,0x83,0xff,
    0x08,0x83,0xff,0x08,0x83,0xff,0x08,0x83,0xff,0x08,0x83,0xff,0x08,0x83,0xff,0x29,0x86,0xc8,0x00,0x00,0x00,0x00,0x00,0x00,
    0x00,0x00,0x00,0x00,0x00,0x00,0x29,0x86,0xc8,0x08,0x83,0xff,0x08,0x83,0xff,0x08,0x83,0xff,0x08,0x83,0xff,0x08,0x83,0xff,
    0x08,0x83,0xff,0x08,0x83,0xff,0x08,0x83,0xff,0x08,0x83,0xff,0x08,0x83,0xff,0x08,0x83,0xff,0x08,0x83,0xff,0x08,0x83,0xff,
    0x08,0x83,0xff,0x08,0x83,0xff,0x08,0x83,0xff,0x08,0x83,0xff,0x08,0x83,0xff,0x08,0x83,0xff,0x08,0x83,0xff,0x08,0x83,0xff,
    0x08,0x83,0xff,0x08,0x83,0xff,0x08,0x83,0xff,0x08,0x83,0xff,0x08,0x83,0xff,0x08,0x83,0xff,0x08,0x83,0xff,0x08,0x83,0xff,
    0x08,0x83,0xff,0x08,0x83,0xff,0x08,0x83,0xff,0x08,0x83,0xff,0x08,0x83,0xff,0x08,0x83,0xff,0x08,0x83,0xff,0x08,0x83,0xff,
    0x08,0x83,0xff,0x08,0x83,0xff,0x08,0x83,0xff,0x08,0x83,0xff,0xb6,0x1a,0xff,0xb6,0x1a,0xff,0xb6,0x1a,0xff,0xb6,0x1a,0xff,
    0xb6,0x1a,0xff,0xb6,0x1a,0xff,0xb6,0x1a,0xff,0xb6,0x1a,0xff,0x21,0x46,0xff,0x21,0x46,0xff,0x21,0x46,0xff,0x21,0x45,0xff,
    0x21,0x25,0xff,0x19,0x25,0xff,0x19,0x05,0xff,0x19,0x05,0xff,0x19,0x05,0xff,0x19,0x05,0xff,0x19,0x05,0xff,0x19,0x25,0xff,
    0x21,0x25,0xff,0x21,0x45,0xff,0x21,0x46,0xff,0x21,0x46,0xff,0x21,0x46,0xff,0xb6,0x1a,0xff,0xb6,0x1a,0xff,0xb6,0x1a,0xff,
    0xb6,0x1a,0xff,0xb6,0x1a,0xff,0xb6,0x1a,0xff,0xb6,0x1a,0xff,0xb6,0x1a,0xff,0x08,0x83,0xff,0x08,0x83,0xff,0x08,0x83,0xff,
    0x08,0x83,0xff,0x08,0x83,0xff,0x08,0x83,0xff,0x08,0x83,0xff,0x08,0x83,0xff,0x08,0x83,0xff,0x08,0x83,0xff,0x08,0x83,0xff,
    0x08,0x83,0xff,0x08,0x83,0xff,0x08,0x83,0xff,0x08,0x83,0xff,0x08,0x83,0xff,0x08,0x83,0xff,0x08,0x83,0xff,0x08,0x83,0xff,
    0x08,0x83,0xff,0x08,0x83,0xff,0x08,0x83,0xff,0x08,0x83,0xff,0x08,0x83,0xff,0x08,0x83,0xff,0x08,0x83,0xff,0x08,0x83,0xff,
    0x08,0x83,0xff,0x08,0x83,0xff,0x08,0x83,0xff,0x08,0x83,0xff,0x08,0x83,0xff,0x08,0x83,0xff,0x08,0x83,0xff,0x08,0x83,0xff,
    0x08,0x83,0xff,0x08,0x83,0xff,0x08,0x83,0xff,0x08,0x83,0xff,0x08,0x83,0xff,0x08,0x83,0xff,0x08,0x83,0xff,0x08,0x83,0xff,
    0x08,0x83,0xff,0x08,0x83,0xff,0x08,0x83,0xff,0x08,0x83,0xff,0x08,0x83,0xff,0x08,0x83,0xff,0x08,0x83,0xff,0x08,0x83,0xff,
    0x08,0x83,0xff,0x08,0x83,0xff,0x08,0x83,0xff,0x08,0x83,0xff,0x08,0x83,0xff,0x29,0x86,0xc8,0x00,0x00,0x00,0x00,0x00,0x00,
    0x00,0x00,0x00,0x00,0x00,0x00,0x29,0x86,0xc8,0x08,0x83,0xff,0x08,0x83,0xff,0x08,0x83,0xff,0x08,0x83,0xff,0x08,0x83,0xff,
    0x08,0x83,0xff,0x08,0x83,0xff,0x08,0x83,0xff,0x08,0x83,0xff,0x08,0x83,0xff,0x08,0x83,0xff,0x08,0x83,0xff,0x08,0x83,0xff,
    0x08,0x83,0xff,0x08,0x83,0xff,0x08,0x83,0xff,0x08,0x83,0xff,0x08,0x83,0xff,0x08,0x83,0xff,0x08,0x83,0xff,0x08,0x83,0xff,
    0x08,0x83,0xff,0x08,0x83,0xff,0x08,0x83,0xff,0x08,0x83,0xff,0x08,0x83,0xff,0x08,0x83,0xff,0x08,0x83,0xff,0x08,0x83,0xff,
    0x08,0x83,0xff,0x08,0x83,0xff,0x08,0x83,0xff,0x08,0x83,0xff,0x08,0x83,0xff,0x08,0x83,0xff,0x08,0x83,0xff,0x08,0x83,0xff,
    0x08,0x83,0xff,0x08,0x83,0xff,0x08,0x83,0xff,0x08,0x83,0xff,0x08,0x83,0xff,0xb6,0x1a,0xff,0xb6,0x1a,0xff,0xb6,0x1a,0xff,
    0xb6,0x1a,0xff,0xb6,0x1a,0xff,0x21,0x46,0xff,0x21,0x46,0xff,0x21,0x46,0xff,0x21,0x25,0xff,0x19,0x25,0xff,0x19,0x05,0xff,
    0x18,0xe4,0xff,0x18,0xe4,0xff,0x10,0xe4,0xff,0x10,0xc4,0xff,0x10,0xc4,0xff,0x10,0xc4,0xff,0x10,0xe4,0xff,0x18,0xe4,0xff,
    0x18,0xe4,0xff,0x19,0x05,0xff,0x19,0x25,0xff,0x21,0x25,0xff,0x21,0x46,0xff,0x21,0x46,0xff,0x21,0x46,0xff,0xb6,0x1a,0xff,
    0xb6,0x1a,0xff,0xb6,0x1a,0xff,0xb6,0x1a,0xff,0xb6,0x1a,0xff,0x08,0x83,0xff,0x08,0x83,0xff,0x08,0x83,0xff,0x08,0x83,0xff,
    0x08,0x83,0xff,0x08,0x83,0xff,0x08,0x83,0xff,0x08,0x83,0xff,0x08,0x83,0xff,0x08,0x83,0xff,0x08,0x83,0xff,0x08,0x83,0xff,
    0x08,0x83,0xff,0x08,0x83,0xff,0x08,0x83,0xff,0x08,0x83,0xff,0x08,0x83,0xff,0x08,0x83,0xff,0x08,0x83,0xff,0x08,0x83,0xff,
    0x08,0x83,0xff,0x08,0x83,0xff,0x08,0x83,0xff,0x08,0x83,0xff,0x08,0x83,0xff,0x08,0x83,0xff,0x08,0x83,0xff,0x08,0x83,0xff,
    0x08,0x83,0xff,0x08,0x83,0xff,0x08,0x83,0xff,0x08,0x83,0xff,0x08,0x83,0xff,0x08,0x83,0xff,0x08,0x83,0xff,0x08,0x83,0xff,
    0x08,0x83,0xff,0x08,0x83,0xff,0x08,0x83,0xff,0x08,0x83,0xff,0x08,0x83,0xff,0x08,0x83,0xff,0x08,0x83,0xff,0x08,0x83,0xff,
    0x08,0x83,0xff,0x08,0x83,0xff,0x08,0x83,0xff,0x08,0x83,0xff,0x08,0x83,0xff,0x08,0x83,0xff,0x08,0x83,0xff,0x08,0x83,0xff,
    0x08,0x83,0xff,0x08,0x83,0xff,0x08,0x83,0xff,0x08,0x83,0xff,0x08,0x83,0xff,0x29,0x86,0xc8,0x00,0x00,0x00,0x00,0x00,0x00,
    0x00,0x00,0x00,0x00,0x00,0x00,0x29,0x86,0xc8,0x08,0x83,0xff,0x08,0x83,0xff,0x08,0x83,0xff,0x08,0x83,0xff,0x08,0x83,0xff,
    0x08,0x83,0xff,0x08,0x83,0xff,0x08,0x83,0xff,0x08,0x83,0xff,0x08,0x83,0xff,0x08,0x83,0xff,0x08,0x83,0xff,0x08,0x83,0xff,
    0x08,0x83,0xff,0x08,0x83,0xff,0x08,0x83,0xff,0x08,0x83,0xff,0x08,0x83,0xff,0x08,0x83,0xff,0x08,0x83,0xff,0x08,0x83,0xff,
    0x08,0x83,0xff,0x08,0x83,0xff,0x08,0x83,0xff,0x08,0x83,0xff,0x08,0x83,0xff,0x08,0x83,0xff,0x08,0x83,0xff,0x08,0x83,0xff,
    0x08,0x83,0xff,0x08,0x83,0xff,0x08,0x83,0xff,0x08,0x83,0xff,0x08,0x83,0xff,0x08,0x83,0xff,0x08,0x83,0xff,0x08,0x83,0xff,
    0x08,0x83,0xff,0x08,0x83,0xff,0x08,0x83,0xff,0x08,0x83,0xff,0x10,0xa3,0xff,0x10,0xc4,0xff,0xb6,0x1a,0xff,0xb6,0x1a,0xff,
    0xb6,0x1a,0xff,0x21,0x46,0xff,0x21,0x45,0xff,0x21,0x25,0xff,0x19,0x05,0xff,0x19,0x04,0xff,0x18,0xe4,0xff,0x10,0xc4,0xff,
    0x10,0xc3,0xff,0x10,0xa3,0xff,0x10,0xa3,0xff,0x10,0xa3,0xff,0x10,0xa3,0xff,0x10,0xa3,0xff,0x10,0xa3,0xff,0x10,0xa3,0xff,
    0x10,0xc3,0xff,0x10,0xc4,0xff,0x18,0xe4,0xff,0x19,0x04,0xff,0x19,0x05,0xff,0x21,0x25,0xff,0x21,0x45,0xff,0x21,0x46,0xff,
    0xb6,0x1a,0xff,0xb6,0x1a,0xff,0xb6,0x1a,0xff,0x10,0xc4,0xff,0x10,0xa3,0xff,0x08,0x83,0xff,0x08,0x83,0xff,0x08,0x83,0xff,
    0x08,0x83,0xff,0x08,0x83,0xff,0x08,0x83,0xff,0x08,0x83,0xff,0x08,0x83,0xff,0x08,0x83,0xff,0x08,0x83,0xff,0x08,0x83,0xff,
    0x08,0x83,0xff,0x08,0x83,0xff,0x08,0x83,0xff,0x08,0x83,0xff,0x08,0x83,0xff,0x08,0x83,0xff,0x08,0x83,0xff,0x08,0x83,0xff,
    0x08,0x83,0xff,0x08,0x83,0xff,0x08,0x83,0xff,0x08,0x83,0xff,0x08,0x83,0xff,0x08,0x83,0xff,0x08,0x83,0xff,0x08,0x83,0xff,
    0x08,0x83,0xff,0x08,0x83,0xff,0x08,0x83,0xff,0x08,0x83,0xff,0x08,0x83,0xff,0x08,0x83,0xff,0x08,0x83,0xff,0x08,0x83,0xff,
    0x08,0x83,0xff,0x08,0x83,0xff,0x08,0x83,0xff,0x08,0x83,0xff,0x08,0x83,0xff,0x08,0x83,0xff,0x08,0x83,0xff,0x08,0x83,0xff,
    0x08,0x83,0xff,0x08,0x83,0xff,0x08,0x83,0xff,0x08,0x83,0xff,0x08,0x83,0xff,0x08,0x83,0xff,0x08,0x83,0xff,0x08,0x83,0xff,
    0x08,0x83,0xff,0x08,0x83,0xff,0x08,0x83,0xff,0x08,0x83,0xff,0x08,0x83,0xff,0x29,0x86,0xc8,0x00,0x00,0x00,0x00,0x00,0x00,
    0x00,0x00,0x00,0x00,0x00,0x00,0x29,0x86,0xc8,0x08,0x83,0xff,0x08,0x83,0xff,0x08,0x83,0xff,0x08,0x83,0xff,0x08,0x83,0xff,
    0x08,0x83,0xff,0x08,0x83,0xff,0x08,0x83,0xff,0x08,0x83,0xff,0x08,0x83,0xff,0x08,0x83,0xff,0x08,0x83,0xff,0x08,0x83,0xff,
    0x08,0x83,0xff,0x08,0x83,0xff,0x08,0x83,0xff,0x08,0x83,0xff,0x08,0x83,0xff,0x08,0x83,0xff,0x08,0x83,0xff,0x08,0x83,0xff,
    0x08,0x83,0xff,0x08,0x83,0xff,0x08,0x83,0xff,0x08,0x83,0xff,0x08,0x83,0xff,0x08,0x83,0xff,0x08,0x83,0xff,0x08,0x83,0xff,
    0x08,0x83,0xff,0x08,0x83,0xff,0x08,0x83,0xff,0x08,0x83,0xff,0x08,0x83,0xff,0x08,0x83,0xff,0x08,0x83,0xff,0x08,0x83,0xff,
    0x08,0x83,0xff,0x08,0x83,0xff,0x08,0x83,0xff,0x10,0xa3,0xff,0x10,0xc4,0xff,0x18,0xe4,0xff,0xb6,0x1a,0xff,0xb6,0x1a,0xff,
    0x21,0x46,0xff,0x21,0x25,0xff,0x21,0x25,0xff,0x19,0x05,0xff,0x18,0xe4,0xff,0x10,0xc4,0xff,0x10,0xc3,0xff,0x10,0xa3,0xff,
    0x08,0xa3,0xff,0x08,0x83,0xff,0x08,0x83,0xff,0x08,0x83,0xff,0x08,0x83,0xff,0x08,0x83,0xff,0x08,0x83,0xff,0x08,0x83,0xff,
    0x08,0xa3,0xff,0x10,0xa3,0xff,0x10,0xc3,0xff,0x10,0xc4,0xff,0x18,0xe4,0xff,0x19,0x05,0xff,0x21,0x25,0xff,0x21,0x25,0xff,
    0x21,0x46,0xff,0xb6,0x1a,0xff,0xb6,0x1a,0xff,0x18,0xe4,0xff,0x10,0xc4,0xff,0x10,0xa3,0xff,0x08,0x83,0xff,0x08,0x83,0xff,
    0x08,0x83,0xff,0x08,0x83,0xff,0x08,0x83,0xff,0x08,0x83,0xff,0x08,0x83,0xff,0x08,0x83,0xff,0x08,0x83,0xff,0x08,0x83,0xff,
    0x08,0x83,0xff,0x08,0x83,0xff,0x08,0x83,0xff,0x08,0x83,0xff,0x08,0x83,0xff,0x08,0x83,0xff,0x08,0x83,0xff,0x08,0x83,0xff,
    0x08,0x83,0xff,0x08,0x83,0xff,0x08,0x83,0xff,0x08,0x83,0xff,0x08,0x83,0xff,0x08,0x83,0xff,0x08,0x83,0xff,0x08,0x83,0xff,
    0x08,0x83,0xff,0x08,0x83,0xff,0x08,0x83,0xff,0x08,0x83,0xff,0x08,0x83,0xff,0x08,0x83,0xff,0x08,0x83,0xff,0x08,0x83,0xff,
    0x08,0x83,0xff,0x08,0x83,0xff,0x08,0x83,0xff,0x08,0x83,0xff,0x08,0x83,0xff,0x08,0x83,0xff,0x08,0x83,0xff,0x08,0x83,0xff,
    0x08,0x83,0xff,0x08,0x83,0xff,0x08,0x83,0xff,0x08,0x83,0xff,0x08,0x83,0xff,0x08,0x83,0xff,0x08,0x83,0xff,0x08,0x83,0xff,
    0x08,0x83,0xff,0x08,0x83,0xff,0x08,0x83,0xff,0x08,0x83,0xff,0x08,0x83,0xff,0x29,0x86,0xc8,0x00,0x00,0x00,0x00,0x00,0x00,
    0x00,0x00,0x00,0x00,0x00,0x00,0x29,0x86,0xc8,0x08,0x83,0xff,0x08,0x83,0xff,0x08,0x83,0xff,0x08,0x83,0xff,0x08,0x83,0xff,
    0x08,0x83,0xff,0x08,0x83,0xff,0x08,0x83,0xff,0x08,0x83,0xff,0x08,0x83,0xff,0x08,0x83,0xff,0x08,0x83,0xff,0x08,0x83,0xff,
    0x08,0x83,0xff,0x08,0x83,0xff,0x08,0x83,0xff,0x08,0x83,0xff,0x08,0x83,0xff,0x08,0x83,0xff,0x08,0x83,0xff,0x08,0x83,0xff,
    0x08,0x83,0xff,0x08,0x83,0xff,0x08,0x83,0xff,0x08,0x83,0xff,0x08,0x83,0xff,0x08,0x83,0xff,0x08,0x83,0xff,0x08,0x83,0xff,
    0x08,0x83,0xff,0x08,0x83,0xff,0x08,0x83,0xff,0x08,0x83,0xff,0x08,0x83,0xff,0x08,0x83,0xff,0x08,0x83,0xff,0x08,0x83,0xff,
    0x08,0x83,0xff,0x08,0x83,0xff,0x10,0xa3,0xff,0x10,0xc3,0xff,0x18,0xe4,0xff,0xb6,0x1a,0xff,0xb6,0x1a,0xff,0x21,0x46,0xff,
    0x21,0x46,0xff,0x21,0x25,0xff,0x19,0x05,0xff,0x10,0xe4,0xff,0x10,0xc3,0xff,0x10,0xa3,0xff,0x08,0xa3,0xff,0x08,0x83,0xff,
    0x08,0x83,0xff,0x08,0x83,0xff,0x08,0x83,0xff,0x08,0x83,0xff,0x08,0x83,0xff,0x08,0x83,0xff,0x08,0x83,0xff,0x08,0x83,0xff,
    0x08,0x83,0xff,0x08,0x83,0xff,0x08,0xa3,0xff,0x10,0xa3,0xff,0x10,0xc3,0xff,0x10,0xe4,0xff,0x19,0x05,0xff,0x21,0x25,0xff,
    0x21,0x46,0xff,0x21,0x46,0xff,0xb6,0x1a,0xff,0xb6,0x1a,0xff,0x18,0xe4,0xff,0x10,0xc3,0xff,0x10,0xa3,0xff,0x08,0x83,0xff,
    0x08,0x83,0xff,0x08,0x83,0xff,0x08,0x83,0xff,0x08,0x83,0xff,0x08,0x83,0xff,0x08,0x83,0xff,0x08,0x83,0xff,0x08,0x83,0xff,
    0x08,0x83,0xff,0x08,0x83,0xff,0x08,0x83,0xff,0x08,0x83,0xff,0x08,0x83,0xff,0x08,0x83,0xff,0x08,0x83,0xff,0x08,0x83,0xff,
    0x08,0x83,0xff,0x08,0x83,0xff,0x08,0x83,0xff,0x08,0x83,0xff,0x08,0x83,0xff,0x08,0x83,0xff,0x08,0x83,0xff,0x08,0x83,0xff,
    0x08,0x83,0xff,0x08,0x83,0xff,0x08,0x83,0xff,0x08,0x83,0xff,0x08,0x83,0xff,0x08,0x83,0xff,0x08,0x83,0xff,0x08,0x83,0xff,
    0x08,0x83,0xff,0x08,0x83,0xff,0x08,0x83,0xff,0x08,0x83,0xff,0x08,0x83,0xff,0x08,0x83,0xff,0x08,0x83,0xff,0x08,0x83,0xff,
    0x08,0x83,0xff,0x08,0x83,0xff,0x08,0x83,0xff,0x08,0x83,0xff,0x08,0x83,0xff,0x08,0x83,0xff,0x08,0x83,0xff,0x08,0x83,0xff,
    0x08,0x83,0xff,0x08,0x83,0xff,0x08,0x83,0xff,0x08,0x83,0xff,0x08,0x83,0xff,0x29,0x86,0xc8,0x00,0x00,0x00,0x00,0x00,0x00,
    0x00,0x00,0x00,0x00,0x00,0x00,0x29,0x86,0xc8,0x08,0x83,0xff,0x08,0x83,0xff,0x08,0x83,0xff,0x08,0x83,0xff,0x08,0x83,0xff,
    0x08,0x83,0xff,0x08,0x83,0xff,0x08,0x83,0xff,0x08,0x83,0xff,0x08,0x83,0xff,0x08,0x83,0xff,0x08,0x83,0xff,0x08,0x83,0xff,
    0x08,0x83,0xff,0x08,0x83,0xff,0x08,0x83,0xff,0x08,0x83,0xff,0x08,0x83,0xff,0x08,0x83,0xff,0x08,0x83,0xff,0x08,0x83,0xff,
    0x08,0x83,0xff,0x08,0x83,0xff,0x08,0x83,0xff,0x08,0x83,0xff,0x08,0x83,0xff,0x08,0x83,0xff,0x08,0x83,0xff,0x08,0x83,0xff,
    0x08,0x83,0xff,0x08,0x83,0xff,0x08,0x83,0xff,0x08,0x83,0xff,0x08,0x83,0xff,0x08,0x83,0xff,0x08,0x83,0xff,0x08,0x83,0xff,
    0x08,0x83,0xff,0x08,0x83,0xff,0x10,0xa3,0xff,0x10,0xc4,0xff,0xb6,0x1a,0xff,0xb6,0x1a,0xff,0xb6,0x1a,0xff,0x21,0x46,0xff,
    0x21,0x25,0xff,0x19,0x05,0xff,0x10,0xe4,0xff,0x10,0xc3,0xff,0x10,0xa3,0xff,0x08,0x83,0xff,0x08,0x83,0xff,0x08,0x83,0xff,
    0x08,0x83,0xff,0x08,0x83,0xff,0x08,0x83,0xff,0x08,0x83,0xff,0x08,0x83,0xff,0x08,0x83,0xff,0x08,0x83,0xff,0x08,0x83,0xff,
    0x08,0x83,0xff,0x08,0x83,0xff,0x08,0x83,0xff,0x08,0x83,0xff,0x10,0xa3,0xff,0x10,0xc3,0xff,0x10,0xe4,0xff,0x19,0x05,0xff,
    0x21,0x25,0xff,0x21,0x46,0xff,0xb6,0x1a,0xff,0xb6,0x1a,0xff,0xb6,0x1a,0xff,0x10,0xc4,0xff,0x10,0xa3,0xff,0x08,0x83,0xff,
    0x08,0x83,0xff,0x08,0x83,0xff,0x08,0x83,0xff,0x08,0x83,0xff,0x08,0x83,0xff,0x08,0x83,0xff,0x08,0x83,0xff,0x08,0x83,0xff,
    0x08,0x83,0xff,0x08,0x83,0xff,0x08,0x83,0xff,0x08,0x83,0xff,0x08,0x83,0xff,0x08,0x83,0xff,0x08,0x83,0xff,0x08,0x83,0xff,
    0x08,0x83,0xff,0x08,0x83,0xff,0x08,0x83,0xff,0x08,0x83,0xff,0x08,0x83,0xff,0x08,0x83,0xff,0x08,0x83,0xff,0x08,0x83,0xff,
    0x08,0x83,0xff,0x08,0x83,0xff,0x08,0x83,0xff,0x08,0x83,0xff,0x08,0x83,0xff,0x08,0x83,0xff,0x08,0x83,0xff,0x08,0x83,0xff,
    0x08,0x83,0xff,0x08,0x83,0xff,0x08,0x83,0xff,0x08,0x83,0xff,0x08,0x83,0xff,0x08,0x83,0xff,0x08,0x83,0xff,0x08,0x83,0xff,
    0x08,0x83,0xff,0x08,0x83,0xff,0x08,0x83,0xff,0x08,0x83,0xff,0x08,0x83,0xff,0x08,0x83,0xff,0x08,0x83,0xff,0x08,0x83,0xff,
    0x08,0x83,0xff,0x08,0x83,0xff,0x08,0x83,0xff,0x08,0x83,0xff,0x08,0x83,0xff,0x29,0x86,0xc8,0x00,0x00,0x00,0x00,0x00,0x00,
    0x00,0x00,0x00,0x00,0x00,0x00,0x29,0x86,0xc8,0x08,0x83,0xff,0x08,0x83,0xff,0x08,0x83,0xff,0x08,0x83,0xff,0x08,0x83,0xff,
    0x08,0x83,0xff,0x08,0x83,0xff,0x08,0x83,0xff,0x08,0x83,0xff,0x08,0x83,0xff,0x08,0x83,0xff,0x08,0x83,0xff,0x08,0x83,0xff,
    0x08,0x83,0xff,0x08,0x83,0xff,0x08,0x83,0xff,0x08,0x83,0xff,0x08,0x83,0xff,0x08,0x83,0xff,0x08,0x83,0xff,0x08,0x83,0xff,
    0x08,0x83,0xff,0x08,0x83,0xff,0x08,0x83,0xff,0x08,0x83,0xff,0x08,0x83,0xff,0x08,0x83,0xff,0x08,0x83,0xff,0x08,0x83,0xff,
    0x08,0x83,0xff,0x08,0x83,0xff,0x08,0x83,0xff,0x08,0x83,0xff,0x08,0x83,0xff,0x08,0x83,0xff,0x08,0x83,0xff,0x08,0x83,0xff,
    0x08,0x83,0xff,0x10,0xa3,0xff,0x10,0xc4,0xff,0x18,0xe4,0xff,0xb6,0x1a,0xff,0xb6,0x1a,0xff,0x21,0x46,0xff,0x21,0x46,0xff,
    0x19,0x05,0xff,0x18,0xe4,0xff,0x10,0xc3,0xff,0x10,0xa3,0xff,0x08,0x83,0xff,0x08,0x83,0xff,0x08,0x83,0xff,0x08,0x83,0xff,
    0x08,0x83,0xff,0x08,0x83,0xff,0x08,0x83,0xff,0x08,0x83,0xff,0x08,0x83,0xff,0x08,0x83,0xff,0x08,0x83,0xff,0x08,0x83,0xff,
    0x08,0x83,0xff,0x08,0x83,0xff,0x08,0x83,0xff,0x08,0x83,0xff,0x08,0x83,0xff,0x10,0xa3,0xff,0x10,0xc3,0xff,0x18,0xe4,0xff,
    0x19,0x05,0xff,0x21,0x46,0xff,0x21,0x46,0xff,0xb6,0x1a,0xff,0xb6,0x1a,0xff,0x18,0xe4,0xff,0x10,0xc4,0xff,0x10,0xa3,0xff,
    0x08,0x83,0xff,0x08,0x83,0xff,0x08,0x83,0xff,0x08,0x83,0xff,0x08,0x83,0xff,0x08,0x83,0xff,0x08,0x83,0xff,0x08,0x83,0xff,
    0x08,0x83,0xff,0x08,0x83,0xff,0x08,0x83,0xff,0x08,0x83,0xff,0x08,0x83,0xff,0x08,0x83,0xff,0x08,0x83,0xff,0x08,0x83,0xff,
    0x08,0x83,0xff,0x08,0x83,0xff,0x08,0x83,0xff,0x08,0x83,0xff,0x08,0x83,0xff,0x08,0x83,0xff,0x08,0x83,0xff,0x08,0x83,0xff,
    0x08,0x83,0xff,0x08,0x83,0xff,0x08,0x83,0xff,0x08,0x83,0xff,0x08,0x83,0xff,0x08,0x83,0xff,0x08,0x83,0xff,0x08,0x83,0xff,
    0x08,0x83,0xff,0x08,0x83,0xff,0x08,0x83,0xff,0x08,0x83,0xff,0x08,0x83,0xff,0x08,0x83,0xff,0x08,0x83,0xff,0x08,0x83,0xff,
    0x08,0x83,0xff,0x08,0x83,0xff,0x08,0x83,0xff,0x08,0x83,0xff,0x08,0x83,0xff,0x08,0x83,0xff,0x08,0x83,0xff,0x08,0x83,0xff,
    0x08,0x83,0xff,0x08,0x83,0xff,0x08,0x83,0xff,0x08,0x83,0xff,0x08,0x83,0xff,0x29,0x86,0xc8,0x00,0x00,0x00,0x00,0x00,0x00,
    0x00,0x00,0x00,0x00,0x00,0x00,0x29,0x86,0xc8,0x08,0x83,0xff,0x08,0x83,0xff,0x08,0x83,0xff,0x08,0x83,0xff,0x08,0x83,0xff,
    0x08,0x83,0xff,0x08,0x83,0xff,0x08,0x83,0xff,0x08,0x83,0xff,0x08,0x83,0xff,0x08,0x83,0xff,0x08,0x83,0xff,0x08,0x83,0xff,
    0x08,0x83,0xff,0x08,0x83,0xff,0x08,0x83,0xff,0x08,0x83,0xff,0x08,0x83,0xff,0x08,0x83,0xff,0x08,0x83,0xff,0x08,0x83,0xff,
    0x08,0x83,0xff,0x08,0x83,0xff,0x08,0x83,0xff,0x08,0x83,0xff,0x08,0x83,0xff,0x08,0x83,0xff,0x08,0x83,0xff,0x08,0x83,0xff,
    0x08,0x83,0xff,0x08,0x83,0xff,0x08,0x83,0xff,0x08,0x83,0xff,0x08,0x83,0xff,0x08,0x83,0xff,0x08,0x83,0xff,0x08,0x83,0xff,
    0x08,0x83,0xff,0x10,0xa3,0xff,0x10,0xc4,0xff,0xb6,0x1a,0xff,0xb6,0x1a,0xff,0xb6,0x1a,0xff,0x21,0x46,0xff,0x21,0x25,0xff,
    0x19,0x04,0xff,0x10,0xc4,0xff,0x10,0xa3,0xff,0x08,0x83,0xff,0x08,0x83,0xff,0x08,0x83,0xff,0x08,0x83,0xff,0x08,0x83,0xff,
    0x08,0x83,0xff,0x08,0x83,0xff,0x94,0xf5,0xff,0x94,0xf5,0xff,0x94,0xf5,0xff,0x94,0xf5,0xff,0x94,0xf5,0xff,0x08,0x83,0xff,
    0x08,0x83,0xff,0x08,0x83,0xff,0x08,0x83,0xff,0x08,0x83,0xff,0x08,0x83,0xff,0x08,0x83,0xff,0x10,0xa3,0xff,0x10,0xc4,0xff,
    0x19,0x04,0xff,0x21,0x25,0xff,0x21,0x46,0xff,0xb6,0x1a,0xff,0xb6,0x1a,0xff,0xb6,0x1a,0xff,0x10,0xc4,0xff,0x10,0xa3,0xff,
    0x08,0x83,0xff,0x08,0x83,0xff,0x08,0x83,0xff,0x08,0x83,0xff,0x08,0x83,0xff,0x08,0x83,0xff,0x08,0x83,0xff,0x08,0x83,0xff,
    0x08,0x83,0xff,0x08,0x83,0xff,0x08,0x83,0xff,0x08,0x83,0xff,0x08,0x83,0xff,0x08,0x83,0xff,0x08,0x83,0xff,0x08,0x83,0xff,
    0x08,0x83,0xff,0x08,0x83,0xff,0x08,0x83,0xff,0x08,0x83,0xff,0x08,0x83,0xff,0x08,0x83,0xff,0x08,0x83,0xff,0x08,0x83,0xff,
    0x08,0x83,0xff,0x08,0x83,0xff,0x08,0x83,0xff,0x08,0x83,0xff,0x08,0x83,0xff,0x08,0x83,0xff,0x08,0x83,0xff,0x08,0x83,0xff,
    0x08,0x83,0xff,0x08,0x83,0xff,0x08,0x83,0xff,0x08,0x83,0xff,0x08,0x83,0xff,0x08,0x83,0xff,0x08,0x83,0xff,0x08,0x83,0xff,
    0x08,0x83,0xff,0x08,0x83,0xff,0x08,0x83,0xff,0x08,0x83,0xff,0x08,0x83,0xff,0x08,0x83,0xff,0x08,0x83,0xff,0x08,0x83,0xff,
    0x08,0x83,0xff,0x08,0x83,0xff,0x08,0x83,0xff,0x08,0x83,0xff,0x08,0x83,0xff,0x29,0x86,0xc8,0x00,0x00,0x00,0x00,0x00,0x00,
    0x00,0x00,0x00,0x00,0x00,0x00,0x29,0x86,0xc8,0x08,0x83,0xff,0x08,0x83,0xff,0x08,0x83,0xff,0x08,0x83,0xff,0x08,0x83,0xff,
    0x08,0x83,0xff,0x08,0x83,0xff,0x08,0x83,0xff,0x08,0x83,0xff,0x08,0x83,0xff,0x08,0x83,0xff,0x08,0x83,0xff,0x08,0x83,0xff,
    0x08,0x83,0xff,0x08,0x83,0xff,0x08,0x83,0xff,0x08,0x83,0xff,0x08,0x83,0xff,0x08,0x83,0xff,0x08,0x83,0xff,0x08,0x83,0xff,
    0x08,0x83,0xff,0x08,0x83,0xff,0x08,0x83,0xff,0x08,0x83,0xff,0x08,0x83,0xff,0x08,0x83,0xff,0x08,0x83,0xff,0x08,0x83,0xff,
    0x08,0x83,0xff,0x08,0x83,0xff,0x08,0x83,0xff,0x08,0x83,0xff,0x08,0x83,0xff,0x08,0x83,0xff,0x08,0x83,0xff,0x08,0x83,0xff,
    0x08,0xa3,0xff,0x10,0xc3,0xff,0x18,0xe4,0xff,0xb6,0x1a,0xff,0xb6,0x1a,0xff,0x21,0x66,0xff,0x21,0x46,0xff,0x19,0x25,0xff,
    0x18,0xe4,0xff,0x10,0xa3,0xff,0x08,0xa3,0xff,0x08,0x83,0xff,0x08,0x83,0xff,0x08,0x83,0xff,0x08,0x83,0xff,0x08,0x83,0xff,
    0x94,0xf5,0xff,0x94,0xf5,0xff,0x94,0xf5,0xff,0x94,0xf5,0xff,0x94,0xf5,0xff,0x94,0xf5,0xff,0x94,0xf5,0xff,0x94,0xf5,0xff,
    0x94,0xf5,0xff,0x08,0x83,0xff,0x08,0x83,0xff,0x08,0x83,0xff,0x08,0x83,0xff,0x08,0x83,0xff,0x08,0xa3,0xff,0x10,0xa3,0xff,
    0x18,0xe4,0xff,0x19,0x25,0xff,0x21,0x46,0xff,0x21,0x66,0xff,0xb6,0x1a,0xff,0xb6,0x1a,0xff,0x18,0xe4,0xff,0x10,0xc3,0xff,
    0x08,0xa3,0xff,0x08,0x83,0xff,0x08,0x83,0xff,0x08,0x83,0xff,0x08,0x83,0xff,0x08,0x83,0xff,0x08,0x83,0xff,0x08,0x83,0xff,
    0x08,0x83,0xff,0x08,0x83,0xff,0x08,0x83,0xff,0x08,0x83,0xff,0x08,0x83,0xff,0x08,0x83,0xff,0x08,0x83,0xff,0x08,0x83,0xff,
    0x08,0x83,0xff,0x08,0x83,0xff,0x08,0x83,0xff,0x08,0x83,0xff,0x08,0x83,0xff,0x08,0x83,0xff,0x08,0x83,0xff,0x08,0x83,0xff,
    0x08,0x83,0xff,0x08,0x83,0xff,0x08,0x83,0xff,0x08,0x83,0xff,0x08,0x83,0xff,0x08,0x83,0xff,0x08,0x83,0xff,0x08,0x83,0xff,
    0x08,0x83,0xff,0x08,0x83,0xff,0x08,0x83,0xff,0x08,0x83,0xff,0x08,0x83,0xff,0x08,0x83,0xff,0x08,0x83,0xff,0x08,0x83,0xff,
    0x08,0x83,0xff,0x08,0x83,0xff,0x08,0x83,0xff,0x08,0x83,0xff,0x08,0x83,0xff,0x08,0x83,0xff,0x08,0x83,0xff,0x08,0x83,0xff,
    0x08,0x83,0xff,0x08,0x83,0xff,0x08,0x83,0xff,0x08,0x83,0xff,0x08,0x83,0xff,0x29,0x86,0xc8,0x00,0x00,0x00,0x00,0x00,0x00,
    0x00,0x00,0x00,0x00,0x00,0x00,0x29,0x86,0xc8,0x08,0x83,0xff,0x08,0x83,0xff,0x08,0x83,0xff,0x08,0x83,0xff,0x08,0x83,0xff,
    0x08,0x83,0xff,0x08,0x83,0xff,0x08,0x83,0xff,0x08,0x83,0xff,0x08,0x83,0xff,0x08,0x83,0xff,0x08,0x83,0xff,0x08,0x83,0xff,
    0x08,0x83,0xff,0x08,0x83,0xff,0x08,0x83,0xff,0x08,0x83,0xff,0x08,0x83,0xff,0x08,0x83,0xff,0x08,0x83,0xff,0x08,0x83,0xff,
    0x08,0x83,0xff,0x08,0x83,0xff,0x08,0x83,0xff,0x08,0x83,0xff,0x08,0x83,0xff,0x08,0x83,0xff,0x08,0x83,0xff,0x08,0x83,0xff,
    0x08,0x83,0xff,0x08,0x83,0xff,0x08,0x83,0xff,0x08,0x83,0xff,0x08,0x83,0xff,0x08,0x83,0xff,0x08,0x83,0xff,0x08,0x83,0xff,
    0x10,0xa3,0xff,0x10,0xc4,0xff,0x19,0x05,0xff,0xb6,0x1a,0xff,0xb6,0x1a,0xff,0x21,0x66,0xff,0x21,0x45,0xff,0x19,0x05,0xff,
    0x10,0xc4,0xff,0x10,0xa3,0xff,0x08,0x83,0xff,0x08,0x83,0xff,0x08,0x83,0xff,0x08,0x83,0xff,0x08,0x83,0xff,0x94,0xf5,0xff,
    0x94,0xf5,0xff,0x94,0xf5,0xff,0x08,0x83,0xff,0x08,0x83,0xff,0x08,0x83,0xff,0x08,0x83,0xff,0x08,0x83,0xff,0x94,0xf5,0xff,
    0x94,0xf5,0xff,0x94,0xf5,0xff,0x08,0x83,0xff,0x08,0x83,0xff,0x08,0x83,0xff,0x08,0x83,0xff,0x08,0x83,0xff,0x10,0xa3,0xff,
    0x10,0xc4,0xff,0x19,0x05,0xff,0x21,0x45,0xff,0x21,0x66,0xff,0xb6,0x1a,0xff,0xb6,0x1a,0xff,0x19,0x05,0xff,0x10,0xc4,0xff,
    0x10,0xa3,0xff,0x08,0x83,0xff,0x08,0x83,0xff,0x08,0x83,0xff,0x08,0x83,0xff,0x08,0x83,0xff,0x08,0x83,0xff,0x08,0x83,0xff,
    0x08,0x83,0xff,0x08,0x83,0xff,0x08,0x83,0xff,0x08,0x83,0xff,0x08,0x83,0xff,0x08,0x83,0xff,0x08,0x83,0xff,0x08,0x83,0xff,
    0x08,0x83,0xff,0x08,0x83,0xff,0x08,0x83,0xff,0x08,0x83,0xff,0x08,0x83,0xff,0x08,0x83,0xff,0x08,0x83,0xff,0x08,0x83,0xff,
    0x08,0x83,0xff,0x08,0x83,0xff,0x08,0x83,0xff,0x08,0x83,0xff,0x08,0x83,0xff,0x08,0x83,0xff,0x08,0x83,0xff,0x08,0x83,0xff,
    0x08,0x83,0xff,0x08,0x83,0xff,0x08,0x83,0xff,0x08,0x83,0xff,0x08,0x83,0xff,0x08,0x83,0xff,0x08,0x83,0xff,0x08,0x83,0xff,
    0x08,0x83,0xff,0x08,0x83,0xff,0x08,0x83,0xff,0x08,0x83,0xff,0x08,0x83,0xff,0x08,0x83,0xff,0x08,0x83,0xff,0x08,0x83,0xff,
    0x08,0x83,0xff,0x08,0x83,0xff,0x08,0x83,0xff,0x08,0x83,0xff,0x08,0x83,0xff,0x29,0x86,0xc8,0x00,0x00,0x00,0x00,0x00,0x00,
    0x00,0x00,0x00,0x00,0x00,0x00,0x29,0x86,0xc8,0x08,0x83,0xff,0x08,0x83,0xff,0x08,0x83,0xff,0x08,0x83,0xff,0x08,0x83,0xff,
    0x08,0x83,0xff,0x08,0x83,0xff,0x08,0x83,0xff,0x08,0x83,0xff,0x08,0x83,0xff,0x08,0x83,0xff,0x08,0x83,0xff,0x08,0x83,0xff,
    0x08,0x83,0xff,0x08,0x83,0xff,0x08,0x83,0xff,0x08,0x83,0xff,0x08,0x83,0xff,0x08,0x83,0xff,0x08,0x83,0xff,0x08,0x83,0xff,
    0x08,0x83,0xff,0x08,0x83,0xff,0x08,0x83,0xff,0x08,0x83,0xff,0x08,0x83,0xff,0x08,0x83,0xff,0x08,0x83,0xff,0x08,0x83,0xff,
    0x08,0x83,0xff,0x08,0x83,0xff,0x08,0x83,0xff,0x08,0x83,0xff,0x08,0x83,0xff,0x08,0x83,0xff,0x08,0x83,0xff,0x08,0x83,0xff,
    0x10,0xa3,0xff,0x10,0xc4,0xff,0xb6,0x1a,0xff,0xb6,0x1a,0xff,0x21,0x66,0xff,0x21,0x46,0xff,0x21,0x25,0xff,0x18,0xe4,0xff,
    0x10,0xc3,0xff,0x08,0xa3,0xff,0x08,0x83,0xff,0x08,0x83,0xff,0x08,0x83,0xff,0x08,0x83,0xff,0x94,0xf5,0xff,0x94,0xf5,0xff,
    0x94,0xf5,0xff,0x08,0x83,0xff,0x08,0x83,0xff,0x08,0x83,0xff,0x08,0x83,0xff,0x08,0x83,0xff,0x08,0x83,0xff,0x08,0x83,0xff,
    0x94,0xf5,0xff,0x94,0xf5,0xff,0x94,0xf5,0xff,0x08,0x83,0xff,0x08,0x83,0xff,0x08,0x83,0xff,0x08,0x83,0xff,0x08,0xa3,0xff,
    0x10,0xc3,0xff,0x18,0xe4,0xff,0x21,0x25,0xff,0x21,0x46,0xff,0x21,0x66,0xff,0xb6,0x1a,0xff,0xb6,0x1a,0xff,0x10,0xc4,0xff,
    0x10,0xa3,0xff,0x08,0x83,0xff,0x08,0x83,0xff,0x08,0x83,0xff,0x08,0x83,0xff,0x08,0x83,0xff,0x08,0x83,0xff,0x08,0x83,0xff,
    0x08,0x83,0xff,0x08,0x83,0xff,0x08,0x83,0xff,0x08,0x83,0xff,0x08,0x83,0xff,0x08,0x83,0xff,0x08,0x83,0xff,0x08,0x83,0xff,
    0x08,0x83,0xff,0x08,0x83,0xff,0x08,0x83,0xff,0x08,0x83,0xff,0x08,0x83,0xff,0x08,0x83,0xff,0x08,0x83,0xff,0x08,0x83,0xff,
    0x08,0x83,0xff,0x08,0x83,0xff,0x08,0x83,0xff,0x08,0x83,0xff,0x08,0x83,0xff,0x08,0x83,0xff,0x08,0x83,0xff,0x08,0x83,0xff,
    0x08,0x83,0xff,0x08,0x83,0xff,0x08,0x83,0xff,0x08,0x83,0xff,0x08,0x83,0xff,0x08,0x83,0xff,0x08,0x83,0xff,0x08,0x83,0xff,
    0x08,0x83,0xff,0x08,0x83,0xff,0x08,0x83,0xff,0x08,0x83,0xff,0x08,0x83,0xff,0x08,0x83,0xff,0x08,0x83,0xff,0x08,0x83,0xff,
    0x08,0x83,0xff,0x08,0x83,0xff,0x08,0x83,0xff,0x08,0x83,0xff,0x08,0x83,0xff,0x29,0x86,0xc8,0x00,0x00,0x00,0x00,0x00,0x00,
    0x00,0x00,0x00,0x00,0x00,0x00,0x29,0x86,0xc8,0x08,0x83,0xff,0x08,0x83,0xff,0x08,0x83,0xff,0x08,0x83,0xff,0x08,0x83,0xff,
    0x08,0x83,0xff,0x08,0x83,0xff,0x08,0x83,0xff,0x08,0x83,0xff,0x08,0x83,0xff,0x08,0x83,0xff,0x08,0x83,0xff,0x08,0x83,0xff,
    0x08,0x83,0xff,0x08,0x83,0xff,0x08,0x83,0xff,0x08,0x83,0xff,0x08,0x83,0xff,0x08,0x83,0xff,0x08,0x83,0xff,0x08,0x83,0xff,
    0x08,0x83,0xff,0x08,0x83,0xff,0x08,0x83,0xff,0x08,0x83,0xff,0x08,0x83,0xff,0x08,0x83,0xff,0x08,0x83,0xff,0x08,0x83,0xff,
    0x08,0x83,0xff,0x08,0x83,0xff,0x08,0x83,0xff,0x08,0x83,0xff,0x08,0x83,0xff,0x08,0x83,0xff,0x08,0x83,0xff,0x08,0x83,0xff,
    0x10,0xa3,0xff,0x18,0xe4,0xff,0xb6,0x1a,0xff,0xb6,0x1a,0xff,0x21,0x66,0xff,0x21,0x46,0xff,0x19,0x25,0xff,0x18,0xe4,0xff,
    0x10,0xa3,0xff,0x08,0x83,0xff,0x08,0x83,0xff,0x08,0x83,0xff,0x08,0x83,0xff,0x08,0x83,0xff,0x94,0xf5,0xff,0x94,0xf5,0xff,
    0x08,0x83,0xff,0x08,0x83,0xff,0x08,0x83,0xff,0x08,0x83,0xff,0x08,0x83,0xff,0x08,0x83,0xff,0x08,0x83,0xff,0x08,0x83,0xff,
    0x08,0x83,0xff,0x94,0xf5,0xff,0x94,0xf5,0xff,0x08,0x83,0xff,0x08,0x83,0xff,0x08,0x83,0xff,0x08,0x83,0xff,0x08,0x83,0xff,
    0x10,0xa3,0xff,0x18,0xe4,0xff,0x19,0x25,0xff,0x21,0x46,0xff,0x21,0x66,0xff,0xb6,0x1a,0xff,0xb6,0x1a,0xff,0x18,0xe4,0xff,
    0x10,0xa3,0xff,0x08,0x83,0xff,0x08,0x83,0xff,0x08,0x83,0xff,0x08,0x83,0xff,0x08,0x83,0xff,0x08,0x83,0xff,0x08,0x83,0xff,
    0x08,0x83,0xff,0x08,0x83,0xff,0x08,0x83,0xff,0x08,0x83,0xff,0x08,0x83,0xff,0x08,0x83,0xff,0x08,0x83,0xff,0x08,0x83,0xff,
    0x08,0x83,0xff,0x08,0x83,0xff,0x08,0x83,0xff,0x08,0x83,0xff,0x08,0x83,0xff,0x08,0x83,0xff,0x08,0x83,0xff,0x08,0x83,0xff,
    0x08,0x83,0xff,0x08,0x83,0xff,0x08,0x83,0xff,0x08,0x83,0xff,0x08,0x83,0xff,0x08,0x83,0xff,0x08,0x83,0xff,0x08,0x83,0xff,
    0x08,0x83,0xff,0x08,0x83,0xff,0x08,0x83,0xff,0x08,0x83,0xff,0x08,0x83,0xff,0x08,0x83,0xff,0x08,0x83,0xff,0x08,0x83,0xff,
    0x08,0x83,0xff,0x08,0x83,0xff,0x08,0x83,0xff,0x08,0x83,0xff,0x08,0x83,0xff,0x08,0x83,0xff,0x08,0x83,0xff,0x08,0x83,0xff,
    0x08,0x83,0xff,0x08,0x83,0xff,0x08,0x83,0xff,0x08,0x83,0xff,0x08,0x83,0xff,0x29,0x86,0xc8,0x00,0x00,0x00,0x00,0x00,0x00,
    0x00,0x00,0x00,0x00,0x00,0x00,0x29,0x86,0xc8,0x08,0x83,0xff,0x08,0x83,0xff,0x08,0x83,0xff,0x08,0x83,0xff,0x08,0x83,0xff,
    0x08,0x83,0xff,0x08,0x83,0xff,0x08,0x83,0xff,0x08,0x83,0xff,0x08,0x83,0xff,0x08,0x83,0xff,0x08,0x83,0xff,0x08,0x83,0xff,
    0x08,0x83,0xff,0x08,0x83,0xff,0x08,0x83,0xff,0x08,0x83,0xff,0x08,0x83,0xff,0x08,0x83,0xff,0x08,0x83,0xff,0x08,0x83,0xff,
    0x08,0x83,0xff,0x08,0x83,0xff,0x08,0x83,0xff,0x08,0x83,0xff,0x08,0x83,0xff,0x08,0x83,0xff,0x08,0x83,0xff,0x08,0x83,0xff,
    0x08,0x83,0xff,0x08,0x83,0xff,0x08,0x83,0xff,0x08,0x83,0xff,0x08,0x83,0xff,0x08,0x83,0xff,0x08,0x83,0xff,0x08,0x83,0xff,
    0x10,0xa3,0xff,0x18,0xe4,0xff,0xb6,0x1a,0xff,0xb6,0x1a,0xff,0x21,0x66,0xff,0x21,0x46,0xff,0x19,0x05,0xff,0x10,0xe4,0xff,
    0x10,0xa3,0xff,0x08,0x83,0xff,0x08,0x83,0xff,0x08,0x83,0xff,0x08,0x83,0xff,0x94,0xf5,0xff,0x94,0xf5,0xff,0x08,0x83,0xff,
    0x08,0x83,0xff,0x08,0x83,0xff,0x08,0x83,0xff,0x08,0x83,0xff,0x08,0x83,0xff,0x08,0x83,0xff,0x08,0x83,0xff,0x08,0x83,0xff,
    0x08,0x83,0xff,0x08,0x83,0xff,0x94,0xf5,0xff,0x94,0xf5,0xff,0x08,0x83,0xff,0x08,0x83,0xff,0x08,0x83,0xff,0x08,0x83,0xff,
    0x10,0xa3,0xff,0x10,0xe4,0xff,0x19,0x05,0xff,0x21,0x46,0xff,0x21,0x66,0xff,0xb6,0x1a,0xff,0xb6,0x1a,0xff,0x18,0xe4,0xff,
    0x10,0xa3,0xff,0x08,0x83,0xff,0x08,0x83,0xff,0x08,0x83,0xff,0x08,0x83,0xff,0x08,0x83,0xff,0x08,0x83,0xff,0x08,0x83,0xff,
    0x08,0x83,0xff,0x08,0x83,0xff,0x08,0x83,0xff,0x08,0x83,0xff,0x08,0x83,0xff,0x08,0x83,0xff,0x08,0x83,0xff,0x08,0x83,0xff,
    0x08,0x83,0xff,0x08,0x83,0xff,0x08,0x83,0xff,0x08,0x83,0xff,0x08,0x83,0xff,0x08,0x83,0xff,0x08,0x83,0xff,0x08,0x83,0xff,
    0x08,0x83,0xff,0x08,0x83,0xff,0x08,0x83,0xff,0x08,0x83,0xff,0x08,0x83,0xff,0x08,0x83,0xff,0x08,0x83,0xff,0x08,0x83,0xff,
    0x08,0x83,0xff,0x08,0x83,0xff,0x08,0x83,0xff,0x08,0x83,0xff,0x08,0x83,0xff,0x08,0x83,0xff,0x08,0x83,0xff,0x08,0x83,0xff,
    0x08,0x83,0xff,0x08,0x83,0xff,0x08,0x83,0xff,0x08,0x83,0xff,0x08,0x83,0xff,0x08,0x83,0xff,0x08,0x83,0xff,0x08,0x83,0xff,
    0x08,0x83,0xff,0x08,0x83,0xff,0x08,0x83,0xff,0x08,0x83,0xff,0x08,0x83,0xff,0x29,0x86,0xc8,0x00,0x00,0x00,0x00,0x00,0x00,
    0x00,0x00,0x00,0x00,0x00,0x00,0x29,0x86,0xc8,0x08,0x83,0xff,0x08,0x83,0xff,0x08,0x83,0xff,0x08,0x83,0xff,0x08,0x83,0xff,
    0x08,0x83,0xff,0x08,0x83,0xff,0x08,0x83,0xff,0x08,0x83,0xff,0x08,0x83,0xff,0x08,0x83,0xff,0x08,0x83,0xff,0x08,0x83,0xff,
    0x08,0x83,0xff,0x08,0x83,0xff,0x08,0x83,0xff,0x08,0x83,0xff,0x08,0x83,0xff,0x08,0x83,0xff,0x08,0x83,0xff,0x08,0x83,0xff,
    0x08,0x83,0xff,0x08,0x83,0xff,0x08,0x83,0xff,0x08,0x83,0xff,0x08,0x83,0xff,0x08,0x83,0xff,0x08,0x83,0xff,0x08,0x83,0xff,
    0x08,0x83,0xff,0x08,0x83,0xff,0x08,0x83,0xff,0x08,0x83,0xff,0x08,0x83,0xff,0xb6,0x1a,0xff,0xb6,0x1a,0xff,0xb6,0x1a,0xff,
    0xb6,0x1a,0xff,0xb6,0x1a,0xff,0xb6,0x1a,0xff,0xb6,0x1a,0xff,0x21,0x66,0xff,0x21,0x46,0xff,0x19,0x05,0xff,0x10,0xc4,0xff,
    0x10,0xa3,0xff,0x08,0x83,0xff,0x08,0x83,0xff,0x08,0x83,0xff,0x08,0x83,0xff,0x94,0xf5,0xff,0x94,0xf5,0xff,0x08,0x83,0xff,
    0x08,0x83,0xff,0x08,0x83,0xff,0x08,0x83,0xff,0x08,0x83,0xff,0x08,0x83,0xff,0x08,0x83,0xff,0x08,0x83,0xff,0x08,0x83,0xff,
    0x08,0x83,0xff,0x08,0x83,0xff,0x94,0xf5,0xff,0x94,0xf5,0xff,0x08,0x83,0xff,0x08,0x83,0xff,0x08,0x83,0xff,0x08,0x83,0xff,
    0x10,0xa3,0xff,0x10,0xc4,0xff,0x19,0x05,0xff,0x21,0x46,0xff,0x21,0x66,0xff,0xb6,0x1a,0xff,0xb6,0x1a,0xff,0xb6,0x1a,0xff,
    0xb6,0x1a,0xff,0xb6,0x1a,0xff,0xb6,0x1a,0xff,0xb6,0x1a,0xff,0x08,0x83,0xff,0x08,0x83,0xff,0x08,0x83,0xff,0x08,0x83,0xff,
    0x08,0x83,0xff,0x08,0x83,0xff,0x08,0x83,0xff,0x08,0x83,0xff,0x08,0x83,0xff,0x08,0x83,0xff,0x08,0x83,0xff,0x08,0x83,0xff,
    0x08,0x83,0xff,0x08,0x83,0xff,0x08,0x83,0xff,0x08,0x83,0xff,0x08,0x83,0xff,0x08,0x83,0xff,0x08,0x83,0xff,0x08,0x83,0xff,
    0x08,0x83,0xff,0x08,0x83,0xff,0x08,0x83,0xff,0x08,0x83,0xff,0x08,0x83,0xff,0x08,0x83,0xff,0x08,0x83,0xff,0x08,0x83,0xff,
    0x08,0x83,0xff,0x08,0x83,0xff,0x08,0x83,0xff,0x08,0x83,0xff,0x08,0x83,0xff,0x08,0x83,0xff,0x08,0x83,0xff,0x08,0x83,0xff,
    0x08,0x83,0xff,0x08,0x83,0xff,0x08,0x83,0xff,0x08,0x83,0xff,0x08,0x83,0xff,0x08,0x83,0xff,0x08,0x83,0xff,0x08,0x83,0xff,
    0x08,0x83,0xff,0x08,0x83,0xff,0x08,0x83,0xff,0x08,0x83,0xff,0x08,0x83,0xff,0x29,0x86,0xc8,0x00,0x00,0x00,0x00,0x00,0x00,
    0x00,0x00,0x00,0x00,0x00,0x00,0x29,0x86,0xc8,0x08,0x83,0xff,0x08,0x83,0xff,0x08,0x83,0xff,0x08,0x83,0xff,0x08,0x83,0xff,
    0x08,0x83,0xff,0x08,0x83,0xff,0x08,0x83,0xff,0x08,0x83,0xff,0x08,0x83,0xff,0x08,0x83,0xff,0x08,0x83,0xff,0x08,0x83,0xff,
    0x08,0x83,0xff,0x08,0x83,0xff,0x08,0x83,0xff,0x08,0x83,0xff,0x08,0x83,0xff,0x08,0x83,0xff,0x08,0x83,0xff,0x08,0x83,0xff,
    0x08,0x83,0xff,0x08,0x83,0xff,0x08,0x83,0xff,0x08,0x83,0xff,0x08,0x83,0xff,0x08,0x83,0xff,0x08,0x83,0xff,0x08,0x83,0xff,
    0x08,0x83,0xff,0x08,0x83,0xff,0x08,0x83,0xff,0x08,0x83,0xff,0x08,0x83,0xff,0xb6,0x1a,0xff,0xb6,0x1a,0xff,0xb6,0x1a,0xff,
    0xb6,0x1a,0xff,0xb6,0x1a,0xff,0xb6,0x1a,0xff,0xb6,0x1a,0xff,0x21,0x66,0xff,0x21,0x46,0xff,0x19,0x05,0xff,0x10,0xc4,0xff,
    0x10,0xa3,0xff,0x08,0x83,0xff,0x08,0x83,0xff,0x08,0x83,0xff,0x08,0x83,0xff,0x94,0xf5,0xff,0x94,0xf5,0xff,0x08,0x83,0xff,
    0x08,0x83,0xff,0x08,0x83,0xff,0x08,0x83,0xff,0x08,0x83,0xff,0x08,0x83,0xff,0x08,0x83,0xff,0x08,0x83,0xff,0x08,0x83,0xff,
    0x08,0x83,0xff,0x08,0x83,0xff,0x94,0xf5,0xff,0x94,0xf5,0xff,0x08,0x83,0xff,0x08,0x83,0xff,0x08,0x83,0xff,0x08,0x83,0xff,
    0x10,0xa3,0xff,0x10,0xc4,0xff,0x19,0x05,0xff,0x21,0x46,0xff,0x21,0x66,0xff,0xb6,0x1a,0xff,0xb6,0x1a,0xff,0xb6,0x1a,0xff,
    0xb6,0x1a,0xff,0xb6,0x1a,0xff,0xb6,0x1a,0xff,0xb6,0x1a,0xff,0x08,0x83,0xff,0x08,0x83,0xff,0x08,0x83,0xff,0x08,0x83,0xff,
    0x08,0x83,0xff,0x08,0x83,0xff,0x08,0x83,0xff,0x08,0x83,0xff,0x08,0x83,0xff,0x08,0x83,0xff,0x08,0x83,0xff,0x08,0x83,0xff,
    0x08,0x83,0xff,0x08,0x83,0xff,0x08,0x83,0xff,0x08,0x83,0xff,0x08,0x83,0xff,0x08,0x83,0xff,0x08,0x83,0xff,0x08,0x83,0xff,
    0x08,0x83,0xff,0x08,0x83,0xff,0x08,0x83,0xff,0x08,0x83,0xff,0x08,0x83,0xff,0x08,0x83,0xff,0x08,0x83,0xff,0x08,0x83,0xff,
    0x08,0x83,0xff,0x08,0x83,0xff,0x08,0x83,0xff,0x08,0x83,0xff,0x08,0x83,0xff,0x08,0x83,0xff,0x08,0x83,0xff,0x08,0x83,0xff,
    0x08,0x83,0xff,0x08,0x83,0xff,0x08,0x83,0xff,0x08,0x83,0xff,0x08,0x83,0xff,0x08,0x83,0xff,0x08,0x83,0xff,0x08,0x83,0xff,
    0x08,0x83,0xff,0x08,0x83,0xff,0x08,0x83,0xff,0x08,0x83,0xff,0x08,0x83,0xff,0x29,0x86,0xc8,0x00,0x00,0x00,0x00,0x00,0x00,
    0x00,0x00,0x00,0x00,0x00,0x00,0x29,0x86,0xc8,0x08,0x83,0xff,0x08,0x83,0xff,0x08,0x83,0xff,0x08,0x83,0xff,0x08,0x83,0xff,
    0x08,0x83,0xff,0x08,0x83,0xff,0x08,0x83,0xff,0x08,0x83,0xff,0x08,0x83,0xff,0x08,0x83,0xff,0x08,0x83,0xff,0x08,0x83,0xff,
    0x08,0x83,0xff,0x08,0x83,0xff,0x08,0x83,0xff,0x08,0x83,0xff,0x08,0x83,0xff,0x08,0x83,0xff,0x08,0x83,0xff,0x08,0x83,0xff,
    0x08,0x83,0xff,0x08,0x83,0xff,0x08,0x83,0xff,0x08,0x83,0xff,0x08,0x83,0xff,0x08,0x83,0xff,0x08,0x83,0xff,0x08,0x83,0xff,
    0x08,0x83,0xff,0x08,0x83,0xff,0x08,0x83,0xff,0x08,0x83,0xff,0x08,0x83,0xff,0xb6,0x1a,0xff,0xb6,0x1a,0xff,0xb6,0x1a,0xff,
    0xb6,0x1a,0xff,0xb6,0x1a,0xff,0xb6,0x1a,0xff,0xb6,0x1a,0xff,0x21,0x66,0xff,0x21,0x46,0xff,0x19,0x05,0xff,0x10,0xc4,0xff,
    0x10,0xa3,0xff,0x08,0x83,0xff,0x08,0x83,0xff,0x08,0x83,0xff,0x08,0x83,0xff,0x94,0xf5,0xff,0x94,0xf5,0xff,0x08,0x83,0xff,
    0x08,0x83,0xff,0x08,0x83,0xff,0x08,0x83,0xff,0x08,0x83,0xff,0x08,0x83,0xff,0x08,0x83,0xff,0x08,0x83,0xff,0x08,0x83,0xff,
    0x08,0x83,0xff,0x08,0x83,0xff,0x94,0xf5,0xff,0x94,0xf5,0xff,0x08,0x83,0xff,0x08,0x83,0xff,0x08,0x83,0xff,0x08,0x83,0xff,
    0x10,0xa3,0xff,0x10,0xc4,0xff,0x19,0x05,0xff,0x21,0x46,0xff,0x21,0x66,0xff,0xb6,0x1a,0xff,0xb6,0x1a,0xff,0xb6,0x1a,0xff,
    0xb6,0x1a,0xff,0xb6,0x1a,0xff,0xb6,0x1a,0xff,0xb6,0x1a,0xff,0x08,0x83,0xff,0x08,0x83,0xff,0x08,0x83,0xff,0x08,0x83,0xff,
    0x08,0x83,0xff,0x08,0x83,0xff,0x08,0x83,0xff,0x08,0x83,0xff,0x08,0x83,0xff,0x08,0x83,0xff,0x08,0x83,0xff,0x08,0x83,0xff,
    0x08,0x83,0xff,0x08,0x83,0xff,0x08,0x83,0xff,0x08,0x83,0xff,0x08,0x83,0xff,0x08,0x83,0xff,0x08,0x83,0xff,0x08,0x83,0xff,
    0x08,0x83,0xff,0x08,0x83,0xff,0x08,0x83,0xff,0x08,0x83,0xff,0x08,0x83,0xff,0x08,0x83,0xff,0x08,0x83,0xff,0x08,0x83,0xff,
    0x08,0x83,0xff,0x08,0x83,0xff,0x08,0x83,0xff,0x08,0x83,0xff,0x08,0x83,0xff,0x08,0x83,0xff,0x08,0x83,0xff,0x08,0x83,0xff,
    0x08,0x83,0xff,0x08,0x83,0xff,0x08,0x83,0xff,0x08,0x83,0xff,0x08,0x83,0xff,0x08,0x83,0xff,0x08,0x83,0xff,0x08,0x83,0xff,
    0x08,0x83,0xff,0x08,0x83,0xff,0x08,0x83,0xff,0x08,0x83,0xff,0x08,0x83,0xff,0x29,0x86,0xc8,0x00,0x00,0x00,0x00,0x00,0x00,
    0x00,0x00,0x00,0x00,0x00,0x00,0x29,0x86,0xc8,0x08,0x83,0xff,0x08,0x83,0xff,0x08,0x83,0xff,0x08,0x83,0xff,0x08,0x83,0xff,
    0x08,0x83,0xff,0x08,0x83,0xff,0x08,0x83,0xff,0x08,0x83,0xff,0x08,0x83,0xff,0x08,0x83,0xff,0x08,0x83,0xff,0x08,0x83,0xff,
    0x08,0x83,0xff,0x08,0x83,0xff,0x08,0x83,0xff,0x08,0x83,0xff,0x08,0x83,0xff,0x08,0x83,0xff,0x08,0x83,0xff,0x08,0x83,0xff,
    0x08,0x83,0xff,0x08,0x83,0xff,0x08,0x83,0xff,0x08,0x83,0xff,0x08,0x83,0xff,0x08,0x83,0xff,0x08,0x83,0xff,0x08,0x83,0xff,
    0x08,0x83,0xff,0x08,0x83,0xff,0x08,0x83,0xff,0x08,0x83,0xff,0x08,0x83,0xff,0x08,0x83,0xff,0x08,0x83,0xff,0x08,0x83,0xff,
    0x10,0xa3,0xff,0x18,0xe4,0xff,0xb6,0x1a,0xff,0xb6,0x1a,0xff,0x21,0x66,0xff,0x21,0x46,0xff,0x19,0x05,0xff,0x10,0xe4,0xff,
    0x10,0xa3,0xff,0x08,0x83,0xff,0x08,0x83,0xff,0x08,0x83,0xff,0x08,0x83,0xff,0x94,0xf5,0xff,0x94,0xf5,0xff,0x08,0x83,0xff,
    0x08,0x83,0xff,0x08,0x83,0xff,0x08,0x83,0xff,0x08,0x83,0xff,0x08,0x83,0xff,0x08,0x83,0xff,0x08,0x83,0xff,0x08,0x83,0xff,
    0x08,0x83,0xff,0x08,0x83,0xff,0x94,0xf5,0xff,0x94,0xf5,0xff,0x08,0x83,0xff,0x08,0x83,0xff,0x08,0x83,0xff,0x08,0x83,0xff,
    0x10,0xa3,0xff,0x10,0xe4,0xff,0x19,0x05,0xff,0x21,0x46,0xff,0x21,0x66,0xff,0xb6,0x1a,0xff,0xb6,0x1a,0xff,0xad,0xd9,0xff,
    0xad,0xd9,0xff,0x08,0x83,0xff,0x08,0x83,0xff,0x08,0x83,0xff,0x08,0x83,0xff,0x08,0x83,0xff,0x08,0x83,0xff,0x08,0x83,0xff,
    0x08,0x83,0xff,0x08,0x83,0xff,0x08,0x83,0xff,0x08,0x83,0xff,0x08,0x83,0xff,0x08,0x83,0xff,0x08,0x83,0xff,0x08,0x83,0xff,
    0x08,0x83,0xff,0x08,0x83,0xff,0x08,0x83,0xff,0x08,0x83,0xff,0x08,0x83,0xff,0x08,0x83,0xff,0x08,0x83,0xff,0x08,0x83,0xff,
    0x08,0x83,0xff,0x08,0x83,0xff,0x08,0x83,0xff,0x08,0x83,0xff,0x08,0x83,0xff,0x08,0x83,0xff,0x08,0x83,0xff,0x08,0x83,0xff,
    0x08,0x83,0xff,0x08,0x83,0xff,0x08,0x83,0xff,0x08,0x83,0xff,0x08,0x83,0xff,0x08,0x83,0xff,0x08,0x83,0xff,0x08,0x83,0xff,
    0x08,0x83,0xff,0x08,0x83,0xff,0x08,0x83,0xff,0x08,0x83,0xff,0x08,0x83,0xff,0x08,0x83,0xff,0x08,0x83,0xff,0x08,0x83,0xff,
    0x08,0x83,0xff,0x08,0x83,0xff,0x08,0x83,0xff,0x08,0x83,0xff,0x08,0x83,0xff,0x29,0x86,0xc8,0x00,0x00,0x00,0x00,0x00,0x00,
    0x00,0x00,0x00,0x00,0x00,0x00,0x29,0x86,0xc8,0x08,0x83,0xff,0x08,0x83,0xff,0x08,0x83,0xff,0x08,0x83,0xff,0x08,0x83,0xff,
    0x08,0x83,0xff,0x08,0x83,0xff,0x08,0x83,0xff,0x08,0x83,0xff,0x08,0x83,0xff,0x08,0x83,0xff,0x08,0x83,0xff,0x08,0x83,0xff,
    0x08,0x83,0xff,0x08,0x83,0xff,0x08,0x83,0xff,0x08,0x83,0xff,0x08,0x83,0xff,0x08,0x83,0xff,0x08,0x83,0xff,0x08,0x83,0xff,
    0x08,0x83,0xff,0x08,0x83,0xff,0x08,0x83,0xff,0x08,0x83,0xff,0x08,0x83,0xff,0x08,0x83,0xff,0x08,0x83,0xff,0x08,0x83,0xff,
    0x08,0x83,0xff,0x08,0x83,0xff,0x08,0x83,0xff,0x08,0x83,0xff,0x08,0x83,0xff,0x08,0x83,0xff,0x08,0x83,0xff,0x08,0x83,0xff,
    0x10,0xa3,0xff,0x18,0xe4,0xff,0xb6,0x1a,0xff,0xb6,0x1a,0xff,0x21,0x66,0xff,0x21,0x46,0xff,0x19,0x25,0xff,0x18,0xe4,0xff,
    0x10,0xa3,0xff,0x08,0x83,0xff,0x08,0x83,0xff,0x08,0x83,0xff,0x08,0x83,0xff,0x08,0x83,0xff,0x94,0xf5,0xff,0x94,0xf5,0xff,
    0x08,0x83,0xff,0x08,0x83,0xff,0x08,0x83,0xff,0x08,0x83,0xff,0x08,0x83,0xff,0x08,0x83,0xff,0x08,0x83,0xff,0x08,0x83,0xff,
    0x08,0x83,0xff,0x94,0xf5,0xff,0x94,0xf5,0xff,0x08,0x83,0xff,0x08,0x83,0xff,0x08,0x83,0xff,0x08,0x83,0xff,0x08,0x83,0xff,
    0x10,0xa3,0xff,0x18,0xe4,0xff,0x19,0x25,0xff,0x21,0x46,0xff,0x21,0x66,0xff,0xb6,0x1a,0xff,0xb6,0x1a,0xff,0xad,0xd9,0xff,
    0xad,0xd9,0xff,0x08,0x83,0xff,0x08,0x83,0xff,0x08,0x83,0xff,0x08,0x83,0xff,0x08,0x83,0xff,0x08,0x83,0xff,0x08,0x83,0xff,
    0x08,0x83,0xff,0x08,0x83,0xff,0x08,0x83,0xff,0x08,0x83,0xff,0x08,0x83,0xff,0x08,0x83,0xff,0x08,0x83,0xff,0x08,0x83,0xff,
    0x08,0x83,0xff,0x08,0x83,0xff,0x08,0x83,0xff,0x08,0x83,0xff,0x08,0x83,0xff,0x08,0x83,0xff,0x08,0x83,0xff,0x08,0x83,0xff,
    0x08,0x83,0xff,0x08,0x83,0xff,0x08,0x83,0xff,0x08,0x83,0xff,0x08,0x83,0xff,0x08,0x83,0xff,0x08,0x83,0xff,0x08,0x83,0xff,
    0x08,0x83,0xff,0x08,0x83,0xff,0x08,0x83,0xff,0x08,0x83,0xff,0x08,0x83,0xff,0x08,0x83,0xff,0x08,0x83,0xff,0x08,0x83,0xff,
    0x08,0x83,0xff,0x08,0x83,0xff,0x08,0x83,0xff,0x08,0x83,0xff,0x08,0x83,0xff,0x08,0x83,0xff,0x08,0x83,0xff,0x08,0x83,0xff,
    0x08,0x83,0xff,0x08,0x83,0xff,0x08,0x83,0xff,0x08,0x83,0xff,0x08,0x83,0xff,0x29,0x86,0xc8,0x00,0x00,0x00,0x00,0x00,0x00,
    0x00,0x00,0x00,0x00,0x00,0x00,0x29,0x86,0xc8,0x08,0x83,0xff,0x08,0x83,0xff,0x08,0x83,0xff,0x08,0x83,0xff,0x08,0x83,0xff,
    0x08,0x83,0xff,0x08,0x83,0xff,0x08,0x83,0xff,0x08,0x83,0xff,0x08,0x83,0xff,0x08,0x83,0xff,0x08,0x83,0xff,0x08,0x83,0xff,
    0x08,0x83,0xff,0x08,0x83,0xff,0x08,0x83,0xff,0x08,0x83,0xff,0x08,0x83,0xff,0x08,0x83,0xff,0x08,0x83,0xff,0x08,0x83,0xff,
    0x08,0x83,0xff,0x08,0x83,0xff,0x08,0x83,0xff,0x08,0x83,0xff,0x08,0x83,0xff,0x08,0x83,0xff,0x08,0x83,0xff,0x08,0x83,0xff,
    0x08,0x83,0xff,0x08,0x83,0xff,0x08,0x83,0xff,0x08,0x83,0xff,0x08,0x83,0xff,0x08,0x83,0xff,0x08,0x83,0xff,0x08,0x83,0xff,
    0x10,0xa3,0xff,0x10,0xc4,0xff,0xb6,0x1a,0xff,0xb6,0x1a,0xff,0x21,0x66,0xff,0x21,0x46,0xff,0x21,0x25,0xff,0x18,0xe4,0xff,
    0x10,0xc3,0xff,0x08,0xa3,0xff,0x08,0x83,0xff,0x08,0x83,0xff,0x08,0x83,0xff,0x08,0x83,0xff,0x94,0xf5,0xff,0x94,0xf5,0xff,
    0x94,0xf5,0xff,0x08,0x83,0xff,0x08,0x83,0xff,0x08,0x83,0xff,0x08,0x83,0xff,0x08,0x83,0xff,0x08,0x83,0xff,0x08,0x83,0xff,
    0x94,0xf5,0xff,0x94,0xf5,0xff,0x94,0xf5,0xff,0x08,0x83,0xff,0x08,0x83,0xff,0x08,0x83,0xff,0x08,0x83,0xff,0x08,0xa3,0xff,
    0x10,0xc3,0xff,0x18,0xe4,0xff,0x21,0x25,0xff,0x21,0x46,0xff,0x21,0x66,0xff,0xb6,0x1a,0xff,0xb6,0x1a,0xff,0x10,0xc4,0xff,
    0xad,0xd9,0xff,0x08,0x83,0xff,0x08,0x83,0xff,0x08,0x83,0xff,0x08,0x83,0xff,0x08,0x83,0xff,0x08,0x83,0xff,0x08,0x83,0xff,
    0x08,0x83,0xff,0x08,0x83,0xff,0x08,0x83,0xff,0x08,0x83,0xff,0x08,0x83,0xff,0x08,0x83,0xff,0x08,0x83,0xff,0x08,0x83,0xff,
    0x08,0x83,0xff,0x08,0x83,0xff,0x08,0x83,0xff,0x08,0x83,0xff,0x08,0x83,0xff,0x08,0x83,0xff,0x08,0x83,0xff,0x08,0x83,0xff,
    0x08,0x83,0xff,0x08,0x83,0xff,0x08,0x83,0xff,0x08,0x83,0xff,0x08,0x83,0xff,0x08,0x83,0xff,0x08,0x83,0xff,0x08,0x83,0xff,
    0x08,0x83,0xff,0x08,0x83,0xff,0x08,0x83,0xff,0x08,0x83,0xff,0x08,0x83,0xff,0x08,0x83,0xff,0x08,0x83,0xff,0x08,0x83,0xff,
    0x08,0x83,0xff,0x08,0x83,0xff,0x08,0x83,0xff,0x08,0x83,0xff,0x08,0x83,0xff,0x08,0x83,0xff,0x08,0x83,0xff,0x08,0x83,0xff,
    0x08,0x83,0xff,0x08,0x83,0xff,0x08,0x83,0xff,0x08,0x83,0xff,0x08,0x83,0xff,0x29,0x86,0xc8,0x00,0x00,0x00,0x00,0x00,0x00,
    0x00,0x00,0x00,0x00,0x00,0x00,0x29,0x86,0xc8,0x08,0x83,0xff,0x08,0x83,0xff,0x08,0x83,0xff,0x08,0x83,0xff,0x08,0x83,0xff,
    0x08,0x83,0xff,0x08,0x83,0xff,0x08,0x83,0xff,0x08,0x83,0xff,0x08,0x83,0xff,0x08,0x83,0xff,0x08,0x83,0xff,0x08,0x83,0xff,
    0x08,0x83,0xff,0x08,0x83,0xff,0x08,0x83,0xff,0x08,0x83,0xff,0x08,0x83,0xff,0x08,0x83,0xff,0x08,0x83,0xff,0x08,0x83,0xff,
    0x08,0x83,0xff,0x08,0x83,0xff,0x08,0x83,0xff,0x08,0x83,0xff,0x08,0x83,0xff,0x08,0x83,0xff,0x08,0x83,0xff,0x08,0x83,0xff,
    0x08,0x83,0xff,0x08,0x83,0xff,0x08,0x83,0xff,0x08,0x83,0xff,0x08,0x83,0xff,0x08,0x83,0xff,0x08,0x83,0xff,0x08,0x83,0xff,
    0x10,0xa3,0xff,0x10,0xc4,0xff,0x19,0x05,0xff,0xb6,0x1a,0xff,0xb6,0x1a,0xff,0x21,0x66,0xff,0x21,0x45,0xff,0x19,0x05,0xff,
    0x10,0xc4,0xff,0x10,0xa3,0xff,0x08,0x83,0xff,0x08,0x83,0xff,0x08,0x83,0xff,0x08,0x83,0xff,0x08,0x83,0xff,0x94,0xf5,0xff,
    0x94,0xf5,0xff,0x94,0xf5,0xff,0x08,0x83,0xff,0x08,0x83,0xff,0x08,0x83,0xff,0x08,0x83,0xff,0x08,0x83,0xff,0x94,0xf5,0xff,
    0x94,0xf5,0xff,0x94,0xf5,0xff,0x08,0x83,0xff,0x08,0x83,0xff,0x08,0x83,0xff,0x08,0x83,0xff,0x08,0x83,0xff,0x10,0xa3,0xff,
    0x10,0xc4,0xff,0x19,0x05,0xff,0x21,0x45,0xff,0x21,0x66,0xff,0xb6,0x1a,0xff,0xb6,0x1a,0xff,0x19,0x05,0xff,0xad,0xd9,0xff,
    0xad,0xd9,0xff,0xad,0xd9,0xff,0xad,0xd9,0xff,0xad,0xd9,0xff,0xad,0xd9,0xff,0xad,0xd9,0xff,0x08,0x83,0xff,0x08,0x83,0xff,
    0x08,0x83,0xff,0x08,0x83,0xff,0x08,0x83,0xff,0x08,0x83,0xff,0x08,0x83,0xff,0x08,0x83,0xff,0x08,0x83,0xff,0x08,0x83,0xff,
    0x08,0x83,0xff,0x08,0x83,0xff,0x08,0x83,0xff,0x08,0x83,0xff,0x08,0x83,0xff,0x08,0x83,0xff,0x08,0x83,0xff,0x08,0x83,0xff,
    0x08,0x83,0xff,0x08,0x83,0xff,0x08,0x83,0xff,0x08,0x83,0xff,0x08,0x83,0xff,0x08,0x83,0xff,0x08,0x83,0xff,0x08,0x83,0xff,
    0x08,0x83,0xff,0x08,0x83,0xff,0x08,0x83,0xff,0x08,0x83,0xff,0x08,0x83,0xff,0x08,0x83,0xff,0x08,0x83,0xff,0x08,0x83,0xff,
    0x08,0x83,0xff,0x08,0x83,0xff,0x08,0x83,0xff,0x08,0x83,0xff,0x08,0x83,0xff,0x08,0x83,0xff,0x08,0x83,0xff,0x08,0x83,0xff,
    0x08,0x83,0xff,0x08,0x83,0xff,0x08,0x83,0xff,0x08,0x83,0xff,0x08,0x83,0xff,0x29,0x86,0xc8,0x00,0x00,0x00,0x00,0x00,0x00,
    0x00,0x00,0x00,0x00,0x00,0x00,0x29,0x86,0xc8,0x08,0x83,0xff,0x08,0x83,0xff,0x08,0x83,0xff,0x08,0x83,0xff,0x08,0x83,0xff,
    0x08,0x83,0xff,0x08,0x83,0xff,0x08,0x83,0xff,0x08,0x83,0xff,0x08,0x83,0xff,0x08,0x83,0xff,0x08,0x83,0xff,0x08,0x83,0xff,
    0x08,0x83,0xff,0x08,0x83,0xff,0x08,0x83,0xff,0x08,0x83,0xff,0x08,0x83,0xff,0x08,0x83,0xff,0x08,0x83,0xff,0x08,0x83,0xff,
    0x08,0x83,0xff,0x08,0x83,0xff,0x08,0x83,0xff,0x08,0x83,0xff,0x08,0x83,0xff,0x08,0x83,0xff,0x08,0x83,0xff,0x08,0x83,0xff,
    0x08,0x83,0xff,0x08,0x83,0xff,0x08,0x83,0xff,0x08,0x83,0xff,0x08,0x83,0xff,0x08,0x83,0xff,0x08,0x83,0xff,0x08,0x83,0xff,
    0x08,0xa3,0xff,0x10,0xc3,0xff,0x18,0xe4,0xff,0xb6,0x1a,0xff,0xb6,0x1a,0xff,0x21,0x66,0xff,0x21,0x46,0xff,0x19,0x25,0xff,
    0x18,0xe4,0xff,0x10,0xa3,0xff,0x08,0xa3,0xff,0x08,0x83,0xff,0x08,0x83,0xff,0x08,0x83,0xff,0x08,0x83,0xff,0x08,0x83,0xff,
    0x94,0xf5,0xff,0x94,0xf5,0xff,0x94,0xf5,0xff,0x94,0xf5,0xff,0x94,0xf5,0xff,0x94,0xf5,0xff,0x94,0xf5,0xff,0x94,0xf5,0xff,
    0x94,0xf5,0xff,0x08,0x83,0xff,0x08,0x83,0xff,0x08,0x83,0xff,0x08,0x83,0xff,0x08,0x83,0xff,0x08,0xa3,0xff,0x10,0xa3,0xff,
    0x18,0xe4,0xff,0x19,0x25,0xff,0x21,0x46,0xff,0x21,0x66,0xff,0xb6,0x1a,0xff,0xad,0xd9,0xff,0xad,0xd9,0xff,0xad,0xd9,0xff,
    0xad,0xd9,0xff,0xad,0xd9,0xff,0xad,0xd9,0xff,0xad,0xd9,0xff,0xad,0xd9,0xff,0xad,0xd9,0xff,0xad,0xd9,0xff,0xad,0xd9,0xff,
    0x08,0x83,0xff,0x08,0x83,0xff,0x08,0x83,0xff,0x08,0x83,0xff,0x08,0x83,0xff,0x08,0x83,0xff,0x08,0x83,0xff,0x08,0x83,0xff,
    0x08,0x83,0xff,0x08,0x83,0xff,0x08,0x83,0xff,0x08,0x83,0xff,0x08,0x83,0xff,0x08,0x83,0xff,0x08,0x83,0xff,0x08,0x83,0xff,
    0x08,0x83,0xff,0x08,0x83,0xff,0x08,0x83,0xff,0x08,0x83,0xff,0x08,0x83,0xff,0x08,0x83,0xff,0x08,0x83,0xff,0x08,0x83,0xff,
    0x08,0x83,0xff,0x08,0x83,0xff,0x08,0x83,0xff,0x08,0x83,0xff,0x08,0x83,0xff,0x08,0x83,0xff,0x08,0x83,0xff,0x08,0x83,0xff,
    0x08,0x83,0xff,0x08,0x83,0xff,0x08,0x83,0xff,0x08,0x83,0xff,0x08,0x83,0xff,0x08,0x83,0xff,0x08,0x83,0xff,0x08,0x83,0xff,
    0x08,0x83,0xff,0x08,0x83,0xff,0x08,0x83,0xff,0x08,0x83,0xff,0x08,0x83,0xff,0x29,0x86,0xc8,0x00,0x00,0x00,0x00,0x00,0x00,
    0x00,0x00,0x00,0x00,0x00,0x00,0x29,0x86,0xc8,0x08,0x83,0xff,0x08,0x83,0xff,0x08,0x83,0xff,0x08,0x83,0xff,0x08,0x83,0xff,
    0x08,0x83,0xff,0x08,0x83,0xff,0x08,0x83,0xff,0x08,0x83,0xff,0x08,0x83,0xff,0x08,0x83,0xff,0x08,0x83,0xff,0x08,0x83,0xff,
    0x08,0x83,0xff,0x08,0x83,0xff,0x08,0x83,0xff,0x08,0x83,0xff,0x08,0x83,0xff,0x08,0x83,0xff,0x08,0x83,0xff,0x08,0x83,0xff,
    0x08,0x83,0xff,0x08,0x83,0xff,0x08,0x83,0xff,0x08,0x83,0xff,0x08,0x83,0xff,0x08,0x83,0xff,0x08,0x83,0xff,0x08,0x83,0xff,
    0x08,0x83,0xff,0x08,0x83,0xff,0x08,0x83,0xff,0x08,0x83,0xff,0x08,0x83,0xff,0x08,0x83,0xff,0x08,0x83,0xff,0x08,0x83,0xff,
    0x08,0x83,0xff,0x10,0xa3,0xff,0x10,0xc4,0xff,0xb6,0x1a,0xff,0xb6,0x1a,0xff,0xb6,0x1a,0xff,0x21,0x46,0xff,0x21,0x25,0xff,
    0x19,0x04,0xff,0x10,0xc4,0xff,0x10,0xa3,0xff,0x08,0x83,0xff,0x08,0x83,0xff,0x08,0x83,0xff,0x08,0x83,0xff,0x08,0x83,0xff,
    0x08,0x83,0xff,0x08,0x83,0xff,0x94,0xf5,0xff,0x94,0xf5,0xff,0x94,0xf5,0xff,0x94,0xf5,0xff,0x94,0xf5,0xff,0x08,0x83,0xff,
    0x08,0x83,0xff,0x08,0x83,0xff,0x08,0x83,0xff,0x08,0x83,0xff,0x08,0x83,0xff,0x08,0x83,0xff,0x10,0xa3,0xff,0x10,0xc4,0xff,
    0x19,0x04,0xff,0x21,0x25,0xff,0x21,0x46,0xff,0xb6,0x1a,0xff,0xad,0xd9,0xff,0xad,0xd9,0xff,0xad,0xd9,0xff,0x10,0xa3,0xff,
    0x08,0x83,0xff,0x08,0x83,0xff,0x08,0x83,0xff,0x08,0x83,0xff,0x08,0x83,0xff,0x08,0x83,0xff,0xad,0xd9,0xff,0xad,0xd9,0xff,
    0xad,0xd9,0xff,0x08,0x83,0xff,0x08,0x83,0xff,0x08,0x83,0xff,0xad,0xd9,0xff,0x08,0x83,0xff,0x08,0x83,0xff,0x08,0x83,0xff,
    0x08,0x83,0xff,0x08,0x83,0xff,0x08,0x83,0xff,0x08,0x83,0xff,0x08,0x83,0xff,0x08,0x83,0xff,0x08,0x83,0xff,0x08,0x83,0xff,
    0x08,0x83,0xff,0x08,0x83,0xff,0x08,0x83,0xff,0x08,0x83,0xff,0x08,0x83,0xff,0x08,0x83,0xff,0x08,0x83,0xff,0x08,0x83,0xff,
    0x08,0x83,0xff,0x08,0x83,0xff,0x08,0x83,0xff,0x08,0x83,0xff,0x08,0x83,0xff,0x08,0x83,0xff,0x08,0x83,0xff,0x08,0x83,0xff,
    0x08,0x83,0xff,0x08,0x83,0xff,0x08,0x83,0xff,0x08,0x83,0xff,0x08,0x83,0xff,0x08,0x83,0xff,0x08,0x83,0xff,0x08,0x83,0xff,
    0x08,0x83,0xff,0x08,0x83,0xff,0x08,0x83,0xff,0x08,0x83,0xff,0x08,0x83,0xff,0x29,0x86,0xc8,0x00,0x00,0x00,0x00,0x00,0x00,
    0x00,0x00,0x00,0x00,0x00,0x00,0x29,0x86,0xc8,0x08,0x83,0xff,0x08,0x83,0xff,0x08,0x83,0xff,0x08,0x83,0xff,0x08,0x83,0xff,
    0x08,0x83,0xff,0x08,0x83,0xff,0x08,0x83,0xff,0x08,0x83,0xff,0x08,0x83,0xff,0x08,0x83,0xff,0x08,0x83,0xff,0x08,0x83,0xff,
    0x08,0x83,0xff,0x08,0x83,0xff,0x08,0x83,0xff,0x08,0x83,0xff,0x08,0x83,0xff,0x08,0x83,0xff,0x08,0x83,0xff,0x08,0x83,0xff,
    0x08,0x83,0xff,0x08,0x83,0xff,0x08,0x83,0xff,0x08,0x83,0xff,0x08,0x83,0xff,0x08,0x83,0xff,0x08,0x83,0xff,0x08,0x83,0xff,
    0x08,0x83,0xff,0x08,0x83,0xff,0x08,0x83,0xff,0x08,0x83,0xff,0x08,0x83,0xff,0x08,0x83,0xff,0x08,0x83,0xff,0x08,0x83,0xff,
    0x08,0x83,0xff,0x10,0xa3,0xff,0x10,0xc4,0xff,0x18,0xe4,0xff,0xb6,0x1a,0xff,0xb6,0x1a,0xff,0x21,0x46,0xff,0x21,0x46,0xff,
    0x19,0x05,0xff,0x18,0xe4,0xff,0x10,0xc3,0xff,0x10,0xa3,0xff,0x08,0x83,0xff,0x08,0x83,0xff,0x08,0x83,0xff,0x08,0x83,0xff,
    0x08,0x83,0xff,0x08,0x83,0xff,0x08,0x83,0xff,0x08,0x83,0xff,0x08,0x83,0xff,0x08,0x83,0xff,0x08,0x83,0xff,0x08,0x83,0xff,
    0x08,0x83,0xff,0x08,0x83,0xff,0x08,0x83,0xff,0x08,0x83,0xff,0x08,0x83,0xff,0x10,0xa3,0xff,0x10,0xc3,0xff,0x18,0xe4,0xff,
    0x19,0x05,0xff,0x21,0x46,0xff,0xad,0xd9,0xff,0xad,0xd9,0xff,0xad,0xd9,0xff,0x18,0xe4,0xff,0x10,0xc4,0xff,0x10,0xa3,0xff,
    0x08,0x83,0xff,0x08,0x83,0xff,0x08,0x83,0xff,0x08,0x83,0xff,0x08,0x83,0xff,0x08,0x83,0xff,0x08,0x83,0xff,0x08,0x83,0xff,
    0xad,0xd9,0xff,0xad,0xd9,0xff,0xad,0xd9,0xff,0xad,0xd9,0xff,0xad,0xd9,0xff,0xad,0xd9,0xff,0x08,0x83,0xff,0x08,0x83,0xff,
    0x08,0x83,0xff,0x08,0x83,0xff,0x08,0x83,0xff,0x08,0x83,0xff,0x08,0x83,0xff,0x08,0x83,0xff,0x08,0x83,0xff,0x08,0x83,0xff,
    0x08,0x83,0xff,0x08,0x83,0xff,0x08,0x83,0xff,0x08,0x83,0xff,0x08,0x83,0xff,0x08,0x83,0xff,0x08,0x83,0xff,0x08,0x83,0xff,
    0x08,0x83,0xff,0x08,0x83,0xff,0x08,0x83,0xff,0x08,0x83,0xff,0x08,0x83,0xff,0x08,0x83,0xff,0x08,0x83,0xff,0x08,0x83,0xff,
    0x08,0x83,0xff,0x08,0x83,0xff,0x08,0x83,0xff,0x08,0x83,0xff,0x08,0x83,0xff,0x08,0x83,0xff,0x08,0x83,0xff,0x08,0x83,0xff,
    0x08,0x83,0xff,0x08,0x83,0xff,0x08,0x83,0xff,0x08,0x83,0xff,0x08,0x83,0xff,0x29,0x86,0xc8,0x00,0x00,0x00,0x00,0x00,0x00,
    0x00,0x00,0x00,0x00,0x00,0x00,0x29,0x86,0xc8,0x08,0x83,0xff,0x08,0x83,0xff,0x08,0x83,0xff,0x08,0x83,0xff,0x08,0x83,0xff,
    0x08,0x83,0xff,0x08,0x83,0xff,0x08,0x83,0xff,0x08,0x83,0xff,0x08,0x83,0xff,0x08,0x83,0xff,0x08,0x83,0xff,0x08,0x83,0xff,
    0x08,0x83,0xff,0x08,0x83,0xff,0x08,0x83,0xff,0x08,0x83,0xff,0x08,0x83,0xff,0x08,0x83,0xff,0x08,0x83,0xff,0x08,0x83,0xff,
    0x08,0x83,0xff,0x08,0x83,0xff,0x08,0x83,0xff,0x08,0x83,0xff,0x08,0x83,0xff,0x08,0x83,0xff,0x08,0x83,0xff,0x08,0x83,0xff,
    0x08,0x83,0xff,0x08,0x83,0xff,0x08,0x83,0xff,0x08,0x83,0xff,0x08,0x83,0xff,0x08,0x83,0xff,0x08,0x83,0xff,0x08,0x83,0xff,
    0x08,0x83,0xff,0x08,0x83,0xff,0x10,0xa3,0xff,0x10,0xc4,0xff,0xb6,0x1a,0xff,0xb6,0x1a,0xff,0xb6,0x1a,0xff,0x21,0x46,0xff,
    0x21,0x25,0xff,0x19,0x05,0xff,0x10,0xe4,0xff,0x10,0xc3,0xff,0x10,0xa3,0xff,0x08,0x83,0xff,0x08,0x83,0xff,0x08,0x83,0xff,
    0x08,0x83,0xff,0x08,0x83,0xff,0x08,0x83,0xff,0x08,0x83,0xff,0x08,0x83,0xff,0x08,0x83,0xff,0x08,0x83,0xff,0x08,0x83,0xff,
    0x08,0x83,0xff,0x08,0x83,0xff,0x08,0x83,0xff,0x08,0x83,0xff,0x10,0xa3,0xff,0x10,0xc3,0xff,0x10,0xe4,0xff,0x19,0x05,0xff,
    0x21,0x25,0xff,0x21,0x46,0xff,0xad,0xd9,0xff,0xad,0xd9,0xff,0xb6,0x1a,0xff,0x10,0xc4,0xff,0x10,0xa3,0xff,0x08,0x83,0xff,
    0x08,0x83,0xff,0x08,0x83,0xff,0x08,0x83,0xff,0x08,0x83,0xff,0x08,0x83,0xff,0x08,0x83,0xff,0x08,0x83,0xff,0x08,0x83,0xff,
    0x08,0x83,0xff,0xad,0xd9,0xff,0xad,0xd9,0xff,0xad,0xd9,0xff,0xad,0xd9,0xff,0x08,0x83,0xff,0x08,0x83,0xff,0x08,0x83,0xff,
    0x08,0x83,0xff,0x08,0x83,0xff,0x08,0x83,0xff,0x08,0x83,0xff,0x08,0x83,0xff,0x08,0x83,0xff,0x08,0x83,0xff,0x08,0x83,0xff,
    0x08,0x83,0xff,0x08,0x83,0xff,0x08,0x83,0xff,0x08,0x83,0xff,0x08,0x83,0xff,0x08,0x83,0xff,0x08,0x83,0xff,0x08,0x83,0xff,
    0x08,0x83,0xff,0x08,0x83,0xff,0x08,0x83,0xff,0x08,0x83,0xff,0x08,0x83,0xff,0x08,0x83,0xff,0x08,0x83,0xff,0x08,0x83,0xff,
    0x08,0x83,0xff,0x08,0x83,0xff,0x08,0x83,0xff,0x08,0x83,0xff,0x08,0x83,0xff,0x08,0x83,0xff,0x08,0x83,0xff,0x08,0x83,0xff,
    0x08,0x83,0xff,0x08,0x83,0xff,0x08,0x83,0xff,0x08,0x83,0xff,0x08,0x83,0xff,0x29,0x86,0xc8,0x00,0x00,0x00,0x00,0x00,0x00,
    0x00,0x00,0x00,0x00,0x00,0x00,0x29,0x86,0xc8,0x08,0x83,0xff,0x08,0x83,0xff,0x08,0x83,0xff,0x08,0x83,0xff,0x08,0x83,0xff,
    0x08,0x83,0xff,0x08,0x83,0xff,0x08,0x83,0xff,0x08,0x83,0xff,0x08,0x83,0xff,0x08,0x83,0xff,0x08,0x83,0xff,0x08,0x83,0xff,
    0x08,0x83,0xff,0x08,0x83,0xff,0x08,0x83,0xff,0x08,0x83,0xff,0x08,0x83,0xff,0x08,0x83,0xff,0x08,0x83,0xff,0x08,0x83,0xff,
    0x08,0x83,0xff,0x08,0x83,0xff,0x08,0x83,0xff,0x08,0x83,0xff,0x08,0x83,0xff,0x08,0x83,0xff,0x08,0x83,0xff,0x08,0x83,0xff,
    0x08,0x83,0xff,0x08,0x83,0xff,0x08,0x83,0xff,0x08,0x83,0xff,0x08,0x83,0xff,0x08,0x83,0xff,0x08,0x83,0xff,0x08,0x83,0xff,
    0x08,0x83,0xff,0x08,0x83,0xff,0x10,0xa3,0xff,0x10,0xc3,0xff,0x18,0xe4,0xff,0xb6,0x1a,0xff,0xb6,0x1a,0xff,0x21,0x46,0xff,
    0x21,0x46,0xff,0x21,0x25,0xff,0x19,0x05,0xff,0x10,0xe4,0xff,0x10,0xc3,0xff,0x10,0xa3,0xff,0x08,0xa3,0xff,0x08,0x83,0xff,
    0x08,0x83,0xff,0x08,0x83,0xff,0x08,0x83,0xff,0x08,0x83,0xff,0x08,0x83,0xff,0x08,0x83,0xff,0x08,0x83,0xff,0x08,0x83,0xff,
    0x08,0x83,0xff,0x08,0x83,0xff,0x08,0xa3,0xff,0x10,0xa3,0xff,0x10,0xc3,0xff,0xad,0xd9,0xff,0x19,0x05,0xff,0x21,0x25,0xff,
    0x21,0x46,0xff,0xad,0xd9,0xff,0xad,0xd9,0xff,0xb6,0x1a,0xff,0x18,0xe4,0xff,0x10,0xc3,0xff,0x10,0xa3,0xff,0x08,0x83,0xff,
    0x08,0x83,0xff,0x08,0x83,0xff,0x08,0x83,0xff,0x08,0x83,0xff,0x08,0x83,0xff,0x08,0x83,0xff,0x08,0x83,0xff,0x08,0x83,0xff,
    0x08,0x83,0xff,0xad,0xd9,0xff,0xad,0xd9,0xff,0xad,0xd9,0xff,0x08,0x83,0xff,0x08,0x83,0xff,0x08,0x83,0xff,0x08,0x83,0xff,
    0x08,0x83,0xff,0x08,0x83,0xff,0x08,0x83,0xff,0x08,0x83,0xff,0x08,0x83,0xff,0x08,0x83,0xff,0x08,0x83,0xff,0x08,0x83,0xff,
    0x08,0x83,0xff,0x08,0x83,0xff,0x08,0x83,0xff,0x08,0x83,0xff,0x08,0x83,0xff,0x08,0x83,0xff,0x08,0x83,0xff,0x08,0x83,0xff,
    0x08,0x83,0xff,0x08,0x83,0xff,0x08,0x83,0xff,0x08,0x83,0xff,0x08,0x83,0xff,0x08,0x83,0xff,0x08,0x83,0xff,0x08,0x83,0xff,
    0x08,0x83,0xff,0x08,0x83,0xff,0x08,0x83,0xff,0x08,0x83,0xff,0x08,0x83,0xff,0x08,0x83,0xff,0x08,0x83,0xff,0x08,0x83,0xff,
    0x08,0x83,0xff,0x08,0x83,0xff,0x08,0x83,0xff,0x08,0x83,0xff,0x08,0x83,0xff,0x29,0x86,0xc8,0x00,0x00,0x00,0x00,0x00,0x00,
    0x00,0x00,0x00,0x00,0x00,0x00,0x29,0x86,0xc8,0x08,0x83,0xff,0x08,0x83,0xff,0x08,0x83,0xff,0x08,0x83,0xff,0x08,0x83,0xff,
    0x08,0x83,0xff,0x08,0x83,0xff,0x08,0x83,0xff,0x08,0x83,0xff,0x08,0x83,0xff,0x08,0x83,0xff,0x08,0x83,0xff,0x08,0x83,0xff,
    0x08,0x83,0xff,0x08,0x83,0xff,0x08,0x83,0xff,0x08,0x83,0xff,0x08,0x83,0xff,0x08,0x83,0xff,0x08,0x83,0xff,0x08,0x83,0xff,
    0x08,0x83,0xff,0x08,0x83,0xff,0x08,0x83,0xff,0x08,0x83,0xff,0x08,0x83,0xff,0x08,0x83,0xff,0x08,0x83,0xff,0x08,0x83,0xff,
    0x08,0x83,0xff,0x08,0x83,0xff,0x08,0x83,0xff,0x08,0x83,0xff,0x08,0x83,0xff,0x08,0x83,0xff,0x08,0x83,0xff,0x08,0x83,0xff,
    0x08,0x83,0xff,0x08,0x83,0xff,0x08,0x83,0xff,0x10,0xa3,0xff,0x10,0xc4,0xff,0x18,0xe4,0xff,0xb6,0x1a,0xff,0xb6,0x1a,0xff,
    0x21,0x46,0xff,0x21,0x25,0xff,0x21,0x25,0xff,0x19,0x05,0xff,0x18,0xe4,0xff,0x10,0xc4,0xff,0x10,0xc3,0xff,0x10,0xa3,0xff,
    0x08,0xa3,0xff,0x08,0x83,0xff,0x08,0x83,0xff,0x08,0x83,0xff,0x08,0x83,0xff,0x08,0x83,0xff,0x08,0x83,0xff,0x08,0x83,0xff,
    0x08,0xa3,0xff,0x10,0xa3,0xff,0x10,0xc3,0xff,0x10,0xc4,0xff,0x18,0xe4,0xff,0xad,0xd9,0xff,0xad,0xd9,0xff,0xad,0xd9,0xff,
    0xad,0xd9,0xff,0xad,0xd9,0xff,0xb6,0x1a,0xff,0x18,0xe4,0xff,0x10,0xc4,0xff,0x10,0xa3,0xff,0x08,0x83,0xff,0x08,0x83,0xff,
    0x08,0x83,0xff,0x08,0x83,0xff,0x08,0x83,0xff,0x08,0x83,0xff,0x08,0x83,0xff,0x08,0x83,0xff,0x08,0x83,0xff,0x08,0x83,0xff,
    0x08,0x83,0xff,0x08,0x83,0xff,0xad,0xd9,0xff,0xad,0xd9,0xff,0xad,0xd9,0xff,0x08,0x83,0xff,0x08,0x83,0xff,0x08,0x83,0xff,
    0x08,0x83,0xff,0x08,0x83,0xff,0x08,0x83,0xff,0x08,0x83,0xff,0x08,0x83,0xff,0x08,0x83,0xff,0x08,0x83,0xff,0x08,0x83,0xff,
    0x08,0x83,0xff,0x08,0x83,0xff,0x08,0x83,0xff,0x08,0x83,0xff,0x08,0x83,0xff,0x08,0x83,0xff,0x08,0x83,0xff,0x08,0x83,0xff,
    0x08,0x83,0xff,0x08,0x83,0xff,0x08,0x83,0xff,0x08,0x83,0xff,0x08,0x83,0xff,0x08,0x83,0xff,0x08,0x83,0xff,0x08,0x83,0xff,
    0x08,0x83,0xff,0x08,0x83,0xff,0x08,0x83,0xff,0x08,0x83,0xff,0x08,0x83,0xff,0x08,0x83,0xff,0x08,0x83,0xff,0x08,0x83,0xff,
    0x08,0x83,0xff,0x08,0x83,0xff,0x08,0x83,0xff,0x08,0x83,0xff,0x08,0x83,0xff,0x29,0x86,0xc8,0x00,0x00,0x00,0x00,0x00,0x00,
    0x00,0x00,0x00,0x00,0x00,0x00,0x29,0x86,0xc8,0x08,0x83,0xff,0x08,0x83,0xff,0x08,0x83,0xff,0x08,0x83,0xff,0x08,0x83,0xff,
    0x08,0x83,0xff,0x08,0x83,0xff,0x08,0x83,0xff,0x08,0x83,0xff,0x08,0x83,0xff,0x08,0x83,0xff,0x08,0x83,0xff,0x08,0x83,0xff,
    0x08,0x83,0xff,0x08,0x83,0xff,0x08,0x83,0xff,0x08,0x83,0xff,0x08,0x83,0xff,0x08,0x83,0xff,0x08,0x83,0xff,0x08,0x83,0xff,
    0x08,0x83,0xff,0x08,0x83,0xff,0x08,0x83,0xff,0x08,0x83,0xff,0x08,0x83,0xff,0x08,0x83,0xff,0x08,0x83,0xff,0x08,0x83,0xff,
    0x08,0x83,0xff,0x08,0x83,0xff,0x08,0x83,0xff,0x08,0x83,0xff,0x08,0x83,0xff,0x08,0x83,0xff,0x08,0x83,0xff,0x08,0x83,0xff,
    0x08,0x83,0xff,0x08,0x83,0xff,0x08,0x83,0xff,0x08,0x83,0xff,0x10,0xa3,0xff,0x10,0xc4,0xff,0xb6,0x1a,0xff,0xb6,0x1a,0xff,
    0xb6,0x1a,0xff,0x21,0x46,0xff,0x21,0x45,0xff,0x21,0x25,0xff,0x19,0x05,0xff,0x19,0x04,0xff,0x18,0xe4,0xff,0x10,0xc4,0xff,
    0x10,0xc3,0xff,0x10,0xa3,0xff,0x10,0xa3,0xff,0x10,0xa3,0xff,0x10,0xa3,0xff,0x10,0xa3,0xff,0x10,0xa3,0xff,0x10,0xa3,0xff,
    0x10,0xc3,0xff,0x10,0xc4,0xff,0x18,0xe4,0xff,0x19,0x04,0xff,0x19,0x05,0xff,0x21,0x25,0xff,0x21,0x45,0xff,0x21,0x46,0xff,
    0xad,0xd9,0xff,0xad,0xd9,0xff,0xb6,0x1a,0xff,0x10,0xc4,0xff,0x10,0xa3,0xff,0x08,0x83,0xff,0x08,0x83,0xff,0x08,0x83,0xff,
    0x08,0x83,0xff,0x84,0x73,0xff,0x84,0x73,0xff,0x84,0x73,0xff,0x08,0x83,0xff,0x08,0x83,0xff,0x08,0x83,0xff,0x08,0x83,0xff,
    0x08,0x83,0xff,0x08,0x83,0xff,0x08,0x83,0xff,0xad,0xd9,0xff,0xad,0xd9,0xff,0x08,0x83,0xff,0x08,0x83,0xff,0x08,0x83,0xff,
    0x08,0x83,0xff,0x08,0x83,0xff,0x08,0x83,0xff,0x08,0x83,0xff,0x08,0x83,0xff,0x08,0x83,0xff,0x08,0x83,0xff,0x08,0x83,0xff,
    0x08,0x83,0xff,0x08,0x83,0xff,0x08,0x83,0xff,0x08,0x83,0xff,0x08,0x83,0xff,0x08,0x83,0xff,0x08,0x83,0xff,0x08,0x83,0xff,
    0x08,0x83,0xff,0x08,0x83,0xff,0x08,0x83,0xff,0x08,0x83,0xff,0x08,0x83,0xff,0x08,0x83,0xff,0x08,0x83,0xff,0x08,0x83,0xff,
    0x08,0x83,0xff,0x08,0x83,0xff,0x08,0x83,0xff,0x08,0x83,0xff,0x08,0x83,0xff,0x08,0x83,0xff,0x08,0x83,0xff,0x08,0x83,0xff,
    0x08,0x83,0xff,0x08,0x83,0xff,0x08,0x83,0xff,0x08,0x83,0xff,0x08,0x83,0xff,0x29,0x86,0xc8,0x00,0x00,0x00,0x00,0x00,0x00,
    0x00,0x00,0x00,0x00,0x00,0x00,0x29,0x86,0xc8,0x08,0x83,0xff,0x08,0x83,0xff,0x08,0x83,0xff,0x08,0x83,0xff,0x08,0x83,0xff,
    0x08,0x83,0xff,0x08,0x83,0xff,0x08,0x83,0xff,0x08,0x83,0xff,0x08,0x83,0xff,0x08,0x83,0xff,0x08,0x83,0xff,0x08,0x83,0xff,
    0x08,0x83,0xff,0x08,0x83,0xff,0x08,0x83,0xff,0x08,0x83,0xff,0x08,0x83,0xff,0x08,0x83,0xff,0x08,0x83,0xff,0x08,0x83,0xff,
    0x08,0x83,0xff,0x08,0x83,0xff,0x08,0x83,0xff,0x08,0x83,0xff,0x08,0x83,0xff,0x08,0x83,0xff,0x08,0x83,0xff,0x08,0x83,0xff,
    0x08,0x83,0xff,0x08,0x83,0xff,0x08,0x83,0xff,0x08,0x83,0xff,0x08,0x83,0xff,0x08,0x83,0xff,0x08,0x83,0xff,0x08,0x83,0xff,
    0x08,0x83,0xff,0x08,0x83,0xff,0x08,0x83,0xff,0x08,0x83,0xff,0x08,0x83,0xff,0xb6,0x1a,0xff,0xb6,0x1a,0xff,0xb6,0x1a,0xff,
    0xb6,0x1a,0xff,0xb6,0x1a,0xff,0x21,0x46,0xff,0x21,0x46,0xff,0x21,0x46,0xff,0x21,0x25,0xff,0x19,0x25,0xff,0x19,0x05,0xff,
    0x18,0xe4,0xff,0x18,0xe4,0xff,0x10,0xe4,0xff,0x10,0xc4,0xff,0x10,0xc4,0xff,0x10,0xc4,0xff,0x10,0xe4,0xff,0x18,0xe4,0xff,
    0x18,0xe4,0xff,0x19,0x05,0xff,0x19,0x25,0xff,0x21,0x25,0xff,0x21,0x46,0xff,0x21,0x46,0xff,0x21,0x46,0xff,0xad,0xd9,0xff,
    0xad,0xd9,0xff,0xb6,0x1a,0xff,0xb6,0x1a,0xff,0xb6,0x1a,0xff,0x08,0x83,0xff,0x08,0x83,0xff,0x08,0x83,0xff,0x84,0x73,0xff,
    0x84,0x73,0xff,0x08,0x83,0xff,0x08,0x83,0xff,0x08,0x83,0xff,0x84,0x73,0xff,0x84,0x73,0xff,0x08,0x83,0xff,0x08,0x83,0xff,
    0x08,0x83,0xff,0x08,0x83,0xff,0x08,0x83,0xff,0x08,0x83,0xff,0xad,0xd9,0xff,0xad,0xd9,0xff,0x08,0x83,0xff,0x08,0x83,0xff,
    0x08,0x83,0xff,0x08,0x83,0xff,0x08,0x83,0xff,0x08,0x83,0xff,0x08,0x83,0xff,0x08,0x83,0xff,0x08,0x83,0xff,0x08,0x83,0xff,
    0x08,0x83,0xff,0x08,0x83,0xff,0x08,0x83,0xff,0x08,0x83,0xff,0x08,0x83,0xff,0x08,0x83,0xff,0x08,0x83,0xff,0x08,0x83,0xff,
    0x08,0x83,0xff,0x08,0x83,0xff,0x08,0x83,0xff,0x08,0x83,0xff,0x08,0x83,0xff,0x08,0x83,0xff,0x08,0x83,0xff,0x08,0x83,0xff,
    0x08,0x83,0xff,0x08,0x83,0xff,0x08,0x83,0xff,0x08,0x83,0xff,0x08,0x83,0xff,0x08,0x83,0xff,0x08,0x83,0xff,0x08,0x83,0xff,
    0x08,0x83,0xff,0x08,0x83,0xff,0x08,0x83,0xff,0x08,0x83,0xff,0x08,0x83,0xff,0x29,0x86,0xc8,0x00,0x00,0x00,0x00,0x00,0x00,
    0x00,0x00,0x00,0x00,0x00,0x00,0x29,0x86,0xc8,0x08,0x83,0xff,0x08,0x83,0xff,0x08,0x83,0xff,0x08,0x83,0xff,0x08,0x83,0xff,
    0x08,0x83,0xff,0x08,0x83,0xff,0x08,0x83,0xff,0x08,0x83,0xff,0x08,0x83,0xff,0x08,0x83,0xff,0x08,0x83,0xff,0x08,0x83,0xff,
    0x08,0x83,0xff,0x08,0x83,0xff,0x08,0x83,0xff,0x08,0x83,0xff,0x08,0x83,0xff,0x08,0x83,0xff,0x08,0x83,0xff,0x08,0x83,0xff,
    0x08,0x83,0xff,0x08,0x83,0xff,0x08,0x83,0xff,0x08,0x83,0xff,0x08,0x83,0xff,0x08,0x83,0xff,0x08,0x83,0xff,0x08,0x83,0xff,
    0x08,0x83,0xff,0x08,0x83,0xff,0x08,0x83,0xff,0x08,0x83,0xff,0x08,0x83,0xff,0x08,0x83,0xff,0x08,0x83,0xff,0x08,0x83,0xff,
    0x08,0x83,0xff,0x08,0x83,0xff,0x08,0x83,0xff,0x08,0x83,0xff,0xb6,0x1a,0xff,0xb6,0x1a,0xff,0xb6,0x1a,0xff,0xb6,0x1a,0xff,
    0xb6,0x1a,0xff,0xb6,0x1a,0xff,0xb6,0x1a,0xff,0xb6,0x1a,0xff,0x21,0x46,0xff,0x21,0x46,0xff,0x21,0x46,0xff,0x21,0x45,0xff,
    0x21,0x25,0xff,0x19,0x25,0xff,0x19,0x05,0xff,0x19,0x05,0xff,0x19,0x05,0xff,0x19,0x05,0xff,0x19,0x05,0xff,0x19,0x25,0xff,
    0x21,0x25,0xff,0x21,0x45,0xff,0x21,0x46,0xff,0x21,0x46,0xff,0x21,0x46,0xff,0xb6,0x1a,0xff,0xb6,0x1a,0xff,0xad,0xd9,0xff,
    0xad,0xd9,0xff,0xb6,0x1a,0xff,0xb6,0x1a,0xff,0xb6,0x1a,0xff,0xb6,0x1a,0xff,0x08,0x83,0xff,0x08,0x83,0xff,0x84,0x73,0xff,
    0x08,0x83,0xff,0x08,0x83,0xff,0x08,0x83,0xff,0x08,0x83,0xff,0x08,0x83,0xff,0x84,0x73,0xff,0x08,0x83,0xff,0x08,0x83,0xff,
    0x08,0x83,0xff,0x08,0x83,0xff,0x08,0x83,0xff,0x08,0x83,0xff,0xad,0xd9,0xff,0xad,0xd9,0xff,0x08,0x83,0xff,0x08,0x83,0xff,
    0x08,0x83,0xff,0x08,0x83,0xff,0x08,0x83,0xff,0x08,0x83,0xff,0x08,0x83,0xff,0x08,0x83,0xff,0x08,0x83,0xff,0x08,0x83,0xff,
    0x08,0x83,0xff,0x08,0x83,0xff,0x08,0x83,0xff,0x08,0x83,0xff,0x08,0x83,0xff,0x08,0x83,0xff,0x08,0x83,0xff,0x08,0x83,0xff,
    0x08,0x83,0xff,0x08,0x83,0xff,0x08,0x83,0xff,0x08,0x83,0xff,0x08,0x83,0xff,0x08,0x83,0xff,0x08,0x83,0xff,0x08,0x83,0xff,
    0x08,0x83,0xff,0x08,0x83,0xff,0x08,0x83,0xff,0x08,0x83,0xff,0x08,0x83,0xff,0x08,0x83,0xff,0x08,0x83,0xff,0x08,0x83,0xff,
    0x08,0x83,0xff,0x08,0x83,0xff,0x08,0x83,0xff,0x08,0x83,0xff,0x08,0x83,0xff,0x29,0x86,0xc8,0x00,0x00,0x00,0x00,0x00,0x00,
    0x00,0x00,0x00,0x00,0x00,0x00,0x29,0x86,0xc8,0x08,0x83,0xff,0x08,0x83,0xff,0x08,0x83,0xff,0x08,0x83,0xff,0x08,0x83,0xff,
    0x08,0x83,0xff,0x08,0x83,0xff,0x08,0x83,0xff,0x08,0x83,0xff,0x08,0x83,0xff,0x08,0x83,0xff,0x08,0x83,0xff,0x08,0x83,0xff,
    0x08,0x83,0xff,0x08,0x83,0xff,0x08,0x83,0xff,0x08,0x83,0xff,0x08,0x83,0xff,0x08,0x83,0xff,0x08,0x83,0xff,0x08,0x83,0xff,
    0x08,0x83,0xff,0x08,0x83,0xff,0x08,0x83,0xff,0x08,0x83,0xff,0x08,0x83,0xff,0x08,0x83,0xff,0x08,0x83,0xff,0x08,0x83,0xff,
    0x08,0x83,0xff,0x08,0x83,0xff,0x08,0x83,0xff,0x08,0x83,0xff,0x08,0x83,0xff,0x08,0x83,0xff,0x08,0x83,0xff,0x08,0x83,0xff,
    0x08,0x83,0xff,0x08,0x83,0xff,0x08,0x83,0xff,0xb6,0x1a,0xff,0xb6,0x1a,0xff,0xb6,0x1a,0xff,0xb6,0x1a,0xff,0xb6,0x1a,0xff,
    0x10,0xc4,0xff,0x18,0xe4,0xff,0xb6,0x1a,0xff,0xb6,0x1a,0xff,0xb6,0x1a,0xff,0xb6,0x1a,0xff,0x21,0x66,0xff,0x21,0x66,0xff,
    0x21,0x46,0xff,0x21,0x46,0xff,0x21,0x46,0xff,0x21,0x46,0xff,0x21,0x46,0xff,0x21,0x46,0xff,0x21,0x46,0xff,0x21,0x46,0xff,
    0x21,0x46,0xff,0x21,0x66,0xff,0x21,0x66,0xff,0xb6,0x1a,0xff,0xb6,0x1a,0xff,0xb6,0x1a,0xff,0xb6,0x1a,0xff,0xad,0xd9,0xff,
    0xad,0xd9,0xff,0xb6,0x1a,0xff,0xb6,0x1a,0xff,0xb6,0x1a,0xff,0xb6,0x1a,0xff,0xb6,0x1a,0xff,0x84,0x73,0xff,0x08,0x83,0xff,
    0x08,0x83,0xff,0x08,0x83,0xff,0x08,0x83,0xff,0x08,0x83,0xff,0x08,0x83,0xff,0x08,0x83,0xff,0x84,0x73,0xff,0x08,0x83,0xff,
    0x08,0x83,0xff,0x08,0x83,0xff,0x08,0x83,0xff,0x08,0x83,0xff,0xad,0xd9,0xff,0xad,0xd9,0xff,0x08,0x83,0xff,0x08,0x83,0xff,
    0x08,0x83,0xff,0x08,0x83,0xff,0x08,0x83,0xff,0x08,0x83,0xff,0x08,0x83,0xff,0x08,0x83,0xff,0x08,0x83,0xff,0x08,0x83,0xff,
    0x08,0x83,0xff,0x08,0x83,0xff,0x08,0x83,0xff,0x08,0x83,0xff,0x08,0x83,0xff,0x08,0x83,0xff,0x08,0x83,0xff,0x08,0x83,0xff,
    0x08,0x83,0xff,0x08,0x83,0xff,0x08,0x83,0xff,0x08,0x83,0xff,0x08,0x83,0xff,0x08,0x83,0xff,0x08,0x83,0xff,0x08,0x83,0xff,
    0x08,0x83,0xff,0x08,0x83,0xff,0x08,0x83,0xff,0x08,0x83,0xff,0x08,0x83,0xff,0x08,0x83,0xff,0x08,0x83,0xff,0x08,0x83,0xff,
    0x08,0x83,0xff,0x08,0x83,0xff,0x08,0x83,0xff,0x08,0x83,0xff,0x08,0x83,0xff,0x29,0x86,0xc8,0x00,0x00,0x00,0x00,0x00,0x00,
    0x00,0x00,0x00,0x00,0x00,0x00,0x29,0x86,0xc8,0x08,0x83,0xff,0x08,0x83,0xff,0x08,0x83,0xff,0x08,0x83,0xff,0x08,0x83,0xff,
    0x08,0x83,0xff,0x08,0x83,0xff,0x08,0x83,0xff,0x08,0x83,0xff,0x08,0x83,0xff,0x08,0x83,0xff,0x08,0x83,0xff,0x08,0x83,0xff,
    0x08,0x83,0xff,0x08,0x83,0xff,0x08,0x83,0xff,0x08,0x83,0xff,0x08,0x83,0xff,0x08,0x83,0xff,0x08,0x83,0xff,0x08,0x83,0xff,
    0x08,0x83,0xff,0x08,0x83,0xff,0x08,0x83,0xff,0x08,0x83,0xff,0x08,0x83,0xff,0x08,0x83,0xff,0x08,0x83,0xff,0x08,0x83,0xff,
    0x08,0x83,0xff,0x08,0x83,0xff,0x08,0x83,0xff,0x08,0x83,0xff,0x08,0x83,0xff,0x08,0x83,0xff,0x08,0x83,0xff,0x08,0x83,0xff,
    0x08,0x83,0xff,0x08,0x83,0xff,0x08,0x83,0xff,0x08,0x83,0xff,0xb6,0x1a,0xff,0xb6,0x1a,0xff,0xb6,0x1a,0xff,0x08,0x83,0xff,
    0x10,0xa3,0xff,0x10,0xc4,0xff,0x18,0xe4,0xff,0xb6,0x1a,0xff,0xb6,0x1a,0xff,0xb6,0x1a,0xff,0xb6,0x1a,0xff,0xb6,0x1a,0xff,
    0x21,0x66,0xff,0x21,0x66,0xff,0x21,0x66,0xff,0x21,0x66,0xff,0x21,0x66,0xff,0x21,0x66,0xff,0x21,0x66,0xff,0x21,0x66,0xff,
    0x21,0x66,0xff,0xb6,0x1a,0xff,0xb6,0x1a,0xff,0xb6,0x1a,0xff,0xb6,0x1a,0xff,0xb6,0x1a,0xff,0x18,0xe4,0xff,0xad,0xd9,0xff,
    0xad,0xd9,0xff,0x08,0x83,0xff,0xb6,0x1a,0xff,0xb6,0x1a,0xff,0xb6,0x1a,0xff,0x08,0x83,0xff,0x84,0x73,0xff,0x08,0x83,0xff,
    0x08,0x83,0xff,0x08,0x83,0xff,0x08,0x83,0xff,0x08,0x83,0xff,0x08,0x83,0xff,0x08,0x83,0xff,0x84,0x73,0xff,0x08,0x83,0xff,
    0x08,0x83,0xff,0x08,0x83,0xff,0x08,0x83,0xff,0x08,0x83,0xff,0xad,0xd9,0xff,0xad,0xd9,0xff,0x08,0x83,0xff,0x08,0x83,0xff,
    0x08,0x83,0xff,0x08,0x83,0xff,0x08,0x83,0xff,0x08,0x83,0xff,0x08,0x83,0xff,0x08,0x83,0xff,0x08,0x83,0xff,0x08,0x83,0xff,
    0x08,0x83,0xff,0x08,0x83,0xff,0x08,0x83,0xff,0x08,0x83,0xff,0x08,0x83,0xff,0x08,0x83,0xff,0x08,0x83,0xff,0x08,0x83,0xff,
    0x08,0x83,0xff,0x08,0x83,0xff,0x08,0x83,0xff,0x08,0x83,0xff,0x08,0x83,0xff,0x08,0x83,0xff,0x08,0x83,0xff,0x08,0x83,0xff,
    0x08,0x83,0xff,0x08,0x83,0xff,0x08,0x83,0xff,0x08,0x83,0xff,0x08,0x83,0xff,0x08,0x83,0xff,0x08,0x83,0xff,0x08,0x83,0xff,
    0x08,0x83,0xff,0x08,0x83,0xff,0x08,0x83,0xff,0x08,0x83,0xff,0x08,0x83,0xff,0x29,0x86,0xc8,0x00,0x00,0x00,0x00,0x00,0x00,
    0x00,0x00,0x00,0x00,0x00,0x00,0x29,0x86,0xc8,0x08,0x83,0xff,0x08,0x83,0xff,0x08,0x83,0xff,0x08,0x83,0xff,0x08,0x83,0xff,
    0x08,0x83,0xff,0x08,0x83,0xff,0x08,0x83,0xff,0x08,0x83,0xff,0x08,0x83,0xff,0x08,0x83,0xff,0x08,0x83,0xff,0x08,0x83,0xff,
    0x08,0x83,0xff,0x08,0x83,0xff,0x08,0x83,0xff,0x08,0x83,0xff,0x08,0x83,0xff,0x08,0x83,0xff,0x08,0x83,0xff,0x08,0x83,0xff,
    0x08,0x83,0xff,0x08,0x83,0xff,0x08,0x83,0xff,0x08,0x83,0xff,0x08,0x83,0xff,0x08,0x83,0xff,0x08,0x83,0xff,0x08,0x83,0xff,
    0x08,0x83,0xff,0x08,0x83,0xff,0x08,0x83,0xff,0x08,0x83,0xff,0x08,0x83,0xff,0x08,0x83,0xff,0x08,0x83,0xff,0x08,0x83,0xff,
    0x08,0x83,0xff,0x08,0x83,0xff,0x08,0x83,0xff,0x08,0x83,0xff,0x08,0x83,0xff,0xb6,0x1a,0xff,0x08,0x83,0xff,0x08,0x83,0xff,
    0x08,0x83,0xff,0x10,0xa3,0xff,0x10,0xc3,0xff,0x10,0xc4,0xff,0x18,0xe4,0xff,0xb6,0x1a,0xff,0xb6,0x1a,0xff,0xb6,0x1a,0xff,
    0xb6,0x1a,0xff,0xb6,0x1a,0xff,0xb6,0x1a,0xff,0xb6,0x1a,0xff,0xb6,0x1a,0xff,0xb6,0x1a,0xff,0xb6,0x1a,0xff,0xb6,0x1a,0xff,
    0xb6,0x1a,0xff,0xb6,0x1a,0xff,0xb6,0x1a,0xff,0xb6,0x1a,0xff,0x18,0xe4,0xff,0x10,0xc4,0xff,0x10,0xc3,0xff,0xad,0xd9,0xff,
    0xad,0xd9,0xff,0x08,0x83,0xff,0x08,0x83,0xff,0xb6,0x1a,0xff,0x08,0x83,0xff,0x08,0x83,0xff,0x84,0x73,0xff,0x08,0x83,0xff,
    0x08,0x83,0xff,0x08,0x83,0xff,0x08,0x83,0xff,0x08,0x83,0xff,0x08,0x83,0xff,0x08,0x83,0xff,0x84,0x73,0xff,0x08,0x83,0xff,
    0x08,0x83,0xff,0x08,0x83,0xff,0x08,0x83,0xff,0x08,0x83,0xff,0xad,0xd9,0xff,0xad,0xd9,0xff,0x08,0x83,0xff,0x08,0x83,0xff,
    0x08,0x83,0xff,0x08,0x83,0xff,0x08,0x83,0xff,0x08,0x83,0xff,0x08,0x83,0xff,0x08,0x83,0xff,0x08,0x83,0xff,0x08,0x83,0xff,
    0x08,0x83,0xff,0x08,0x83,0xff,0x08,0x83,0xff,0x08,0x83,0xff,0x08,0x83,0xff,0x08,0x83,0xff,0x08,0x83,0xff,0x08,0x83,0xff,
    0x08,0x83,0xff,0x08,0x83,0xff,0x08,0x83,0xff,0x08,0x83,0xff,0x08,0x83,0xff,0x08,0x83,0xff,0x08,0x83,0xff,0x08,0x83,0xff,
    0x08,0x83,0xff,0x08,0x83,0xff,0x08,0x83,0xff,0x08,0x83,0xff,0x08,0x83,0xff,0x08,0x83,0xff,0x08,0x83,0xff,0x08,0x83,0xff,
    0x08,0x83,0xff,0x08,0x83,0xff,0x08,0x83,0xff,0x08,0x83,0xff,0x08,0x83,0xff,0x29,0x86,0xc8,0x00,0x00,0x00,0x00,0x00,0x00,
    0x00,0x00,0x00,0x00,0x00,0x00,0x29,0x86,0xc8,0x08,0x83,0xff,0x08,0x83,0xff,0x08,0x83,0xff,0x08,0x83,0xff,0x08,0x83,0xff,
    0x08,0x83,0xff,0x08,0x83,0xff,0x08,0x83,0xff,0x08,0x83,0xff,0x08,0x83,0xff,0x08,0x83,0xff,0x08,0x83,0xff,0x08,0x83,0xff,
    0x08,0x83,0xff,0x08,0x83,0xff,0x08,0x83,0xff,0x08,0x83,0xff,0x08,0x83,0xff,0x08,0x83,0xff,0x08,0x83,0xff,0x08,0x83,0xff,
    0x08,0x83,0xff,0x08,0x83,0xff,0x08,0x83,0xff,0x08,0x83,0xff,0x08,0x83,0xff,0x08,0x83,0xff,0x08,0x83,0xff,0x08,0x83,0xff,
    0x08,0x83,0xff,0x08,0x83,0xff,0x08,0x83,0xff,0x08,0x83,0xff,0x08,0x83,0xff,0x08,0x83,0xff,0x08,0x83,0xff,0x08,0x83,0xff,
    0x08,0x83,0xff,0x08,0x83,0xff,0x08,0x83,0xff,0x08,0x83,0xff,0x08,0x83,0xff,0x08,0x83,0xff,0x08,0x83,0xff,0x08,0x83,0xff,
    0x08,0x83,0xff,0x08,0x83,0xff,0x10,0xa3,0xff,0x10,0xa3,0xff,0x10,0xc4,0xff,0x10,0xc4,0xff,0x18,0xe4,0xff,0x19,0x05,0xff,
    0xb6,0x1a,0xff,0xb6,0x1a,0xff,0xb6,0x1a,0xff,0xb6,0x1a,0xff,0xb6,0x1a,0xff,0xb6,0x1a,0xff,0xb6,0x1a,0xff,0xb6,0x1a,0xff,
    0xb6,0x1a,0xff,0x19,0x05,0xff,0x18,0xe4,0xff,0x10,0xc4,0xff,0x10,0xc4,0xff,0x10,0xa3,0xff,0x10,0xa3,0xff,0xad,0xd9,0xff,
    0xad,0xd9,0xff,0x08,0x83,0xff,0x08,0x83,0xff,0x08,0x83,0xff,0x08,0x83,0xff,0x08,0x83,0xff,0x08,0x83,0xff,0x84,0x73,0xff,
    0x08,0x83,0xff,0x08,0x83,0xff,0x08,0x83,0xff,0x08,0x83,0xff,0x08,0x83,0xff,0x84,0x73,0xff,0x08,0x83,0xff,0x08,0x83,0xff,
    0x08,0x83,0xff,0x08,0x83,0xff,0x08,0x83,0xff,0x08,0x83,0xff,0xad,0xd9,0xff,0xad,0xd9,0xff,0x08,0x83,0xff,0x08,0x83,0xff,
    0x08,0x83,0xff,0x08,0x83,0xff,0x08,0x83,0xff,0x08,0x83,0xff,0x08,0x83,0xff,0x08,0x83,0xff,0x08,0x83,0xff,0x08,0x83,0xff,
    0x08,0x83,0xff,0x08,0x83,0xff,0x08,0x83,0xff,0x08,0x83,0xff,0x08,0x83,0xff,0x08,0x83,0xff,0x08,0x83,0xff,0x08,0x83,0xff,
    0x08,0x83,0xff,0x08,0x83,0xff,0x08,0x83,0xff,0x08,0x83,0xff,0x08,0x83,0xff,0x08,0x83,0xff,0x08,0x83,0xff,0x08,0x83,0xff,
    0x08,0x83,0xff,0x08,0x83,0xff,0x08,0x83,0xff,0x08,0x83,0xff,0x08,0x83,0xff,0x08,0x83,0xff,0x08,0x83,0xff,0x08,0x83,0xff,
    0x08,0x83,0xff,0x08,0x83,0xff,0x08,0x83,0xff,0x08,0x83,0xff,0x08,0x83,0xff,0x29,0x86,0xc8,0x00,0x00,0x00,0x00,0x00,0x00,
    0x00,0x00,0x00,0x00,0x00,0x00,0x29,0x86,0xc8,0x08,0x83,0xff,0x08,0x83,0xff,0x08,0x83,0xff,0x08,0x83,0xff,0x08,0x83,0xff,
    0x08,0x83,0xff,0x08,0x83,0xff,0x08,0x83,0xff,0x08,0x83,0xff,0x08,0x83,0xff,0x08,0x83,0xff,0x08,0x83,0xff,0x08,0x83,0xff,
    0x08,0x83,0xff,0x08,0x83,0xff,0x08,0x83,0xff,0x08,0x83,0xff,0x08,0x83,0xff,0x08,0x83,0xff,0x08,0x83,0xff,0x08,0x83,0xff,
    0x08,0x83,0xff,0x08,0x83,0xff,0x08,0x83,0xff,0x08,0x83,0xff,0x08,0x83,0xff,0x08,0x83,0xff,0x08,0x83,0xff,0x08,0x83,0xff,
    0x08,0x83,0xff,0x08,0x83,0xff,0x08,0x83,0xff,0x08,0x83,0xff,0x08,0x83,0xff,0x08,0x83,0xff,0x08,0x83,0xff,0x08,0x83,0xff,
    0x08,0x83,0xff,0x08,0x83,0xff,0x08,0x83,0xff,0x08,0x83,0xff,0x08,0x83,0xff,0x08,0x83,0xff,0x08,0x83,0xff,0x08,0x82,0xff,
    0x08,0x83,0xff,0x08,0x83,0xff,0x08,0x83,0xff,0x08,0x83,0xff,0x10,0xa3,0xff,0x10,0xa3,0xff,0x10,0xc3,0xff,0x10,0xc4,0xff,
    0x10,0xc4,0xff,0x18,0xe4,0xff,0x18,0xe4,0xff,0xb6,0x1a,0xff,0xb6,0x1a,0xff,0xb6,0x1a,0xff,0x18,0xe4,0xff,0x18,0xe4,0xff,
    0x10,0xc4,0xff,0x10,0xc4,0xff,0x10,0xc3,0xff,0x10,0xa3,0xff,0x10,0xa3,0xff,0x08,0x83,0xff,0x08,0x83,0xff,0xad,0xd9,0xff,
    0xad,0xd9,0xff,0x08,0x82,0xff,0x08,0x83,0xff,0x08,0x83,0xff,0x08,0x83,0xff,0x08,0x83,0xff,0x08,0x83,0xff,0x84,0x73,0xff,
    0x84,0x73,0xff,0x08,0x83,0xff,0x08,0x83,0xff,0x08,0x83,0xff,0x84,0x73,0xff,0x84,0x73,0xff,0x08,0x83,0xff,0x08,0x83,0xff,
    0x08,0x83,0xff,0x08,0x83,0xff,0x08,0x83,0xff,0x08,0x83,0xff,0xad,0xd9,0xff,0xad,0xd9,0xff,0x08,0x83,0xff,0x08,0x83,0xff,
    0x08,0x83,0xff,0x08,0x83,0xff,0x08,0x83,0xff,0x08,0x83,0xff,0x08,0x83,0xff,0x08,0x83,0xff,0x08,0x83,0xff,0x08,0x83,0xff,
    0x08,0x83,0xff,0x08,0x83,0xff,0x08,0x83,0xff,0x08,0x83,0xff,0x08,0x83,0xff,0x08,0x83,0xff,0x08,0x83,0xff,0x08,0x83,0xff,
    0x08,0x83,0xff,0x08,0x83,0xff,0x08,0x83,0xff,0x08,0x83,0xff,0x08,0x83,0xff,0x08,0x83,0xff,0x08,0x83,0xff,0x08,0x83,0xff,
    0x08,0x83,0xff,0x08,0x83,0xff,0x08,0x83,0xff,0x08,0x83,0xff,0x08,0x83,0xff,0x08,0x83,0xff,0x08,0x83,0xff,0x08,0x83,0xff,
    0x08,0x83,0xff,0x08,0x83,0xff,0x08,0x83,0xff,0x08,0x83,0xff,0x08,0x83,0xff,0x29,0x86,0xc8,0x00,0x00,0x00,0x00,0x00,0x00,
    0x00,0x00,0x00,0x00,0x00,0x00,0x29,0x86,0xc8,0x08,0x83,0xff,0x08,0x83,0xff,0x08,0x83,0xff,0x08,0x83,0xff,0x08,0x83,0xff,
    0x08,0x83,0xff,0x08,0x83,0xff,0x08,0x83,0xff,0x08,0x83,0xff,0x08,0x83,0xff,0x08,0x83,0xff,0x08,0x83,0xff,0x08,0x83,0xff,
    0x08,0x83,0xff,0x08,0x83,0xff,0x08,0x83,0xff,0x08,0x83,0xff,0x08,0x83,0xff,0x08,0x83,0xff,0x08,0x83,0xff,0x08,0x83,0xff,
    0x08,0x83,0xff,0x08,0x83,0xff,0x08,0x83,0xff,0x08,0x83,0xff,0x08,0x83,0xff,0x08,0x83,0xff,0x08,0x83,0xff,0x08,0x83,0xff,
    0x08,0x83,0xff,0x08,0x83,0xff,0x08,0x83,0xff,0x08,0x83,0xff,0x08,0x83,0xff,0x08,0x83,0xff,0x08,0x83,0xff,0x08,0x83,0xff,
    0x08,0x83,0xff,0x08,0x83,0xff,0x08,0x83,0xff,0x08,0x83,0xff,0x08,0x83,0xff,0x08,0x83,0xff,0x08,0x83,0xff,0x08,0x83,0xff,
    0x08,0x83,0xff,0x08,0x83,0xff,0x08,0x83,0xff,0x08,0x83,0xff,0x08,0x83,0xff,0x08,0x83,0xff,0x08,0xa3,0xff,0x10,0xa3,0xff,
    0x10,0xa3,0xff,0x10,0xa3,0xff,0x10,0xc3,0xff,0xb6,0x1a,0xff,0xb6,0x1a,0xff,0xb6,0x1a,0xff,0x10,0xc3,0xff,0x10,0xa3,0xff,
    0x10,0xa3,0xff,0x10,0xa3,0xff,0x08,0xa3,0xff,0x08,0x83,0xff,0x08,0x83,0xff,0x08,0x83,0xff,0x08,0x83,0xff,0x08,0x83,0xff,
    0xad,0xd9,0xff,0xad,0xd9,0xff,0x08,0x83,0xff,0x08,0x83,0xff,0x08,0x83,0xff,0x08,0x83,0xff,0x08,0x83,0xff,0x08,0x83,0xff,
    0x08,0x83,0xff,0x84,0x73,0xff,0x84,0x73,0xff,0x84,0x73,0xff,0x08,0x83,0xff,0x08,0x83,0xff,0x08,0x83,0xff,0x08,0x83,0xff,
    0x08,0x83,0xff,0x08,0x83,0xff,0x08,0x83,0xff,0xad,0xd9,0xff,0xad,0xd9,0xff,0x08,0x83,0xff,0x08,0x83,0xff,0x08,0x83,0xff,
    0x08,0x83,0xff,0x08,0x83,0xff,0x08,0x83,0xff,0x08,0x83,0xff,0x08,0x83,0xff,0x08,0x83,0xff,0x08,0x83,0xff,0x08,0x83,0xff,
    0x08,0x83,0xff,0x08,0x83,0xff,0x08,0x83,0xff,0x08,0x83,0xff,0x08,0x83,0xff,0x08,0x83,0xff,0x08,0x83,0xff,0x08,0x83,0xff,
    0x08,0x83,0xff,0x08,0x83,0xff,0x08,0x83,0xff,0x08,0x83,0xff,0x08,0x83,0xff,0x08,0x83,0xff,0x08,0x83,0xff,0x08,0x83,0xff,
    0x08,0x83,0xff,0x08,0x83,0xff,0x08,0x83,0xff,0x08,0x83,0xff,0x08,0x83,0xff,0x08,0x83,0xff,0x08,0x83,0xff,0x08,0x83,0xff,
    0x08,0x83,0xff,0x08,0x83,0xff,0x08,0x83,0xff,0x08,0x83,0xff,0x08,0x83,0xff,0x29,0x86,0xc8,0x00,0x00,0x00,0x00,0x00,0x00,
    0x00,0x00,0x00,0x00,0x00,0x00,0x29,0x86,0xc8,0x08,0x83,0xff,0x08,0x83,0xff,0x08,0x83,0xff,0x08,0x83,0xff,0x08,0x83,0xff,
    0x08,0x83,0xff,0x08,0x83,0xff,0x08,0x83,0xff,0x08,0x83,0xff,0x08,0x83,0xff,0x08,0x83,0xff,0x08,0x83,0xff,0x08,0x83,0xff,
    0x08,0x83,0xff,0x08,0x83,0xff,0x08,0x83,0xff,0x08,0x83,0xff,0x08,0x83,0xff,0x08,0x83,0xff,0x08,0x83,0xff,0x08,0x83,0xff,
    0x08,0x83,0xff,0x08,0x83,0xff,0x08,0x83,0xff,0x08,0x83,0xff,0x08,0x83,0xff,0x08,0x83,0xff,0x08,0x83,0xff,0x08,0x83,0xff,
    0x08,0x83,0xff,0x08,0x83,0xff,0x08,0x83,0xff,0x08,0x83,0xff,0x08,0x83,0xff,0x08,0x83,0xff,0x08,0x83,0xff,0x08,0x83,0xff,
    0x08,0x83,0xff,0x08,0x83,0xff,0x08,0x83,0xff,0x08,0x83,0xff,0x08,0x83,0xff,0x08,0x83,0xff,0x08,0x83,0xff,0x08,0x83,0xff,
    0x08,0x83,0xff,0x08,0x83,0xff,0x08,0x83,0xff,0x08,0x83,0xff,0x08,0x83,0xff,0x08,0x83,0xff,0x08,0x83,0xff,0x08,0x83,0xff,
    0x08,0x83,0xff,0x08,0x83,0xff,0x08,0x83,0xff,0xb6,0x1a,0xff,0xb6,0x1a,0xff,0xb6,0x1a,0xff,0x08,0x83,0xff,0x08,0x83,0xff,
    0x08,0x83,0xff,0x08,0x83,0xff,0x08,0x83,0xff,0x08,0x83,0xff,0x08,0x83,0xff,0x08,0x83,0xff,0x08,0x83,0xff,0x08,0x83,0xff,
    0xad,0xd9,0xff,0xad,0xd9,0xff,0xad,0xd9,0xff,0x08,0x83,0xff,0x08,0x83,0xff,0x08,0x83,0xff,0x08,0x83,0xff,0x08,0x83,0xff,
    0x08,0x83,0xff,0x08,0x83,0xff,0x08,0x83,0xff,0x08,0x83,0xff,0x08,0x83,0xff,0x08,0x83,0xff,0x08,0x83,0xff,0x08,0x83,0xff,
    0x08,0x83,0xff,0x08,0x83,0xff,0x08,0x83,0xff,0xad,0xd9,0xff,0xad,0xd9,0xff,0xad,0xd9,0xff,0xad,0xd9,0xff,0xad,0xd9,0xff,
    0x08,0x83,0xff,0x08,0x83,0xff,0x08,0x83,0xff,0x08,0x83,0xff,0x08,0x83,0xff,0x08,0x83,0xff,0x08,0x83,0xff,0x08,0x83,0xff,
    0x08,0x83,0xff,0x08,0x83,0xff,0x08,0x83,0xff,0x08,0x83,0xff,0x08,0x83,0xff,0x08,0x83,0xff,0x08,0x83,0xff,0x08,0x83,0xff,
    0x08,0x83,0xff,0x08,0x83,0xff,0x08,0x83,0xff,0x08,0x83,0xff,0x08,0x83,0xff,0x08,0x83,0xff,0x08,0x83,0xff,0x08,0x83,0xff,
    0x08,0x83,0xff,0x08,0x83,0xff,0x08,0x83,0xff,0x08,0x83,0xff,0x08,0x83,0xff,0x08,0x83,0xff,0x08,0x83,0xff,0x08,0x83,0xff,
    0x08,0x83,0xff,0x08,0x83,0xff,0x08,0x83,0xff,0x08,0x83,0xff,0x08,0x83,0xff,0x29,0x86,0xc8,0x00,0x00,0x00,0x00,0x00,0x00,
    0x00,0x00,0x00,0x00,0x00,0x00,0x29,0x86,0xc8,0x08,0x83,0xff,0x08,0x83,0xff,0x08,0x83,0xff,0x08,0x83,0xff,0x08,0x83,0xff,
    0x08,0x83,0xff,0x08,0x83,0xff,0x08,0x83,0xff,0x08,0x83,0xff,0x08,0x83,0xff,0x08,0x83,0xff,0x08,0x83,0xff,0x08,0x83,0xff,
    0x08,0x83,0xff,0x08,0x83,0xff,0x08,0x83,0xff,0x08,0x83,0xff,0x08,0x83,0xff,0x08,0x83,0xff,0x08,0x83,0xff,0x08,0x83,0xff,
    0x08,0x83,0xff,0x08,0x83,0xff,0x08,0x83,0xff,0x08,0x83,0xff,0x08,0x83,0xff,0x08,0x83,0xff,0x08,0x83,0xff,0x08,0x83,0xff,
    0x08,0x83,0xff,0x08,0x83,0xff,0x08,0x83,0xff,0x08,0x83,0xff,0x08,0x83,0xff,0x08,0x83,0xff,0x08,0x83,0xff,0x08,0x83,0xff,
    0x08,0x83,0xff,0x08,0x83,0xff,0x08,0x83,0xff,0x08,0x83,0xff,0x08,0x83,0xff,0x08,0x83,0xff,0x08,0x83,0xff,0x08,0x83,0xff,
    0x08,0x83,0xff,0x08,0x83,0xff,0x08,0x83,0xff,0x08,0x83,0xff,0x08,0x83,0xff,0x08,0x83,0xff,0x08,0x83,0xff,0x08,0x83,0xff,
    0x08,0x83,0xff,0x08,0x83,0xff,0x08,0x83,0xff,0xb6,0x1a,0xff,0xb6,0x1a,0xff,0xb6,0x1a,0xff,0x08,0x83,0xff,0x08,0x83,0xff,
    0x08,0x83,0xff,0x08,0x83,0xff,0x08,0x83,0xff,0x08,0x83,0xff,0x08,0x83,0xff,0x08,0x83,0xff,0x08,0x83,0xff,0x08,0x83,0xff,
    0x08,0x83,0xff,0xad,0xd9,0xff,0xad,0xd9,0xff,0xad,0xd9,0xff,0x08,0x83,0xff,0x08,0x83,0xff,0x08,0x83,0xff,0x08,0x83,0xff,
    0x08,0x83,0xff,0x08,0x83,0xff,0x08,0x83,0xff,0x08,0x83,0xff,0x08,0x83,0xff,0x08,0x83,0xff,0x08,0x83,0xff,0x08,0x83,0xff,
    0x08,0x83,0xff,0x08,0x83,0xff,0xad,0xd9,0xff,0xad,0xd9,0xff,0x08,0x83,0xff,0x08,0x83,0xff,0x08,0x83,0xff,0xad,0xd9,0xff,
    0x08,0x83,0xff,0x08,0x83,0xff,0x08,0x83,0xff,0x08,0x83,0xff,0x08,0x83,0xff,0x08,0x83,0xff,0x08,0x83,0xff,0x08,0x83,0xff,
    0x08,0x83,0xff,0x08,0x83,0xff,0x08,0x83,0xff,0x08,0x83,0xff,0x08,0x83,0xff,0x08,0x83,0xff,0x08,0x83,0xff,0x08,0x83,0xff,
    0x08,0x83,0xff,0x08,0x83,0xff,0x08,0x83,0xff,0x08,0x83,0xff,0x08,0x83,0xff,0x08,0x83,0xff,0x08,0x83,0xff,0x08,0x83,0xff,
    0x08,0x83,0xff,0x08,0x83,0xff,0x08,0x83,0xff,0x08,0x83,0xff,0x08,0x83,0xff,0x08,0x83,0xff,0x08,0x83,0xff,0x08,0x83,0xff,
    0x08,0x83,0xff,0x08,0x83,0xff,0x08,0x83,0xff,0x08,0x83,0xff,0x08,0x83,0xff,0x29,0x86,0xc8,0x00,0x00,0x00,0x00,0x00,0x00,
    0x00,0x00,0x00,0x00,0x00,0x00,0x29,0x86,0xc8,0x08,0x83,0xff,0x08,0x83,0xff,0x08,0x83,0xff,0x08,0x83,0xff,0x08,0x83,0xff,
    0x08,0x83,0xff,0x08,0x83,0xff,0x08,0x83,0xff,0x08,0x83,0xff,0x08,0x83,0xff,0x08,0x83,0xff,0x08,0x83,0xff,0x08,0x83,0xff,
    0x08,0x83,0xff,0x08,0x83,0xff,0x08,0x83,0xff,0x08,0x83,0xff,0x08,0x83,0xff,0x08,0x83,0xff,0x08,0x83,0xff,0x08,0x83,0xff,
    0x08,0x83,0xff,0x08,0x83,0xff,0x08,0x83,0xff,0x08,0x83,0xff,0x08,0x83,0xff,0x08,0x83,0xff,0x08,0x83,0xff,0x08,0x83,0xff,
    0x08,0x83,0xff,0x08,0x83,0xff,0x08,0x83,0xff,0x08,0x83,0xff,0x08,0x83,0xff,0x08,0x83,0xff,0x08,0x83,0xff,0x08,0x83,0xff,
    0x08,0x83,0xff,0x08,0x83,0xff,0x08,0x83,0xff,0x08,0x83,0xff,0x08,0x83,0xff,0x08,0x83,0xff,0x08,0x83,0xff,0x08,0x83,0xff,
    0x08,0x83,0xff,0x08,0x83,0xff,0x08,0x83,0xff,0x08,0x83,0xff,0x08,0x83,0xff,0x08,0x83,0xff,0x08,0x83,0xff,0x08,0x83,0xff,
    0x08,0x83,0xff,0x08,0x83,0xff,0x08,0x83,0xff,0xb6,0x1a,0xff,0xb6,0x1a,0xff,0xb6,0x1a,0xff,0x08,0x83,0xff,0x08,0x83,0xff,
    0x08,0x83,0xff,0x08,0x83,0xff,0x08,0x83,0xff,0x08,0x83,0xff,0x08,0x83,0xff,0x08,0x83,0xff,0x08,0x83,0xff,0x08,0x83,0xff,
    0xad,0xd9,0xff,0xad,0xd9,0xff,0xad,0xd9,0xff,0xad,0xd9,0xff,0x08,0x83,0xff,0x08,0x83,0xff,0x08,0x83,0xff,0x08,0x83,0xff,
    0x08,0x83,0xff,0x08,0x83,0xff,0x08,0x83,0xff,0x08,0x83,0xff,0x08,0x83,0xff,0x08,0x83,0xff,0x08,0x83,0xff,0x08,0x83,0xff,
    0x08,0x83,0xff,0xad,0xd9,0xff,0xad,0xd9,0xff,0x08,0x83,0xff,0x08,0x83,0xff,0x08,0x83,0xff,0x08,0x83,0xff,0x08,0x83,0xff,
    0x08,0x83,0xff,0x08,0x83,0xff,0x08,0x83,0xff,0x08,0x83,0xff,0x08,0x83,0xff,0x08,0x83,0xff,0x08,0x83,0xff,0x08,0x83,0xff,
    0x08,0x83,0xff,0x08,0x83,0xff,0x08,0x83,0xff,0x08,0x83,0xff,0x08,0x83,0xff,0x08,0x83,0xff,0x08,0x83,0xff,0x08,0x83,0xff,
    0x08,0x83,0xff,0x08,0x83,0xff,0x08,0x83,0xff,0x08,0x83,0xff,0x08,0x83,0xff,0x08,0x83,0xff,0x08,0x83,0xff,0x08,0x83,0xff,
    0x08,0x83,0xff,0x08,0x83,0xff,0x08,0x83,0xff,0x08,0x83,0xff,0x08,0x83,0xff,0x08,0x83,0xff,0x08,0x83,0xff,0x08,0x83,0xff,
    0x08,0x83,0xff,0x08,0x83,0xff,0x08,0x83,0xff,0x08,0x83,0xff,0x08,0x83,0xff,0x29,0x86,0xc8,0x00,0x00,0x00,0x00,0x00,0x00,
    0x00,0x00,0x00,0x00,0x00,0x00,0x29,0x86,0xc8,0x08,0x83,0xff,0x08,0x83,0xff,0x08,0x83,0xff,0x08,0x83,0xff,0x08,0x83,0xff,
    0x08,0x83,0xff,0x08,0x83,0xff,0x08,0x83,0xff,0x08,0x83,0xff,0x08,0x83,0xff,0x08,0x83,0xff,0x08,0x83,0xff,0x08,0x83,0xff,
    0x08,0x83,0xff,0x08,0x83,0xff,0x08,0x83,0xff,0x08,0x83,0xff,0x08,0x83,0xff,0x08,0x83,0xff,0x08,0x83,0xff,0x08,0x83,0xff,
    0x08,0x83,0xff,0x08,0x83,0xff,0x08,0x83,0xff,0x08,0x83,0xff,0x08,0x83,0xff,0x08,0x83,0xff,0x08,0x83,0xff,0x08,0x83,0xff,
    0x08,0x83,0xff,0x08,0x83,0xff,0x08,0x83,0xff,0x08,0x83,0xff,0x08,0x83,0xff,0x08,0x83,0xff,0x08,0x83,0xff,0x08,0x83,0xff,
    0x08,0x83,0xff,0x08,0x83,0xff,0x08,0x83,0xff,0x08,0x83,0xff,0x08,0x83,0xff,0x08,0x83,0xff,0x08,0x83,0xff,0x08,0x83,0xff,
    0x08,0x83,0xff,0x08,0x83,0xff,0x08,0x83,0xff,0x08,0x83,0xff,0x08,0x83,0xff,0x08,0x83,0xff,0x08,0x83,0xff,0x08,0x83,0xff,
    0x08,0x83,0xff,0x08,0x83,0xff,0x08,0x83,0xff,0x08,0x83,0xff,0x08,0x83,0xff,0x08,0x83,0xff,0x08,0x83,0xff,0x08,0x83,0xff,
    0x08,0x83,0xff,0x08,0x83,0xff,0x08,0x83,0xff,0x08,0x83,0xff,0x08,0x83,0xff,0x08,0x83,0xff,0x08,0x83,0xff,0xad,0xd9,0xff,
    0xad,0xd9,0xff,0xad,0xd9,0xff,0xad,0xd9,0xff,0xad,0xd9,0xff,0xad,0xd9,0xff,0x08,0x83,0xff,0x08,0x83,0xff,0x08,0x83,0xff,
    0x08,0x83,0xff,0x08,0x83,0xff,0x08,0x83,0xff,0x08,0x83,0xff,0x08,0x83,0xff,0x08,0x83,0xff,0x08,0x83,0xff,0x08,0x83,0xff,
    0xad,0xd9,0xff,0xad,0xd9,0xff,0xad,0xd9,0xff,0x08,0x83,0xff,0x08,0x83,0xff,0x08,0x83,0xff,0x08,0x83,0xff,0x08,0x83,0xff,
    0x08,0x83,0xff,0x08,0x83,0xff,0x08,0x83,0xff,0x08,0x83,0xff,0x08,0x83,0xff,0x08,0x83,0xff,0x08,0x83,0xff,0x08,0x83,0xff,
    0x08,0x83,0xff,0x08,0x83,0xff,0x08,0x83,0xff,0x08,0x83,0xff,0x08,0x83,0xff,0x08,0x83,0xff,0x08,0x83,0xff,0x08,0x83,0xff,
    0x08,0x83,0xff,0x08,0x83,0xff,0x08,0x83,0xff,0x08,0x83,0xff,0x08,0x83,0xff,0x08,0x83,0xff,0x08,0x83,0xff,0x08,0x83,0xff,
    0x08,0x83,0xff,0x08,0x83,0xff,0x08,0x83,0xff,0x08,0x83,0xff,0x08,0x83,0xff,0x08,0x83,0xff,0x08,0x83,0xff,0x08,0x83,0xff,
    0x08,0x83,0xff,0x08,0x83,0xff,0x08,0x83,0xff,0x08,0x83,0xff,0x08,0x83,0xff,0x29,0x86,0xc8,0x00,0x00,0x00,0x00,0x00,0x00,
    0x00,0x00,0x00,0x00,0x00,0x00,0x29,0x86,0xc8,0x08,0x83,0xff,0x08,0x83,0xff,0x08,0x83,0xff,0x08,0x83,0xff,0x08,0x83,0xff,
    0x08,0x83,0xff,0x08,0x83,0xff,0x08,0x83,0xff,0x08,0x83,0xff,0x08,0x83,0xff,0x08,0x83,0xff,0x08,0x83,0xff,0x08,0x83,0xff,
    0x08,0x83,0xff,0x08,0x83,0xff,0x08,0x83,0xff,0x08,0x83,0xff,0x08,0x83,0xff,0x08,0x83,0xff,0x08,0x83,0xff,0x08,0x83,0xff,
    0x08,0x83,0xff,0x08,0x83,0xff,0x08,0x83,0xff,0x08,0x83,0xff,0x08,0x83,0xff,0x08,0x83,0xff,0x08,0x83,0xff,0x08,0x83,0xff,
    0x08,0x83,0xff,0x08,0x83,0xff,0x08,0x83,0xff,0x08,0x83,0xff,0x08,0x83,0xff,0x08,0x83,0xff,0x08,0x83,0xff,0x08,0x83,0xff,
    0x08,0x83,0xff,0x08,0x83,0xff,0x08,0x83,0xff,0x08,0x83,0xff,0x08,0x83,0xff,0x08,0x83,0xff,0x08,0x83,0xff,0x08,0x83,0xff,
    0x08,0x83,0xff,0x08,0x83,0xff,0x08,0x83,0xff,0x08,0x83,0xff,0x08,0x83,0xff,0x08,0x83,0xff,0x08,0x83,0xff,0x08,0x83,0xff,
    0x08,0x83,0xff,0x08,0x83,0xff,0x08,0x83,0xff,0x08,0x83,0xff,0x08,0x83,0xff,0x08,0x83,0xff,0x08,0x83,0xff,0x08,0x83,0xff,
    0x08,0x83,0xff,0x08,0x83,0xff,0x08,0x83,0xff,0x08,0x83,0xff,0x08,0x83,0xff,0x08,0x83,0xff,0x08,0x83,0xff,0x08,0x83,0xff,
    0xad,0xd9,0xff,0x08,0x83,0xff,0x08,0x83,0xff,0x08,0x83,0xff,0xad,0xd9,0xff,0xad,0xd9,0xff,0xad,0xd9,0xff,0x08,0x83,0xff,
    0x08,0x83,0xff,0x08,0x83,0xff,0x08,0x83,0xff,0x08,0x83,0xff,0x08,0x83,0xff,0x08,0x83,0xff,0xad,0xd9,0xff,0xad,0xd9,0xff,
    0xad,0xd9,0xff,0x08,0x83,0xff,0x08,0x83,0xff,0x08,0x83,0xff,0x08,0x83,0xff,0x08,0x83,0xff,0x08,0x83,0xff,0x08,0x83,0xff,
    0x08,0x83,0xff,0x08,0x83,0xff,0x08,0x83,0xff,0x08,0x83,0xff,0x08,0x83,0xff,0x08,0x83,0xff,0x08,0x83,0xff,0x08,0x83,0xff,
    0x08,0x83,0xff,0x08,0x83,0xff,0x08,0x83,0xff,0x08,0x83,0xff,0x08,0x83,0xff,0x08,0x83,0xff,0x08,0x83,0xff,0x08,0x83,0xff,
    0x08,0x83,0xff,0x08,0x83,0xff,0x08,0x83,0xff,0x08,0x83,0xff,0x08,0x83,0xff,0x08,0x83,0xff,0x08,0x83,0xff,0x08,0x83,0xff,
    0x08,0x83,0xff,0x08,0x83,0xff,0x08,0x83,0xff,0x08,0x83,0xff,0x08,0x83,0xff,0x08,0x83,0xff,0x08,0x83,0xff,0x08,0x83,0xff,
    0x08,0x83,0xff,0x08,0x83,0xff,0x08,0x83,0xff,0x08,0x83,0xff,0x08,0x83,0xff,0x29,0x86,0xc8,0x00,0x00,0x00,0x00,0x00,0x00,
    0x00,0x00,0x00,0x00,0x00,0x00,0x29,0x86,0xc8,0x08,0x83,0xff,0x08,0x83,0xff,0x08,0x83,0xff,0x08,0x83,0xff,0x08,0x83,0xff,
    0x08,0x83,0xff,0x08,0x83,0xff,0x08,0x83,0xff,0x08,0x83,0xff,0x08,0x83,0xff,0x08,0x83,0xff,0x08,0x83,0xff,0x08,0x83,0xff,
    0x08,0x83,0xff,0x08,0x83,0xff,0x08,0x83,0xff,0x08,0x83,0xff,0x08,0x83,0xff,0x08,0x83,0xff,0x08,0x83,0xff,0x08,0x83,0xff,
    0x08,0x83,0xff,0x08,0x83,0xff,0x08,0x83,0xff,0x08,0x83,0xff,0x08,0x83,0xff,0x08,0x83,0xff,0x08,0x83,0xff,0x08,0x83,0xff,
    0x08,0x83,0xff,0x08,0x83,0xff,0x08,0x83,0xff,0x08,0x83,0xff,0x08,0x83,0xff,0x08,0x83,0xff,0x08,0x83,0xff,0x08,0x83,0xff,
    0x08,0x83,0xff,0x08,0x83,0xff,0x08,0x83,0xff,0x08,0x83,0xff,0x08,0x83,0xff,0x08,0x83,0xff,0x08,0x83,0xff,0x08,0x83,0xff,
    0x08,0x83,0xff,0x08,0x83,0xff,0x08,0x83,0xff,0x08,0x83,0xff,0x08,0x83,0xff,0x08,0x83,0xff,0x08,0x83,0xff,0x08,0x83,0xff,
    0x08,0x83,0xff,0x08,0x83,0xff,0x08,0x83,0xff,0x08,0x83,0xff,0x08,0x83,0xff,0x08,0x83,0xff,0x08,0x83,0xff,0x08,0x83,0xff,
    0x08,0x83,0xff,0x08,0x83,0xff,0x08,0x83,0xff,0x08,0x83,0xff,0x08,0x83,0xff,0x08,0x83,0xff,0x08,0x83,0xff,0x08,0x83,0xff,
    0x08,0x83,0xff,0x08,0x83,0xff,0x08,0x83,0xff,0x08,0x83,0xff,0x08,0x83,0xff,0xad,0xd9,0xff,0xad,0xd9,0xff,0xad,0xd9,0xff,
    0xad,0xd9,0xff,0xad,0xd9,0xff,0xad,0xd9,0xff,0xad,0xd9,0xff,0xad,0xd9,0xff,0xad,0xd9,0xff,0xad,0xd9,0xff,0xad,0xd9,0xff,
    0x08,0x83,0xff,0x08,0x83,0xff,0x08,0x83,0xff,0x08,0x83,0xff,0x08,0x83,0xff,0x08,0x83,0xff,0x08,0x83,0xff,0x08,0x83,0xff,
    0x08,0x83,0xff,0x08,0x83,0xff,0x08,0x83,0xff,0x08,0x83,0xff,0x08,0x83,0xff,0x08,0x83,0xff,0x08,0x83,0xff,0x08,0x83,0xff,
    0x08,0x83,0xff,0x08,0x83,0xff,0x08,0x83,0xff,0x08,0x83,0xff,0x08,0x83,0xff,0x08,0x83,0xff,0x08,0x83,0xff,0x08,0x83,0xff,
    0x08,0x83,0xff,0x08,0x83,0xff,0x08,0x83,0xff,0x08,0x83,0xff,0x08,0x83,0xff,0x08,0x83,0xff,0x08,0x83,0xff,0x08,0x83,0xff,
    0x08,0x83,0xff,0x08,0x83,0xff,0x08,0x83,0xff,0x08,0x83,0xff,0x08,0x83,0xff,0x08,0x83,0xff,0x08,0x83,0xff,0x08,0x83,0xff,
    0x08,0x83,0xff,0x08,0x83,0xff,0x08,0x83,0xff,0x08,0x83,0xff,0x08,0x83,0xff,0x29,0x86,0xc8,0x00,0x00,0x00,0x00,0x00,0x00,
    0x00,0x00,0x00,0x00,0x00,0x00,0x29,0x86,0xc8,0x08,0x83,0xff,0x08,0x83,0xff,0x08,0x83,0xff,0x08,0x83,0xff,0x08,0x83,0xff,
    0x08,0x83,0xff,0x08,0x83,0xff,0x08,0x83,0xff,0x08,0x83,0xff,0x08,0x83,0xff,0x08,0x83,0xff,0x08,0x83,0xff,0x08,0x83,0xff,
    0x08,0x83,0xff,0x08,0x83,0xff,0x08,0x83,0xff,0x08,0x83,0xff,0x08,0x83,0xff,0x08,0x83,0xff,0x08,0x83,0xff,0x08,0x83,0xff,
    0x08,0x83,0xff,0x08,0x83,0xff,0x08,0x83,0xff,0x08,0x83,0xff,0x08,0x83,0xff,0x08,0x83,0xff,0x08,0x83,0xff,0x08,0x83,0xff,
    0x08,0x83,0xff,0x08,0x83,0xff,0x08,0x83,0xff,0x08,0x83,0xff,0x08,0x83,0xff,0x08,0x83,0xff,0x08,0x83,0xff,0x08,0x83,0xff,
    0x08,0x83,0xff,0x08,0x83,0xff,0x08,0x83,0xff,0x08,0x83,0xff,0x08,0x83,0xff,0x08,0x83,0xff,0x08,0x83,0xff,0x08,0x83,0xff,
    0x08,0x83,0xff,0x08,0x83,0xff,0x08,0x83,0xff,0x08,0x83,0xff,0x08,0x83,0xff,0x08,0x83,0xff,0x08,0x83,0xff,0x08,0x83,0xff,
    0x08,0x83,0xff,0x08,0x83,0xff,0x08,0x83,0xff,0x08,0x83,0xff,0x08,0x83,0xff,0x08,0x83,0xff,0x08,0x83,0xff,0x08,0x83,0xff,
    0x08,0x83,0xff,0x08,0x83,0xff,0x08,0x83,0xff,0x08,0x83,0xff,0x08,0x83,0xff,0x08,0x83,0xff,0x08,0x83,0xff,0x08,0x83,0xff,
    0x08,0x83,0xff,0x08,0x83,0xff,0x08,0x83,0xff,0x08,0x83,0xff,0x08,0x83,0xff,0x08,0x83,0xff,0x08,0x83,0xff,0xad,0xd9,0xff,
    0xad,0xd9,0xff,0xad,0xd9,0xff,0xad,0xd9,0xff,0xad,0xd9,0xff,0xad,0xd9,0xff,0xad,0xd9,0xff,0x08,0x83,0xff,0x08,0x83,0xff,
    0x08,0x83,0xff,0x08,0x83,0xff,0x08,0x83,0xff,0x08,0x83,0xff,0x08,0x83,0xff,0x08,0x83,0xff,0x08,0x83,0xff,0x08,0x83,0xff,
    0x08,0x83,0xff,0x08,0x83,0xff,0x08,0x83,0xff,0x08,0x83,0xff,0x08,0x83,0xff,0x08,0x83,0xff,0x08,0x83,0xff,0x08,0x83,0xff,
    0x08,0x83,0xff,0x08,0x83,0xff,0x08,0x83,0xff,0x08,0x83,0xff,0x08,0x83,0xff,0x08,0x83,0xff,0x08,0x83,0xff,0x08,0x83,0xff,
    0x08,0x83,0xff,0x08,0x83,0xff,0x08,0x83,0xff,0x08,0x83,0xff,0x08,0x83,0xff,0x08,0x83,0xff,0x08,0x83,0xff,0x08,0x83,0xff,
    0x08,0x83,0xff,0x08,0x83,0xff,0x08,0x83,0xff,0x08,0x83,0xff,0x08,0x83,0xff,0x08,0x83,0xff,0x08,0x83,0xff,0x08,0x83,0xff,
    0x08,0x83,0xff,0x08,0x83,0xff,0x08,0x83,0xff,0x08,0x83,0xff,0x08,0x83,0xff,0x29,0x86,0xc8,0x00,0x00,0x00,0x00,0x00,0x00,
    0x00,0x00,0x00,0x00,0x00,0x00,0x29,0x86,0xc8,0x08,0x83,0xff,0x08,0x83,0xff,0x08,0x83,0xff,0x08,0x83,0xff,0x08,0x83,0xff,
    0x08,0x83,0xff,0x08,0x83,0xff,0x08,0x83,0xff,0x08,0x83,0xff,0x08,0x83,0xff,0x08,0x83,0xff,0x08,0x83,0xff,0x08,0x83,0xff,
    0x08,0x83,0xff,0x08,0x83,0xff,0x08,0x83,0xff,0x08,0x83,0xff,0x08,0x83,0xff,0x08,0x83,0xff,0x08,0x83,0xff,0x08,0x83,0xff,
    0x08,0x83,0xff,0x08,0x83,0xff,0x08,0x83,0xff,0x08,0x83,0xff,0x08,0x83,0xff,0x08,0x83,0xff,0x08,0x83,0xff,0x08,0x83,0xff,
    0x08,0x83,0xff,0x08,0x83,0xff,0x08,0x83,0xff,0x08,0x83,0xff,0x08,0x83,0xff,0x08,0x83,0xff,0x08,0x83,0xff,0x08,0x83,0xff,
    0x08,0x83,0xff,0x08,0x83,0xff,0x08,0x83,0xff,0x08,0x83,0xff,0x08,0x83,0xff,0x08,0x83,0xff,0x08,0x83,0xff,0x08,0x83,0xff,
    0x08,0x83,0xff,0x08,0x83,0xff,0x08,0x83,0xff,0x08,0x83,0xff,0x08,0x83,0xff,0x08,0x83,0xff,0x08,0x83,0xff,0x08,0x83,0xff,
    0x08,0x83,0xff,0x08,0x83,0xff,0x08,0x83,0xff,0x08,0x83,0xff,0x08,0x83,0xff,0x08,0x83,0xff,0x08,0x83,0xff,0x08,0x83,0xff,
    0x08,0x83,0xff,0x08,0x83,0xff,0x08,0x83,0xff,0x08,0x83,0xff,0x08,0x83,0xff,0x08,0x83,0xff,0x08,0x83,0xff,0x08,0x83,0xff,
    0x08,0x83,0xff,0x08,0x83,0xff,0x08,0x83,0xff,0x08,0x83,0xff,0x08,0x83,0xff,0x08,0x83,0xff,0x08,0x83,0xff,0x08,0x83,0xff,
    0x08,0x83,0xff,0x08,0x83,0xff,0x08,0x83,0xff,0x08,0x83,0xff,0xad,0xd9,0xff,0x08,0x83,0xff,0x08,0x83,0xff,0x08,0x83,0xff,
    0x08,0x83,0xff,0x08,0x83,0xff,0x08,0x83,0xff,0x08,0x83,0xff,0x08,0x83,0xff,0x08,0x83,0xff,0x08,0x83,0xff,0x08,0x83,0xff,
    0x08,0x83,0xff,0x08,0x83,0xff,0x08,0x83,0xff,0x08,0x83,0xff,0x08,0x83,0xff,0x08,0x83,0xff,0x08,0x83,0xff,0x08,0x83,0xff,
    0x08,0x83,0xff,0x08,0x83,0xff,0x08,0x83,0xff,0x08,0x83,0xff,0x08,0x83,0xff,0x08,0x83,0xff,0x08,0x83,0xff,0x08,0x83,0xff,
    0x08,0x83,0xff,0x08,0x83,0xff,0x08,0x83,0xff,0x08,0x83,0xff,0x08,0x83,0xff,0x08,0x83,0xff,0x08,0x83,0xff,0x08,0x83,0xff,
    0x08,0x83,0xff,0x08,0x83,0xff,0x08,0x83,0xff,0x08,0x83,0xff,0x08,0x83,0xff,0x08,0x83,0xff,0x08,0x83,0xff,0x08,0x83,0xff,
    0x08,0x83,0xff,0x08,0x83,0xff,0x08,0x83,0xff,0x08,0x83,0xff,0x08,0x83,0xff,0x29,0x86,0xc8,0x00,0x00,0x00,0x00,0x00,0x00,
    0x00,0x00,0x00,0x00,0x00,0x00,0x29,0x86,0xc8,0x08,0x83,0xff,0x08,0x83,0xff,0x08,0x83,0xff,0x08,0x83,0xff,0x08,0x83,0xff,
    0x08,0x83,0xff,0x08,0x83,0xff,0x08,0x83,0xff,0x08,0x83,0xff,0x08,0x83,0xff,0x08,0x83,0xff,0x08,0x83,0xff,0x08,0x83,0xff,
    0x08,0x83,0xff,0x08,0x83,0xff,0x08,0x83,0xff,0x08,0x83,0xff,0x08,0x83,0xff,0x08,0x83,0xff,0x08,0x83,0xff,0x08,0x83,0xff,
    0x08,0x83,0xff,0x08,0x83,0xff,0x08,0x83,0xff,0x08,0x83,0xff,0x08,0x83,0xff,0x08,0x83,0xff,0x08,0x83,0xff,0x08,0x83,0xff,
    0x08,0x83,0xff,0x08,0x83,0xff,0x08,0x83,0xff,0x08,0x83,0xff,0x08,0x83,0xff,0x08,0x83,0xff,0x08,0x83,0xff,0x08,0x83,0xff,
    0x08,0x83,0xff,0x08,0x83,0xff,0x08,0x83,0xff,0x08,0x83,0xff,0x08,0x83,0xff,0x08,0x83,0xff,0x08,0x83,0xff,0x08,0x83,0xff,
    0x08,0x83,0xff,0x08,0x83,0xff,0x08,0x83,0xff,0x08,0x83,0xff,0x08,0x83,0xff,0x08,0x83,0xff,0x08,0x83,0xff,0x08,0x83,0xff,
    0x08,0x83,0xff,0x08,0x83,0xff,0x08,0x83,0xff,0x08,0x83,0xff,0x08,0x83,0xff,0x08,0x83,0xff,0x08,0x83,0xff,0x08,0x83,0xff,
    0x08,0x83,0xff,0x08,0x83,0xff,0x08,0x83,0xff,0x08,0x83,0xff,0x08,0x83,0xff,0x08,0x83,0xff,0x08,0x83,0xff,0x08,0x83,0xff,
    0x08,0x83,0xff,0x08,0x83,0xff,0x08,0x83,0xff,0x08,0x83,0xff,0x08,0x83,0xff,0x08,0x83,0xff,0x08,0x83,0xff,0x08,0x83,0xff,
    0x08,0x83,0xff,0x08,0x83,0xff,0x08,0x83,0xff,0x08,0x83,0xff,0xad,0xd9,0xff,0xad,0xd9,0xff,0x08,0x83,0xff,0x08,0x83,0xff,
    0x08,0x83,0xff,0x08,0x83,0xff,0x08,0x83,0xff,0x08,0x83,0xff,0x08,0x83,0xff,0x08,0x83,0xff,0x08,0x83,0xff,0x08,0x83,0xff,
    0x08,0x83,0xff,0x08,0x83,0xff,0x08,0x83,0xff,0x08,0x83,0xff,0x08,0x83,0xff,0x08,0x83,0xff,0x08,0x83,0xff,0x08,0x83,0xff,
    0x08,0x83,0xff,0x08,0x83,0xff,0x08,0x83,0xff,0x08,0x83,0xff,0x08,0x83,0xff,0x08,0x83,0xff,0x08,0x83,0xff,0x08,0x83,0xff,
    0x08,0x83,0xff,0x08,0x83,0xff,0x08,0x83,0xff,0x08,0x83,0xff,0x08,0x83,0xff,0x08,0x83,0xff,0x08,0x83,0xff,0x08,0x83,0xff,
    0x08,0x83,0xff,0x08,0x83,0xff,0x08,0x83,0xff,0x08,0x83,0xff,0x08,0x83,0xff,0x08,0x83,0xff,0x08,0x83,0xff,0x08,0x83,0xff,
    0x08,0x83,0xff,0x08,0x83,0xff,0x08,0x83,0xff,0x08,0x83,0xff,0x08,0x83,0xff,0x29,0x86,0xc8,0x00,0x00,0x00,0x00,0x00,0x00,
    0x00,0x00,0x00,0x00,0x00,0x00,0x29,0x86,0xc8,0x08,0x83,0xff,0x08,0x83,0xff,0x08,0x83,0xff,0x08,0x83,0xff,0x08,0x83,0xff,
    0x08,0x83,0xff,0x08,0x83,0xff,0x08,0x83,0xff,0x08,0x83,0xff,0x08,0x83,0xff,0x08,0x83,0xff,0x08,0x83,0xff,0x08,0x83,0xff,
    0x08,0x83,0xff,0x08,0x83,0xff,0x08,0x83,0xff,0x08,0x83,0xff,0x08,0x83,0xff,0x08,0x83,0xff,0x08,0x83,0xff,0x08,0x83,0xff,
    0x08,0x83,0xff,0x08,0x83,0xff,0x08,0x83,0xff,0x08,0x83,0xff,0x08,0x83,0xff,0x08,0x83,0xff,0x08,0x83,0xff,0x08,0x83,0xff,
    0x08,0x83,0xff,0x08,0x83,0xff,0x08,0x83,0xff,0x08,0x83,0xff,0x08,0x83,0xff,0x08,0x83,0xff,0x08,0x83,0xff,0x08,0x83,0xff,
    0x08,0x83,0xff,0x08,0x83,0xff,0x08,0x83,0xff,0x08,0x83,0xff,0x08,0x83,0xff,0x08,0x83,0xff,0x08,0x83,0xff,0x08,0x83,0xff,
    0x08,0x83,0xff,0x08,0x83,0xff,0x08,0x83,0xff,0x08,0x83,0xff,0x08,0x83,0xff,0x08,0x83,0xff,0x08,0x83,0xff,0x08,0x83,0xff,
    0x08,0x83,0xff,0x08,0x83,0xff,0x08,0x83,0xff,0x08,0x83,0xff,0x08,0x83,0xff,0x08,0x83,0xff,0x08,0x83,0xff,0x08,0x83,0xff,
    0x08,0x83,0xff,0x08,0x83,0xff,0x08,0x83,0xff,0x08,0x83,0xff,0x08,0x83,0xff,0x08,0x83,0xff,0x08,0x83,0xff,0x08,0x83,0xff,
    0x08,0x83,0xff,0x08,0x83,0xff,0x08,0x83,0xff,0x08,0x83,0xff,0x08,0x83,0xff,0x08,0x83,0xff,0x08,0x83,0xff,0x08,0x83,0xff,
    0x08,0x83,0xff,0x08,0x83,0xff,0x08,0x83,0xff,0x08,0x83,0xff,0xad,0xd9,0xff,0xad,0xd9,0xff,0x08,0x83,0xff,0x08,0x83,0xff,
    0x08,0x83,0xff,0x08,0x83,0xff,0x08,0x83,0xff,0x08,0x83,0xff,0x08,0x83,0xff,0x08,0x83,0xff,0x08,0x83,0xff,0x08,0x83,0xff,
    0x08,0x83,0xff,0x08,0x83,0xff,0x08,0x83,0xff,0x08,0x83,0xff,0x08,0x83,0xff,0x08,0x83,0xff,0x08,0x83,0xff,0x08,0x83,0xff,
    0x08,0x83,0xff,0x08,0x83,0xff,0x08,0x83,0xff,0x08,0x83,0xff,0x08,0x83,0xff,0x08,0x83,0xff,0x08,0x83,0xff,0x08,0x83,0xff,
    0x08,0x83,0xff,0x08,0x83,0xff,0x08,0x83,0xff,0x08,0x83,0xff,0x08,0x83,0xff,0x08,0x83,0xff,0x08,0x83,0xff,0x08,0x83,0xff,
    0x08,0x83,0xff,0x08,0x83,0xff,0x08,0x83,0xff,0x08,0x83,0xff,0x08,0x83,0xff,0x08,0x83,0xff,0x08,0x83,0xff,0x08,0x83,0xff,
    0x08,0x83,0xff,0x08,0x83,0xff,0x08,0x83,0xff,0x08,0x83,0xff,0x08,0x83,0xff,0x29,0x86,0xc8,0x00,0x00,0x00,0x00,0x00,0x00,
    0x00,0x00,0x00,0x00,0x00,0x00,0x29,0x86,0xc8,0x08,0x83,0xff,0x08,0x83,0xff,0x08,0x83,0xff,0x08,0x83,0xff,0x08,0x83,0xff,
    0x08,0x83,0xff,0x08,0x83,0xff,0x08,0x83,0xff,0x08,0x83,0xff,0x08,0x83,0xff,0x08,0x83,0xff,0x08,0x83,0xff,0x08,0x83,0xff,
    0x08,0x83,0xff,0x08,0x83,0xff,0x08,0x83,0xff,0x08,0x83,0xff,0x08,0x83,0xff,0x08,0x83,0xff,0x08,0x83,0xff,0x08,0x83,0xff,
    0x08,0x83,0xff,0x08,0x83,0xff,0x08,0x83,0xff,0x08,0x83,0xff,0x08,0x83,0xff,0x08,0x83,0xff,0x08,0x83,0xff,0x08,0x83,0xff,
    0x08,0x83,0xff,0x08,0x83,0xff,0x08,0x83,0xff,0x08,0x83,0xff,0x08,0x83,0xff,0x08,0x83,0xff,0x08,0x83,0xff,0x08,0x83,0xff,
    0x08,0x83,0xff,0x08,0x83,0xff,0x08,0x83,0xff,0x08,0x83,0xff,0x08,0x83,0xff,0x08,0x83,0xff,0x08,0x83,0xff,0x08,0x83,0xff,
    0x08,0x83,0xff,0x08,0x83,0xff,0x08,0x83,0xff,0x08,0x83,0xff,0x08,0x83,0xff,0x08,0x83,0xff,0x08,0x83,0xff,0x08,0x83,0xff,
    0x08,0x83,0xff,0x08,0x83,0xff,0x08,0x83,0xff,0x08,0x83,0xff,0x08,0x83,0xff,0x08,0x83,0xff,0x08,0x83,0xff,0x08,0x83,0xff,
    0x08,0x83,0xff,0x08,0x83,0xff,0x08,0x83,0xff,0x08,0x83,0xff,0x08,0x83,0xff,0x08,0x83,0xff,0x08,0x83,0xff,0x08,0x83,0xff,
    0x08,0x83,0xff,0x08,0x83,0xff,0x08,0x83,0xff,0x08,0x83,0xff,0x08,0x83,0xff,0x08,0x83,0xff,0x08,0x83,0xff,0x08,0x83,0xff,
    0x08,0x83,0xff,0x08,0x83,0xff,0x08,0x83,0xff,0x08,0x83,0xff,0x08,0x83,0xff,0x08,0x83,0xff,0x08,0x83,0xff,0x08,0x83,0xff,
    0x08,0x83,0xff,0x08,0x83,0xff,0x08,0x83,0xff,0x08,0x83,0xff,0x08,0x83,0xff,0x08,0x83,0xff,0x08,0x83,0xff,0x08,0x83,0xff,
    0x08,0x83,0xff,0x08,0x83,0xff,0x08,0x83,0xff,0x08,0x83,0xff,0x08,0x83,0xff,0x08,0x83,0xff,0x08,0x83,0xff,0x08,0x83,0xff,
    0x08,0x83,0xff,0x08,0x83,0xff,0x08,0x83,0xff,0x08,0x83,0xff,0x08,0x83,0xff,0x08,0x83,0xff,0x08,0x83,0xff,0x08,0x83,0xff,
    0x08,0x83,0xff,0x08,0x83,0xff,0x08,0x83,0xff,0x08,0x83,0xff,0x08,0x83,0xff,0x08,0x83,0xff,0x08,0x83,0xff,0x08,0x83,0xff,
    0x08,0x83,0xff,0x08,0x83,0xff,0x08,0x83,0xff,0x08,0x83,0xff,0x08,0x83,0xff,0x08,0x83,0xff,0x08,0x83,0xff,0x08,0x83,0xff,
    0x08,0x83,0xff,0x08,0x83,0xff,0x08,0x83,0xff,0x08,0x83,0xff,0x08,0x83,0xff,0x29,0x86,0xc8,0x00,0x00,0x00,0x00,0x00,0x00,
    0x00,0x00,0x00,0x00,0x00,0x00,0x29,0x86,0xc8,0x08,0x83,0xff,0x08,0x83,0xff,0x08,0x83,0xff,0x08,0x83,0xff,0x08,0x83,0xff,
    0x08,0x83,0xff,0x08,0x83,0xff,0x08,0x83,0xff,0x08,0x83,0xff,0x08,0x83,0xff,0x08,0x83,0xff,0x08,0x83,0xff,0x08,0x83,0xff,
    0x08,0x83,0xff,0x08,0x83,0xff,0x08,0x83,0xff,0x08,0x83,0xff,0x08,0x83,0xff,0x08,0x83,0xff,0x08,0x83,0xff,0x08,0x83,0xff,
    0x08,0x83,0xff,0x08,0x83,0xff,0x08,0x83,0xff,0x08,0x83,0xff,0x08,0x83,0xff,0x08,0x83,0xff,0x08,0x83,0xff,0x08,0x83,0xff,
    0x08,0x83,0xff,0x08,0x83,0xff,0x08,0x83,0xff,0x08,0x83,0xff,0x08,0x83,0xff,0x08,0x83,0xff,0x08,0x83,0xff,0x08,0x83,0xff,
    0x08,0x83,0xff,0x08,0x83,0xff,0x08,0x83,0xff,0x08,0x83,0xff,0x08,0x83,0xff,0x08,0x83,0xff,0x08,0x83,0xff,0x08,0x83,0xff,
    0x08,0x83,0xff,0x08,0x83,0xff,0x08,0x83,0xff,0x08,0x83,0xff,0x08,0x83,0xff,0x08,0x83,0xff,0x08,0x83,0xff,0x08,0x83,0xff,
    0x08,0x83,0xff,0x08,0x83,0xff,0x08,0x83,0xff,0x08,0x83,0xff,0x08,0x83,0xff,0x08,0x83,0xff,0x08,0x83,0xff,0x08,0x83,0xff,
    0x08,0x83,0xff,0x08,0x83,0xff,0x08,0x83,0xff,0x08,0x83,0xff,0x08,0x83,0xff,0x08,0x83,0xff,0x08,0x83,0xff,0x08,0x83,0xff,
    0x08,0x83,0xff,0x08,0x83,0xff,0x08,0x83,0xff,0x08,0x83,0xff,0x08,0x83,0xff,0x08,0x83,0xff,0x08,0x83,0xff,0x08,0x83,0xff,
    0x08,0x83,0xff,0x08,0x83,0xff,0x08,0x83,0xff,0x08,0x83,0xff,0x08,0x83,0xff,0x08,0x83,0xff,0x08,0x83,0xff,0x08,0x83,0xff,
    0x08,0x83,0xff,0x08,0x83,0xff,0x08,0x83,0xff,0x08,0x83,0xff,0x08,0x83,0xff,0x08,0x83,0xff,0x08,0x83,0xff,0x08,0x83,0xff,
    0x08,0x83,0xff,0x08,0x83,0xff,0x08,0x83,0xff,0x08,0x83,0xff,0x08,0x83,0xff,0x08,0x83,0xff,0x08,0x83,0xff,0x08,0x83,0xff,
    0x08,0x83,0xff,0x08,0x83,0xff,0x08,0x83,0xff,0x08,0x83,0xff,0x08,0x83,0xff,0x08,0x83,0xff,0x08,0x83,0xff,0x08,0x83,0xff,
    0x08,0x83,0xff,0x08,0x83,0xff,0x08,0x83,0xff,0x08,0x83,0xff,0x08,0x83,0xff,0x08,0x83,0xff,0x08,0x83,0xff,0x08,0x83,0xff,
    0x08,0x83,0xff,0x08,0x83,0xff,0x08,0x83,0xff,0x08,0x83,0xff,0x08,0x83,0xff,0x08,0x83,0xff,0x08,0x83,0xff,0x08,0x83,0xff,
    0x08,0x83,0xff,0x08,0x83,0xff,0x08,0x83,0xff,0x08,0x83,0xff,0x08,0x83,0xff,0x29,0x86,0xc8,0x00,0x00,0x00,0x00,0x00,0x00,
    0x00,0x00,0x00,0x00,0x00,0x00,0x29,0x86,0xc8,0x08,0x83,0xff,0x08,0x83,0xff,0x08,0x83,0xff,0x08,0x83,0xff,0x08,0x83,0xff,
    0x08,0x83,0xff,0x08,0x83,0xff,0x08,0x83,0xff,0x08,0x83,0xff,0x08,0x83,0xff,0x08,0x83,0xff,0x08,0x83,0xff,0x08,0x83,0xff,
    0x08,0x83,0xff,0x08,0x83,0xff,0x08,0x83,0xff,0x08,0x83,0xff,0x08,0x83,0xff,0x08,0x83,0xff,0x08,0x83,0xff,0x08,0x83,0xff,
    0x08,0x83,0xff,0x08,0x83,0xff,0x08,0x83,0xff,0x08,0x83,0xff,0x08,0x83,0xff,0x08,0x83,0xff,0x08,0x83,0xff,0x08,0x83,0xff,
    0x08,0x83,0xff,0x08,0x83,0xff,0x08,0x83,0xff,0x08,0x83,0xff,0x08,0x83,0xff,0x08,0x83,0xff,0x08,0x83,0xff,0x08,0x83,0xff,
    0x08,0x83,0xff,0x08,0x83,0xff,0x08,0x83,0xff,0x08,0x83,0xff,0x08,0x83,0xff,0x08,0x83,0xff,0x08,0x83,0xff,0x08,0x83,0xff,
    0x08,0x83,0xff,0x08,0x83,0xff,0x08,0x83,0xff,0x08,0x83,0xff,0x08,0x83,0xff,0x08,0x83,0xff,0x08,0x83,0xff,0x08,0x83,0xff,
    0x08,0x83,0xff,0x08,0x83,0xff,0x08,0x83,0xff,0x08,0x83,0xff,0x08,0x83,0xff,0x08,0x83,0xff,0x08,0x83,0xff,0x08,0x83,0xff,
    0x08,0x83,0xff,0x08,0x83,0xff,0x08,0x83,0xff,0x08,0x83,0xff,0x08,0x83,0xff,0x08,0x83,0xff,0x08,0x83,0xff,0x08,0x83,0xff,
    0x08,0x83,0xff,0x08,0x83,0xff,0x08,0x83,0xff,0x08,0x83,0xff,0x08,0x83,0xff,0x08,0x83,0xff,0x08,0x83,0xff,0x08,0x83,0xff,
    0x08,0x83,0xff,0x08,0x83,0xff,0x08,0x83,0xff,0x08,0x83,0xff,0x08,0x83,0xff,0x08,0x83,0xff,0x08,0x83,0xff,0x08,0x83,0xff,
    0x08,0x83,0xff,0x08,0x83,0xff,0x08,0x83,0xff,0x08,0x83,0xff,0x08,0x83,0xff,0x08,0x83,0xff,0x08,0x83,0xff,0x08,0x83,0xff,
    0x08,0x83,0xff,0x08,0x83,0xff,0x08,0x83,0xff,0x08,0x83,0xff,0x08,0x83,0xff,0x08,0x83,0xff,0x08,0x83,0xff,0x08,0x83,0xff,
    0x08,0x83,0xff,0x08,0x83,0xff,0x08,0x83,0xff,0x08,0x83,0xff,0x08,0x83,0xff,0x08,0x83,0xff,0x08,0x83,0xff,0x08,0x83,0xff,
    0x08,0x83,0xff,0x08,0x83,0xff,0x08,0x83,0xff,0x08,0x83,0xff,0x08,0x83,0xff,0x08,0x83,0xff,0x08,0x83,0xff,0x08,0x83,0xff,
    0x08,0x83,0xff,0x08,0x83,0xff,0x08,0x83,0xff,0x08,0x83,0xff,0x08,0x83,0xff,0x08,0x83,0xff,0x08,0x83,0xff,0x08,0x83,0xff,
    0x08,0x83,0xff,0x08,0x83,0xff,0x08,0x83,0xff,0x08,0x83,0xff,0x08,0x83,0xff,0x29,0x86,0xc8,0x00,0x00,0x00,0x00,0x00,0x00,
    0x00,0x00,0x00,0x00,0x00,0x00,0x29,0x86,0xc8,0x08,0x83,0xff,0x08,0x83,0xff,0x08,0x83,0xff,0x08,0x83,0xff,0x08,0x83,0xff,
    0x08,0x83,0xff,0x08,0x83,0xff,0x08,0x83,0xff,0x08,0x83,0xff,0x08,0x83,0xff,0x08,0x83,0xff,0x08,0x83,0xff,0x08,0x83,0xff,
    0x08,0x83,0xff,0x08,0x83,0xff,0x08,0x83,0xff,0x08,0x83,0xff,0x08,0x83,0xff,0x08,0x83,0xff,0x08,0x83,0xff,0x08,0x83,0xff,
    0x08,0x83,0xff,0x08,0x83,0xff,0x08,0x83,0xff,0x08,0x83,0xff,0x08,0x83,0xff,0x08,0x83,0xff,0x08,0x83,0xff,0x08,0x83,0xff,
    0x08,0x83,0xff,0x08,0x83,0xff,0x08,0x83,0xff,0x08,0x83,0xff,0x08,0x83,0xff,0x08,0x83,0xff,0x08,0x83,0xff,0x08,0x83,0xff,
    0x08,0x83,0xff,0x08,0x83,0xff,0x08,0x83,0xff,0x08,0x83,0xff,0x08,0x83,0xff,0x08,0x83,0xff,0x08,0x83,0xff,0x08,0x83,0xff,
    0x08,0x83,0xff,0x08,0x83,0xff,0x08,0x83,0xff,0x08,0x83,0xff,0x08,0x83,0xff,0x08,0x83,0xff,0x08,0x83,0xff,0x08,0x83,0xff,
    0x08,0x83,0xff,0x08,0x83,0xff,0x08,0x83,0xff,0x08,0x83,0xff,0x08,0x83,0xff,0x08,0x83,0xff,0x08,0x83,0xff,0x08,0x83,0xff,
    0x08,0x83,0xff,0x08,0x83,0xff,0x08,0x83,0xff,0x08,0x83,0xff,0x08,0x83,0xff,0x08,0x83,0xff,0x08,0x83,0xff,0x08,0x83,0xff,
    0x08,0x83,0xff,0x08,0x83,0xff,0x08,0x83,0xff,0x08,0x83,0xff,0x08,0x83,0xff,0x08,0x83,0xff,0x08,0x83,0xff,0x08,0x83,0xff,
    0x08,0x83,0xff,0x08,0x83,0xff,0x08,0x83,0xff,0x08,0x83,0xff,0x08,0x83,0xff,0x08,0x83,0xff,0x08,0x83,0xff,0x08,0x83,0xff,
    0x08,0x83,0xff,0x08,0x83,0xff,0x08,0x83,0xff,0x08,0x83,0xff,0x08,0x83,0xff,0x08,0x83,0xff,0x08,0x83,0xff,0x08,0x83,0xff,
    0x08,0x83,0xff,0x08,0x83,0xff,0x08,0x83,0xff,0x08,0x83,0xff,0x08,0x83,0xff,0x08,0x83,0xff,0x08,0x83,0xff,0x08,0x83,0xff,
    0x08,0x83,0xff,0x08,0x83,0xff,0x08,0x83,0xff,0x08,0x83,0xff,0x08,0x83,0xff,0x08,0x83,0xff,0x08,0x83,0xff,0x08,0x83,0xff,
    0x08,0x83,0xff,0x08,0x83,0xff,0x08,0x83,0xff,0x08,0x83,0xff,0x08,0x83,0xff,0x08,0x83,0xff,0x08,0x83,0xff,0x08,0x83,0xff,
    0x08,0x83,0xff,0x08,0x83,0xff,0x08,0x83,0xff,0x08,0x83,0xff,0x08,0x83,0xff,0x08,0x83,0xff,0x08,0x83,0xff,0x08,0x83,0xff,
    0x08,0x83,0xff,0x08,0x83,0xff,0x08,0x83,0xff,0x08,0x83,0xff,0x08,0x83,0xff,0x29,0x86,0xc8,0x00,0x00,0x00,0x00,0x00,0x00,
    0x00,0x00,0x00,0x00,0x00,0x00,0x29,0x86,0xc8,0x08,0x83,0xff,0x08,0x83,0xff,0x08,0x83,0xff,0x08,0x83,0xff,0x08,0x83,0xff,
    0x08,0x83,0xff,0x08,0x83,0xff,0x08,0x83,0xff,0x08,0x83,0xff,0x08,0x83,0xff,0x08,0x83,0xff,0x08,0x83,0xff,0x08,0x83,0xff,
    0x08,0x83,0xff,0x08,0x83,0xff,0x08,0x83,0xff,0x08,0x83,0xff,0x08,0x83,0xff,0x08,0x83,0xff,0x08,0x83,0xff,0x08,0x83,0xff,
    0x08,0x83,0xff,0x08,0x83,0xff,0x08,0x83,0xff,0x08,0x83,0xff,0x08,0x83,0xff,0x08,0x83,0xff,0x08,0x83,0xff,0x08,0x83,0xff,
    0x08,0x83,0xff,0x08,0x83,0xff,0x08,0x83,0xff,0x08,0x83,0xff,0x08,0x83,0xff,0x08,0x83,0xff,0x08,0x83,0xff,0x08,0x83,0xff,
    0x08,0x83,0xff,0x08,0x83,0xff,0x08,0x83,0xff,0x08,0x83,0xff,0x08,0x83,0xff,0x08,0x83,0xff,0x08,0x83,0xff,0x08,0x83,0xff,
    0x08,0x83,0xff,0x08,0x83,0xff,0x08,0x83,0xff,0x08,0x83,0xff,0x08,0x83,0xff,0x08,0x83,0xff,0x08,0x83,0xff,0x08,0x83,0xff,
    0x08,0x83,0xff,0x08,0x83,0xff,0x08,0x83,0xff,0x08,0x83,0xff,0x08,0x83,0xff,0x08,0x83,0xff,0x08,0x83,0xff,0x08,0x83,0xff,
    0x08,0x83,0xff,0x08,0x83,0xff,0x08,0x83,0xff,0x08,0x83,0xff,0x08,0x83,0xff,0x08,0x83,0xff,0x08,0x83,0xff,0x08,0x83,0xff,
    0x08,0x83,0xff,0x08,0x83,0xff,0x08,0x83,0xff,0x08,0x83,0xff,0x08,0x83,0xff,0x08,0x83,0xff,0x08,0x83,0xff,0x08,0x83,0xff,
    0x08,0x83,0xff,0x08,0x83,0xff,0x08,0x83,0xff,0x08,0x83,0xff,0x08,0x83,0xff,0x08,0x83,0xff,0x08,0x83,0xff,0x08,0x83,0xff,
    0x08,0x83,0xff,0x08,0x83,0xff,0x08,0x83,0xff,0x08,0x83,0xff,0x08,0x83,0xff,0x08,0x83,0xff,0x08,0x83,0xff,0x08,0x83,0xff,
    0x08,0x83,0xff,0x08,0x83,0xff,0x08,0x83,0xff,0x08,0x83,0xff,0x08,0x83,0xff,0x08,0x83,0xff,0x08,0x83,0xff,0x08,0x83,0xff,
    0x08,0x83,0xff,0x08,0x83,0xff,0x08,0x83,0xff,0x08,0x83,0xff,0x08,0x83,0xff,0x08,0x83,0xff,0x08,0x83,0xff,0x08,0x83,0xff,
    0x08,0x83,0xff,0x08,0x83,0xff,0x08,0x83,0xff,0x08,0x83,0xff,0x08,0x83,0xff,0x08,0x83,0xff,0x08,0x83,0xff,0x08,0x83,0xff,
    0x08,0x83,0xff,0x08,0x83,0xff,0x08,0x83,0xff,0x08,0x83,0xff,0x08,0x83,0xff,0x08,0x83,0xff,0x08,0x83,0xff,0x08,0x83,0xff,
    0x08,0x83,0xff,0x08,0x83,0xff,0x08,0x83,0xff,0x08,0x83,0xff,0x08,0x83,0xff,0x29,0x86,0xc8,0x00,0x00,0x00,0x00,0x00,0x00,
    0x00,0x00,0x00,0x00,0x00,0x00,0x29,0x86,0xc8,0x08,0x83,0xff,0x08,0x83,0xff,0x08,0x83,0xff,0x08,0x83,0xff,0x08,0x83,0xff,
    0x08,0x83,0xff,0x08,0x83,0xff,0x08,0x83,0xff,0x08,0x83,0xff,0x08,0x83,0xff,0x08,0x83,0xff,0x08,0x83,0xff,0x08,0x83,0xff,
    0x08,0x83,0xff,0x08,0x83,0xff,0x08,0x83,0xff,0x08,0x83,0xff,0x08,0x83,0xff,0x08,0x83,0xff,0x08,0x83,0xff,0x08,0x83,0xff,
    0x08,0x83,0xff,0x08,0x83,0xff,0x08,0x83,0xff,0x08,0x83,0xff,0x08,0x83,0xff,0x08,0x83,0xff,0x08,0x83,0xff,0x08,0x83,0xff,
    0x08,0x83,0xff,0x08,0x83,0xff,0x08,0x83,0xff,0x08,0x83,0xff,0x08,0x83,0xff,0x08,0x83,0xff,0x08,0x83,0xff,0x08,0x83,0xff,
    0x08,0x83,0xff,0x08,0x83,0xff,0x08,0x83,0xff,0x08,0x83,0xff,0x08,0x83,0xff,0x08,0x83,0xff,0x08,0x83,0xff,0x08,0x83,0xff,
    0x08,0x83,0xff,0x08,0x83,0xff,0x08,0x83,0xff,0x08,0x83,0xff,0x08,0x83,0xff,0x08,0x83,0xff,0x08,0x83,0xff,0x08,0x83,0xff,
    0x08,0x83,0xff,0x08,0x83,0xff,0x08,0x83,0xff,0x08,0x83,0xff,0x08,0x83,0xff,0x08,0x83,0xff,0x08,0x83,0xff,0x08,0x83,0xff,
    0x08,0x83,0xff,0x08,0x83,0xff,0x08,0x83,0xff,0x08,0x83,0xff,0x08,0x83,0xff,0x08,0x83,0xff,0x08,0x83,0xff,0x08,0x83,0xff,
    0x08,0x83,0xff,0x08,0x83,0xff,0x08,0x83,0xff,0x08,0x83,0xff,0x08,0x83,0xff,0x08,0x83,0xff,0x08,0x83,0xff,0x08,0x83,0xff,
    0x08,0x83,0xff,0x08,0x83,0xff,0x08,0x83,0xff,0x08,0x83,0xff,0x08,0x83,0xff,0x08,0x83,0xff,0x08,0x83,0xff,0x08,0x83,0xff,
    0x08,0x83,0xff,0x08,0x83,0xff,0x08,0x83,0xff,0x08,0x83,0xff,0x08,0x83,0xff,0x08,0x83,0xff,0x08,0x83,0xff,0x08,0x83,0xff,
    0x08,0x83,0xff,0x08,0x83,0xff,0x08,0x83,0xff,0x08,0x83,0xff,0x08,0x83,0xff,0x08,0x83,0xff,0x08,0x83,0xff,0x08,0x83,0xff,
    0x08,0x83,0xff,0x08,0x83,0xff,0x08,0x83,0xff,0x08,0x83,0xff,0x08,0x83,0xff,0x08,0x83,0xff,0x08,0x83,0xff,0x08,0x83,0xff,
    0x08,0x83,0xff,0x08,0x83,0xff,0x08,0x83,0xff,0x08,0x83,0xff,0x08,0x83,0xff,0x08,0x83,0xff,0x08,0x83,0xff,0x08,0x83,0xff,
    0x08,0x83,0xff,0x08,0x83,0xff,0x08,0x83,0xff,0x08,0x83,0xff,0x08,0x83,0xff,0x08,0x83,0xff,0x08,0x83,0xff,0x08,0x83,0xff,
    0x08,0x83,0xff,0x08,0x83,0xff,0x08,0x83,0xff,0x08,0x83,0xff,0x08,0x83,0xff,0x29,0x86,0xc8,0x00,0x00,0x00,0x00,0x00,0x00,
    0x00,0x00,0x00,0x00,0x00,0x00,0x29,0x86,0xc8,0x08,0x83,0xff,0x08,0x83,0xff,0x08,0x83,0xff,0x08,0x83,0xff,0x08,0x83,0xff,
    0x08,0x83,0xff,0x08,0x83,0xff,0x08,0x83,0xff,0x08,0x83,0xff,0x08,0x83,0xff,0x08,0x83,0xff,0x08,0x83,0xff,0x08,0x83,0xff,
    0x08,0x83,0xff,0x08,0x83,0xff,0x08,0x83,0xff,0x08,0x83,0xff,0x08,0x83,0xff,0x08,0x83,0xff,0x08,0x83,0xff,0x08,0x83,0xff,
    0x08,0x83,0xff,0x08,0x83,0xff,0x08,0x83,0xff,0x08,0x83,0xff,0x08,0x83,0xff,0x08,0x83,0xff,0x08,0x83,0xff,0x08,0x83,0xff,
    0x08,0x83,0xff,0x08,0x83,0xff,0x08,0x83,0xff,0x08,0x83,0xff,0x08,0x83,0xff,0x08,0x83,0xff,0x08,0x83,0xff,0x08,0x83,0xff,
    0x08,0x83,0xff,0x08,0x83,0xff,0x08,0x83,0xff,0x08,0x83,0xff,0x08,0x83,0xff,0x08,0x83,0xff,0x08,0x83,0xff,0x08,0x83,0xff,
    0x08,0x83,0xff,0x08,0x83,0xff,0x08,0x83,0xff,0x08,0x83,0xff,0x08,0x83,0xff,0x08,0x83,0xff,0x08,0x83,0xff,0x08,0x83,0xff,
    0x08,0x83,0xff,0x08,0x83,0xff,0x08,0x83,0xff,0x08,0x83,0xff,0x08,0x83,0xff,0x08,0x83,0xff,0x08,0x83,0xff,0x08,0x83,0xff,
    0x08,0x83,0xff,0x08,0x83,0xff,0x08,0x83,0xff,0x08,0x83,0xff,0x08,0x83,0xff,0x08,0x83,0xff,0x08,0x83,0xff,0x08,0x83,0xff,
    0x08,0x83,0xff,0x08,0x83,0xff,0x08,0x83,0xff,0x08,0x83,0xff,0x08,0x83,0xff,0x08,0x83,0xff,0x08,0x83,0xff,0x08,0x83,0xff,
    0x08,0x83,0xff,0x08,0x83,0xff,0x08,0x83,0xff,0x08,0x83,0xff,0x08,0x83,0xff,0x08,0x83,0xff,0x08,0x83,0xff,0x08,0x83,0xff,
    0x08,0x83,0xff,0x08,0x83,0xff,0x08,0x83,0xff,0x08,0x83,0xff,0x08,0x83,0xff,0x08,0x83,0xff,0x08,0x83,0xff,0x08,0x83,0xff,
    0x08,0x83,0xff,0x08,0x83,0xff,0x08,0x83,0xff,0x08,0x83,0xff,0x08,0x83,0xff,0x08,0x83,0xff,0x08,0x83,0xff,0x08,0x83,0xff,
    0x08,0x83,0xff,0x08,0x83,0xff,0x08,0x83,0xff,0x08,0x83,0xff,0x08,0x83,0xff,0x08,0x83,0xff,0x08,0x83,0xff,0x08,0x83,0xff,
    0x08,0x83,0xff,0x08,0x83,0xff,0x08,0x83,0xff,0x08,0x83,0xff,0x08,0x83,0xff,0x08,0x83,0xff,0x08,0x83,0xff,0x08,0x83,0xff,
    0x08,0x83,0xff,0x08,0x83,0xff,0x08,0x83,0xff,0x08,0x83,0xff,0x08,0x83,0xff,0x08,0x83,0xff,0x08,0x83,0xff,0x08,0x83,0xff,
    0x08,0x83,0xff,0x08,0x83,0xff,0x08,0x83,0xff,0x08,0x83,0xff,0x08,0x83,0xff,0x29,0x86,0xc8,0x00,0x00,0x00,0x00,0x00,0x00,
    0x00,0x00,0x00,0x00,0x00,0x00,0x29,0x86,0xc8,0x08,0x83,0xff,0x08,0x83,0xff,0x08,0x83,0xff,0x08,0x83,0xff,0x08,0x83,0xff,
    0x08,0x83,0xff,0x08,0x83,0xff,0x08,0x83,0xff,0x08,0x83,0xff,0x08,0x83,0xff,0x08,0x83,0xff,0x08,0x83,0xff,0x08,0x83,0xff,
    0x08,0x83,0xff,0x08,0x83,0xff,0x08,0x83,0xff,0x08,0x83,0xff,0x08,0x83,0xff,0x08,0x83,0xff,0x08,0x83,0xff,0x08,0x83,0xff,
    0x08,0x83,0xff,0x08,0x83,0xff,0x08,0x83,0xff,0x08,0x83,0xff,0x08,0x83,0xff,0x08,0x83,0xff,0x08,0x83,0xff,0x08,0x83,0xff,
    0x08,0x83,0xff,0x08,0x83,0xff,0x08,0x83,0xff,0x08,0x83,0xff,0x08,0x83,0xff,0x08,0x83,0xff,0x08,0x83,0xff,0x08,0x83,0xff,
    0x08,0x83,0xff,0x08,0x83,0xff,0x08,0x83,0xff,0x08,0x83,0xff,0x08,0x83,0xff,0x08,0x83,0xff,0x08,0x83,0xff,0x08,0x83,0xff,
    0x08,0x83,0xff,0x08,0x83,0xff,0x08,0x83,0xff,0x08,0x83,0xff,0x08,0x83,0xff,0x08,0x83,0xff,0x08,0x83,0xff,0x08,0x83,0xff,
    0x08,0x83,0xff,0x08,0x83,0xff,0x08,0x83,0xff,0x08,0x83,0xff,0x08,0x83,0xff,0x08,0x83,0xff,0x08,0x83,0xff,0x08,0x83,0xff,
    0x08,0x83,0xff,0x08,0x83,0xff,0x08,0x83,0xff,0x08,0x83,0xff,0x08,0x83,0xff,0x08,0x83,0xff,0x08,0x83,0xff,0x08,0x83,0xff,
    0x08,0x83,0xff,0x08,0x83,0xff,0x08,0x83,0xff,0x08,0x83,0xff,0x08,0x83,0xff,0x08,0x83,0xff,0x08,0x83,0xff,0x08,0x83,0xff,
    0x08,0x83,0xff,0x08,0x83,0xff,0x08,0x83,0xff,0x08,0x83,0xff,0x08,0x83,0xff,0x08,0x83,0xff,0x08,0x83,0xff,0x08,0x83,0xff,
    0x08,0x83,0xff,0x08,0x83,0xff,0x08,0x83,0xff,0x08,0x83,0xff,0x08,0x83,0xff,0x08,0x83,0xff,0x08,0x83,0xff,0x08,0x83,0xff,
    0x08,0x83,0xff,0x08,0x83,0xff,0x08,0x83,0xff,0x08,0x83,0xff,0x08,0x83,0xff,0x08,0x83,0xff,0x08,0x83,0xff,0x08,0x83,0xff,
    0x08,0x83,0xff,0x08,0x83,0xff,0x08,0x83,0xff,0x08,0x83,0xff,0x08,0x83,0xff,0x08,0x83,0xff,0x08,0x83,0xff,0x08,0x83,0xff,
    0x08,0x83,0xff,0x08,0x83,0xff,0x08,0x83,0xff,0x08,0x83,0xff,0x08,0x83,0xff,0x08,0x83,0xff,0x08,0x83,0xff,0x08,0x83,0xff,
    0x08,0x83,0xff,0x08,0x83,0xff,0x08,0x83,0xff,0x08,0x83,0xff,0x08,0x83,0xff,0x08,0x83,0xff,0x08,0x83,0xff,0x08,0x83,0xff,
    0x08,0x83,0xff,0x08,0x83,0xff,0x08,0x83,0xff,0x08,0x83,0xff,0x08,0x83,0xff,0x29,0x86,0xc8,0x00,0x00,0x00,0x00,0x00,0x00,
    0x00,0x00,0x00,0x00,0x00,0x00,0x29,0x86,0xc8,0x08,0x83,0xff,0x08,0x83,0xff,0x08,0x83,0xff,0x08,0x83,0xff,0x08,0x83,0xff,
    0x08,0x83,0xff,0x08,0x83,0xff,0x08,0x83,0xff,0x08,0x83,0xff,0x08,0x83,0xff,0x08,0x83,0xff,0x08,0x83,0xff,0x08,0x83,0xff,
    0x08,0x83,0xff,0x08,0x83,0xff,0x08,0x83,0xff,0x08,0x83,0xff,0x08,0x83,0xff,0x08,0x83,0xff,0x08,0x83,0xff,0x08,0x83,0xff,
    0x08,0x83,0xff,0x08,0x83,0xff,0x08,0x83,0xff,0x08,0x83,0xff,0x08,0x83,0xff,0x08,0x83,0xff,0x08,0x83,0xff,0x08,0x83,0xff,
    0x08,0x83,0xff,0x08,0x83,0xff,0x08,0x83,0xff,0x08,0x83,0xff,0x08,0x83,0xff,0x08,0x83,0xff,0x08,0x83,0xff,0x08,0x83,0xff,
    0x08,0x83,0xff,0x08,0x83,0xff,0x08,0x83,0xff,0x08,0x83,0xff,0x08,0x83,0xff,0x08,0x83,0xff,0x08,0x83,0xff,0x08,0x83,0xff,
    0x08,0x83,0xff,0x08,0x83,0xff,0x08,0x83,0xff,0x08,0x83,0xff,0x08,0x83,0xff,0x08,0x83,0xff,0x08,0x83,0xff,0x08,0x83,0xff,
    0x08,0x83,0xff,0x08,0x83,0xff,0x08,0x83,0xff,0x08,0x83,0xff,0x08,0x83,0xff,0x08,0x83,0xff,0x08,0x83,0xff,0x08,0x83,0xff,
    0x08,0x83,0xff,0x08,0x83,0xff,0x08,0x83,0xff,0x08,0x83,0xff,0x08,0x83,0xff,0x08,0x83,0xff,0x08,0x83,0xff,0x08,0x83,0xff,
    0x08,0x83,0xff,0x08,0x83,0xff,0x08,0x83,0xff,0x08,0x83,0xff,0x08,0x83,0xff,0x08,0x83,0xff,0x08,0x83,0xff,0x08,0x83,0xff,
    0x08,0x83,0xff,0x08,0x83,0xff,0x08,0x83,0xff,0x08,0x83,0xff,0x08,0x83,0xff,0x08,0x83,0xff,0x08,0x83,0xff,0x08,0x83,0xff,
    0x08,0x83,0xff,0x08,0x83,0xff,0x08,0x83,0xff,0x08,0x83,0xff,0x08,0x83,0xff,0x08,0x83,0xff,0x08,0x83,0xff,0x08,0x83,0xff,
    0x08,0x83,0xff,0x08,0x83,0xff,0x08,0x83,0xff,0x08,0x83,0xff,0x08,0x83,0xff,0x08,0x83,0xff,0x08,0x83,0xff,0x08,0x83,0xff,
    0x08,0x83,0xff,0x08,0x83,0xff,0x08,0x83,0xff,0x08,0x83,0xff,0x08,0x83,0xff,0x08,0x83,0xff,0x08,0x83,0xff,0x08,0x83,0xff,
    0x08,0x83,0xff,0x08,0x83,0xff,0x08,0x83,0xff,0x08,0x83,0xff,0x08,0x83,0xff,0x08,0x83,0xff,0x08,0x83,0xff,0x08,0x83,0xff,
    0x08,0x83,0xff,0x08,0x83,0xff,0x08,0x83,0xff,0x08,0x83,0xff,0x08,0x83,0xff,0x08,0x83,0xff,0x08,0x83,0xff,0x08,0x83,0xff,
    0x08,0x83,0xff,0x08,0x83,0xff,0x08,0x83,0xff,0x08,0x83,0xff,0x08,0x83,0xff,0x29,0x86,0xc8,0x00,0x00,0x00,0x00,0x00,0x00,
    0x00,0x00,0x00,0x00,0x00,0x00,0x29,0x86,0xc8,0x08,0x83,0xff,0x08,0x83,0xff,0x08,0x83,0xff,0x08,0x83,0xff,0x08,0x83,0xff,
    0x08,0x83,0xff,0x08,0x83,0xff,0x08,0x83,0xff,0x08,0x83,0xff,0x08,0x83,0xff,0x08,0x83,0xff,0x08,0x83,0xff,0x08,0x83,0xff,
    0x08,0x83,0xff,0x08,0x83,0xff,0x08,0x83,0xff,0x08,0x83,0xff,0x08,0x83,0xff,0x08,0x83,0xff,0x08,0x83,0xff,0x08,0x83,0xff,
    0x08,0x83,0xff,0x08,0x83,0xff,0x08,0x83,0xff,0x08,0x83,0xff,0x08,0x83,0xff,0x08,0x83,0xff,0x08,0x83,0xff,0x08,0x83,0xff,
    0x08,0x83,0xff,0x08,0x83,0xff,0x08,0x83,0xff,0x08,0x83,0xff,0x08,0x83,0xff,0x08,0x83,0xff,0x08,0x83,0xff,0x08,0x83,0xff,
    0x08,0x83,0xff,0x08,0x83,0xff,0x08,0x83,0xff,0x08,0x83,0xff,0x08,0x83,0xff,0x08,0x83,0xff,0x08,0x83,0xff,0x08,0x83,0xff,
    0x08,0x83,0xff,0x08,0x83,0xff,0x08,0x83,0xff,0x08,0x83,0xff,0x08,0x83,0xff,0x08,0x83,0xff,0x08,0x83,0xff,0x08,0x83,0xff,
    0x08,0x83,0xff,0x08,0x83,0xff,0x08,0x83,0xff,0x08,0x83,0xff,0x08,0x83,0xff,0x08,0x83,0xff,0x08,0x83,0xff,0x08,0x83,0xff,
    0x08,0x83,0xff,0x08,0x83,0xff,0x08,0x83,0xff,0x08,0x83,0xff,0x08,0x83,0xff,0x08,0x83,0xff,0x08,0x83,0xff,0x08,0x83,0xff,
    0x08,0x83,0xff,0x08,0x83,0xff,0x08,0x83,0xff,0x08,0x83,0xff,0x08,0x83,0xff,0x08,0x83,0xff,0x08,0x83,0xff,0x08,0x83,0xff,
    0x08,0x83,0xff,0x08,0x83,0xff,0x08,0x83,0xff,0x08,0x83,0xff,0x08,0x83,0xff,0x08,0x83,0xff,0x08,0x83,0xff,0x08,0x83,0xff,
    0x08,0x83,0xff,0x08,0x83,0xff,0x08,0x83,0xff,0x08,0x83,0xff,0x08,0x83,0xff,0x08,0x83,0xff,0x08,0x83,0xff,0x08,0x83,0xff,
    0x08,0x83,0xff,0x08,0x83,0xff,0x08,0x83,0xff,0x08,0x83,0xff,0x08,0x83,0xff,0x08,0x83,0xff,0x08,0x83,0xff,0x08,0x83,0xff,
    0x08,0x83,0xff,0x08,0x83,0xff,0x08,0x83,0xff,0x08,0x83,0xff,0x08,0x83,0xff,0x08,0x83,0xff,0x08,0x83,0xff,0x08,0x83,0xff,
    0x08,0x83,0xff,0x08,0x83,0xff,0x08,0x83,0xff,0x08,0x83,0xff,0x08,0x83,0xff,0x08,0x83,0xff,0x08,0x83,0xff,0x08,0x83,0xff,
    0x08,0x83,0xff,0x08,0x83,0xff,0x08,0x83,0xff,0x08,0x83,0xff,0x08,0x83,0xff,0x08,0x83,0xff,0x08,0x83,0xff,0x08,0x83,0xff,
    0x08,0x83,0xff,0x08,0x83,0xff,0x08,0x83,0xff,0x08,0x83,0xff,0x08,0x83,0xff,0x29,0x86,0xc8,0x00,0x00,0x00,0x00,0x00,0x00,
    0x00,0x00,0x00,0x00,0x00,0x00,0x29,0x86,0xc8,0x08,0x83,0xff,0x08,0x83,0xff,0x08,0x83,0xff,0x08,0x83,0xff,0x08,0x83,0xff,
    0x08,0x83,0xff,0x08,0x83,0xff,0x08,0x83,0xff,0x08,0x83,0xff,0x08,0x83,0xff,0x08,0x83,0xff,0x08,0x83,0xff,0x08,0x83,0xff,
    0x08,0x83,0xff,0x08,0x83,0xff,0x08,0x83,0xff,0x08,0x83,0xff,0x08,0x83,0xff,0x08,0x83,0xff,0x08,0x83,0xff,0x08,0x83,0xff,
    0x08,0x83,0xff,0x08,0x83,0xff,0x08,0x83,0xff,0x08,0x83,0xff,0x08,0x83,0xff,0x08,0x83,0xff,0x08,0x83,0xff,0x08,0x83,0xff,
    0x08,0x83,0xff,0x08,0x83,0xff,0x08,0x83,0xff,0x08,0x83,0xff,0x08,0x83,0xff,0x08,0x83,0xff,0x08,0x83,0xff,0x08,0x83,0xff,
    0x08,0x83,0xff,0x08,0x83,0xff,0x08,0x83,0xff,0x08,0x83,0xff,0x08,0x83,0xff,0x08,0x83,0xff,0x08,0x83,0xff,0x08,0x83,0xff,
    0x08,0x83,0xff,0x08,0x83,0xff,0x08,0x83,0xff,0x08,0x83,0xff,0x08,0x83,0xff,0x08,0x83,0xff,0x08,0x83,0xff,0x08,0x83,0xff,
    0x08,0x83,0xff,0x08,0x83,0xff,0x08,0x83,0xff,0x08,0x83,0xff,0x08,0x83,0xff,0x08,0x83,0xff,0x08,0x83,0xff,0x08,0x83,0xff,
    0x08,0x83,0xff,0x08,0x83,0xff,0x08,0x83,0xff,0x08,0x83,0xff,0x08,0x83,0xff,0x08,0x83,0xff,0x08,0x83,0xff,0x08,0x83,0xff,
    0x08,0x83,0xff,0x08,0x83,0xff,0x08,0x83,0xff,0x08,0x83,0xff,0x08,0x83,0xff,0x08,0x83,0xff,0x08,0x83,0xff,0x08,0x83,0xff,
    0x08,0x83,0xff,0x08,0x83,0xff,0x08,0x83,0xff,0x08,0x83,0xff,0x08,0x83,0xff,0x08,0x83,0xff,0x08,0x83,0xff,0x08,0x83,0xff,
    0x08,0x83,0xff,0x08,0x83,0xff,0x08,0x83,0xff,0x08,0x83,0xff,0x08,0x83,0xff,0x08,0x83,0xff,0x08,0x83,0xff,0x08,0x83,0xff,
    0x08,0x83,0xff,0x08,0x83,0xff,0x08,0x83,0xff,0x08,0x83,0xff,0x08,0x83,0xff,0x08,0x83,0xff,0x08,0x83,0xff,0x08,0x83,0xff,
    0x08,0x83,0xff,0x08,0x83,0xff,0x08,0x83,0xff,0x08,0x83,0xff,0x08,0x83,0xff,0x08,0x83,0xff,0x08,0x83,0xff,0x08,0x83,0xff,
    0x08,0x83,0xff,0x08,0x83,0xff,0x08,0x83,0xff,0x08,0x83,0xff,0x08,0x83,0xff,0x08,0x83,0xff,0x08,0x83,0xff,0x08,0x83,0xff,
    0x08,0x83,0xff,0x08,0x83,0xff,0x08,0x83,0xff,0x08,0x83,0xff,0x08,0x83,0xff,0x08,0x83,0xff,0x08,0x83,0xff,0x08,0x83,0xff,
    0x08,0x83,0xff,0x08,0x83,0xff,0x08,0x83,0xff,0x08,0x83,0xff,0x08,0x83,0xff,0x29,0x86,0xc8,0x00,0x00,0x00,0x00,0x00,0x00,
    0x00,0x00,0x00,0x00,0x00,0x00,0x29,0x86,0xc8,0x08,0x83,0xff,0x08,0x83,0xff,0x08,0x83,0xff,0x08,0x83,0xff,0x08,0x83,0xff,
    0x08,0x83,0xff,0x08,0x83,0xff,0x08,0x83,0xff,0x08,0x83,0xff,0x08,0x83,0xff,0x08,0x83,0xff,0x08,0x83,0xff,0x08,0x83,0xff,
    0x08,0x83,0xff,0x08,0x83,0xff,0x08,0x83,0xff,0x08,0x83,0xff,0x08,0x83,0xff,0x08,0x83,0xff,0x08,0x83,0xff,0x08,0x83,0xff,
    0x08,0x83,0xff,0x08,0x83,0xff,0x08,0x83,0xff,0x08,0x83,0xff,0x08,0x83,0xff,0x08,0x83,0xff,0x08,0x83,0xff,0x08,0x83,0xff,
    0x08,0x83,0xff,0x08,0x83,0xff,0x08,0x83,0xff,0x08,0x83,0xff,0x08,0x83,0xff,0x08,0x83,0xff,0x08,0x83,0xff,0x08,0x83,0xff,
    0x08,0x83,0xff,0x08,0x83,0xff,0x08,0x83,0xff,0x08,0x83,0xff,0x08,0x83,0xff,0x08,0x83,0xff,0x08,0x83,0xff,0x08,0x83,0xff,
    0x08,0x83,0xff,0x08,0x83,0xff,0x08,0x83,0xff,0x08,0x83,0xff,0x08,0x83,0xff,0x08,0x83,0xff,0x08,0x83,0xff,0x08,0x83,0xff,
    0x08,0x83,0xff,0x08,0x83,0xff,0x08,0x83,0xff,0x08,0x83,0xff,0x08,0x83,0xff,0x08,0x83,0xff,0x08,0x83,0xff,0x08,0x83,0xff,
    0x08,0x83,0xff,0x08,0x83,0xff,0x08,0x83,0xff,0x08,0x83,0xff,0x08,0x83,0xff,0x08,0x83,0xff,0x08,0x83,0xff,0x08,0x83,0xff,
    0x08,0x83,0xff,0x08,0x83,0xff,0x08,0x83,0xff,0x08,0x83,0xff,0x08,0x83,0xff,0x08,0x83,0xff,0x08,0x83,0xff,0x08,0x83,0xff,
    0x08,0x83,0xff,0x08,0x83,0xff,0x08,0x83,0xff,0x08,0x83,0xff,0x08,0x83,0xff,0x08,0x83,0xff,0x08,0x83,0xff,0x08,0x83,0xff,
    0x08,0x83,0xff,0x08,0x83,0xff,0x08,0x83,0xff,0x08,0x83,0xff,0x08,0x83,0xff,0x08,0x83,0xff,0x08,0x83,0xff,0x08,0x83,0xff,
    0x08,0x83,0xff,0x08,0x83,0xff,0x08,0x83,0xff,0x08,0x83,0xff,0x08,0x83,0xff,0x08,0x83,0xff,0x08,0x83,0xff,0x08,0x83,0xff,
    0x08,0x83,0xff,0x08,0x83,0xff,0x08,0x83,0xff,0x08,0x83,0xff,0x08,0x83,0xff,0x08,0x83,0xff,0x08,0x83,0xff,0x08,0x83,0xff,
    0x08,0x83,0xff,0x08,0x83,0xff,0x08,0x83,0xff,0x08,0x83,0xff,0x08,0x83,0xff,0x08,0x83,0xff,0x08,0x83,0xff,0x08,0x83,0xff,
    0x08,0x83,0xff,0x08,0x83,0xff,0x08,0x83,0xff,0x08,0x83,0xff,0x08,0x83,0xff,0x08,0x83,0xff,0x08,0x83,0xff,0x08,0x83,0xff,
    0x08,0x83,0xff,0x08,0x83,0xff,0x08,0x83,0xff,0x08,0x83,0xff,0x08,0x83,0xff,0x29,0x86,0xc8,0x00,0x00,0x00,0x00,0x00,0x00,
    0x00,0x00,0x00,0x00,0x00,0x00,0x29,0x86,0xc8,0x08,0x83,0xff,0x08,0x83,0xff,0x08,0x83,0xff,0x08,0x83,0xff,0x08,0x83,0xff,
    0x08,0x83,0xff,0x08,0x83,0xff,0x08,0x83,0xff,0x08,0x83,0xff,0x08,0x83,0xff,0x08,0x83,0xff,0x08,0x83,0xff,0x08,0x83,0xff,
    0x08,0x83,0xff,0x08,0x83,0xff,0x08,0x83,0xff,0x08,0x83,0xff,0x08,0x83,0xff,0x08,0x83,0xff,0x08,0x83,0xff,0x08,0x83,0xff,
    0x08,0x83,0xff,0x08,0x83,0xff,0x08,0x83,0xff,0x08,0x83,0xff,0x08,0x83,0xff,0x08,0x83,0xff,0x08,0x83,0xff,0x08,0x83,0xff,
    0x08,0x83,0xff,0x08,0x83,0xff,0x08,0x83,0xff,0x08,0x83,0xff,0x08,0x83,0xff,0x08,0x83,0xff,0x08,0x83,0xff,0x08,0x83,0xff,
    0x08,0x83,0xff,0x08,0x83,0xff,0x08,0x83,0xff,0x08,0x83,0xff,0x08,0x83,0xff,0x08,0x83,0xff,0x08,0x83,0xff,0x08,0x83,0xff,
    0x08,0x83,0xff,0x08,0x83,0xff,0x08,0x83,0xff,0x08,0x83,0xff,0x08,0x83,0xff,0x08,0x83,0xff,0x08,0x83,0xff,0x08,0x83,0xff,
    0x08,0x83,0xff,0x08,0x83,0xff,0x08,0x83,0xff,0x08,0x83,0xff,0x08,0x83,0xff,0x08,0x83,0xff,0x08,0x83,0xff,0x08,0x83,0xff,
    0x08,0x83,0xff,0x08,0x83,0xff,0x08,0x83,0xff,0x08,0x83,0xff,0x08,0x83,0xff,0x08,0x83,0xff,0x08,0x83,0xff,0x08,0x83,0xff,
    0x08,0x83,0xff,0x08,0x83,0xff,0x08,0x83,0xff,0x08,0x83,0xff,0x08,0x83,0xff,0x08,0x83,0xff,0x08,0x83,0xff,0x08,0x83,0xff,
    0x08,0x83,0xff,0x08,0x83,0xff,0x08,0x83,0xff,0x08,0x83,0xff,0x08,0x83,0xff,0x08,0x83,0xff,0x08,0x83,0xff,0x08,0x83,0xff,
    0x08,0x83,0xff,0x08,0x83,0xff,0x08,0x83,0xff,0x08,0x83,0xff,0x08,0x83,0xff,0x08,0x83,0xff,0x08,0x83,0xff,0x08,0x83,0xff,
    0x08,0x83,0xff,0x08,0x83,0xff,0x08,0x83,0xff,0x08,0x83,0xff,0x08,0x83,0xff,0x08,0x83,0xff,0x08,0x83,0xff,0x08,0x83,0xff,
    0x08,0x83,0xff,0x08,0x83,0xff,0x08,0x83,0xff,0x08,0x83,0xff,0x08,0x83,0xff,0x08,0x83,0xff,0x08,0x83,0xff,0x08,0x83,0xff,
    0x08,0x83,0xff,0x08,0x83,0xff,0x08,0x83,0xff,0x08,0x83,0xff,0x08,0x83,0xff,0x08,0x83,0xff,0x08,0x83,0xff,0x08,0x83,0xff,
    0x08,0x83,0xff,0x08,0x83,0xff,0x08,0x83,0xff,0x08,0x83,0xff,0x08,0x83,0xff,0x08,0x83,0xff,0x08,0x83,0xff,0x08,0x83,0xff,
    0x08,0x83,0xff,0x08,0x83,0xff,0x08,0x83,0xff,0x08,0x83,0xff,0x08,0x83,0xff,0x29,0x86,0xc8,0x00,0x00,0x00,0x00,0x00,0x00,
    0x00,0x00,0x00,0x00,0x00,0x00,0x29,0x86,0xc8,0x08,0x83,0xff,0x08,0x83,0xff,0x08,0x83,0xff,0x08,0x83,0xff,0x08,0x83,0xff,
    0x08,0x83,0xff,0x08,0x83,0xff,0x08,0x83,0xff,0x08,0x83,0xff,0x08,0x83,0xff,0x08,0x83,0xff,0x08,0x83,0xff,0x08,0x83,0xff,
    0x08,0x83,0xff,0x08,0x83,0xff,0x08,0x83,0xff,0x08,0x83,0xff,0x08,0x83,0xff,0x08,0x83,0xff,0x08,0x83,0xff,0x08,0x83,0xff,
    0x08,0x83,0xff,0x08,0x83,0xff,0x08,0x83,0xff,0x08,0x83,0xff,0x08,0x83,0xff,0x08,0x83,0xff,0x08,0x83,0xff,0x08,0x83,0xff,
    0x08,0x83,0xff,0x08,0x83,0xff,0x08,0x83,0xff,0x08,0x83,0xff,0x08,0x83,0xff,0x08,0x83,0xff,0x08,0x83,0xff,0x08,0x83,0xff,
    0x08,0x83,0xff,0x08,0x83,0xff,0x08,0x83,0xff,0x08,0x83,0xff,0x08,0x83,0xff,0x08,0x83,0xff,0x08,0x83,0xff,0x08,0x83,0xff,
    0x08,0x83,0xff,0x08,0x83,0xff,0x08,0x83,0xff,0x08,0x83,0xff,0x08,0x83,0xff,0x08,0x83,0xff,0x08,0x83,0xff,0x08,0x83,0xff,
    0x08,0x83,0xff,0x08,0x83,0xff,0x08,0x83,0xff,0x08,0x83,0xff,0x08,0x83,0xff,0x08,0x83,0xff,0x08,0x83,0xff,0x08,0x83,0xff,
    0x08,0x83,0xff,0x08,0x83,0xff,0x08,0x83,0xff,0x08,0x83,0xff,0x08,0x83,0xff,0x08,0x83,0xff,0x08,0x83,0xff,0x08,0x83,0xff,
    0x08,0x83,0xff,0x08,0x83,0xff,0x08,0x83,0xff,0x08,0x83,0xff,0x08,0x83,0xff,0x08,0x83,0xff,0x08,0x83,0xff,0x08,0x83,0xff,
    0x08,0x83,0xff,0x08,0x83,0xff,0x08,0x83,0xff,0x08,0x83,0xff,0x08,0x83,0xff,0x08,0x83,0xff,0x08,0x83,0xff,0x08,0x83,0xff,
    0x08,0x83,0xff,0x08,0x83,0xff,0x08,0x83,0xff,0x08,0x83,0xff,0x08,0x83,0xff,0x08,0x83,0xff,0x08,0x83,0xff,0x08,0x83,0xff,
    0x08,0x83,0xff,0x08,0x83,0xff,0x08,0x83,0xff,0x08,0x83,0xff,0x08,0x83,0xff,0x08,0x83,0xff,0x08,0x83,0xff,0x08,0x83,0xff,
    0x08,0x83,0xff,0x08,0x83,0xff,0x08,0x83,0xff,0x08,0x83,0xff,0x08,0x83,0xff,0x08,0x83,0xff,0x08,0x83,0xff,0x08,0x83,0xff,
    0x08,0x83,0xff,0x08,0x83,0xff,0x08,0x83,0xff,0x08,0x83,0xff,0x08,0x83,0xff,0x08,0x83,0xff,0x08,0x83,0xff,0x08,0x83,0xff,
    0x08,0x83,0xff,0x08,0x83,0xff,0x08,0x83,0xff,0x08,0x83,0xff,0x08,0x83,0xff,0x08,0x83,0xff,0x08,0x83,0xff,0x08,0x83,0xff,
    0x08,0x83,0xff,0x08,0x83,0xff,0x08,0x83,0xff,0x08,0x83,0xff,0x08,0x83,0xff,0x29,0x86,0xc8,0x00,0x00,0x00,0x00,0x00,0x00,
    0x00,0x00,0x00,0x00,0x00,0x00,0x29,0x86,0xc8,0x08,0x83,0xff,0x08,0x83,0xff,0x08,0x83,0xff,0x08,0x83,0xff,0x08,0x83,0xff,
    0x08,0x83,0xff,0x08,0x83,0xff,0x08,0x83,0xff,0x08,0x83,0xff,0x08,0x83,0xff,0x08,0x83,0xff,0x08,0x83,0xff,0x08,0x83,0xff,
    0x08,0x83,0xff,0x08,0x83,0xff,0x08,0x83,0xff,0x08,0x83,0xff,0x08,0x83,0xff,0x08,0x83,0xff,0x08,0x83,0xff,0x08,0x83,0xff,
    0x08,0x83,0xff,0x08,0x83,0xff,0x08,0x83,0xff,0x08,0x83,0xff,0x08,0x83,0xff,0x08,0x83,0xff,0x08,0x83,0xff,0x08,0x83,0xff,
    0x08,0x83,0xff,0x08,0x83,0xff,0x08,0x83,0xff,0x08,0x83,0xff,0x08,0x83,0xff,0x08,0x83,0xff,0x08,0x83,0xff,0x08,0x83,0xff,
    0x08,0x83,0xff,0x08,0x83,0xff,0x08,0x83,0xff,0x08,0x83,0xff,0x08,0x83,0xff,0x08,0x83,0xff,0x08,0x83,0xff,0x08,0x83,0xff,
    0x08,0x83,0xff,0x08,0x83,0xff,0x08,0x83,0xff,0x08,0x83,0xff,0x08,0x83,0xff,0x08,0x83,0xff,0x08,0x83,0xff,0x08,0x83,0xff,
    0x08,0x83,0xff,0x08,0x83,0xff,0x08,0x83,0xff,0x08,0x83,0xff,0x08,0x83,0xff,0x08,0x83,0xff,0x08,0x83,0xff,0x08,0x83,0xff,
    0x08,0x83,0xff,0x08,0x83,0xff,0x08,0x83,0xff,0x08,0x83,0xff,0x08,0x83,0xff,0x08,0x83,0xff,0x08,0x83,0xff,0x08,0x83,0xff,
    0x08,0x83,0xff,0x08,0x83,0xff,0x08,0x83,0xff,0x08,0x83,0xff,0x08,0x83,0xff,0x08,0x83,0xff,0x08,0x83,0xff,0x08,0x83,0xff,
    0x08,0x83,0xff,0x08,0x83,0xff,0x08,0x83,0xff,0x08,0x83,0xff,0x08,0x83,0xff,0x08,0x83,0xff,0x08,0x83,0xff,0x08,0x83,0xff,
    0x08,0x83,0xff,0x08,0x83,0xff,0x08,0x83,0xff,0x08,0x83,0xff,0x08,0x83,0xff,0x08,0x83,0xff,0x08,0x83,0xff,0x08,0x83,0xff,
    0x08,0x83,0xff,0x08,0x83,0xff,0x08,0x83,0xff,0x08,0x83,0xff,0x08,0x83,0xff,0x08,0x83,0xff,0x08,0x83,0xff,0x08,0x83,0xff,
    0x08,0x83,0xff,0x08,0x83,0xff,0x08,0x83,0xff,0x08,0x83,0xff,0x08,0x83,0xff,0x08,0x83,0xff,0x08,0x83,0xff,0x08,0x83,0xff,
    0x08,0x83,0xff,0x08,0x83,0xff,0x08,0x83,0xff,0x08,0x83,0xff,0x08,0x83,0xff,0x08,0x83,0xff,0x08,0x83,0xff,0x08,0x83,0xff,
    0x08,0x83,0xff,0x08,0x83,0xff,0x08,0x83,0xff,0x08,0x83,0xff,0x08,0x83,0xff,0x08,0x83,0xff,0x08,0x83,0xff,0x08,0x83,0xff,
    0x08,0x83,0xff,0x08,0x83,0xff,0x08,0x83,0xff,0x08,0x83,0xff,0x08,0x83,0xff,0x29,0x86,0xc8,0x00,0x00,0x00,0x00,0x00,0x00,
    0x00,0x00,0x00,0x00,0x00,0x00,0x29,0x86,0xc8,0x08,0x83,0xff,0x08,0x83,0xff,0x08,0x83,0xff,0x08,0x83,0xff,0x08,0x83,0xff,
    0x08,0x83,0xff,0x08,0x83,0xff,0x08,0x83,0xff,0x08,0x83,0xff,0x08,0x83,0xff,0x08,0x83,0xff,0x08,0x83,0xff,0x08,0x83,0xff,
    0x08,0x83,0xff,0x08,0x83,0xff,0x08,0x83,0xff,0x08,0x83,0xff,0x08,0x83,0xff,0x08,0x83,0xff,0x08,0x83,0xff,0x08,0x83,0xff,
    0x08,0x83,0xff,0x08,0x83,0xff,0x08,0x83,0xff,0x08,0x83,0xff,0x08,0x83,0xff,0x08,0x83,0xff,0x08,0x83,0xff,0x08,0x83,0xff,
    0x08,0x83,0xff,0x08,0x83,0xff,0x08,0x83,0xff,0x08,0x83,0xff,0x08,0x83,0xff,0x08,0x83,0xff,0x08,0x83,0xff,0x08,0x83,0xff,
    0x08,0x83,0xff,0x08,0x83,0xff,0x08,0x83,0xff,0x08,0x83,0xff,0x08,0x83,0xff,0x08,0x83,0xff,0x08,0x83,0xff,0x08,0x83,0xff,
    0x08,0x83,0xff,0x08,0x83,0xff,0x08,0x83,0xff,0x08,0x83,0xff,0x08,0x83,0xff,0x08,0x83,0xff,0x08,0x83,0xff,0x08,0x83,0xff,
    0x08,0x83,0xff,0x08,0x83,0xff,0x08,0x83,0xff,0x08,0x83,0xff,0x08,0x83,0xff,0x08,0x83,0xff,0x08,0x83,0xff,0x08,0x83,0xff,
    0x08,0x83,0xff,0x08,0x83,0xff,0x08,0x83,0xff,0x08,0x83,0xff,0x08,0x83,0xff,0x08,0x83,0xff,0x08,0x83,0xff,0x08,0x83,0xff,
    0x08,0x83,0xff,0x08,0x83,0xff,0x08,0x83,0xff,0x08,0x83,0xff,0x08,0x83,0xff,0x08,0x83,0xff,0x08,0x83,0xff,0x08,0x83,0xff,
    0x08,0x83,0xff,0x08,0x83,0xff,0x08,0x83,0xff,0x08,0x83,0xff,0x08,0x83,0xff,0x08,0x83,0xff,0x08,0x83,0xff,0x08,0x83,0xff,
    0x08,0x83,0xff,0x08,0x83,0xff,0x08,0x83,0xff,0x08,0x83,0xff,0x08,0x83,0xff,0x08,0x83,0xff,0x08,0x83,0xff,0x08,0x83,0xff,
    0x08,0x83,0xff,0x08,0x83,0xff,0x08,0x83,0xff,0x08,0x83,0xff,0x08,0x83,0xff,0x08,0x83,0xff,0x08,0x83,0xff,0x08,0x83,0xff,
    0x08,0x83,0xff,0x08,0x83,0xff,0x08,0x83,0xff,0x08,0x83,0xff,0x08,0x83,0xff,0x08,0x83,0xff,0x08,0x83,0xff,0x08,0x83,0xff,
    0x08,0x83,0xff,0x08,0x83,0xff,0x08,0x83,0xff,0x08,0x83,0xff,0x08,0x83,0xff,0x08,0x83,0xff,0x08,0x83,0xff,0x08,0x83,0xff,
    0x08,0x83,0xff,0x08,0x83,0xff,0x08,0x83,0xff,0x08,0x83,0xff,0x08,0x83,0xff,0x08,0x83,0xff,0x08,0x83,0xff,0x08,0x83,0xff,
    0x08,0x83,0xff,0x08,0x83,0xff,0x08,0x83,0xff,0x08,0x83,0xff,0x08,0x83,0xff,0x29,0x86,0xc8,0x00,0x00,0x00,0x00,0x00,0x00,
    0x00,0x00,0x00,0x00,0x00,0x00,0x29,0x86,0xc8,0x08,0x83,0xff,0x08,0x83,0xff,0x08,0x83,0xff,0x08,0x83,0xff,0x08,0x83,0xff,
    0x08,0x83,0xff,0x08,0x83,0xff,0x08,0x83,0xff,0x08,0x83,0xff,0x08,0x83,0xff,0x08,0x83,0xff,0x08,0x83,0xff,0x08,0x83,0xff,
    0x08,0x83,0xff,0x08,0x83,0xff,0x08,0x83,0xff,0x08,0x83,0xff,0x08,0x83,0xff,0x08,0x83,0xff,0x08,0x83,0xff,0x08,0x83,0xff,
    0x08,0x83,0xff,0x08,0x83,0xff,0x08,0x83,0xff,0x08,0x83,0xff,0x08,0x83,0xff,0x08,0x83,0xff,0x08,0x83,0xff,0x08,0x83,0xff,
    0x08,0x83,0xff,0x08,0x83,0xff,0x08,0x83,0xff,0x08,0x83,0xff,0x08,0x83,0xff,0x08,0x83,0xff,0x08,0x83,0xff,0x08,0x83,0xff,
    0x08,0x83,0xff,0x08,0x83,0xff,0x08,0x83,0xff,0x08,0x83,0xff,0x08,0x83,0xff,0x08,0x83,0xff,0x08,0x83,0xff,0x08,0x83,0xff,
    0x08,0x83,0xff,0x08,0x83,0xff,0x08,0x83,0xff,0x08,0x83,0xff,0x08,0x83,0xff,0x08,0x83,0xff,0x08,0x83,0xff,0x08,0x83,0xff,
    0x08,0x83,0xff,0x08,0x83,0xff,0x08,0x83,0xff,0x08,0x83,0xff,0x08,0x83,0xff,0x08,0x83,0xff,0x08,0x83,0xff,0x08,0x83,0xff,
    0x08,0x83,0xff,0x08,0x83,0xff,0x08,0x83,0xff,0x08,0x83,0xff,0x08,0x83,0xff,0x08,0x83,0xff,0x08,0x83,0xff,0x08,0x83,0xff,
    0x08,0x83,0xff,0x08,0x83,0xff,0x08,0x83,0xff,0x08,0x83,0xff,0x08,0x83,0xff,0x08,0x83,0xff,0x08,0x83,0xff,0x08,0x83,0xff,
    0x08,0x83,0xff,0x08,0x83,0xff,0x08,0x83,0xff,0x08,0x83,0xff,0x08,0x83,0xff,0x08,0x83,0xff,0x08,0x83,0xff,0x08,0x83,0xff,
    0x08,0x83,0xff,0x08,0x83,0xff,0x08,0x83,0xff,0x08,0x83,0xff,0x08,0x83,0xff,0x08,0x83,0xff,0x08,0x83,0xff,0x08,0x83,0xff,
    0x08,0x83,0xff,0x08,0x83,0xff,0x08,0x83,0xff,0x08,0x83,0xff,0x08,0x83,0xff,0x08,0x83,0xff,0x08,0x83,0xff,0x08,0x83,0xff,
    0x08,0x83,0xff,0x08,0x83,0xff,0x08,0x83,0xff,0x08,0x83,0xff,0x08,0x83,0xff,0x08,0x83,0xff,0x08,0x83,0xff,0x08,0x83,0xff,
    0x08,0x83,0xff,0x08,0x83,0xff,0x08,0x83,0xff,0x08,0x83,0xff,0x08,0x83,0xff,0x08,0x83,0xff,0x08,0x83,0xff,0x08,0x83,0xff,
    0x08,0x83,0xff,0x08,0x83,0xff,0x08,0x83,0xff,0x08,0x83,0xff,0x08,0x83,0xff,0x08,0x83,0xff,0x08,0x83,0xff,0x08,0x83,0xff,
    0x08,0x83,0xff,0x08,0x83,0xff,0x08,0x83,0xff,0x08,0x83,0xff,0x08,0x83,0xff,0x29,0x86,0xc8,0x00,0x00,0x00,0x00,0x00,0x00,
    0x00,0x00,0x00,0x00,0x00,0x00,0x29,0x86,0xc8,0x08,0x83,0xff,0x08,0x83,0xff,0x08,0x83,0xff,0x08,0x83,0xff,0x08,0x83,0xff,
    0x08,0x83,0xff,0x08,0x83,0xff,0x08,0x83,0xff,0x08,0x83,0xff,0x08,0x83,0xff,0x08,0x83,0xff,0x08,0x83,0xff,0x08,0x83,0xff,
    0x08,0x83,0xff,0x08,0x83,0xff,0x08,0x83,0xff,0x08,0x83,0xff,0x08,0x83,0xff,0x08,0x83,0xff,0x08,0x83,0xff,0x08,0x83,0xff,
    0x08,0x83,0xff,0x08,0x83,0xff,0x08,0x83,0xff,0x08,0x83,0xff,0x08,0x83,0xff,0x08,0x83,0xff,0x08,0x83,0xff,0x08,0x83,0xff,
    0x08,0x83,0xff,0x08,0x83,0xff,0x08,0x83,0xff,0x08,0x83,0xff,0x08,0x83,0xff,0x08,0x83,0xff,0x08,0x83,0xff,0x08,0x83,0xff,
    0x08,0x83,0xff,0x08,0x83,0xff,0x08,0x83,0xff,0x08,0x83,0xff,0x08,0x83,0xff,0x08,0x83,0xff,0x08,0x83,0xff,0x08,0x83,0xff,
    0x08,0x83,0xff,0x08,0x83,0xff,0x08,0x83,0xff,0x08,0x83,0xff,0x08,0x83,0xff,0x08,0x83,0xff,0x08,0x83,0xff,0x08,0x83,0xff,
    0x08,0x83,0xff,0x08,0x83,0xff,0x08,0x83,0xff,0x08,0x83,0xff,0x08,0x83,0xff,0x08,0x83,0xff,0x08,0x83,0xff,0x08,0x83,0xff,
    0x08,0x83,0xff,0x08,0x83,0xff,0x08,0x83,0xff,0x08,0x83,0xff,0x08,0x83,0xff,0x08,0x83,0xff,0x08,0x83,0xff,0x08,0x83,0xff,
    0x08,0x83,0xff,0x08,0x83,0xff,0x08,0x83,0xff,0x08,0x83,0xff,0x08,0x83,0xff,0x08,0x83,0xff,0x08,0x83,0xff,0x08,0x83,0xff,
    0x08,0x83,0xff,0x08,0x83,0xff,0x08,0x83,0xff,0x08,0x83,0xff,0x08,0x83,0xff,0x08,0x83,0xff,0x08,0x83,0xff,0x08,0x83,0xff,
    0x08,0x83,0xff,0x08,0x83,0xff,0x08,0x83,0xff,0x08,0x83,0xff,0x08,0x83,0xff,0x08,0x83,0xff,0x08,0x83,0xff,0x08,0x83,0xff,
    0x08,0x83,0xff,0x08,0x83,0xff,0x08,0x83,0xff,0x08,0x83,0xff,0x08,0x83,0xff,0x08,0x83,0xff,0x08,0x83,0xff,0x08,0x83,0xff,
    0x08,0x83,0xff,0x08,0x83,0xff,0x08,0x83,0xff,0x08,0x83,0xff,0x08,0x83,0xff,0x08,0x83,0xff,0x08,0x83,0xff,0x08,0x83,0xff,
    0x08,0x83,0xff,0x08,0x83,0xff,0x08,0x83,0xff,0x08,0x83,0xff,0x08,0x83,0xff,0x08,0x83,0xff,0x08,0x83,0xff,0x08,0x83,0xff,
    0x08,0x83,0xff,0x08,0x83,0xff,0x08,0x83,0xff,0x08,0x83,0xff,0x08,0x83,0xff,0x08,0x83,0xff,0x08,0x83,0xff,0x08,0x83,0xff,
    0x08,0x83,0xff,0x08,0x83,0xff,0x08,0x83,0xff,0x08,0x83,0xff,0x08,0x83,0xff,0x29,0x86,0xc8,0x00,0x00,0x00,0x00,0x00,0x00,
    0x00,0x00,0x00,0x00,0x00,0x00,0x29,0x86,0xc8,0x08,0x83,0xff,0x08,0x83,0xff,0x08,0x83,0xff,0x08,0x83,0xff,0x08,0x83,0xff,
    0x08,0x83,0xff,0x08,0x83,0xff,0x08,0x83,0xff,0x08,0x83,0xff,0x08,0x83,0xff,0x08,0x83,0xff,0x08,0x83,0xff,0x08,0x83,0xff,
    0x08,0x83,0xff,0x08,0x83,0xff,0x08,0x83,0xff,0x08,0x83,0xff,0x08,0x83,0xff,0x08,0x83,0xff,0x08,0x83,0xff,0x08,0x83,0xff,
    0x08,0x83,0xff,0x08,0x83,0xff,0x08,0x83,0xff,0x08,0x83,0xff,0x08,0x83,0xff,0x08,0x83,0xff,0x08,0x83,0xff,0x08,0x83,0xff,
    0x08,0x83,0xff,0x08,0x83,0xff,0x08,0x83,0xff,0x08,0x83,0xff,0x08,0x83,0xff,0x08,0x83,0xff,0x08,0x83,0xff,0x08,0x83,0xff,
    0x08,0x83,0xff,0x08,0x83,0xff,0x08,0x83,0xff,0x08,0x83,0xff,0x08,0x83,0xff,0x08,0x83,0xff,0x08,0x83,0xff,0x08,0x83,0xff,
    0x08,0x83,0xff,0x08,0x83,0xff,0x08,0x83,0xff,0x08,0x83,0xff,0x08,0x83,0xff,0x08,0x83,0xff,0x08,0x83,0xff,0x08,0x83,0xff,
    0x08,0x83,0xff,0x08,0x83,0xff,0x08,0x83,0xff,0x08,0x83,0xff,0x08,0x83,0xff,0x08,0x83,0xff,0x08,0x83,0xff,0x08,0x83,0xff,
    0x08,0x83,0xff,0x08,0x83,0xff,0x08,0x83,0xff,0x08,0x83,0xff,0x08,0x83,0xff,0x08,0x83,0xff,0x08,0x83,0xff,0x08,0x83,0xff,
    0x08,0x83,0xff,0x08,0x83,0xff,0x08,0x83,0xff,0x08,0x83,0xff,0x08,0x83,0xff,0x08,0x83,0xff,0x08,0x83,0xff,0x08,0x83,0xff,
    0x08,0x83,0xff,0x08,0x83,0xff,0x08,0x83,0xff,0x08,0x83,0xff,0x08,0x83,0xff,0x08,0x83,0xff,0x08,0x83,0xff,0x08,0x83,0xff,
    0x08,0x83,0xff,0x08,0x83,0xff,0x08,0x83,0xff,0x08,0x83,0xff,0x08,0x83,0xff,0x08,0x83,0xff,0x08,0x83,0xff,0x08,0x83,0xff,
    0x08,0x83,0xff,0x08,0x83,0xff,0x08,0x83,0xff,0x08,0x83,0xff,0x08,0x83,0xff,0x08,0x83,0xff,0x08,0x83,0xff,0x08,0x83,0xff,
    0x08,0x83,0xff,0x08,0x83,0xff,0x08,0x83,0xff,0x08,0x83,0xff,0x08,0x83,0xff,0x08,0x83,0xff,0x08,0x83,0xff,0x08,0x83,0xff,
    0x08,0x83,0xff,0x08,0x83,0xff,0x08,0x83,0xff,0x08,0x83,0xff,0x08,0x83,0xff,0x08,0x83,0xff,0x08,0x83,0xff,0x08,0x83,0xff,
    0x08,0x83,0xff,0x08,0x83,0xff,0x08,0x83,0xff,0x08,0x83,0xff,0x08,0x83,0xff,0x08,0x83,0xff,0x08,0x83,0xff,0x08,0x83,0xff,
    0x08,0x83,0xff,0x08,0x83,0xff,0x08,0x83,0xff,0x08,0x83,0xff,0x08,0x83,0xff,0x29,0x86,0xc8,0x00,0x00,0x00,0x00,0x00,0x00,
    0x00,0x00,0x00,0x00,0x00,0x00,0x29,0x86,0xc8,0x08,0x83,0xff,0x08,0x83,0xff,0x08,0x83,0xff,0x08,0x83,0xff,0x08,0x83,0xff,
    0x08,0x83,0xff,0x08,0x83,0xff,0x08,0x83,0xff,0x08,0x83,0xff,0x08,0x83,0xff,0x08,0x83,0xff,0x08,0x83,0xff,0x08,0x83,0xff,
    0x08,0x83,0xff,0x08,0x83,0xff,0x08,0x83,0xff,0x08,0x83,0xff,0x08,0x83,0xff,0x08,0x83,0xff,0x08,0x83,0xff,0x08,0x83,0xff,
    0x08,0x83,0xff,0x08,0x83,0xff,0x08,0x83,0xff,0x08,0x83,0xff,0x08,0x83,0xff,0x08,0x83,0xff,0x08,0x83,0xff,0x08,0x83,0xff,
    0x08,0x83,0xff,0x08,0x83,0xff,0x08,0x83,0xff,0x08,0x83,0xff,0x08,0x83,0xff,0x08,0x83,0xff,0x08,0x83,0xff,0x08,0x83,0xff,
    0x08,0x83,0xff,0x08,0x83,0xff,0x08,0x83,0xff,0x08,0x83,0xff,0x08,0x83,0xff,0x08,0x83,0xff,0x08,0x83,0xff,0x08,0x83,0xff,
    0x08,0x83,0xff,0x08,0x83,0xff,0x08,0x83,0xff,0x08,0x83,0xff,0x08,0x83,0xff,0x08,0x83,0xff,0x08,0x83,0xff,0x08,0x83,0xff,
    0x08,0x83,0xff,0x08,0x83,0xff,0x08,0x83,0xff,0x08,0x83,0xff,0x08,0x83,0xff,0x08,0x83,0xff,0x08,0x83,0xff,0x08,0x83,0xff,
    0x08,0x83,0xff,0x08,0x83,0xff,0x08,0x83,0xff,0x08,0x83,0xff,0x08,0x83,0xff,0x08,0x83,0xff,0x08,0x83,0xff,0x08,0x83,0xff,
    0x08,0x83,0xff,0x08,0x83,0xff,0x08,0x83,0xff,0x08,0x83,0xff,0x08,0x83,0xff,0x08,0x83,0xff,0x08,0x83,0xff,0x08,0x83,0xff,
    0x08,0x83,0xff,0x08,0x83,0xff,0x08,0x83,0xff,0x08,0x83,0xff,0x08,0x83,0xff,0x08,0x83,0xff,0x08,0x83,0xff,0x08,0x83,0xff,
    0x08,0x83,0xff,0x08,0x83,0xff,0x08,0x83,0xff,0x08,0x83,0xff,0x08,0x83,0xff,0x08,0x83,0xff,0x08,0x83,0xff,0x08,0x83,0xff,
    0x08,0x83,0xff,0x08,0x83,0xff,0x08,0x83,0xff,0x08,0x83,0xff,0x08,0x83,0xff,0x08,0x83,0xff,0x08,0x83,0xff,0x08,0x83,0xff,
    0x08,0x83,0xff,0x08,0x83,0xff,0x08,0x83,0xff,0x08,0x83,0xff,0x08,0x83,0xff,0x08,0x83,0xff,0x08,0x83,0xff,0x08,0x83,0xff,
    0x08,0x83,0xff,0x08,0x83,0xff,0x08,0x83,0xff,0x08,0x83,0xff,0x08,0x83,0xff,0x08,0x83,0xff,0x08,0x83,0xff,0x08,0x83,0xff,
    0x08,0x83,0xff,0x08,0x83,0xff,0x08,0x83,0xff,0x08,0x83,0xff,0x08,0x83,0xff,0x08,0x83,0xff,0x08,0x83,0xff,0x08,0x83,0xff,
    0x08,0x83,0xff,0x08,0x83,0xff,0x08,0x83,0xff,0x08,0x83,0xff,0x08,0x83,0xff,0x29,0x86,0xc8,0x00,0x00,0x00,0x00,0x00,0x00,
    0x00,0x00,0x00,0x00,0x00,0x00,0x29,0x86,0xc8,0x08,0x83,0xff,0x08,0x83,0xff,0x08,0x83,0xff,0x08,0x83,0xff,0x08,0x83,0xff,
    0x08,0x83,0xff,0x08,0x83,0xff,0x08,0x83,0xff,0x08,0x83,0xff,0x08,0x83,0xff,0x08,0x83,0xff,0x08,0x83,0xff,0x08,0x83,0xff,
    0x08,0x83,0xff,0x08,0x83,0xff,0x08,0x83,0xff,0x08,0x83,0xff,0x08,0x83,0xff,0x08,0x83,0xff,0x08,0x83,0xff,0x08,0x83,0xff,
    0x08,0x83,0xff,0x08,0x83,0xff,0x08,0x83,0xff,0x08,0x83,0xff,0x08,0x83,0xff,0x08,0x83,0xff,0x08,0x83,0xff,0x08,0x83,0xff,
    0x08,0x83,0xff,0x08,0x83,0xff,0x08,0x83,0xff,0x08,0x83,0xff,0x08,0x83,0xff,0x08,0x83,0xff,0x08,0x83,0xff,0x08,0x83,0xff,
    0x08,0x83,0xff,0x08,0x83,0xff,0x08,0x83,0xff,0x08,0x83,0xff,0x08,0x83,0xff,0x08,0x83,0xff,0x08,0x83,0xff,0x08,0x83,0xff,
    0x08,0x83,0xff,0x08,0x83,0xff,0x08,0x83,0xff,0x08,0x83,0xff,0x08,0x83,0xff,0x08,0x83,0xff,0x08,0x83,0xff,0x08,0x83,0xff,
    0x08,0x83,0xff,0x08,0x83,0xff,0x08,0x83,0xff,0x08,0x83,0xff,0x08,0x83,0xff,0x08,0x83,0xff,0x08,0x83,0xff,0x08,0x83,0xff,
    0x08,0x83,0xff,0x08,0x83,0xff,0x08,0x83,0xff,0x08,0x83,0xff,0x08,0x83,0xff,0x08,0x83,0xff,0x08,0x83,0xff,0x08,0x83,0xff,
    0x08,0x83,0xff,0x08,0x83,0xff,0x08,0x83,0xff,0x08,0x83,0xff,0x08,0x83,0xff,0x08,0x83,0xff,0x08,0x83,0xff,0x08,0x83,0xff,
    0x08,0x83,0xff,0x08,0x83,0xff,0x08,0x83,0xff,0x08,0x83,0xff,0x08,0x83,0xff,0x08,0x83,0xff,0x08,0x83,0xff,0x08,0x83,0xff,
    0x08,0x83,0xff,0x08,0x83,0xff,0x08,0x83,0xff,0x08,0x83,0xff,0x08,0x83,0xff,0x08,0x83,0xff,0x08,0x83,0xff,0x08,0x83,0xff,
    0x08,0x83,0xff,0x08,0x83,0xff,0x08,0x83,0xff,0x08,0x83,0xff,0x08,0x83,0xff,0x08,0x83,0xff,0x08,0x83,0xff,0x08,0x83,0xff,
    0x08,0x83,0xff,0x08,0x83,0xff,0x08,0x83,0xff,0x08,0x83,0xff,0x08,0x83,0xff,0x08,0x83,0xff,0x08,0x83,0xff,0x08,0x83,0xff,
    0x08,0x83,0xff,0x08,0x83,0xff,0x08,0x83,0xff,0x08,0x83,0xff,0x08,0x83,0xff,0x08,0x83,0xff,0x08,0x83,0xff,0x08,0x83,0xff,
    0x08,0x83,0xff,0x08,0x83,0xff,0x08,0x83,0xff,0x08,0x83,0xff,0x08,0x83,0xff,0x08,0x83,0xff,0x08,0x83,0xff,0x08,0x83,0xff,
    0x08,0x83,0xff,0x08,0x83,0xff,0x08,0x83,0xff,0x08,0x83,0xff,0x08,0x83,0xff,0x29,0x86,0xc8,0x00,0x00,0x00,0x00,0x00,0x00,
    0x00,0x00,0x00,0x00,0x00,0x00,0x29,0x86,0xc8,0x08,0x83,0xff,0x08,0x83,0xff,0x08,0x83,0xff,0x08,0x83,0xff,0x08,0x83,0xff,
    0x08,0x83,0xff,0x08,0x83,0xff,0x08,0x83,0xff,0x08,0x83,0xff,0x08,0x83,0xff,0x08,0x83,0xff,0x08,0x83,0xff,0x08,0x83,0xff,
    0x08,0x83,0xff,0x08,0x83,0xff,0x08,0x83,0xff,0x08,0x83,0xff,0x08,0x83,0xff,0x08,0x83,0xff,0x08,0x83,0xff,0x08,0x83,0xff,
    0x08,0x83,0xff,0x08,0x83,0xff,0x08,0x83,0xff,0x08,0x83,0xff,0x08,0x83,0xff,0x08,0x83,0xff,0x08,0x83,0xff,0x08,0x83,0xff,
    0x08,0x83,0xff,0x08,0x83,0xff,0x08,0x83,0xff,0x08,0x83,0xff,0x08,0x83,0xff,0x08,0x83,0xff,0x08,0x83,0xff,0x08,0x83,0xff,
    0x08,0x83,0xff,0x08,0x83,0xff,0x08,0x83,0xff,0x08,0x83,0xff,0x08,0x83,0xff,0x08,0x83,0xff,0x08,0x83,0xff,0x08,0x83,0xff,
    0x08,0x83,0xff,0x08,0x83,0xff,0x08,0x83,0xff,0x08,0x83,0xff,0x08,0x83,0xff,0x08,0x83,0xff,0x08,0x83,0xff,0x08,0x83,0xff,
    0x08,0x83,0xff,0x08,0x83,0xff,0x08,0x83,0xff,0x08,0x83,0xff,0x08,0x83,0xff,0x08,0x83,0xff,0x08,0x83,0xff,0x08,0x83,0xff,
    0x08,0x83,0xff,0x08,0x83,0xff,0x08,0x83,0xff,0x08,0x83,0xff,0x08,0x83,0xff,0x08,0x83,0xff,0x08,0x83,0xff,0x08,0x83,0xff,
    0x08,0x83,0xff,0x08,0x83,0xff,0x08,0x83,0xff,0x08,0x83,0xff,0x08,0x83,0xff,0x08,0x83,0xff,0x08,0x83,0xff,0x08,0x83,0xff,
    0x08,0x83,0xff,0x08,0x83,0xff,0x08,0x83,0xff,0x08,0x83,0xff,0x08,0x83,0xff,0x08,0x83,0xff,0x08,0x83,0xff,0x08,0x83,0xff,
    0x08,0x83,0xff,0x08,0x83,0xff,0x08,0x83,0xff,0x08,0x83,0xff,0x08,0x83,0xff,0x08,0x83,0xff,0x08,0x83,0xff,0x08,0x83,0xff,
    0x08,0x83,0xff,0x08,0x83,0xff,0x08,0x83,0xff,0x08,0x83,0xff,0x08,0x83,0xff,0x08,0x83,0xff,0x08,0x83,0xff,0x08,0x83,0xff,
    0x08,0x83,0xff,0x08,0x83,0xff,0x08,0x83,0xff,0x08,0x83,0xff,0x08,0x83,0xff,0x08,0x83,0xff,0x08,0x83,0xff,0x08,0x83,0xff,
    0x08,0x83,0xff,0x08,0x83,0xff,0x08,0x83,0xff,0x08,0x83,0xff,0x08,0x83,0xff,0x08,0x83,0xff,0x08,0x83,0xff,0x08,0x83,0xff,
    0x08,0x83,0xff,0x08,0x83,0xff,0x08,0x83,0xff,0x08,0x83,0xff,0x08,0x83,0xff,0x08,0x83,0xff,0x08,0x83,0xff,0x08,0x83,0xff,
    0x08,0x83,0xff,0x08,0x83,0xff,0x08,0x83,0xff,0x08,0x83,0xff,0x08,0x83,0xff,0x29,0x86,0xc8,0x00,0x00,0x00,0x00,0x00,0x00,
    0x00,0x00,0x00,0x00,0x00,0x00,0x29,0x86,0xc8,0x08,0x83,0xff,0x08,0x83,0xff,0x08,0x83,0xff,0x08,0x83,0xff,0x08,0x83,0xff,
    0x08,0x83,0xff,0x08,0x83,0xff,0x08,0x83,0xff,0x08,0x83,0xff,0x08,0x83,0xff,0x08,0x83,0xff,0x08,0x83,0xff,0x08,0x83,0xff,
    0x08,0x83,0xff,0x08,0x83,0xff,0x08,0x83,0xff,0x08,0x83,0xff,0x08,0x83,0xff,0x08,0x83,0xff,0x08,0x83,0xff,0x08,0x83,0xff,
    0x08,0x83,0xff,0x08,0x83,0xff,0x08,0x83,0xff,0x08,0x83,0xff,0x08,0x83,0xff,0x08,0x83,0xff,0x08,0x83,0xff,0x08,0x83,0xff,
    0x08,0x83,0xff,0x08,0x83,0xff,0x08,0x83,0xff,0x08,0x83,0xff,0x08,0x83,0xff,0x08,0x83,0xff,0x08,0x83,0xff,0x08,0x83,0xff,
    0x08,0x83,0xff,0x08,0x83,0xff,0x08,0x83,0xff,0x08,0x83,0xff,0x08,0x83,0xff,0x08,0x83,0xff,0x08,0x83,0xff,0x08,0x83,0xff,
    0x08,0x83,0xff,0x08,0x83,0xff,0x08,0x83,0xff,0x08,0x83,0xff,0x08,0x83,0xff,0x08,0x83,0xff,0x08,0x83,0xff,0x08,0x83,0xff,
    0x08,0x83,0xff,0x08,0x83,0xff,0x08,0x83,0xff,0x08,0x83,0xff,0x08,0x83,0xff,0x08,0x83,0xff,0x08,0x83,0xff,0x08,0x83,0xff,
    0x08,0x83,0xff,0x08,0x83,0xff,0x08,0x83,0xff,0x08,0x83,0xff,0x08,0x83,0xff,0x08,0x83,0xff,0x08,0x83,0xff,0x08,0x83,0xff,
    0x08,0x83,0xff,0x08,0x83,0xff,0x08,0x83,0xff,0x08,0x83,0xff,0x08,0x83,0xff,0x08,0x83,0xff,0x08,0x83,0xff,0x08,0x83,0xff,
    0x08,0x83,0xff,0x08,0x83,0xff,0x08,0x83,0xff,0x08,0x83,0xff,0x08,0x83,0xff,0x08,0x83,0xff,0x08,0x83,0xff,0x08,0x83,0xff,
    0x08,0x83,0xff,0x08,0x83,0xff,0x08,0x83,0xff,0x08,0x83,0xff,0x08,0x83,0xff,0x08,0x83,0xff,0x08,0x83,0xff,0x08,0x83,0xff,
    0x08,0x83,0xff,0x08,0x83,0xff,0x08,0x83,0xff,0x08,0x83,0xff,0x08,0x83,0xff,0x08,0x83,0xff,0x08,0x83,0xff,0x08,0x83,0xff,
    0x08,0x83,0xff,0x08,0x83,0xff,0x08,0x83,0xff,0x08,0x83,0xff,0x08,0x83,0xff,0x08,0x83,0xff,0x08,0x83,0xff,0x08,0x83,0xff,
    0x08,0x83,0xff,0x08,0x83,0xff,0x08,0x83,0xff,0x08,0x83,0xff,0x08,0x83,0xff,0x08,0x83,0xff,0x08,0x83,0xff,0x08,0x83,0xff,
    0x08,0x83,0xff,0x08,0x83,0xff,0x08,0x83,0xff,0x08,0x83,0xff,0x08,0x83,0xff,0x08,0x83,0xff,0x08,0x83,0xff,0x08,0x83,0xff,
    0x08,0x83,0xff,0x08,0x83,0xff,0x08,0x83,0xff,0x08,0x83,0xff,0x08,0x83,0xff,0x29,0x86,0xc8,0x00,0x00,0x00,0x00,0x00,0x00,
    0x00,0x00,0x00,0x00,0x00,0x00,0x29,0x86,0xc8,0x08,0x83,0xff,0x08,0x83,0xff,0x08,0x83,0xff,0x08,0x83,0xff,0x08,0x83,0xff,
    0x08,0x83,0xff,0x08,0x83,0xff,0x08,0x83,0xff,0x08,0x83,0xff,0x08,0x83,0xff,0x08,0x83,0xff,0x08,0x83,0xff,0x08,0x83,0xff,
    0x08,0x83,0xff,0x08,0x83,0xff,0x08,0x83,0xff,0x08,0x83,0xff,0x08,0x83,0xff,0x08,0x83,0xff,0x08,0x83,0xff,0x08,0x83,0xff,
    0x08,0x83,0xff,0x08,0x83,0xff,0x08,0x83,0xff,0x08,0x83,0xff,0x08,0x83,0xff,0x08,0x83,0xff,0x08,0x83,0xff,0x08,0x83,0xff,
    0x08,0x83,0xff,0x08,0x83,0xff,0x08,0x83,0xff,0x08,0x83,0xff,0x08,0x83,0xff,0x08,0x83,0xff,0x08,0x83,0xff,0x08,0x83,0xff,
    0x08,0x83,0xff,0x08,0x83,0xff,0x08,0x83,0xff,0x08,0x83,0xff,0x08,0x83,0xff,0x08,0x83,0xff,0x08,0x83,0xff,0x08,0x83,0xff,
    0x08,0x83,0xff,0x08,0x83,0xff,0x08,0x83,0xff,0x08,0x83,0xff,0x08,0x83,0xff,0x08,0x83,0xff,0x08,0x83,0xff,0x08,0x83,0xff,
    0x08,0x83,0xff,0x08,0x83,0xff,0x08,0x83,0xff,0x08,0x83,0xff,0x08,0x83,0xff,0x08,0x83,0xff,0x08,0x83,0xff,0x08,0x83,0xff,
    0x08,0x83,0xff,0x08,0x83,0xff,0x08,0x83,0xff,0x08,0x83,0xff,0x08,0x83,0xff,0x08,0x83,0xff,0x08,0x83,0xff,0x08,0x83,0xff,
    0x08,0x83,0xff,0x08,0x83,0xff,0x08,0x83,0xff,0x08,0x83,0xff,0x08,0x83,0xff,0x08,0x83,0xff,0x08,0x83,0xff,0x08,0x83,0xff,
    0x08,0x83,0xff,0x08,0x83,0xff,0x08,0x83,0xff,0x08,0x83,0xff,0x08,0x83,0xff,0x08,0x83,0xff,0x08,0x83,0xff,0x08,0x83,0xff,
    0x08,0x83,0xff,0x08,0x83,0xff,0x08,0x83,0xff,0x08,0x83,0xff,0x08,0x83,0xff,0x08,0x83,0xff,0x08,0x83,0xff,0x08,0x83,0xff,
    0x08,0x83,0xff,0x08,0x83,0xff,0x08,0x83,0xff,0x08,0x83,0xff,0x08,0x83,0xff,0x08,0x83,0xff,0x08,0x83,0xff,0x08,0x83,0xff,
    0x08,0x83,0xff,0x08,0x83,0xff,0x08,0x83,0xff,0x08,0x83,0xff,0x08,0x83,0xff,0x08,0x83,0xff,0x08,0x83,0xff,0x08,0x83,0xff,
    0x08,0x83,0xff,0x08,0x83,0xff,0x08,0x83,0xff,0x08,0x83,0xff,0x08,0x83,0xff,0x08,0x83,0xff,0x08,0x83,0xff,0x08,0x83,0xff,
    0x08,0x83,0xff,0x08,0x83,0xff,0x08,0x83,0xff,0x08,0x83,0xff,0x08,0x83,0xff,0x08,0x83,0xff,0x08,0x83,0xff,0x08,0x83,0xff,
    0x08,0x83,0xff,0x08,0x83,0xff,0x08,0x83,0xff,0x08,0x83,0xff,0x08,0x83,0xff,0x29,0x86,0xc8,0x00,0x00,0x00,0x00,0x00,0x00,
    0x00,0x00,0x00,0x00,0x00,0x00,0x29,0x86,0xc8,0x08,0x83,0xff,0x08,0x83,0xff,0x08,0x83,0xff,0x08,0x83,0xff,0x08,0x83,0xff,
    0x08,0x83,0xff,0x08,0x83,0xff,0x08,0x83,0xff,0x08,0x83,0xff,0x08,0x83,0xff,0x08,0x83,0xff,0x08,0x83,0xff,0x08,0x83,0xff,
    0x08,0x83,0xff,0x08,0x83,0xff,0x08,0x83,0xff,0x08,0x83,0xff,0x08,0x83,0xff,0x08,0x83,0xff,0x08,0x83,0xff,0x08,0x83,0xff,
    0x08,0x83,0xff,0x08,0x83,0xff,0x08,0x83,0xff,0x08,0x83,0xff,0x08,0x83,0xff,0x08,0x83,0xff,0x08,0x83,0xff,0x08,0x83,0xff,
    0x08,0x83,0xff,0x08,0x83,0xff,0x08,0x83,0xff,0x08,0x83,0xff,0x08,0x83,0xff,0x08,0x83,0xff,0x08,0x83,0xff,0x08,0x83,0xff,
    0x08,0x83,0xff,0x08,0x83,0xff,0x08,0x83,0xff,0x08,0x83,0xff,0x08,0x83,0xff,0x08,0x83,0xff,0x08,0x83,0xff,0x08,0x83,0xff,
    0x08,0x83,0xff,0x08,0x83,0xff,0x08,0x83,0xff,0x08,0x83,0xff,0x08,0x83,0xff,0x08,0x83,0xff,0x08,0x83,0xff,0x08,0x83,0xff,
    0x08,0x83,0xff,0x08,0x83,0xff,0x08,0x83,0xff,0x08,0x83,0xff,0x08,0x83,0xff,0x08,0x83,0xff,0x08,0x83,0xff,0x08,0x83,0xff,
    0x08,0x83,0xff,0x08,0x83,0xff,0x08,0x83,0xff,0x08,0x83,0xff,0x08,0x83,0xff,0x08,0x83,0xff,0x08,0x83,0xff,0x08,0x83,0xff,
    0x08,0x83,0xff,0x08,0x83,0xff,0x08,0x83,0xff,0x08,0x83,0xff,0x08,0x83,0xff,0x08,0x83,0xff,0x08,0x83,0xff,0x08,0x83,0xff,
    0x08,0x83,0xff,0x08,0x83,0xff,0x08,0x83,0xff,0x08,0x83,0xff,0x08,0x83,0xff,0x08,0x83,0xff,0x08,0x83,0xff,0x08,0x83,0xff,
    0x08,0x83,0xff,0x08,0x83,0xff,0x08,0x83,0xff,0x08,0x83,0xff,0x08,0x83,0xff,0x08,0x83,0xff,0x08,0x83,0xff,0x08,0x83,0xff,
    0x08,0x83,0xff,0x08,0x83,0xff,0x08,0x83,0xff,0x08,0x83,0xff,0x08,0x83,0xff,0x08,0x83,0xff,0x08,0x83,0xff,0x08,0x83,0xff,
    0x08,0x83,0xff,0x08,0x83,0xff,0x08,0x83,0xff,0x08,0x83,0xff,0x08,0x83,0xff,0x08,0x83,0xff,0x08,0x83,0xff,0x08,0x83,0xff,
    0x08,0x83,0xff,0x08,0x83,0xff,0x08,0x83,0xff,0x08,0x83,0xff,0x08,0x83,0xff,0x08,0x83,0xff,0x08,0x83,0xff,0x08,0x83,0xff,
    0x08,0x83,0xff,0x08,0x83,0xff,0x08,0x83,0xff,0x08,0x83,0xff,0x08,0x83,0xff,0x08,0x83,0xff,0x08,0x83,0xff,0x08,0x83,0xff,
    0x08,0x83,0xff,0x08,0x83,0xff,0x08,0x83,0xff,0x08,0x83,0xff,0x08,0x83,0xff,0x29,0x86,0xc8,0x00,0x00,0x00,0x00,0x00,0x00,
    0x00,0x00,0x00,0x00,0x00,0x00,0x29,0x86,0xc8,0x08,0x83,0xff,0x08,0x83,0xff,0x08,0x83,0xff,0x08,0x83,0xff,0x08,0x83,0xff,
    0x08,0x83,0xff,0x08,0x83,0xff,0x08,0x83,0xff,0x08,0x83,0xff,0x08,0x83,0xff,0x08,0x83,0xff,0x08,0x83,0xff,0x08,0x83,0xff,
    0x08,0x83,0xff,0x08,0x83,0xff,0x08,0x83,0xff,0x08,0x83,0xff,0x08,0x83,0xff,0x08,0x83,0xff,0x08,0x83,0xff,0x08,0x83,0xff,
    0x08,0x83,0xff,0x08,0x83,0xff,0x08,0x83,0xff,0x08,0x83,0xff,0x08,0x83,0xff,0x08,0x83,0xff,0x08,0x83,0xff,0x08,0x83,0xff,
    0x08,0x83,0xff,0x08,0x83,0xff,0x08,0x83,0xff,0x08,0x83,0xff,0x08,0x83,0xff,0x08,0x83,0xff,0x08,0x83,0xff,0x08,0x83,0xff,
    0x08,0x83,0xff,0x08,0x83,0xff,0x08,0x83,0xff,0x08,0x83,0xff,0x08,0x83,0xff,0x08,0x83,0xff,0x08,0x83,0xff,0x08,0x83,0xff,
    0x08,0x83,0xff,0x08,0x83,0xff,0x08,0x83,0xff,0x08,0x83,0xff,0x08,0x83,0xff,0x08,0x83,0xff,0x08,0x83,0xff,0x08,0x83,0xff,
    0x08,0x83,0xff,0x08,0x83,0xff,0x08,0x83,0xff,0x08,0x83,0xff,0x08,0x83,0xff,0x08,0x83,0xff,0x08,0x83,0xff,0x08,0x83,0xff,
    0x08,0x83,0xff,0x08,0x83,0xff,0x08,0x83,0xff,0x08,0x83,0xff,0x08,0x83,0xff,0x08,0x83,0xff,0x08,0x83,0xff,0x08,0x83,0xff,
    0x08,0x83,0xff,0x08,0x83,0xff,0x08,0x83,0xff,0x08,0x83,0xff,0x08,0x83,0xff,0x08,0x83,0xff,0x08,0x83,0xff,0x08,0x83,0xff,
    0x08,0x83,0xff,0x08,0x83,0xff,0x08,0x83,0xff,0x08,0x83,0xff,0x08,0x83,0xff,0x08,0x83,0xff,0x08,0x83,0xff,0x08,0x83,0xff,
    0x08,0x83,0xff,0x08,0x83,0xff,0x08,0x83,0xff,0x08,0x83,0xff,0x08,0x83,0xff,0x08,0x83,0xff,0x08,0x83,0xff,0x08,0x83,0xff,
    0x08,0x83,0xff,0x08,0x83,0xff,0x08,0x83,0xff,0x08,0x83,0xff,0x08,0x83,0xff,0x08,0x83,0xff,0x08,0x83,0xff,0x08,0x83,0xff,
    0x08,0x83,0xff,0x08,0x83,0xff,0x08,0x83,0xff,0x08,0x83,0xff,0x08,0x83,0xff,0x08,0x83,0xff,0x08,0x83,0xff,0x08,0x83,0xff,
    0x08,0x83,0xff,0x08,0x83,0xff,0x08,0x83,0xff,0x08,0x83,0xff,0x08,0x83,0xff,0x08,0x83,0xff,0x08,0x83,0xff,0x08,0x83,0xff,
    0x08,0x83,0xff,0x08,0x83,0xff,0x08,0x83,0xff,0x08,0x83,0xff,0x08,0x83,0xff,0x08,0x83,0xff,0x08,0x83,0xff,0x08,0x83,0xff,
    0x08,0x83,0xff,0x08,0x83,0xff,0x08,0x83,0xff,0x08,0x83,0xff,0x08,0x83,0xff,0x29,0x86,0xc8,0x00,0x00,0x00,0x00,0x00,0x00,
    0x00,0x00,0x00,0x00,0x00,0x00,0x29,0x86,0xc8,0x08,0x83,0xff,0x08,0x83,0xff,0x08,0x83,0xff,0x08,0x83,0xff,0x08,0x83,0xff,
    0x08,0x83,0xff,0x08,0x83,0xff,0x08,0x83,0xff,0x08,0x83,0xff,0x08,0x83,0xff,0x08,0x83,0xff,0x08,0x83,0xff,0x08,0x83,0xff,
    0x08,0x83,0xff,0x08,0x83,0xff,0x08,0x83,0xff,0x08,0x83,0xff,0x08,0x83,0xff,0x08,0x83,0xff,0x08,0x83,0xff,0x08,0x83,0xff,
    0x08,0x83,0xff,0x08,0x83,0xff,0x08,0x83,0xff,0x08,0x83,0xff,0x08,0x83,0xff,0x08,0x83,0xff,0x08,0x83,0xff,0x08,0x83,0xff,
    0x08,0x83,0xff,0x08,0x83,0xff,0x08,0x83,0xff,0x08,0x83,0xff,0x08,0x83,0xff,0x08,0x83,0xff,0x08,0x83,0xff,0x08,0x83,0xff,
    0x08,0x83,0xff,0x08,0x83,0xff,0x08,0x83,0xff,0x08,0x83,0xff,0x08,0x83,0xff,0x08,0x83,0xff,0x08,0x83,0xff,0x08,0x83,0xff,
    0x08,0x83,0xff,0x08,0x83,0xff,0x08,0x83,0xff,0x08,0x83,0xff,0x08,0x83,0xff,0x08,0x83,0xff,0x08,0x83,0xff,0x08,0x83,0xff,
    0x08,0x83,0xff,0x08,0x83,0xff,0x08,0x83,0xff,0x08,0x83,0xff,0x08,0x83,0xff,0x08,0x83,0xff,0x08,0x83,0xff,0x08,0x83,0xff,
    0x08,0x83,0xff,0x08,0x83,0xff,0x08,0x83,0xff,0x08,0x83,0xff,0x08,0x83,0xff,0x08,0x83,0xff,0x08,0x83,0xff,0x08,0x83,0xff,
    0x08,0x83,0xff,0x08,0x83,0xff,0x08,0x83,0xff,0x08,0x83,0xff,0x08,0x83,0xff,0x08,0x83,0xff,0x08,0x83,0xff,0x08,0x83,0xff,
    0x08,0x83,0xff,0x08,0x83,0xff,0x08,0x83,0xff,0x08,0x83,0xff,0x08,0x83,0xff,0x08,0x83,0xff,0x08,0x83,0xff,0x08,0x83,0xff,
    0x08,0x83,0xff,0x08,0x83,0xff,0x08,0x83,0xff,0x08,0x83,0xff,0x08,0x83,0xff,0x08,0x83,0xff,0x08,0x83,0xff,0x08,0x83,0xff,
    0x08,0x83,0xff,0x08,0x83,0xff,0x08,0x83,0xff,0x08,0x83,0xff,0x08,0x83,0xff,0x08,0x83,0xff,0x08,0x83,0xff,0x08,0x83,0xff,
    0x08,0x83,0xff,0x08,0x83,0xff,0x08,0x83,0xff,0x08,0x83,0xff,0x08,0x83,0xff,0x08,0x83,0xff,0x08,0x83,0xff,0x08,0x83,0xff,
    0x08,0x83,0xff,0x08,0x83,0xff,0x08,0x83,0xff,0x08,0x83,0xff,0x08,0x83,0xff,0x08,0x83,0xff,0x08,0x83,0xff,0x08,0x83,0xff,
    0x08,0x83,0xff,0x08,0x83,0xff,0x08,0x83,0xff,0x08,0x83,0xff,0x08,0x83,0xff,0x08,0x83,0xff,0x08,0x83,0xff,0x08,0x83,0xff,
    0x08,0x83,0xff,0x08,0x83,0xff,0x08,0x83,0xff,0x08,0x83,0xff,0x08,0x83,0xff,0x29,0x86,0xc8,0x00,0x00,0x00,0x00,0x00,0x00,
    0x00,0x00,0x00,0x00,0x00,0x00,0x29,0x86,0xc8,0x08,0x83,0xff,0x08,0x83,0xff,0x08,0x83,0xff,0x08,0x83,0xff,0x08,0x83,0xff,
    0x08,0x83,0xff,0x08,0x83,0xff,0x08,0x83,0xff,0x08,0x83,0xff,0x08,0x83,0xff,0x08,0x83,0xff,0x08,0x83,0xff,0x08,0x83,0xff,
    0x08,0x83,0xff,0x08,0x83,0xff,0x08,0x83,0xff,0x08,0x83,0xff,0x08,0x83,0xff,0x08,0x83,0xff,0x08,0x83,0xff,0x08,0x83,0xff,
    0x08,0x83,0xff,0x08,0x83,0xff,0x08,0x83,0xff,0x08,0x83,0xff,0x08,0x83,0xff,0x08,0x83,0xff,0x08,0x83,0xff,0x08,0x83,0xff,
    0x08,0x83,0xff,0x08,0x83,0xff,0x08,0x83,0xff,0x08,0x83,0xff,0x08,0x83,0xff,0x08,0x83,0xff,0x08,0x83,0xff,0x08,0x83,0xff,
    0x08,0x83,0xff,0x08,0x83,0xff,0x08,0x83,0xff,0x08,0x83,0xff,0x08,0x83,0xff,0x08,0x83,0xff,0x08,0x83,0xff,0x08,0x83,0xff,
    0x08,0x83,0xff,0x08,0x83,0xff,0x08,0x83,0xff,0x08,0x83,0xff,0x08,0x83,0xff,0x08,0x83,0xff,0x08,0x83,0xff,0x08,0x83,0xff,
    0x08,0x83,0xff,0x08,0x83,0xff,0x08,0x83,0xff,0x08,0x83,0xff,0x08,0x83,0xff,0x08,0x83,0xff,0x08,0x83,0xff,0x08,0x83,0xff,
    0x08,0x83,0xff,0x08,0x83,0xff,0x08,0x83,0xff,0x08,0x83,0xff,0x08,0x83,0xff,0x08,0x83,0xff,0x08,0x83,0xff,0x08,0x83,0xff,
    0x08,0x83,0xff,0x08,0x83,0xff,0x08,0x83,0xff,0x08,0x83,0xff,0x08,0x83,0xff,0x08,0x83,0xff,0x08,0x83,0xff,0x08,0x83,0xff,
    0x08,0x83,0xff,0x08,0x83,0xff,0x08,0x83,0xff,0x08,0x83,0xff,0x08,0x83,0xff,0x08,0x83,0xff,0x08,0x83,0xff,0x08,0x83,0xff,
    0x08,0x83,0xff,0x08,0x83,0xff,0x08,0x83,0xff,0x08,0x83,0xff,0x08,0x83,0xff,0x08,0x83,0xff,0x08,0x83,0xff,0x08,0x83,0xff,
    0x08,0x83,0xff,0x08,0x83,0xff,0x08,0x83,0xff,0x08,0x83,0xff,0x08,0x83,0xff,0x08,0x83,0xff,0x08,0x83,0xff,0x08,0x83,0xff,
    0x08,0x83,0xff,0x08,0x83,0xff,0x08,0x83,0xff,0x08,0x83,0xff,0x08,0x83,0xff,0x08,0x83,0xff,0x08,0x83,0xff,0x08,0x83,0xff,
    0x08,0x83,0xff,0x08,0x83,0xff,0x08,0x83,0xff,0x08,0x83,0xff,0x08,0x83,0xff,0x08,0x83,0xff,0x08,0x83,0xff,0x08,0x83,0xff,
    0x08,0x83,0xff,0x08,0x83,0xff,0x08,0x83,0xff,0x08,0x83,0xff,0x08,0x83,0xff,0x08,0x83,0xff,0x08,0x83,0xff,0x08,0x83,0xff,
    0x08,0x83,0xff,0x08,0x83,0xff,0x08,0x83,0xff,0x08,0x83,0xff,0x08,0x83,0xff,0x29,0x86,0xc8,0x00,0x00,0x00,0x00,0x00,0x00,
    0x00,0x00,0x00,0x00,0x00,0x00,0x29,0x86,0xc8,0x08,0x83,0xff,0x08,0x83,0xff,0x08,0x83,0xff,0x08,0x83,0xff,0x08,0x83,0xff,
    0x08,0x83,0xff,0x08,0x83,0xff,0x08,0x83,0xff,0x08,0x83,0xff,0x08,0x83,0xff,0x08,0x83,0xff,0x08,0x83,0xff,0x08,0x83,0xff,
    0x08,0x83,0xff,0x08,0x83,0xff,0x08,0x83,0xff,0x08,0x83,0xff,0x08,0x83,0xff,0x08,0x83,0xff,0x08,0x83,0xff,0x08,0x83,0xff,
    0x08,0x83,0xff,0x08,0x83,0xff,0x08,0x83,0xff,0x08,0x83,0xff,0x08,0x83,0xff,0x08,0x83,0xff,0x08,0x83,0xff,0x08,0x83,0xff,
    0x08,0x83,0xff,0x08,0x83,0xff,0x08,0x83,0xff,0x08,0x83,0xff,0x08,0x83,0xff,0x08,0x83,0xff,0x08,0x83,0xff,0x08,0x83,0xff,
    0x08,0x83,0xff,0x08,0x83,0xff,0x08,0x83,0xff,0x08,0x83,0xff,0x08,0x83,0xff,0x08,0x83,0xff,0x08,0x83,0xff,0x08,0x83,0xff,
    0x08,0x83,0xff,0x08,0x83,0xff,0x08,0x83,0xff,0x08,0x83,0xff,0x08,0x83,0xff,0x08,0x83,0xff,0x08,0x83,0xff,0x08,0x83,0xff,
    0x08,0x83,0xff,0x08,0x83,0xff,0x08,0x83,0xff,0x08,0x83,0xff,0x08,0x83,0xff,0x08,0x83,0xff,0x08,0x83,0xff,0x08,0x83,0xff,
    0x08,0x83,0xff,0x08,0x83,0xff,0x08,0x83,0xff,0x08,0x83,0xff,0x08,0x83,0xff,0x08,0x83,0xff,0x08,0x83,0xff,0x08,0x83,0xff,
    0x08,0x83,0xff,0x08,0x83,0xff,0x08,0x83,0xff,0x08,0x83,0xff,0x08,0x83,0xff,0x08,0x83,0xff,0x08,0x83,0xff,0x08,0x83,0xff,
    0x08,0x83,0xff,0x08,0x83,0xff,0x08,0x83,0xff,0x08,0x83,0xff,0x08,0x83,0xff,0x08,0x83,0xff,0x08,0x83,0xff,0x08,0x83,0xff,
    0x08,0x83,0xff,0x08,0x83,0xff,0x08,0x83,0xff,0x08,0x83,0xff,0x08,0x83,0xff,0x08,0x83,0xff,0x08,0x83,0xff,0x08,0x83,0xff,
    0x08,0x83,0xff,0x08,0x83,0xff,0x08,0x83,0xff,0x08,0x83,0xff,0x08,0x83,0xff,0x08,0x83,0xff,0x08,0x83,0xff,0x08,0x83,0xff,
    0x08,0x83,0xff,0x08,0x83,0xff,0x08,0x83,0xff,0x08,0x83,0xff,0x08,0x83,0xff,0x08,0x83,0xff,0x08,0x83,0xff,0x08,0x83,0xff,
    0x08,0x83,0xff,0x08,0x83,0xff,0x08,0x83,0xff,0x08,0x83,0xff,0x08,0x83,0xff,0x08,0x83,0xff,0x08,0x83,0xff,0x08,0x83,0xff,
    0x08,0x83,0xff,0x08,0x83,0xff,0x08,0x83,0xff,0x08,0x83,0xff,0x08,0x83,0xff,0x08,0x83,0xff,0x08,0x83,0xff,0x08,0x83,0xff,
    0x08,0x83,0xff,0x08,0x83,0xff,0x08,0x83,0xff,0x08,0x83,0xff,0x08,0x83,0xff,0x29,0x86,0xc8,0x00,0x00,0x00,0x00,0x00,0x00,
    0x00,0x00,0x00,0x00,0x00,0x00,0x29,0x86,0xc8,0x08,0x83,0xff,0x08,0x83,0xff,0x08,0x83,0xff,0x08,0x83,0xff,0x08,0x83,0xff,
    0x08,0x83,0xff,0x08,0x83,0xff,0x08,0x83,0xff,0x08,0x83,0xff,0x08,0x83,0xff,0x08,0x83,0xff,0x08,0x83,0xff,0x08,0x83,0xff,
    0x08,0x83,0xff,0x08,0x83,0xff,0x08,0x83,0xff,0x08,0x83,0xff,0x08,0x83,0xff,0x08,0x83,0xff,0x08,0x83,0xff,0x08,0x83,0xff,
    0x08,0x83,0xff,0x08,0x83,0xff,0x08,0x83,0xff,0x08,0x83,0xff,0x08,0x83,0xff,0x08,0x83,0xff,0x08,0x83,0xff,0x08,0x83,0xff,
    0x08,0x83,0xff,0x08,0x83,0xff,0x08,0x83,0xff,0x08,0x83,0xff,0x08,0x83,0xff,0x08,0x83,0xff,0x08,0x83,0xff,0x08,0x83,0xff,
    0x08,0x83,0xff,0x08,0x83,0xff,0x08,0x83,0xff,0x08,0x83,0xff,0x08,0x83,0xff,0x08,0x83,0xff,0x08,0x83,0xff,0x08,0x83,0xff,
    0x08,0x83,0xff,0x08,0x83,0xff,0x08,0x83,0xff,0x08,0x83,0xff,0x08,0x83,0xff,0x08,0x83,0xff,0x08,0x83,0xff,0x08,0x83,0xff,
    0x08,0x83,0xff,0x08,0x83,0xff,0x08,0x83,0xff,0x08,0x83,0xff,0x08,0x83,0xff,0x08,0x83,0xff,0x08,0x83,0xff,0x08,0x83,0xff,
    0x08,0x83,0xff,0x08,0x83,0xff,0x08,0x83,0xff,0x08,0x83,0xff,0x08,0x83,0xff,0x08,0x83,0xff,0x08,0x83,0xff,0x08,0x83,0xff,
    0x08,0x83,0xff,0x08,0x83,0xff,0x08,0x83,0xff,0x08,0x83,0xff,0x08,0x83,0xff,0x08,0x83,0xff,0x08,0x83,0xff,0x08,0x83,0xff,
    0x08,0x83,0xff,0x08,0x83,0xff,0x08,0x83,0xff,0x08,0x83,0xff,0x08,0x83,0xff,0x08,0x83,0xff,0x08,0x83,0xff,0x08,0x83,0xff,
    0x08,0x83,0xff,0x08,0x83,0xff,0x08,0x83,0xff,0x08,0x83,0xff,0x08,0x83,0xff,0x08,0x83,0xff,0x08,0x83,0xff,0x08,0x83,0xff,
    0x08,0x83,0xff,0x08,0x83,0xff,0x08,0x83,0xff,0x08,0x83,0xff,0x08,0x83,0xff,0x08,0x83,0xff,0x08,0x83,0xff,0x08,0x83,0xff,
    0x08,0x83,0xff,0x08,0x83,0xff,0x08,0x83,0xff,0x08,0x83,0xff,0x08,0x83,0xff,0x08,0x83,0xff,0x08,0x83,0xff,0x08,0x83,0xff,
    0x08,0x83,0xff,0x08,0x83,0xff,0x08,0x83,0xff,0x08,0x83,0xff,0x08,0x83,0xff,0x08,0x83,0xff,0x08,0x83,0xff,0x08,0x83,0xff,
    0x08,0x83,0xff,0x08,0x83,0xff,0x08,0x83,0xff,0x08,0x83,0xff,0x08,0x83,0xff,0x08,0x83,0xff,0x08,0x83,0xff,0x08,0x83,0xff,
    0x08,0x83,0xff,0x08,0x83,0xff,0x08,0x83,0xff,0x08,0x83,0xff,0x08,0x83,0xff,0x29,0x86,0xc8,0x00,0x00,0x00,0x00,0x00,0x00,
    0x00,0x00,0x00,0x00,0x00,0x00,0x29,0x86,0xc8,0x08,0x83,0xff,0x08,0x83,0xff,0x08,0x83,0xff,0x08,0x83,0xff,0x08,0x83,0xff,
    0x08,0x83,0xff,0x08,0x83,0xff,0x08,0x83,0xff,0x08,0x83,0xff,0x08,0x83,0xff,0x08,0x83,0xff,0x08,0x83,0xff,0x08,0x83,0xff,
    0x08,0x83,0xff,0x08,0x83,0xff,0x08,0x83,0xff,0x08,0x83,0xff,0x08,0x83,0xff,0x08,0x83,0xff,0x08,0x83,0xff,0x08,0x83,0xff,
    0x08,0x83,0xff,0x08,0x83,0xff,0x08,0x83,0xff,0x08,0x83,0xff,0x08,0x83,0xff,0x08,0x83,0xff,0x08,0x83,0xff,0x08,0x83,0xff,
    0x08,0x83,0xff,0x08,0x83,0xff,0x08,0x83,0xff,0x08,0x83,0xff,0x08,0x83,0xff,0x08,0x83,0xff,0x08,0x83,0xff,0x08,0x83,0xff,
    0x08,0x83,0xff,0x08,0x83,0xff,0x08,0x83,0xff,0x08,0x83,0xff,0x08,0x83,0xff,0x08,0x83,0xff,0x08,0x83,0xff,0x08,0x83,0xff,
    0x08,0x83,0xff,0x08,0x83,0xff,0x08,0x83,0xff,0x08,0x83,0xff,0x08,0x83,0xff,0x08,0x83,0xff,0x08,0x83,0xff,0x08,0x83,0xff,
    0x08,0x83,0xff,0x08,0x83,0xff,0x08,0x83,0xff,0x08,0x83,0xff,0x08,0x83,0xff,0x08,0x83,0xff,0x08,0x83,0xff,0x08,0x83,0xff,
    0x08,0x83,0xff,0x08,0x83,0xff,0x08,0x83,0xff,0x08,0x83,0xff,0x08,0x83,0xff,0x08,0x83,0xff,0x08,0x83,0xff,0x08,0x83,0xff,
    0x08,0x83,0xff,0x08,0x83,0xff,0x08,0x83,0xff,0x08,0x83,0xff,0x08,0x83,0xff,0x08,0x83,0xff,0x08,0x83,0xff,0x08,0x83,0xff,
    0x08,0x83,0xff,0x08,0x83,0xff,0x08,0x83,0xff,0x08,0x83,0xff,0x08,0x83,0xff,0x08,0x83,0xff,0x08,0x83,0xff,0x08,0x83,0xff,
    0x08,0x83,0xff,0x08,0x83,0xff,0x08,0x83,0xff,0x08,0x83,0xff,0x08,0x83,0xff,0x08,0x83,0xff,0x08,0x83,0xff,0x08,0x83,0xff,
    0x08,0x83,0xff,0x08,0x83,0xff,0x08,0x83,0xff,0x08,0x83,0xff,0x08,0x83,0xff,0x08,0x83,0xff,0x08,0x83,0xff,0x08,0x83,0xff,
    0x08,0x83,0xff,0x08,0x83,0xff,0x08,0x83,0xff,0x08,0x83,0xff,0x08,0x83,0xff,0x08,0x83,0xff,0x08,0x83,0xff,0x08,0x83,0xff,
    0x08,0x83,0xff,0x08,0x83,0xff,0x08,0x83,0xff,0x08,0x83,0xff,0x08,0x83,0xff,0x08,0x83,0xff,0x08,0x83,0xff,0x08,0x83,0xff,
    0x08,0x83,0xff,0x08,0x83,0xff,0x08,0x83,0xff,0x08,0x83,0xff,0x08,0x83,0xff,0x08,0x83,0xff,0x08,0x83,0xff,0x08,0x83,0xff,
    0x08,0x83,0xff,0x08,0x83,0xff,0x08,0x83,0xff,0x08,0x83,0xff,0x08,0x83,0xff,0x29,0x86,0xc8,0x00,0x00,0x00,0x00,0x00,0x00,
    0x00,0x00,0x00,0x00,0x00,0x00,0x29,0x86,0xc8,0x08,0x83,0xff,0x08,0x83,0xff,0x08,0x83,0xff,0x08,0x83,0xff,0x08,0x83,0xff,
    0x08,0x83,0xff,0x08,0x83,0xff,0x08,0x83,0xff,0x08,0x83,0xff,0x08,0x83,0xff,0x08,0x83,0xff,0x08,0x83,0xff,0x08,0x83,0xff,
    0x08,0x83,0xff,0x08,0x83,0xff,0x08,0x83,0xff,0x08,0x83,0xff,0x08,0x83,0xff,0x08,0x83,0xff,0x08,0x83,0xff,0x08,0x83,0xff,
    0x08,0x83,0xff,0x08,0x83,0xff,0x08,0x83,0xff,0x08,0x83,0xff,0x08,0x83,0xff,0x08,0x83,0xff,0x08,0x83,0xff,0x08,0x83,0xff,
    0x08,0x83,0xff,0x08,0x83,0xff,0x08,0x83,0xff,0x08,0x83,0xff,0x08,0x83,0xff,0x08,0x83,0xff,0x08,0x83,0xff,0x08,0x83,0xff,
    0x08,0x83,0xff,0x08,0x83,0xff,0x08,0x83,0xff,0x08,0x83,0xff,0x08,0x83,0xff,0x08,0x83,0xff,0x08,0x83,0xff,0x08,0x83,0xff,
    0x08,0x83,0xff,0x08,0x83,0xff,0x08,0x83,0xff,0x08,0x83,0xff,0x08,0x83,0xff,0x08,0x83,0xff,0x08,0x83,0xff,0x08,0x83,0xff,
    0x08,0x83,0xff,0x08,0x83,0xff,0x08,0x83,0xff,0x08,0x83,0xff,0x08,0x83,0xff,0x08,0x83,0xff,0x08,0x83,0xff,0x08,0x83,0xff,
    0x08,0x83,0xff,0x08,0x83,0xff,0x08,0x83,0xff,0x08,0x83,0xff,0x08,0x83,0xff,0x08,0x83,0xff,0x08,0x83,0xff,0x08,0x83,0xff,
    0x08,0x83,0xff,0x08,0x83,0xff,0x08,0x83,0xff,0x08,0x83,0xff,0x08,0x83,0xff,0x08,0x83,0xff,0x08,0x83,0xff,0x08,0x83,0xff,
    0x08,0x83,0xff,0x08,0x83,0xff,0x08,0x83,0xff,0x08,0x83,0xff,0x08,0x83,0xff,0x08,0x83,0xff,0x08,0x83,0xff,0x08,0x83,0xff,
    0x08,0x83,0xff,0x08,0x83,0xff,0x08,0x83,0xff,0x08,0x83,0xff,0x08,0x83,0xff,0x08,0x83,0xff,0x08,0x83,0xff,0x08,0x83,0xff,
    0x08,0x83,0xff,0x08,0x83,0xff,0x08,0x83,0xff,0x08,0x83,0xff,0x08,0x83,0xff,0x08,0x83,0xff,0x08,0x83,0xff,0x08,0x83,0xff,
    0x08,0x83,0xff,0x08,0x83,0xff,0x08,0x83,0xff,0x08,0x83,0xff,0x08,0x83,0xff,0x08,0x83,0xff,0x08,0x83,0xff,0x08,0x83,0xff,
    0x08,0x83,0xff,0x08,0x83,0xff,0x08,0x83,0xff,0x08,0x83,0xff,0x08,0x83,0xff,0x08,0x83,0xff,0x08,0x83,0xff,0x08,0x83,0xff,
    0x08,0x83,0xff,0x08,0x83,0xff,0x08,0x83,0xff,0x08,0x83,0xff,0x08,0x83,0xff,0x08,0x83,0xff,0x08,0x83,0xff,0x08,0x83,0xff,
    0x08,0x83,0xff,0x08,0x83,0xff,0x08,0x83,0xff,0x08,0x83,0xff,0x08,0x83,0xff,0x29,0x86,0xc8,0x00,0x00,0x00,0x00,0x00,0x00,
    0x00,0x00,0x00,0x00,0x00,0x00,0x29,0x86,0xc8,0x08,0x83,0xff,0x08,0x83,0xff,0x08,0x83,0xff,0x08,0x83,0xff,0x08,0x83,0xff,
    0x08,0x83,0xff,0x08,0x83,0xff,0x08,0x83,0xff,0x08,0x83,0xff,0x08,0x83,0xff,0x08,0x83,0xff,0x08,0x83,0xff,0x08,0x83,0xff,
    0x08,0x83,0xff,0x08,0x83,0xff,0x08,0x83,0xff,0x08,0x83,0xff,0x08,0x83,0xff,0x08,0x83,0xff,0x08,0x83,0xff,0x08,0x83,0xff,
    0x08,0x83,0xff,0x08,0x83,0xff,0x08,0x83,0xff,0x08,0x83,0xff,0x08,0x83,0xff,0x08,0x83,0xff,0x08,0x83,0xff,0x08,0x83,0xff,
    0x08,0x83,0xff,0x08,0x83,0xff,0x08,0x83,0xff,0x08,0x83,0xff,0x08,0x83,0xff,0x08,0x83,0xff,0x08,0x83,0xff,0x08,0x83,0xff,
    0x08,0x83,0xff,0x08,0x83,0xff,0x08,0x83,0xff,0x08,0x83,0xff,0x08,0x83,0xff,0x08,0x83,0xff,0x08,0x83,0xff,0x08,0x83,0xff,
    0x08,0x83,0xff,0x08,0x83,0xff,0x08,0x83,0xff,0x08,0x83,0xff,0x08,0x83,0xff,0x08,0x83,0xff,0x08,0x83,0xff,0x08,0x83,0xff,
    0x08,0x83,0xff,0x08,0x83,0xff,0x08,0x83,0xff,0x08,0x83,0xff,0x08,0x83,0xff,0x08,0x83,0xff,0x08,0x83,0xff,0x08,0x83,0xff,
    0x08,0x83,0xff,0x08,0x83,0xff,0x08,0x83,0xff,0x08,0x83,0xff,0x08,0x83,0xff,0x08,0x83,0xff,0x08,0x83,0xff,0x08,0x83,0xff,
    0x08,0x83,0xff,0x08,0x83,0xff,0x08,0x83,0xff,0x08,0x83,0xff,0x08,0x83,0xff,0x08,0x83,0xff,0x08,0x83,0xff,0x08,0x83,0xff,
    0x08,0x83,0xff,0x08,0x83,0xff,0x08,0x83,0xff,0x08,0x83,0xff,0x08,0x83,0xff,0x08,0x83,0xff,0x08,0x83,0xff,0x08,0x83,0xff,
    0x08,0x83,0xff,0x08,0x83,0xff,0x08,0x83,0xff,0x08,0x83,0xff,0x08,0x83,0xff,0x08,0x83,0xff,0x08,0x83,0xff,0x08,0x83,0xff,
    0x08,0x83,0xff,0x08,0x83,0xff,0x08,0x83,0xff,0x08,0x83,0xff,0x08,0x83,0xff,0x08,0x83,0xff,0x08,0x83,0xff,0x08,0x83,0xff,
    0x08,0x83,0xff,0x08,0x83,0xff,0x08,0x83,0xff,0x08,0x83,0xff,0x08,0x83,0xff,0x08,0x83,0xff,0x08,0x83,0xff,0x08,0x83,0xff,
    0x08,0x83,0xff,0x08,0x83,0xff,0x08,0x83,0xff,0x08,0x83,0xff,0x08,0x83,0xff,0x08,0x83,0xff,0x08,0x83,0xff,0x08,0x83,0xff,
    0x08,0x83,0xff,0x08,0x83,0xff,0x08,0x83,0xff,0x08,0x83,0xff,0x08,0x83,0xff,0x08,0x83,0xff,0x08,0x83,0xff,0x08,0x83,0xff,
    0x08,0x83,0xff,0x08,0x83,0xff,0x08,0x83,0xff,0x08,0x83,0xff,0x08,0x83,0xff,0x29,0x86,0xc8,0x00,0x00,0x00,0x00,0x00,0x00,
    0x00,0x00,0x00,0x00,0x00,0x00,0x29,0x86,0xc8,0x08,0x83,0xff,0x08,0x83,0xff,0x08,0x83,0xff,0x08,0x83,0xff,0x08,0x83,0xff,
    0x08,0x83,0xff,0x08,0x83,0xff,0x08,0x83,0xff,0x08,0x83,0xff,0x08,0x83,0xff,0x08,0x83,0xff,0x08,0x83,0xff,0x08,0x83,0xff,
    0x08,0x83,0xff,0x08,0x83,0xff,0x08,0x83,0xff,0x08,0x83,0xff,0x08,0x83,0xff,0x08,0x83,0xff,0x08,0x83,0xff,0x08,0x83,0xff,
    0x08,0x83,0xff,0x08,0x83,0xff,0x08,0x83,0xff,0x08,0x83,0xff,0x08,0x83,0xff,0x08,0x83,0xff,0x08,0x83,0xff,0x08,0x83,0xff,
    0x08,0x83,0xff,0x08,0x83,0xff,0x08,0x83,0xff,0x08,0x83,0xff,0x08,0x83,0xff,0x08,0x83,0xff,0x08,0x83,0xff,0x08,0x83,0xff,
    0x08,0x83,0xff,0x08,0x83,0xff,0x08,0x83,0xff,0x08,0x83,0xff,0x08,0x83,0xff,0x08,0x83,0xff,0x08,0x83,0xff,0x08,0x83,0xff,
    0x08,0x83,0xff,0x08,0x83,0xff,0x08,0x83,0xff,0x08,0x83,0xff,0x08,0x83,0xff,0x08,0x83,0xff,0x08,0x83,0xff,0x08,0x83,0xff,
    0x08,0x83,0xff,0x08,0x83,0xff,0x08,0x83,0xff,0x08,0x83,0xff,0x08,0x83,0xff,0x08,0x83,0xff,0x08,0x83,0xff,0x08,0x83,0xff,
    0x08,0x83,0xff,0x08,0x83,0xff,0x08,0x83,0xff,0x08,0x83,0xff,0x08,0x83,0xff,0x08,0x83,0xff,0x08,0x83,0xff,0x08,0x83,0xff,
    0x08,0x83,0xff,0x08,0x83,0xff,0x08,0x83,0xff,0x08,0x83,0xff,0x08,0x83,0xff,0x08,0x83,0xff,0x08,0x83,0xff,0x08,0x83,0xff,
    0x08,0x83,0xff,0x08,0x83,0xff,0x08,0x83,0xff,0x08,0x83,0xff,0x08,0x83,0xff,0x08,0x83,0xff,0x08,0x83,0xff,0x08,0x83,0xff,
    0x08,0x83,0xff,0x08,0x83,0xff,0x08,0x83,0xff,0x08,0x83,0xff,0x08,0x83,0xff,0x08,0x83,0xff,0x08,0x83,0xff,0x08,0x83,0xff,
    0x08,0x83,0xff,0x08,0x83,0xff,0x08,0x83,0xff,0x08,0x83,0xff,0x08,0x83,0xff,0x08,0x83,0xff,0x08,0x83,0xff,0x08,0x83,0xff,
    0x08,0x83,0xff,0x08,0x83,0xff,0x08,0x83,0xff,0x08,0x83,0xff,0x08,0x83,0xff,0x08,0x83,0xff,0x08,0x83,0xff,0x08,0x83,0xff,
    0x08,0x83,0xff,0x08,0x83,0xff,0x08,0x83,0xff,0x08,0x83,0xff,0x08,0x83,0xff,0x08,0x83,0xff,0x08,0x83,0xff,0x08,0x83,0xff,
    0x08,0x83,0xff,0x08,0x83,0xff,0x08,0x83,0xff,0x08,0x83,0xff,0x08,0x83,0xff,0x08,0x83,0xff,0x08,0x83,0xff,0x08,0x83,0xff,
    0x08,0x83,0xff,0x08,0x83,0xff,0x08,0x83,0xff,0x08,0x83,0xff,0x08,0x83,0xff,0x29,0x86,0xc8,0x00,0x00,0x00,0x00,0x00,0x00,
    0x00,0x00,0x00,0x00,0x00,0x00,0x29,0x86,0xc8,0x08,0x83,0xff,0x08,0x83,0xff,0x08,0x83,0xff,0x08,0x83,0xff,0x08,0x83,0xff,
    0x08,0x83,0xff,0x08,0x83,0xff,0x08,0x83,0xff,0x08,0x83,0xff,0x08,0x83,0xff,0x08,0x83,0xff,0x08,0x83,0xff,0x08,0x83,0xff,
    0x08,0x83,0xff,0x08,0x83,0xff,0x08,0x83,0xff,0x08,0x83,0xff,0x08,0x83,0xff,0x08,0x83,0xff,0x08,0x83,0xff,0x08,0x83,0xff,
    0x08,0x83,0xff,0x08,0x83,0xff,0x08,0x83,0xff,0x08,0x83,0xff,0x08,0x83,0xff,0x08,0x83,0xff,0x08,0x83,0xff,0x08,0x83,0xff,
    0x08,0x83,0xff,0x08,0x83,0xff,0x08,0x83,0xff,0x08,0x83,0xff,0x08,0x83,0xff,0x08,0x83,0xff,0x08,0x83,0xff,0x08,0x83,0xff,
    0x08,0x83,0xff,0x08,0x83,0xff,0x08,0x83,0xff,0x08,0x83,0xff,0x08,0x83,0xff,0x08,0x83,0xff,0x08,0x83,0xff,0x08,0x83,0xff,
    0x08,0x83,0xff,0x08,0x83,0xff,0x08,0x83,0xff,0x08,0x83,0xff,0x08,0x83,0xff,0x08,0x83,0xff,0x08,0x83,0xff,0x08,0x83,0xff,
    0x08,0x83,0xff,0x08,0x83,0xff,0x08,0x83,0xff,0x08,0x83,0xff,0x08,0x83,0xff,0x08,0x83,0xff,0x08,0x83,0xff,0x08,0x83,0xff,
    0x08,0x83,0xff,0x08,0x83,0xff,0x08,0x83,0xff,0x08,0x83,0xff,0x08,0x83,0xff,0x08,0x83,0xff,0x08,0x83,0xff,0x08,0x83,0xff,
    0x08,0x83,0xff,0x08,0x83,0xff,0x08,0x83,0xff,0x08,0x83,0xff,0x08,0x83,0xff,0x08,0x83,0xff,0x08,0x83,0xff,0x08,0x83,0xff,
    0x08,0x83,0xff,0x08,0x83,0xff,0x08,0x83,0xff,0x08,0x83,0xff,0x08,0x83,0xff,0x08,0x83,0xff,0x08,0x83,0xff,0x08,0x83,0xff,
    0x08,0x83,0xff,0x08,0x83,0xff,0x08,0x83,0xff,0x08,0x83,0xff,0x08,0x83,0xff,0x08,0x83,0xff,0x08,0x83,0xff,0x08,0x83,0xff,
    0x08,0x83,0xff,0x08,0x83,0xff,0x08,0x83,0xff,0x08,0x83,0xff,0x08,0x83,0xff,0x08,0x83,0xff,0x08,0x83,0xff,0x08,0x83,0xff,
    0x08,0x83,0xff,0x08,0x83,0xff,0x08,0x83,0xff,0x08,0x83,0xff,0x08,0x83,0xff,0x08,0x83,0xff,0x08,0x83,0xff,0x08,0x83,0xff,
    0x08,0x83,0xff,0x08,0x83,0xff,0x08,0x83,0xff,0x08,0x83,0xff,0x08,0x83,0xff,0x08,0x83,0xff,0x08,0x83,0xff,0x08,0x83,0xff,
    0x08,0x83,0xff,0x08,0x83,0xff,0x08,0x83,0xff,0x08,0x83,0xff,0x08,0x83,0xff,0x08,0x83,0xff,0x08,0x83,0xff,0x08,0x83,0xff,
    0x08,0x83,0xff,0x08,0x83,0xff,0x08,0x83,0xff,0x08,0x83,0xff,0x08,0x83,0xff,0x29,0x86,0xc8,0x00,0x00,0x00,0x00,0x00,0x00,
    0x00,0x00,0x00,0x00,0x00,0x00,0x29,0x86,0xc8,0x08,0x83,0xff,0x08,0x83,0xff,0x08,0x83,0xff,0x08,0x83,0xff,0x08,0x83,0xff,
    0x08,0x83,0xff,0x08,0x83,0xff,0x08,0x83,0xff,0x08,0x83,0xff,0x08,0x83,0xff,0x08,0x83,0xff,0x08,0x83,0xff,0x08,0x83,0xff,
    0x08,0x83,0xff,0x08,0x83,0xff,0x08,0x83,0xff,0x08,0x83,0xff,0x08,0x83,0xff,0x08,0x83,0xff,0x08,0x83,0xff,0x08,0x83,0xff,
    0x08,0x83,0xff,0x08,0x83,0xff,0x08,0x83,0xff,0x08,0x83,0xff,0x08,0x83,0xff,0x08,0x83,0xff,0x08,0x83,0xff,0x08,0x83,0xff,
    0x08,0x83,0xff,0x08,0x83,0xff,0x08,0x83,0xff,0x08,0x83,0xff,0x08,0x83,0xff,0x08,0x83,0xff,0x08,0x83,0xff,0x08,0x83,0xff,
    0x08,0x83,0xff,0x5b,0x0d,0xff,0xb6,0x19,0xff,0xce,0xdd,0xff,0xbe,0x5a,0xff,0x7c,0x32,0xff,0x10,0xa3,0xff,0x31,0xc8,0xff,
    0xd6,0xfd,0xff,0xd6,0xfd,0xff,0xd6,0xfd,0xff,0xd6,0xfd,0xff,0xd6,0xfd,0xff,0x8c,0xb4,0xff,0xa5,0x77,0xff,0xd6,0xfd,0xff,
    0xd6,0xfd,0xff,0xd6,0xfd,0xff,0xd6,0xfd,0xff,0xd6,0xfd,0xff,0x6b,0xd0,0xff,0xa5,0x77,0xff,0xd6,0xfd,0xff,0xd6,0xfd,0xff,
    0xd6,0xfd,0xff,0xd6,0xfd,0xff,0xd6,0xfd,0xff,0x6b,0xd0,0xff,0x3a,0x29,0xff,0xd6,0xfd,0xff,0x52,0xcc,0xff,0x31,0xa8,0xff,
    0xd6,0xfd,0xff,0x94,0xf5,0xff,0x08,0x83,0xff,0x08,0x83,0xff,0x5b,0x2d,0xff,0xd6,0xfd,0xff,0x18,0xe4,0xff,0x08,0x83,0xff,
    0x10,0xc3,0xff,0x73,0xf1,0xff,0xbe,0x5a,0xff,0xce,0xdc,0xff,0xbe,0x3a,0xff,0x73,0xf1,0xff,0x10,0xa3,0xff,0x08,0x83,0xff,
    0x08,0x83,0xff,0x5b,0x0d,0xff,0xb6,0x19,0xff,0xce,0xdd,0xff,0xbe,0x5a,0xff,0x7c,0x32,0xff,0x10,0xa3,0xff,0x08,0x83,0xff,
    0x08,0x83,0xff,0x08,0x83,0xff,0x08,0x83,0xff,0x08,0x83,0xff,0x08,0x83,0xff,0x08,0x83,0xff,0x08,0x83,0xff,0x08,0x83,0xff,
    0x08,0x83,0xff,0x08,0x83,0xff,0x08,0x83,0xff,0x08,0x83,0xff,0x08,0x83,0xff,0x08,0x83,0xff,0x08,0x83,0xff,0x08,0x83,0xff,
    0x08,0x83,0xff,0x08,0x83,0xff,0x08,0x83,0xff,0x08,0x83,0xff,0x08,0x83,0xff,0x08,0x83,0xff,0x08,0x83,0xff,0x08,0x83,0xff,
    0x08,0x83,0xff,0x08,0x83,0xff,0x08,0x83,0xff,0x08,0x83,0xff,0x08,0x83,0xff,0x08,0x83,0xff,0x08,0x83,0xff,0x08,0x83,0xff,
    0x08,0x83,0xff,0x08,0x83,0xff,0x08,0x83,0xff,0x08,0x83,0xff,0x08,0x83,0xff,0x29,0x86,0xc8,0x00,0x00,0x00,0x00,0x00,0x00,
    0x00,0x00,0x00,0x00,0x00,0x00,0x29,0x86,0xc8,0x08,0x83,0xff,0x08,0x83,0xff,0x08,0x83,0xff,0x08,0x83,0xff,0x08,0x83,0xff,
    0x08,0x83,0xff,0x08,0x83,0xff,0x08,0x83,0xff,0x08,0x83,0xff,0x08,0x83,0xff,0x08,0x83,0xff,0x08,0x83,0xff,0x08,0x83,0xff,
    0x08,0x83,0xff,0x08,0x83,0xff,0x08,0x83,0xff,0x08,0x83,0xff,0x08,0x83,0xff,0x08,0x83,0xff,0x08,0x83,0xff,0x08,0x83,0xff,
    0x08,0x83,0xff,0x08,0x83,0xff,0x08,0x83,0xff,0x08,0x83,0xff,0x08,0x83,0xff,0x08,0x83,0xff,0x08,0x83,0xff,0x08,0x83,0xff,
    0x08,0x83,0xff,0x08,0x83,0xff,0x08,0x83,0xff,0x08,0x83,0xff,0x08,0x83,0xff,0x08,0x83,0xff,0x08,0x83,0xff,0x08,0x83,0xff,
    0x29,0x87,0xff,0xd6,0xfd,0xff,0x6b,0xb0,0xff,0x10,0xc3,0xff,0x4a,0x8b,0xff,0xd6,0xfd,0xff,0x63,0x4e,0xff,0x31,0xc8,0xff,
    0xd6,0xfd,0xff,0x5b,0x0d,0xff,0x08,0x83,0xff,0x08,0x83,0xff,0x08,0x83,0xff,0x08,0x83,0xff,0x08,0x83,0xff,0x08,0x83,0xff,
    0x5b,0x4e,0xff,0xd6,0xfd,0xff,0x29,0x87,0xff,0x08,0x83,0xff,0x08,0x83,0xff,0x08,0x83,0xff,0x08,0x83,0xff,0x5b,0x4e,0xff,
    0xd6,0xfd,0xff,0x29,0x87,0xff,0x08,0x83,0xff,0x08,0x83,0xff,0x3a,0x29,0xff,0xd6,0xfd,0xff,0x52,0xcc,0xff,0x31,0xa8,0xff,
    0xd6,0xfd,0xff,0xd6,0xfd,0xff,0x52,0xcc,0xff,0x08,0x83,0xff,0x5b,0x2d,0xff,0xd6,0xfd,0xff,0x18,0xe4,0xff,0x08,0x83,0xff,
    0x95,0x15,0xff,0xbe,0x5b,0xff,0x3a,0x29,0xff,0x10,0xc3,0xff,0x42,0x4a,0xff,0xce,0xbc,0xff,0x74,0x11,0xff,0x08,0x83,0xff,
    0x29,0x87,0xff,0xd6,0xfd,0xff,0x6b,0xb0,0xff,0x10,0xc3,0xff,0x4a,0x8b,0xff,0xd6,0xfd,0xff,0x63,0x4e,0xff,0x08,0x83,0xff,
    0x08,0x83,0xff,0x08,0x83,0xff,0x08,0x83,0xff,0x08,0x83,0xff,0x08,0x83,0xff,0x08,0x83,0xff,0x08,0x83,0xff,0x08,0x83,0xff,
    0x08,0x83,0xff,0x08,0x83,0xff,0x08,0x83,0xff,0x08,0x83,0xff,0x08,0x83,0xff,0x08,0x83,0xff,0x08,0x83,0xff,0x08,0x83,0xff,
    0x08,0x83,0xff,0x08,0x83,0xff,0x08,0x83,0xff,0x08,0x83,0xff,0x08,0x83,0xff,0x08,0x83,0xff,0x08,0x83,0xff,0x08,0x83,0xff,
    0x08,0x83,0xff,0x08,0x83,0xff,0x08,0x83,0xff,0x08,0x83,0xff,0x08,0x83,0xff,0x08,0x83,0xff,0x08,0x83,0xff,0x08,0x83,0xff,
    0x08,0x83,0xff,0x08,0x83,0xff,0x08,0x83,0xff,0x08,0x83,0xff,0x08,0x83,0xff,0x29,0x86,0xc8,0x00,0x00,0x00,0x00,0x00,0x00,
    0x00,0x00,0x00,0x00,0x00,0x00,0x29,0x86,0xc8,0x08,0x83,0xff,0x08,0x83,0xff,0x08,0x83,0xff,0x08,0x83,0xff,0x08,0x83,0xff,
    0x08,0x83,0xff,0x08,0x83,0xff,0x08,0x83,0xff,0x08,0x83,0xff,0x08,0x83,0xff,0x08,0x83,0xff,0x08,0x83,0xff,0x08,0x83,0xff,
    0x08,0x83,0xff,0x08,0x83,0xff,0x08,0x83,0xff,0x08,0x83,0xff,0x08,0x83,0xff,0x08,0x83,0xff,0x08,0x83,0xff,0x08,0x83,0xff,
    0x08,0x83,0xff,0x08,0x83,0xff,0x08,0x83,0xff,0x08,0x83,0xff,0x08,0x83,0xff,0x08,0x83,0xff,0x08,0x83,0xff,0x08,0x83,0xff,
    0x08,0x83,0xff,0x08,0x83,0xff,0x08,0x83,0xff,0x08,0x83,0xff,0x08,0x83,0xff,0x08,0x83,0xff,0x08,0x83,0xff,0x08,0x83,0xff,
    0x3a,0x09,0xff,0xd6,0xfd,0xff,0x63,0x4e,0xff,0x08,0x83,0xff,0x08,0x83,0xff,0x08,0x83,0xff,0x08,0x83,0xff,0x31,0xc8,0xff,
    0xd6,0xfd,0xff,0x5b,0x0d,0xff,0x08,0x83,0xff,0x08,0x83,0xff,0x08,0x83,0xff,0x08,0x83,0xff,0x08,0x83,0xff,0x08,0x83,0xff,
    0x5b,0x4e,0xff,0xd6,0xfd,0xff,0x29,0x87,0xff,0x08,0x83,0xff,0x08,0x83,0xff,0x08,0x83,0xff,0x08,0x83,0xff,0x5b,0x4e,0xff,
    0xd6,0xfd,0xff,0x29,0x87,0xff,0x08,0x83,0xff,0x08,0x83,0xff,0x3a,0x29,0xff,0xd6,0xfd,0xff,0x52,0xcc,0xff,0x31,0xa8,0xff,
    0xd6,0xfd,0xff,0xd6,0xfd,0xff,0xc6,0x9b,0xff,0x19,0x25,0xff,0x5b,0x2d,0xff,0xd6,0xfd,0xff,0x18,0xe4,0xff,0x31,0xe8,0xff,
    0xd6,0xfd,0xff,0x5b,0x2e,0xff,0x08,0x83,0xff,0x08,0x83,0xff,0x08,0x83,0xff,0x08,0x83,0xff,0x08,0x83,0xff,0x08,0x83,0xff,
    0x3a,0x09,0xff,0xd6,0xfd,0xff,0x63,0x4e,0xff,0x08,0x83,0xff,0x08,0x83,0xff,0x08,0x83,0xff,0x08,0x83,0xff,0x08,0x83,0xff,
    0x08,0x83,0xff,0x08,0x83,0xff,0x08,0x83,0xff,0x08,0x83,0xff,0x08,0x83,0xff,0x08,0x83,0xff,0x08,0x83,0xff,0x08,0x83,0xff,
    0x08,0x83,0xff,0x08,0x83,0xff,0x08,0x83,0xff,0x08,0x83,0xff,0x08,0x83,0xff,0x08,0x83,0xff,0x08,0x83,0xff,0x08,0x83,0xff,
    0x08,0x83,0xff,0x08,0x83,0xff,0x08,0x83,0xff,0x08,0x83,0xff,0x08,0x83,0xff,0x08,0x83,0xff,0x08,0x83,0xff,0x08,0x83,0xff,
    0x08,0x83,0xff,0x08,0x83,0xff,0x08,0x83,0xff,0x08,0x83,0xff,0x08,0x83,0xff,0x08,0x83,0xff,0x08,0x83,0xff,0x08,0x83,0xff,
    0x08,0x83,0xff,0x08,0x83,0xff,0x08,0x83,0xff,0x08,0x83,0xff,0x08,0x83,0xff,0x29,0x86,0xc8,0x00,0x00,0x00,0x00,0x00,0x00,
    0x00,0x00,0x00,0x00,0x00,0x00,0x29,0x86,0xc8,0x08,0x83,0xff,0x08,0x83,0xff,0x08,0x83,0xff,0x08,0x83,0xff,0x08,0x83,0xff,
    0x08,0x83,0xff,0x08,0x83,0xff,0x08,0x83,0xff,0x08,0x83,0xff,0x08,0x83,0xff,0x08,0x83,0xff,0x08,0x83,0xff,0x08,0x83,0xff,
    0x08,0x83,0xff,0x08,0x83,0xff,0x08,0x83,0xff,0x08,0x83,0xff,0x08,0x83,0xff,0x08,0x83,0xff,0x08,0x83,0xff,0x08,0x83,0xff,
    0x08,0x83,0xff,0x08,0x83,0xff,0x08,0x83,0xff,0x08,0x83,0xff,0x08,0x83,0xff,0x08,0x83,0xff,0x08,0x83,0xff,0x08,0x83,0xff,
    0x08,0x83,0xff,0x08,0x83,0xff,0x08,0x83,0xff,0x08,0x83,0xff,0x08,0x83,0xff,0x08,0x83,0xff,0x08,0x83,0xff,0x08,0x83,0xff,
    0x08,0x83,0xff,0x94,0xf5,0xff,0xd6,0xfd,0xff,0x9d,0x57,0xff,0x53,0x0d,0xff,0x10,0xc4,0xff,0x08,0x83,0xff,0x31,0xc8,0xff,
    0xd6,0xfd,0xff,0xd6,0xfd,0xff,0xd6,0xfd,0xff,0xd6,0xfd,0xff,0xd6,0xfd,0xff,0x52,0xcc,0xff,0x08,0x83,0xff,0x08,0x83,0xff,
    0x5b,0x4e,0xff,0xd6,0xfd,0xff,0x29,0x87,0xff,0x08,0x83,0xff,0x08,0x83,0xff,0x08,0x83,0xff,0x08,0x83,0xff,0x5b,0x4e,0xff,
    0xd6,0xfd,0xff,0x29,0x87,0xff,0x08,0x83,0xff,0x08,0x83,0xff,0x3a,0x29,0xff,0xd6,0xfd,0xff,0x52,0xcc,0xff,0x31,0xa8,0xff,
    0xd6,0xfd,0xff,0xad,0xb8,0xff,0xd6,0xfd,0xff,0x94,0xf5,0xff,0x5b,0x2d,0xff,0xd6,0xfd,0xff,0x18,0xe4,0xff,0x5b,0x2e,0xff,
    0xd6,0xfd,0xff,0x31,0xe8,0xff,0x08,0x83,0xff,0x08,0x83,0xff,0x08,0x83,0xff,0x08,0x83,0xff,0x08,0x83,0xff,0x08,0x83,0xff,
    0x08,0x83,0xff,0x94,0xf5,0xff,0xd6,0xfd,0xff,0x9d,0x57,0xff,0x53,0x0d,0xff,0x10,0xc4,0xff,0x08,0x83,0xff,0x08,0x83,0xff,
    0x08,0x83,0xff,0x08,0x83,0xff,0x08,0x83,0xff,0x08,0x83,0xff,0x08,0x83,0xff,0x08,0x83,0xff,0x08,0x83,0xff,0x08,0x83,0xff,
    0x08,0x83,0xff,0x08,0x83,0xff,0x08,0x83,0xff,0x08,0x83,0xff,0x08,0x83,0xff,0x08,0x83,0xff,0x08,0x83,0xff,0x08,0x83,0xff,
    0x08,0x83,0xff,0x08,0x83,0xff,0x08,0x83,0xff,0x08,0x83,0xff,0x08,0x83,0xff,0x08,0x83,0xff,0x08,0x83,0xff,0x08,0x83,0xff,
    0x08,0x83,0xff,0x08,0x83,0xff,0x08,0x83,0xff,0x08,0x83,0xff,0x08,0x83,0xff,0x08,0x83,0xff,0x08,0x83,0xff,0x08,0x83,0xff,
    0x08,0x83,0xff,0x08,0x83,0xff,0x08,0x83,0xff,0x08,0x83,0xff,0x08,0x83,0xff,0x29,0x86,0xc8,0x00,0x00,0x00,0x00,0x00,0x00,
    0x00,0x00,0x00,0x00,0x00,0x00,0x29,0x86,0xc8,0x08,0x83,0xff,0x08,0x83,0xff,0x08,0x83,0xff,0x08,0x83,0xff,0x08,0x83,0xff,
    0x08,0x83,0xff,0x08,0x83,0xff,0x08,0x83,0xff,0x08,0x83,0xff,0x08,0x83,0xff,0x08,0x83,0xff,0x08,0x83,0xff,0x08,0x83,0xff,
    0x08,0x83,0xff,0x08,0x83,0xff,0x08,0x83,0xff,0x08,0x83,0xff,0x08,0x83,0xff,0x08,0x83,0xff,0x08,0x83,0xff,0x08,0x83,0xff,
    0x08,0x83,0xff,0x08,0x83,0xff,0x08,0x83,0xff,0x08,0x83,0xff,0x08,0x83,0xff,0x08,0x83,0xff,0x08,0x83,0xff,0x08,0x83,0xff,
    0x08,0x83,0xff,0x08,0x83,0xff,0x08,0x83,0xff,0x08,0x83,0xff,0x08,0x83,0xff,0x08,0x83,0xff,0x08,0x83,0xff,0x08,0x83,0xff,
    0x08,0x83,0xff,0x08,0x83,0xff,0x42,0x4a,0xff,0x84,0x93,0xff,0xc6,0x9b,0xff,0xbe,0x7b,0xff,0x3a,0x09,0xff,0x31,0xc8,0xff,
    0xd6,0xfd,0xff,0x5b,0x0d,0xff,0x08,0x83,0xff,0x08,0x83,0xff,0x08,0x83,0xff,0x08,0x83,0xff,0x08,0x83,0xff,0x08,0x83,0xff,
    0x5b,0x4e,0xff,0xd6,0xfd,0xff,0x29,0x87,0xff,0x08,0x83,0xff,0x08,0x83,0xff,0x08,0x83,0xff,0x08,0x83,0xff,0x5b,0x4e,0xff,
    0xd6,0xfd,0xff,0x29,0x87,0xff,0x08,0x83,0xff,0x08,0x83,0xff,0x3a,0x29,0xff,0xd6,0xfd,0xff,0x52,0xcc,0xff,0x31,0xa8,0xff,
    0xd6,0xfd,0xff,0x4a,0xab,0xff,0xad,0xf9,0xff,0xd6,0xfd,0xff,0xa5,0x77,0xff,0xd6,0xfd,0xff,0x18,0xe4,0xff,0x5b,0x2e,0xff,
    0xd6,0xfd,0xff,0x3a,0x09,0xff,0x08,0x83,0xff,0x73,0xf1,0xff,0xd6,0xfd,0xff,0xd6,0xfd,0xff,0xbe,0x5a,0xff,0x08,0x83,0xff,
    0x08,0x83,0xff,0x08,0x83,0xff,0x42,0x4a,0xff,0x84,0x93,0xff,0xc6,0x9b,0xff,0xbe,0x7b,0xff,0x3a,0x09,0xff,0x08,0x83,0xff,
    0x08,0x83,0xff,0x08,0x83,0xff,0x08,0x83,0xff,0x08,0x83,0xff,0x08,0x83,0xff,0x08,0x83,0xff,0x08,0x83,0xff,0x08,0x83,0xff,
    0x08,0x83,0xff,0x08,0x83,0xff,0x08,0x83,0xff,0x08,0x83,0xff,0x08,0x83,0xff,0x08,0x83,0xff,0x08,0x83,0xff,0x08,0x83,0xff,
    0x08,0x83,0xff,0x08,0x83,0xff,0x08,0x83,0xff,0x08,0x83,0xff,0x08,0x83,0xff,0x08,0x83,0xff,0x08,0x83,0xff,0x08,0x83,0xff,
    0x08,0x83,0xff,0x08,0x83,0xff,0x08,0x83,0xff,0x08,0x83,0xff,0x08,0x83,0xff,0x08,0x83,0xff,0x08,0x83,0xff,0x08,0x83,0xff,
    0x08,0x83,0xff,0x08,0x83,0xff,0x08,0x83,0xff,0x08,0x83,0xff,0x08,0x83,0xff,0x29,0x86,0xc8,0x00,0x00,0x00,0x00,0x00,0x00,
    0x00,0x00,0x00,0x00,0x00,0x00,0x29,0x86,0xc8,0x08,0x83,0xff,0x08,0x83,0xff,0x08,0x83,0xff,0x08,0x83,0xff,0x08,0x83,0xff,
    0x08,0x83,0xff,0x08,0x83,0xff,0x08,0x83,0xff,0x08,0x83,0xff,0x08,0x83,0xff,0x08,0x83,0xff,0x08,0x83,0xff,0x08,0x83,0xff,
    0x08,0x83,0xff,0x08,0x83,0xff,0x08,0x83,0xff,0x08,0x83,0xff,0x08,0x83,0xff,0x08,0x83,0xff,0x08,0x83,0xff,0x08,0x83,0xff,
    0x08,0x83,0xff,0x08,0x83,0xff,0x08,0x83,0xff,0x08,0x83,0xff,0x08,0x83,0xff,0x08,0x83,0xff,0x08,0x83,0xff,0x08,0x83,0xff,
    0x08,0x83,0xff,0x08,0x83,0xff,0x08,0x83,0xff,0x08,0x83,0xff,0x08,0x83,0xff,0x08,0x83,0xff,0x08,0x83,0xff,0x08,0x83,0xff,
    0x08,0x83,0xff,0x08,0x83,0xff,0x08,0x83,0xff,0x08,0x83,0xff,0x19,0x04,0xff,0xbe,0x5b,0xff,0x9d,0x56,0xff,0x31,0xc8,0xff,
    0xd6,0xfd,0xff,0x5b,0x0d,0xff,0x08,0x83,0xff,0x08,0x83,0xff,0x08,0x83,0xff,0x08,0x83,0xff,0x08,0x83,0xff,0x08,0x83,0xff,
    0x5b,0x4e,0xff,0xd6,0xfd,0xff,0x29,0x87,0xff,0x08,0x83,0xff,0x08,0x83,0xff,0x08,0x83,0xff,0x08,0x83,0xff,0x5b,0x4e,0xff,
    0xd6,0xfd,0xff,0x29,0x87,0xff,0x08,0x83,0xff,0x08,0x83,0xff,0x3a,0x29,0xff,0xd6,0xfd,0xff,0x52,0xcc,0xff,0x31,0xa8,0xff,
    0xd6,0xfd,0xff,0x42,0x6b,0xff,0x31,0xe8,0xff,0xce,0xfd,0xff,0xd6,0xfd,0xff,0xd6,0xfd,0xff,0x18,0xe4,0xff,0x31,0xc8,0xff,
    0xd6,0xfd,0xff,0x63,0x6f,0xff,0x08,0x83,0xff,0x08,0x83,0xff,0x08,0x83,0xff,0x9d,0x36,0xff,0xbe,0x5a,0xff,0x08,0x83,0xff,
    0x08,0x83,0xff,0x08,0x83,0xff,0x08,0x83,0xff,0x08,0x83,0xff,0x19,0x04,0xff,0xbe,0x5b,0xff,0x9d,0x56,0xff,0x08,0x83,0xff,
    0x08,0x83,0xff,0x08,0x83,0xff,0x08,0x83,0xff,0x08,0x83,0xff,0x08,0x83,0xff,0x08,0x83,0xff,0x08,0x83,0xff,0x08,0x83,0xff,
    0x08,0x83,0xff,0x08,0x83,0xff,0x08,0x83,0xff,0x08,0x83,0xff,0x08,0x83,0xff,0x08,0x83,0xff,0x08,0x83,0xff,0x08,0x83,0xff,
    0x08,0x83,0xff,0x08,0x83,0xff,0x08,0x83,0xff,0x08,0x83,0xff,0x08,0x83,0xff,0x08,0x83,0xff,0x08,0x83,0xff,0x08,0x83,0xff,
    0x08,0x83,0xff,0x08,0x83,0xff,0x08,0x83,0xff,0x08,0x83,0xff,0x08,0x83,0xff,0x08,0x83,0xff,0x08,0x83,0xff,0x08,0x83,0xff,
    0x08,0x83,0xff,0x08,0x83,0xff,0x08,0x83,0xff,0x08,0x83,0xff,0x08,0x83,0xff,0x29,0x86,0xc8,0x00,0x00,0x00,0x00,0x00,0x00,
    0x00,0x00,0x00,0x00,0x00,0x00,0x29,0x86,0xc8,0x08,0x83,0xff,0x08,0x83,0xff,0x08,0x83,0xff,0x08,0x83,0xff,0x08,0x83,0xff,
    0x08,0x83,0xff,0x08,0x83,0xff,0x08,0x83,0xff,0x08,0x83,0xff,0x08,0x83,0xff,0x08,0x83,0xff,0x08,0x83,0xff,0x08,0x83,0xff,
    0x08,0x83,0xff,0x08,0x83,0xff,0x08,0x83,0xff,0x08,0x83,0xff,0x08,0x83,0xff,0x08,0x83,0xff,0x08,0x83,0xff,0x08,0x83,0xff,
    0x08,0x83,0xff,0x08,0x83,0xff,0x08,0x83,0xff,0x08,0x83,0xff,0x08,0x83,0xff,0x08,0x83,0xff,0x08,0x83,0xff,0x08,0x83,0xff,
    0x08,0x83,0xff,0x08,0x83,0xff,0x08,0x83,0xff,0x08,0x83,0xff,0x08,0x83,0xff,0x08,0x83,0xff,0x08,0x83,0xff,0x08,0x83,0xff,
    0x5b,0x4e,0xff,0xce,0xfd,0xff,0x4a,0x8b,0xff,0x10,0xa3,0xff,0x31,0xe8,0xff,0xce,0xbc,0xff,0x8c,0xb4,0xff,0x31,0xc8,0xff,
    0xd6,0xfd,0xff,0x5b,0x0d,0xff,0x08,0x83,0xff,0x08,0x83,0xff,0x08,0x83,0xff,0x08,0x83,0xff,0x08,0x83,0xff,0x08,0x83,0xff,
    0x5b,0x4e,0xff,0xd6,0xfd,0xff,0x29,0x87,0xff,0x08,0x83,0xff,0x08,0x83,0xff,0x08,0x83,0xff,0x08,0x83,0xff,0x5b,0x4e,0xff,
    0xd6,0xfd,0xff,0x29,0x87,0xff,0x08,0x83,0xff,0x08,0x83,0xff,0x3a,0x29,0xff,0xd6,0xfd,0xff,0x52,0xcc,0xff,0x31,0xa8,0xff,
    0xd6,0xfd,0xff,0x42,0x6b,0xff,0x08,0x83,0xff,0x73,0xf1,0xff,0xd6,0xfd,0xff,0xd6,0xfd,0xff,0x18,0xe4,0xff,0x08,0x83,0xff,
    0x95,0x15,0xff,0xc6,0x7b,0xff,0x42,0x4a,0xff,0x10,0xe4,0xff,0x4a,0x8b,0xff,0xbe,0x7b,0xff,0xbe,0x5a,0xff,0x08,0x83,0xff,
    0x5b,0x4e,0xff,0xce,0xfd,0xff,0x4a,0x8b,0xff,0x10,0xa3,0xff,0x31,0xe8,0xff,0xce,0xbc,0xff,0x8c,0xb4,0xff,0x08,0x83,0xff,
    0x08,0x83,0xff,0x08,0x83,0xff,0x08,0x83,0xff,0x08,0x83,0xff,0x08,0x83,0xff,0x08,0x83,0xff,0x08,0x83,0xff,0x08,0x83,0xff,
    0x08,0x83,0xff,0x08,0x83,0xff,0x08,0x83,0xff,0x08,0x83,0xff,0x08,0x83,0xff,0x08,0x83,0xff,0x08,0x83,0xff,0x08,0x83,0xff,
    0x08,0x83,0xff,0x08,0x83,0xff,0x08,0x83,0xff,0x08,0x83,0xff,0x08,0x83,0xff,0x08,0x83,0xff,0x08,0x83,0xff,0x08,0x83,0xff,
    0x08,0x83,0xff,0x08,0x83,0xff,0x08,0x83,0xff,0x08,0x83,0xff,0x08,0x83,0xff,0x08,0x83,0xff,0x08,0x83,0xff,0x08,0x83,0xff,
    0x08,0x83,0xff,0x08,0x83,0xff,0x08,0x83,0xff,0x08,0x83,0xff,0x08,0x83,0xff,0x29,0x86,0xc8,0x00,0x00,0x00,0x00,0x00,0x00,
    0x00,0x00,0x00,0x00,0x00,0x00,0x29,0x86,0xc8,0x08,0x83,0xff,0x08,0x83,0xff,0x08,0x83,0xff,0x08,0x83,0xff,0x08,0x83,0xff,
    0x08,0x83,0xff,0x08,0x83,0xff,0x08,0x83,0xff,0x08,0x83,0xff,0x08,0x83,0xff,0x08,0x83,0xff,0x08,0x83,0xff,0x08,0x83,0xff,
    0x08,0x83,0xff,0x08,0x83,0xff,0x08,0x83,0xff,0x08,0x83,0xff,0x08,0x83,0xff,0x08,0x83,0xff,0x08,0x83,0xff,0x08,0x83,0xff,
    0x08,0x83,0xff,0x08,0x83,0xff,0x08,0x83,0xff,0x08,0x83,0xff,0x08,0x83,0xff,0x08,0x83,0xff,0x08,0x83,0xff,0x08,0x83,0xff,
    0x08,0x83,0xff,0x08,0x83,0xff,0x08,0x83,0xff,0x08,0x83,0xff,0x08,0x83,0xff,0x08,0x83,0xff,0x08,0x83,0xff,0x08,0x83,0xff,
    0x08,0xa3,0xff,0x73,0xf1,0xff,0xbe,0x3a,0xff,0xce,0xdd,0xff,0xc6,0x9b,0xff,0x8c,0xd4,0xff,0x19,0x05,0xff,0x31,0xc8,0xff,
    0xd6,0xfd,0xff,0xd6,0xfd,0xff,0xd6,0xfd,0xff,0xd6,0xfd,0xff,0xd6,0xfd,0xff,0xad,0xb8,0xff,0x08,0x83,0xff,0x08,0x83,0xff,
    0x5b,0x4e,0xff,0xd6,0xfd,0xff,0x29,0x87,0xff,0x08,0x83,0xff,0x08,0x83,0xff,0x08,0x83,0xff,0x08,0x83,0xff,0x5b,0x4e,0xff,
    0xd6,0xfd,0xff,0x29,0x87,0xff,0x08,0x83,0xff,0x08,0x83,0xff,0x3a,0x29,0xff,0xd6,0xfd,0xff,0x52,0xcc,0xff,0x31,0xa8,0xff,
    0xd6,0xfd,0xff,0x42,0x6b,0xff,0x08,0x83,0xff,0x10,0xa3,0xff,0xad,0xf9,0xff,0xd6,0xfd,0xff,0x18,0xe4,0xff,0x08,0x83,0xff,
    0x10,0xa3,0xff,0x73,0xf0,0xff,0xb6,0x3a,0xff,0xce,0xdd,0xff,0xbe,0x7b,0xff,0x95,0x15,0xff,0x4a,0x6b,0xff,0x08,0x83,0xff,
    0x08,0xa3,0xff,0x73,0xf1,0xff,0xbe,0x3a,0xff,0xce,0xdd,0xff,0xc6,0x9b,0xff,0x8c,0xd4,0xff,0x19,0x05,0xff,0x08,0x83,0xff,
    0x08,0x83,0xff,0x08,0x83,0xff,0x08,0x83,0xff,0x08,0x83,0xff,0x08,0x83,0xff,0x08,0x83,0xff,0x08,0x83,0xff,0x08,0x83,0xff,
    0x08,0x83,0xff,0x08,0x83,0xff,0x08,0x83,0xff,0x08,0x83,0xff,0x08,0x83,0xff,0x08,0x83,0xff,0x08,0x83,0xff,0x08,0x83,0xff,
    0x08,0x83,0xff,0x08,0x83,0xff,0x08,0x83,0xff,0x08,0x83,0xff,0x08,0x83,0xff,0x08,0x83,0xff,0x08,0x83,0xff,0x08,0x83,0xff,
    0x08,0x83,0xff,0x08,0x83,0xff,0x08,0x83,0xff,0x08,0x83,0xff,0x08,0x83,0xff,0x08,0x83,0xff,0x08,0x83,0xff,0x08,0x83,0xff,
    0x08,0x83,0xff,0x08,0x83,0xff,0x08,0x83,0xff,0x08,0x83,0xff,0x08,0x83,0xff,0x29,0x86,0xc8,0x00,0x00,0x00,0x00,0x00,0x00,
    0x00,0x00,0x00,0x00,0x00,0x00,0x29,0x86,0xc8,0x08,0x83,0xff,0x08,0x83,0xff,0x08,0x83,0xff,0x08,0x83,0xff,0x08,0x83,0xff,
    0x08,0x83,0xff,0x08,0x83,0xff,0x08,0x83,0xff,0x08,0x83,0xff,0x08,0x83,0xff,0x08,0x83,0xff,0x08,0x83,0xff,0x08,0x83,0xff,
    0x08,0x83,0xff,0x08,0x83,0xff,0x08,0x83,0xff,0x08,0x83,0xff,0x08,0x83,0xff,0x08,0x83,0xff,0x08,0x83,0xff,0x08,0x83,0xff,
    0x08,0x83,0xff,0x08,0x83,0xff,0x08,0x83,0xff,0x08,0x83,0xff,0x08,0x83,0xff,0x08,0x83,0xff,0x08,0x83,0xff,0x08,0x83,0xff,
    0x08,0x83,0xff,0x08,0x83,0xff,0x08,0x83,0xff,0x08,0x83,0xff,0x08,0x83,0xff,0x08,0x83,0xff,0x08,0x83,0xff,0x08,0x83,0xff,
    0x08,0x83,0xff,0x08,0x83,0xff,0x08,0x83,0xff,0x08,0x83,0xff,0x08,0x83,0xff,0x08,0x83,0xff,0x08,0x83,0xff,0x08,0x83,0xff,
    0x08,0x83,0xff,0x08,0x83,0xff,0x08,0x83,0xff,0x08,0x83,0xff,0x08,0x83,0xff,0x08,0x83,0xff,0x08,0x83,0xff,0x08,0x83,0xff,
    0x08,0x83,0xff,0x08,0x83,0xff,0x08,0x83,0xff,0x08,0x83,0xff,0x08,0x83,0xff,0x08,0x83,0xff,0x08,0x83,0xff,0x08,0x83,0xff,
    0x08,0x83,0xff,0x08,0x83,0xff,0x08,0x83,0xff,0x08,0x83,0xff,0x08,0x83,0xff,0x08,0x83,0xff,0x08,0x83,0xff,0x08,0x83,0xff,
    0x08,0x83,0xff,0x08,0x83,0xff,0x08,0x83,0xff,0x08,0x83,0xff,0x08,0x83,0xff,0x08,0x83,0xff,0x08,0x83,0xff,0x08,0x83,0xff,
    0x08,0x83,0xff,0x08,0x83,0xff,0x08,0x83,0xff,0x08,0x83,0xff,0x08,0x83,0xff,0x08,0x83,0xff,0x08,0x83,0xff,0x08,0x83,0xff,
    0x08,0x83,0xff,0x08,0x83,0xff,0x08,0x83,0xff,0x08,0x83,0xff,0x08,0x83,0xff,0x08,0x83,0xff,0x08,0x83,0xff,0x08,0x83,0xff,
    0x08,0x83,0xff,0x08,0x83,0xff,0x08,0x83,0xff,0x08,0x83,0xff,0x08,0x83,0xff,0x08,0x83,0xff,0x08,0x83,0xff,0x08,0x83,0xff,
    0x08,0x83,0xff,0x08,0x83,0xff,0x08,0x83,0xff,0x08,0x83,0xff,0x08,0x83,0xff,0x08,0x83,0xff,0x08,0x83,0xff,0x08,0x83,0xff,
    0x08,0x83,0xff,0x08,0x83,0xff,0x08,0x83,0xff,0x08,0x83,0xff,0x08,0x83,0xff,0x08,0x83,0xff,0x08,0x83,0xff,0x08,0x83,0xff,
    0x08,0x83,0xff,0x08,0x83,0xff,0x08,0x83,0xff,0x08,0x83,0xff,0x08,0x83,0xff,0x08,0x83,0xff,0x08,0x83,0xff,0x08,0x83,0xff,
    0x08,0x83,0xff,0x08,0x83,0xff,0x08,0x83,0xff,0x08,0x83,0xff,0x08,0x83,0xff,0x29,0x86,0xc8,0x00,0x00,0x00,0x00,0x00,0x00,
    0x00,0x00,0x00,0x00,0x00,0x00,0x29,0x86,0xc8,0x08,0x83,0xff,0x08,0x83,0xff,0x08,0x83,0xff,0x08,0x83,0xff,0x08,0x83,0xff,
    0x08,0x83,0xff,0x08,0x83,0xff,0x08,0x83,0xff,0x08,0x83,0xff,0x08,0x83,0xff,0x08,0x83,0xff,0x08,0x83,0xff,0x08,0x83,0xff,
    0x08,0x83,0xff,0x08,0x83,0xff,0x08,0x83,0xff,0x08,0x83,0xff,0x08,0x83,0xff,0x08,0x83,0xff,0x08,0x83,0xff,0x08,0x83,0xff,
    0x08,0x83,0xff,0x08,0x83,0xff,0x08,0x83,0xff,0x08,0x83,0xff,0x08,0x83,0xff,0x08,0x83,0xff,0x08,0x83,0xff,0x08,0x83,0xff,
    0x08,0x83,0xff,0x08,0x83,0xff,0x08,0x83,0xff,0x08,0x83,0xff,0x08,0x83,0xff,0x08,0x83,0xff,0x08,0x83,0xff,0x08,0x83,0xff,
    0x08,0x83,0xff,0x08,0x83,0xff,0x08,0x83,0xff,0x08,0x83,0xff,0x08,0x83,0xff,0x08,0x83,0xff,0x08,0x83,0xff,0x08,0x83,0xff,
    0x08,0x83,0xff,0x08,0x83,0xff,0x08,0x83,0xff,0x08,0x83,0xff,0x08,0x83,0xff,0x08,0x83,0xff,0x08,0x83,0xff,0x08,0x83,0xff,
    0x08,0x83,0xff,0x08,0x83,0xff,0x08,0x83,0xff,0x08,0x83,0xff,0x08,0x83,0xff,0x08,0x83,0xff,0x08,0x83,0xff,0x08,0x83,0xff,
    0x08,0x83,0xff,0x08,0x83,0xff,0x08,0x83,0xff,0x08,0x83,0xff,0x08,0x83,0xff,0x08,0x83,0xff,0x08,0x83,0xff,0x08,0x83,0xff,
    0x08,0x83,0xff,0x08,0x83,0xff,0x08,0x83,0xff,0x08,0x83,0xff,0x08,0x83,0xff,0x08,0x83,0xff,0x08,0x83,0xff,0x08,0x83,0xff,
    0x08,0x83,0xff,0x08,0x83,0xff,0x08,0x83,0xff,0x08,0x83,0xff,0x08,0x83,0xff,0x08,0x83,0xff,0x08,0x83,0xff,0x08,0x83,0xff,
    0x08,0x83,0xff,0x08,0x83,0xff,0x08,0x83,0xff,0x08,0x83,0xff,0x08,0x83,0xff,0x08,0x83,0xff,0x08,0x83,0xff,0x08,0x83,0xff,
    0x08,0x83,0xff,0x08,0x83,0xff,0x08,0x83,0xff,0x08,0x83,0xff,0x08,0x83,0xff,0x08,0x83,0xff,0x08,0x83,0xff,0x08,0x83,0xff,
    0x08,0x83,0xff,0x08,0x83,0xff,0x08,0x83,0xff,0x08,0x83,0xff,0x08,0x83,0xff,0x08,0x83,0xff,0x08,0x83,0xff,0x08,0x83,0xff,
    0x08,0x83,0xff,0x08,0x83,0xff,0x08,0x83,0xff,0x08,0x83,0xff,0x08,0x83,0xff,0x08,0x83,0xff,0x08,0x83,0xff,0x08,0x83,0xff,
    0x08,0x83,0xff,0x08,0x83,0xff,0x08,0x83,0xff,0x08,0x83,0xff,0x08,0x83,0xff,0x08,0x83,0xff,0x08,0x83,0xff,0x08,0x83,0xff,
    0x08,0x83,0xff,0x08,0x83,0xff,0x08,0x83,0xff,0x08,0x83,0xff,0x08,0x83,0xff,0x29,0x86,0xc8,0x00,0x00,0x00,0x00,0x00,0x00,
    0x00,0x00,0x00,0x00,0x00,0x00,0x29,0x86,0xc8,0x08,0x83,0xff,0x08,0x83,0xff,0x08,0x83,0xff,0x08,0x83,0xff,0x08,0x83,0xff,
    0x08,0x83,0xff,0x08,0x83,0xff,0x08,0x83,0xff,0x08,0x83,0xff,0x08,0x83,0xff,0x08,0x83,0xff,0x08,0x83,0xff,0x08,0x83,0xff,
    0x08,0x83,0xff,0x08,0x83,0xff,0x08,0x83,0xff,0x08,0x83,0xff,0x08,0x83,0xff,0x08,0x83,0xff,0x08,0x83,0xff,0x08,0x83,0xff,
    0x08,0x83,0xff,0x08,0x83,0xff,0x08,0x83,0xff,0x08,0x83,0xff,0x08,0x83,0xff,0x08,0x83,0xff,0x08,0x83,0xff,0x08,0x83,0xff,
    0x08,0x83,0xff,0x08,0x83,0xff,0x08,0x83,0xff,0x08,0x83,0xff,0x08,0x83,0xff,0x08,0x83,0xff,0x08,0x83,0xff,0x08,0x83,0xff,
    0x08,0x83,0xff,0x08,0x83,0xff,0x08,0x83,0xff,0x08,0x83,0xff,0x08,0x83,0xff,0x08,0x83,0xff,0x08,0x83,0xff,0x08,0x83,0xff,
    0x08,0x83,0xff,0x08,0x83,0xff,0x08,0x83,0xff,0x08,0x83,0xff,0x08,0x83,0xff,0x08,0x83,0xff,0x08,0x83,0xff,0x08,0x83,0xff,
    0x08,0x83,0xff,0x08,0x83,0xff,0x08,0x83,0xff,0x08,0x83,0xff,0x08,0x83,0xff,0x08,0x83,0xff,0x08,0x83,0xff,0x08,0x83,0xff,
    0x08,0x83,0xff,0x08,0x83,0xff,0x08,0x83,0xff,0x08,0x83,0xff,0x08,0x83,0xff,0x08,0x83,0xff,0x08,0x83,0xff,0x08,0x83,0xff,
    0x08,0x83,0xff,0x08,0x83,0xff,0x08,0x83,0xff,0x08,0x83,0xff,0x08,0x83,0xff,0x08,0x83,0xff,0x08,0x83,0xff,0x08,0x83,0xff,
    0x08,0x83,0xff,0x08,0x83,0xff,0x08,0x83,0xff,0x08,0x83,0xff,0x08,0x83,0xff,0x08,0x83,0xff,0x08,0x83,0xff,0x08,0x83,0xff,
    0x08,0x83,0xff,0x08,0x83,0xff,0x08,0x83,0xff,0x08,0x83,0xff,0x08,0x83,0xff,0x08,0x83,0xff,0x08,0x83,0xff,0x08,0x83,0xff,
    0x08,0x83,0xff,0x08,0x83,0xff,0x08,0x83,0xff,0x08,0x83,0xff,0x08,0x83,0xff,0x08,0x83,0xff,0x08,0x83,0xff,0x08,0x83,0xff,
    0x08,0x83,0xff,0x08,0x83,0xff,0x08,0x83,0xff,0x08,0x83,0xff,0x08,0x83,0xff,0x08,0x83,0xff,0x08,0x83,0xff,0x08,0x83,0xff,
    0x08,0x83,0xff,0x08,0x83,0xff,0x08,0x83,0xff,0x08,0x83,0xff,0x08,0x83,0xff,0x08,0x83,0xff,0x08,0x83,0xff,0x08,0x83,0xff,
    0x08,0x83,0xff,0x08,0x83,0xff,0x08,0x83,0xff,0x08,0x83,0xff,0x08,0x83,0xff,0x08,0x83,0xff,0x08,0x83,0xff,0x08,0x83,0xff,
    0x08,0x83,0xff,0x08,0x83,0xff,0x08,0x83,0xff,0x08,0x83,0xff,0x08,0x83,0xff,0x29,0x86,0xc8,0x00,0x00,0x00,0x00,0x00,0x00,
    0x00,0x00,0x00,0x00,0x00,0x00,0x29,0x86,0xc8,0x08,0x83,0xff,0x08,0x83,0xff,0x08,0x83,0xff,0x08,0x83,0xff,0x08,0x83,0xff,
    0x08,0x83,0xff,0x08,0x83,0xff,0x08,0x83,0xff,0x08,0x83,0xff,0x08,0x83,0xff,0x08,0x83,0xff,0x08,0x83,0xff,0x08,0x83,0xff,
    0x08,0x83,0xff,0x08,0x83,0xff,0x08,0x83,0xff,0x08,0x83,0xff,0x08,0x83,0xff,0x08,0x83,0xff,0x08,0x83,0xff,0x08,0x83,0xff,
    0x08,0x83,0xff,0x08,0x83,0xff,0x08,0x83,0xff,0x08,0x83,0xff,0x08,0x83,0xff,0x08,0x83,0xff,0x08,0x83,0xff,0x08,0x83,0xff,
    0x08,0x83,0xff,0x08,0x83,0xff,0x08,0x83,0xff,0x08,0x83,0xff,0x08,0x83,0xff,0x08,0x83,0xff,0x08,0x83,0xff,0x08,0x83,0xff,
    0x08,0x83,0xff,0x08,0x83,0xff,0x08,0x83,0xff,0x08,0x83,0xff,0x08,0x83,0xff,0x08,0x83,0xff,0x08,0x83,0xff,0x08,0x83,0xff,
    0x08,0x83,0xff,0x08,0x83,0xff,0x08,0x83,0xff,0x08,0x83,0xff,0x08,0x83,0xff,0x08,0x83,0xff,0x08,0x83,0xff,0x08,0x83,0xff,
    0x08,0x83,0xff,0x08,0x83,0xff,0x08,0x83,0xff,0x08,0x83,0xff,0x08,0x83,0xff,0x08,0x83,0xff,0x08,0x83,0xff,0x08,0x83,0xff,
    0x08,0x83,0xff,0x08,0x83,0xff,0x08,0x83,0xff,0x08,0x83,0xff,0x08,0x83,0xff,0x08,0x83,0xff,0x08,0x83,0xff,0x08,0x83,0xff,
    0x08,0x83,0xff,0x08,0x83,0xff,0x08,0x83,0xff,0x08,0x83,0xff,0x08,0x83,0xff,0x08,0x83,0xff,0x08,0x83,0xff,0x08,0x83,0xff,
    0x08,0x83,0xff,0x08,0x83,0xff,0x08,0x83,0xff,0x08,0x83,0xff,0x08,0x83,0xff,0x08,0x83,0xff,0x08,0x83,0xff,0x08,0x83,0xff,
    0x08,0x83,0xff,0x08,0x83,0xff,0x08,0x83,0xff,0x08,0x83,0xff,0x08,0x83,0xff,0x08,0x83,0xff,0x08,0x83,0xff,0x08,0x83,0xff,
    0x08,0x83,0xff,0x08,0x83,0xff,0x08,0x83,0xff,0x08,0x83,0xff,0x08,0x83,0xff,0x08,0x83,0xff,0x08,0x83,0xff,0x08,0x83,0xff,
    0x08,0x83,0xff,0x08,0x83,0xff,0x08,0x83,0xff,0x08,0x83,0xff,0x08,0x83,0xff,0x08,0x83,0xff,0x08,0x83,0xff,0x08,0x83,0xff,
    0x08,0x83,0xff,0x08,0x83,0xff,0x08,0x83,0xff,0x08,0x83,0xff,0x08,0x83,0xff,0x08,0x83,0xff,0x08,0x83,0xff,0x08,0x83,0xff,
    0x08,0x83,0xff,0x08,0x83,0xff,0x08,0x83,0xff,0x08,0x83,0xff,0x08,0x83,0xff,0x08,0x83,0xff,0x08,0x83,0xff,0x08,0x83,0xff,
    0x08,0x83,0xff,0x08,0x83,0xff,0x08,0x83,0xff,0x08,0x83,0xff,0x08,0x83,0xff,0x29,0x86,0xc8,0x00,0x00,0x00,0x00,0x00,0x00,
    0x00,0x00,0x00,0x00,0x00,0x00,0x29,0x86,0xc8,0x08,0x83,0xff,0x08,0x83,0xff,0x08,0x83,0xff,0x08,0x83,0xff,0x08,0x83,0xff,
    0x08,0x83,0xff,0x08,0x83,0xff,0x08,0x83,0xff,0x08,0x83,0xff,0x08,0x83,0xff,0x08,0x83,0xff,0x08,0x83,0xff,0x08,0x83,0xff,
    0x08,0x83,0xff,0x08,0x83,0xff,0x08,0x83,0xff,0x08,0x83,0xff,0x08,0x83,0xff,0x08,0x83,0xff,0x08,0x83,0xff,0x08,0x83,0xff,
    0x08,0x83,0xff,0x08,0x83,0xff,0x08,0x83,0xff,0x08,0x83,0xff,0x08,0x83,0xff,0x08,0x83,0xff,0x08,0x83,0xff,0x08,0x83,0xff,
    0x08,0x83,0xff,0x08,0x83,0xff,0x08,0x83,0xff,0x08,0x83,0xff,0x08,0x83,0xff,0x08,0x83,0xff,0x08,0x83,0xff,0x08,0x83,0xff,
    0x08,0x83,0xff,0x08,0x83,0xff,0x08,0x83,0xff,0x08,0x83,0xff,0x08,0x83,0xff,0x08,0x83,0xff,0x08,0x83,0xff,0x08,0x83,0xff,
    0x08,0x83,0xff,0x08,0x83,0xff,0x08,0x83,0xff,0x08,0x83,0xff,0x08,0x83,0xff,0x08,0x83,0xff,0x08,0x83,0xff,0x08,0x83,0xff,
    0x08,0x83,0xff,0x08,0x83,0xff,0x08,0x83,0xff,0x08,0x83,0xff,0x08,0x83,0xff,0x08,0x83,0xff,0x08,0x83,0xff,0x08,0x83,0xff,
    0x08,0x83,0xff,0x08,0x83,0xff,0x08,0x83,0xff,0x08,0x83,0xff,0x08,0x83,0xff,0x08,0x83,0xff,0x08,0x83,0xff,0x08,0x83,0xff,
    0x08,0x83,0xff,0x08,0x83,0xff,0x08,0x83,0xff,0x08,0x83,0xff,0x08,0x83,0xff,0x08,0x83,0xff,0x08,0x83,0xff,0x08,0x83,0xff,
    0x08,0x83,0xff,0x08,0x83,0xff,0x08,0x83,0xff,0x08,0x83,0xff,0x08,0x83,0xff,0x08,0x83,0xff,0x08,0x83,0xff,0x08,0x83,0xff,
    0x08,0x83,0xff,0x08,0x83,0xff,0x08,0x83,0xff,0x08,0x83,0xff,0x08,0x83,0xff,0x08,0x83,0xff,0x08,0x83,0xff,0x08,0x83,0xff,
    0x08,0x83,0xff,0x08,0x83,0xff,0x08,0x83,0xff,0x08,0x83,0xff,0x08,0x83,0xff,0x08,0x83,0xff,0x08,0x83,0xff,0x08,0x83,0xff,
    0x08,0x83,0xff,0x08,0x83,0xff,0x08,0x83,0xff,0x08,0x83,0xff,0x08,0x83,0xff,0x08,0x83,0xff,0x08,0x83,0xff,0x08,0x83,0xff,
    0x08,0x83,0xff,0x08,0x83,0xff,0x08,0x83,0xff,0x08,0x83,0xff,0x08,0x83,0xff,0x08,0x83,0xff,0x08,0x83,0xff,0x08,0x83,0xff,
    0x08,0x83,0xff,0x08,0x83,0xff,0x08,0x83,0xff,0x08,0x83,0xff,0x08,0x83,0xff,0x08,0x83,0xff,0x08,0x83,0xff,0x08,0x83,0xff,
    0x08,0x83,0xff,0x08,0x83,0xff,0x08,0x83,0xff,0x08,0x83,0xff,0x08,0x83,0xff,0x29,0x86,0xc8,0x00,0x00,0x00,0x00,0x00,0x00,
    0x00,0x00,0x00,0x00,0x00,0x00,0x00,0x00,0x00,0x29,0x86,0xc8,0x08,0x83,0xff,0x08,0x83,0xff,0x08,0x83,0xff,0x08,0x83,0xff,
    0x08,0x83,0xff,0x08,0x83,0xff,0x08,0x83,0xff,0x08,0x83,0xff,0x08,0x83,0xff,0x08,0x83,0xff,0x08,0x83,0xff,0x08,0x83,0xff,
    0x08,0x83,0xff,0x08,0x83,0xff,0x08,0x83,0xff,0x08,0x83,0xff,0x08,0x83,0xff,0x08,0x83,0xff,0x08,0x83,0xff,0x08,0x83,0xff,
    0x08,0x83,0xff,0x08,0x83,0xff,0x08,0x83,0xff,0x08,0x83,0xff,0x08,0x83,0xff,0x08,0x83,0xff,0x08,0x83,0xff,0x08,0x83,0xff,
    0x08,0x83,0xff,0x08,0x83,0xff,0x08,0x83,0xff,0x08,0x83,0xff,0x08,0x83,0xff,0x08,0x83,0xff,0x08,0x83,0xff,0x08,0x83,0xff,
    0x08,0x83,0xff,0x08,0x83,0xff,0x08,0x83,0xff,0x08,0x83,0xff,0x08,0x83,0xff,0x08,0x83,0xff,0x08,0x83,0xff,0x08,0x83,0xff,
    0x08,0x83,0xff,0x08,0x83,0xff,0x08,0x83,0xff,0x08,0x83,0xff,0x08,0x83,0xff,0x08,0x83,0xff,0x08,0x83,0xff,0x08,0x83,0xff,
    0x08,0x83,0xff,0x08,0x83,0xff,0x08,0x83,0xff,0x08,0x83,0xff,0x08,0x83,0xff,0x08,0x83,0xff,0x08,0x83,0xff,0x08,0x83,0xff,
    0x08,0x83,0xff,0x08,0x83,0xff,0x08,0x83,0xff,0x08,0x83,0xff,0x08,0x83,0xff,0x08,0x83,0xff,0x08,0x83,0xff,0x08,0x83,0xff,
    0x08,0x83,0xff,0x08,0x83,0xff,0x08,0x83,0xff,0x08,0x83,0xff,0x08,0x83,0xff,0x08,0x83,0xff,0x08,0x83,0xff,0x08,0x83,0xff,
    0x08,0x83,0xff,0x08,0x83,0xff,0x08,0x83,0xff,0x08,0x83,0xff,0x08,0x83,0xff,0x08,0x83,0xff,0x08,0x83,0xff,0x08,0x83,0xff,
    0x08,0x83,0xff,0x08,0x83,0xff,0x08,0x83,0xff,0x08,0x83,0xff,0x08,0x83,0xff,0x08,0x83,0xff,0x08,0x83,0xff,0x08,0x83,0xff,
    0x08,0x83,0xff,0x08,0x83,0xff,0x08,0x83,0xff,0x08,0x83,0xff,0x08,0x83,0xff,0x08,0x83,0xff,0x08,0x83,0xff,0x08,0x83,0xff,
    0x08,0x83,0xff,0x08,0x83,0xff,0x08,0x83,0xff,0x08,0x83,0xff,0x08,0x83,0xff,0x08,0x83,0xff,0x08,0x83,0xff,0x08,0x83,0xff,
    0x08,0x83,0xff,0x08,0x83,0xff,0x08,0x83,0xff,0x08,0x83,0xff,0x08,0x83,0xff,0x08,0x83,0xff,0x08,0x83,0xff,0x08,0x83,0xff,
    0x08,0x83,0xff,0x08,0x83,0xff,0x08,0x83,0xff,0x08,0x83,0xff,0x08,0x83,0xff,0x08,0x83,0xff,0x08,0x83,0xff,0x08,0x83,0xff,
    0x08,0x83,0xff,0x08,0x83,0xff,0x08,0x83,0xff,0x08,0x83,0xff,0x29,0x86,0xc8,0x00,0x00,0x00,0x00,0x00,0x00,0x00,0x00,0x00,
    0x00,0x00,0x00,0x00,0x00,0x00,0x00,0x00,0x00,0x29,0x86,0xc8,0x08,0x83,0xff,0x08,0x83,0xff,0x08,0x83,0xff,0x08,0x83,0xff,
    0x08,0x83,0xff,0x08,0x83,0xff,0x08,0x83,0xff,0x08,0x83,0xff,0x08,0x83,0xff,0x08,0x83,0xff,0x08,0x83,0xff,0x08,0x83,0xff,
    0x08,0x83,0xff,0x08,0x83,0xff,0x08,0x83,0xff,0x08,0x83,0xff,0x08,0x83,0xff,0x08,0x83,0xff,0x08,0x83,0xff,0x08,0x83,0xff,
    0x08,0x83,0xff,0x08,0x83,0xff,0x08,0x83,0xff,0x08,0x83,0xff,0x08,0x83,0xff,0x08,0x83,0xff,0x08,0x83,0xff,0x08,0x83,0xff,
    0x08,0x83,0xff,0x08,0x83,0xff,0x08,0x83,0xff,0x08,0x83,0xff,0x08,0x83,0xff,0x08,0x83,0xff,0x08,0x83,0xff,0x08,0x83,0xff,
    0x08,0x83,0xff,0x08,0x83,0xff,0x08,0x83,0xff,0x08,0x83,0xff,0x08,0x83,0xff,0x08,0x83,0xff,0x08,0x83,0xff,0x08,0x83,0xff,
    0x08,0x83,0xff,0x08,0x83,0xff,0x08,0x83,0xff,0x08,0x83,0xff,0x08,0x83,0xff,0x08,0x83,0xff,0x08,0x83,0xff,0x08,0x83,0xff,
    0x08,0x83,0xff,0x08,0x83,0xff,0x08,0x83,0xff,0x08,0x83,0xff,0x08,0x83,0xff,0x08,0x83,0xff,0x08,0x83,0xff,0x08,0x83,0xff,
    0x08,0x83,0xff,0x08,0x83,0xff,0x08,0x83,0xff,0x08,0x83,0xff,0x08,0x83,0xff,0x08,0x83,0xff,0x08,0x83,0xff,0x08,0x83,0xff,
    0x08,0x83,0xff,0x08,0x83,0xff,0x08,0x83,0xff,0x08,0x83,0xff,0x08,0x83,0xff,0x08,0x83,0xff,0x08,0x83,0xff,0x08,0x83,0xff,
    0x08,0x83,0xff,0x08,0x83,0xff,0x08,0x83,0xff,0x08,0x83,0xff,0x08,0x83,0xff,0x08,0x83,0xff,0x08,0x83,0xff,0x08,0x83,0xff,
    0x08,0x83,0xff,0x08,0x83,0xff,0x08,0x83,0xff,0x08,0x83,0xff,0x08,0x83,0xff,0x08,0x83,0xff,0x08,0x83,0xff,0x08,0x83,0xff,
    0x08,0x83,0xff,0x08,0x83,0xff,0x08,0x83,0xff,0x08,0x83,0xff,0x08,0x83,0xff,0x08,0x83,0xff,0x08,0x83,0xff,0x08,0x83,0xff,
    0x08,0x83,0xff,0x08,0x83,0xff,0x08,0x83,0xff,0x08,0x83,0xff,0x08,0x83,0xff,0x08,0x83,0xff,0x08,0x83,0xff,0x08,0x83,0xff,
    0x08,0x83,0xff,0x08,0x83,0xff,0x08,0x83,0xff,0x08,0x83,0xff,0x08,0x83,0xff,0x08,0x83,0xff,0x08,0x83,0xff,0x08,0x83,0xff,
    0x08,0x83,0xff,0x08,0x83,0xff,0x08,0x83,0xff,0x08,0x83,0xff,0x08,0x83,0xff,0x08,0x83,0xff,0x08,0x83,0xff,0x08,0x83,0xff,
    0x08,0x83,0xff,0x08,0x83,0xff,0x08,0x83,0xff,0x08,0x83,0xff,0x29,0x86,0xc8,0x00,0x00,0x00,0x00,0x00,0x00,0x00,0x00,0x00,
    0x00,0x00,0x00,0x00,0x00,0x00,0x00,0x00,0x00,0x29,0x86,0xc8,0x08,0x83,0xff,0x08,0x83,0xff,0x08,0x83,0xff,0x08,0x83,0xff,
    0x08,0x83,0xff,0x08,0x83,0xff,0x08,0x83,0xff,0x08,0x83,0xff,0x08,0x83,0xff,0x08,0x83,0xff,0x08,0x83,0xff,0x08,0x83,0xff,
    0x08,0x83,0xff,0x08,0x83,0xff,0x08,0x83,0xff,0x08,0x83,0xff,0x08,0x83,0xff,0x08,0x83,0xff,0x08,0x83,0xff,0x08,0x83,0xff,
    0x08,0x83,0xff,0x08,0x83,0xff,0x08,0x83,0xff,0x08,0x83,0xff,0x08,0x83,0xff,0x08,0x83,0xff,0x08,0x83,0xff,0x08,0x83,0xff,
    0x08,0x83,0xff,0x08,0x83,0xff,0x08,0x83,0xff,0x08,0x83,0xff,0x08,0x83,0xff,0x08,0x83,0xff,0x08,0x83,0xff,0x08,0x83,0xff,
    0x08,0x83,0xff,0x08,0x83,0xff,0x08,0x83,0xff,0x08,0x83,0xff,0x08,0x83,0xff,0x08,0x83,0xff,0x08,0x83,0xff,0x08,0x83,0xff,
    0x08,0x83,0xff,0x08,0x83,0xff,0x08,0x83,0xff,0x08,0x83,0xff,0x08,0x83,0xff,0x08,0x83,0xff,0x08,0x83,0xff,0x08,0x83,0xff,
    0x08,0x83,0xff,0x08,0x83,0xff,0x08,0x83,0xff,0x08,0x83,0xff,0x08,0x83,0xff,0x08,0x83,0xff,0x08,0x83,0xff,0x08,0x83,0xff,
    0x08,0x83,0xff,0x08,0x83,0xff,0x08,0x83,0xff,0x08,0x83,0xff,0x08,0x83,0xff,0x08,0x83,0xff,0x08,0x83,0xff,0x08,0x83,0xff,
    0x08,0x83,0xff,0x08,0x83,0xff,0x08,0x83,0xff,0x08,0x83,0xff,0x08,0x83,0xff,0x08,0x83,0xff,0x08,0x83,0xff,0x08,0x83,0xff,
    0x08,0x83,0xff,0x08,0x83,0xff,0x08,0x83,0xff,0x08,0x83,0xff,0x08,0x83,0xff,0x08,0x83,0xff,0x08,0x83,0xff,0x08,0x83,0xff,
    0x08,0x83,0xff,0x08,0x83,0xff,0x08,0x83,0xff,0x08,0x83,0xff,0x08,0x83,0xff,0x08,0x83,0xff,0x08,0x83,0xff,0x08,0x83,0xff,
    0x08,0x83,0xff,0x08,0x83,0xff,0x08,0x83,0xff,0x08,0x83,0xff,0x08,0x83,0xff,0x08,0x83,0xff,0x08,0x83,0xff,0x08,0x83,0xff,
    0x08,0x83,0xff,0x08,0x83,0xff,0x08,0x83,0xff,0x08,0x83,0xff,0x08,0x83,0xff,0x08,0x83,0xff,0x08,0x83,0xff,0x08,0x83,0xff,
    0x08,0x83,0xff,0x08,0x83,0xff,0x08,0x83,0xff,0x08,0x83,0xff,0x08,0x83,0xff,0x08,0x83,0xff,0x08,0x83,0xff,0x08,0x83,0xff,
    0x08,0x83,0xff,0x08,0x83,0xff,0x08,0x83,0xff,0x08,0x83,0xff,0x08,0x83,0xff,0x08,0x83,0xff,0x08,0x83,0xff,0x08,0x83,0xff,
    0x08,0x83,0xff,0x08,0x83,0xff,0x08,0x83,0xff,0x08,0x83,0xff,0x29,0x86,0xc8,0x00,0x00,0x00,0x00,0x00,0x00,0x00,0x00,0x00,
    0x00,0x00,0x00,0x00,0x00,0x00,0x00,0x00,0x00,0x00,0x00,0x00,0x29,0x86,0xc8,0x08,0x83,0xff,0x08,0x83,0xff,0x08,0x83,0xff,
    0x08,0x83,0xff,0x08,0x83,0xff,0x08,0x83,0xff,0x08,0x83,0xff,0x08,0x83,0xff,0x08,0x83,0xff,0x08,0x83,0xff,0x08,0x83,0xff,
    0x08,0x83,0xff,0x08,0x83,0xff,0x08,0x83,0xff,0x08,0x83,0xff,0x08,0x83,0xff,0x08,0x83,0xff,0x08,0x83,0xff,0x08,0x83,0xff,
    0x08,0x83,0xff,0x08,0x83,0xff,0x08,0x83,0xff,0x08,0x83,0xff,0x08,0x83,0xff,0x08,0x83,0xff,0x08,0x83,0xff,0x08,0x83,0xff,
    0x08,0x83,0xff,0x08,0x83,0xff,0x08,0x83,0xff,0x08,0x83,0xff,0x08,0x83,0xff,0x08,0x83,0xff,0x08,0x83,0xff,0x08,0x83,0xff,
    0x08,0x83,0xff,0x08,0x83,0xff,0x08,0x83,0xff,0x08,0x83,0xff,0x08,0x83,0xff,0x08,0x83,0xff,0x08,0x83,0xff,0x08,0x83,0xff,
    0x08,0x83,0xff,0x08,0x83,0xff,0x08,0x83,0xff,0x08,0x83,0xff,0x08,0x83,0xff,0x08,0x83,0xff,0x08,0x83,0xff,0x08,0x83,0xff,
    0x08,0x83,0xff,0x08,0x83,0xff,0x08,0x83,0xff,0x08,0x83,0xff,0x08,0x83,0xff,0x08,0x83,0xff,0x08,0x83,0xff,0x08,0x83,0xff,
    0x08,0x83,0xff,0x08,0x83,0xff,0x08,0x83,0xff,0x08,0x83,0xff,0x08,0x83,0xff,0x08,0x83,0xff,0x08,0x83,0xff,0x08,0x83,0xff,
    0x08,0x83,0xff,0x08,0x83,0xff,0x08,0x83,0xff,0x08,0x83,0xff,0x08,0x83,0xff,0x08,0x83,0xff,0x08,0x83,0xff,0x08,0x83,0xff,
    0x08,0x83,0xff,0x08,0x83,0xff,0x08,0x83,0xff,0x08,0x83,0xff,0x08,0x83,0xff,0x08,0x83,0xff,0x08,0x83,0xff,0x08,0x83,0xff,
    0x08,0x83,0xff,0x08,0x83,0xff,0x08,0x83,0xff,0x08,0x83,0xff,0x08,0x83,0xff,0x08,0x83,0xff,0x08,0x83,0xff,0x08,0x83,0xff,
    0x08,0x83,0xff,0x08,0x83,0xff,0x08,0x83,0xff,0x08,0x83,0xff,0x08,0x83,0xff,0x08,0x83,0xff,0x08,0x83,0xff,0x08,0x83,0xff,
    0x08,0x83,0xff,0x08,0x83,0xff,0x08,0x83,0xff,0x08,0x83,0xff,0x08,0x83,0xff,0x08,0x83,0xff,0x08,0x83,0xff,0x08,0x83,0xff,
    0x08,0x83,0xff,0x08,0x83,0xff,0x08,0x83,0xff,0x08,0x83,0xff,0x08,0x83,0xff,0x08,0x83,0xff,0x08,0x83,0xff,0x08,0x83,0xff,
    0x08,0x83,0xff,0x08,0x83,0xff,0x08,0x83,0xff,0x08,0x83,0xff,0x08,0x83,0xff,0x08,0x83,0xff,0x08,0x83,0xff,0x08,0x83,0xff,
    0x08,0x83,0xff,0x08,0x83,0xff,0x08,0x83,0xff,0x29,0x86,0xc8,0x00,0x00,0x00,0x00,0x00,0x00,0x00,0x00,0x00,0x00,0x00,0x00,
    0x00,0x00,0x00,0x00,0x00,0x00,0x00,0x00,0x00,0x00,0x00,0x00,0x00,0x00,0x00,0x29,0x86,0xc8,0x08,0x83,0xff,0x08,0x83,0xff,
    0x08,0x83,0xff,0x08,0x83,0xff,0x08,0x83,0xff,0x08,0x83,0xff,0x08,0x83,0xff,0x08,0x83,0xff,0x08,0x83,0xff,0x08,0x83,0xff,
    0x08,0x83,0xff,0x08,0x83,0xff,0x08,0x83,0xff,0x08,0x83,0xff,0x08,0x83,0xff,0x08,0x83,0xff,0x08,0x83,0xff,0x08,0x83,0xff,
    0x08,0x83,0xff,0x08,0x83,0xff,0x08,0x83,0xff,0x08,0x83,0xff,0x08,0x83,0xff,0x08,0x83,0xff,0x08,0x83,0xff,0x08,0x83,0xff,
    0x08,0x83,0xff,0x08,0x83,0xff,0x08,0x83,0xff,0x08,0x83,0xff,0x08,0x83,0xff,0x08,0x83,0xff,0x08,0x83,0xff,0x08,0x83,0xff,
    0x08,0x83,0xff,0x08,0x83,0xff,0x08,0x83,0xff,0x08,0x83,0xff,0x08,0x83,0xff,0x08,0x83,0xff,0x08,0x83,0xff,0x08,0x83,0xff,
    0x08,0x83,0xff,0x08,0x83,0xff,0x08,0x83,0xff,0x08,0x83,0xff,0x08,0x83,0xff,0x08,0x83,0xff,0x08,0x83,0xff,0x08,0x83,0xff,
    0x08,0x83,0xff,0x08,0x83,0xff,0x08,0x83,0xff,0x08,0x83,0xff,0x08,0x83,0xff,0x08,0x83,0xff,0x08,0x83,0xff,0x08,0x83,0xff,
    0x08,0x83,0xff,0x08,0x83,0xff,0x08,0x83,0xff,0x08,0x83,0xff,0x08,0x83,0xff,0x08,0x83,0xff,0x08,0x83,0xff,0x08,0x83,0xff,
    0x08,0x83,0xff,0x08,0x83,0xff,0x08,0x83,0xff,0x08,0x83,0xff,0x08,0x83,0xff,0x08,0x83,0xff,0x08,0x83,0xff,0x08,0x83,0xff,
    0x08,0x83,0xff,0x08,0x83,0xff,0x08,0x83,0xff,0x08,0x83,0xff,0x08,0x83,0xff,0x08,0x83,0xff,0x08,0x83,0xff,0x08,0x83,0xff,
    0x08,0x83,0xff,0x08,0x83,0xff,0x08,0x83,0xff,0x08,0x83,0xff,0x08,0x83,0xff,0x08,0x83,0xff,0x08,0x83,0xff,0x08,0x83,0xff,
    0x08,0x83,0xff,0x08,0x83,0xff,0x08,0x83,0xff,0x08,0x83,0xff,0x08,0x83,0xff,0x08,0x83,0xff,0x08,0x83,0xff,0x08,0x83,0xff,
    0x08,0x83,0xff,0x08,0x83,0xff,0x08,0x83,0xff,0x08,0x83,0xff,0x08,0x83,0xff,0x08,0x83,0xff,0x08,0x83,0xff,0x08,0x83,0xff,
    0x08,0x83,0xff,0x08,0x83,0xff,0x08,0x83,0xff,0x08,0x83,0xff,0x08,0x83,0xff,0x08,0x83,0xff,0x08,0x83,0xff,0x08,0x83,0xff,
    0x08,0x83,0xff,0x08,0x83,0xff,0x08,0x83,0xff,0x08,0x83,0xff,0x08,0x83,0xff,0x08,0x83,0xff,0x08,0x83,0xff,0x08,0x83,0xff,
    0x08,0x83,0xff,0x08,0x83,0xff,0x29,0x86,0xc8,0x00,0x00,0x00,0x00,0x00,0x00,0x00,0x00,0x00,0x00,0x00,0x00,0x00,0x00,0x00,
    0x00,0x00,0x00,0x00,0x00,0x00,0x00,0x00,0x00,0x00,0x00,0x00,0x00,0x00,0x00,0x29,0x86,0xc8,0x08,0x83,0xff,0x08,0x83,0xff,
    0x08,0x83,0xff,0x08,0x83,0xff,0x08,0x83,0xff,0x08,0x83,0xff,0x08,0x83,0xff,0x08,0x83,0xff,0x08,0x83,0xff,0x08,0x83,0xff,
    0x08,0x83,0xff,0x08,0x83,0xff,0x08,0x83,0xff,0x08,0x83,0xff,0x08,0x83,0xff,0x08,0x83,0xff,0x08,0x83,0xff,0x08,0x83,0xff,
    0x08,0x83,0xff,0x08,0x83,0xff,0x08,0x83,0xff,0x08,0x83,0xff,0x08,0x83,0xff,0x08,0x83,0xff,0x08,0x83,0xff,0x08,0x83,0xff,
    0x08,0x83,0xff,0x08,0x83,0xff,0x08,0x83,0xff,0x08,0x83,0xff,0x08,0x83,0xff,0x08,0x83,0xff,0x08,0x83,0xff,0x08,0x83,0xff,
    0x08,0x83,0xff,0x08,0x83,0xff,0x08,0x83,0xff,0x08,0x83,0xff,0x08,0x83,0xff,0x08,0x83,0xff,0x08,0x83,0xff,0x08,0x83,0xff,
    0x08,0x83,0xff,0x08,0x83,0xff,0x08,0x83,0xff,0x08,0x83,0xff,0x08,0x83,0xff,0x08,0x83,0xff,0x08,0x83,0xff,0x08,0x83,0xff,
    0x08,0x83,0xff,0x08,0x83,0xff,0x08,0x83,0xff,0x08,0x83,0xff,0x08,0x83,0xff,0x08,0x83,0xff,0x08,0x83,0xff,0x08,0x83,0xff,
    0x08,0x83,0xff,0x08,0x83,0xff,0x08,0x83,0xff,0x08,0x83,0xff,0x08,0x83,0xff,0x08,0x83,0xff,0x08,0x83,0xff,0x08,0x83,0xff,
    0x08,0x83,0xff,0x08,0x83,0xff,0x08,0x83,0xff,0x08,0x83,0xff,0x08,0x83,0xff,0x08,0x83,0xff,0x08,0x83,0xff,0x08,0x83,0xff,
    0x08,0x83,0xff,0x08,0x83,0xff,0x08,0x83,0xff,0x08,0x83,0xff,0x08,0x83,0xff,0x08,0x83,0xff,0x08,0x83,0xff,0x08,0x83,0xff,
    0x08,0x83,0xff,0x08,0x83,0xff,0x08,0x83,0xff,0x08,0x83,0xff,0x08,0x83,0xff,0x08,0x83,0xff,0x08,0x83,0xff,0x08,0x83,0xff,
    0x08,0x83,0xff,0x08,0x83,0xff,0x08,0x83,0xff,0x08,0x83,0xff,0x08,0x83,0xff,0x08,0x83,0xff,0x08,0x83,0xff,0x08,0x83,0xff,
    0x08,0x83,0xff,0x08,0x83,0xff,0x08,0x83,0xff,0x08,0x83,0xff,0x08,0x83,0xff,0x08,0x83,0xff,0x08,0x83,0xff,0x08,0x83,0xff,
    0x08,0x83,0xff,0x08,0x83,0xff,0x08,0x83,0xff,0x08,0x83,0xff,0x08,0x83,0xff,0x08,0x83,0xff,0x08,0x83,0xff,0x08,0x83,0xff,
    0x08,0x83,0xff,0x08,0x83,0xff,0x08,0x83,0xff,0x08,0x83,0xff,0x08,0x83,0xff,0x08,0x83,0xff,0x08,0x83,0xff,0x08,0x83,0xff,
    0x08,0x83,0xff,0x08,0x83,0xff,0x29,0x86,0xc8,0x00,0x00,0x00,0x00,0x00,0x00,0x00,0x00,0x00,0x00,0x00,0x00,0x00,0x00,0x00,
    0x00,0x00,0x00,0x00,0x00,0x00,0x00,0x00,0x00,0x00,0x00,0x00,0x00,0x00,0x00,0x00,0x00,0x00,0x29,0x86,0xc8,0x08,0x83,0xff,
    0x08,0x83,0xff,0x08,0x83,0xff,0x08,0x83,0xff,0x08,0x83,0xff,0x08,0x83,0xff,0x08,0x83,0xff,0x08,0x83,0xff,0x08,0x83,0xff,
    0x08,0x83,0xff,0x08,0x83,0xff,0x08,0x83,0xff,0x08,0x83,0xff,0x08,0x83,0xff,0x08,0x83,0xff,0x08,0x83,0xff,0x08,0x83,0xff,
    0x08,0x83,0xff,0x08,0x83,0xff,0x08,0x83,0xff,0x08,0x83,0xff,0x08,0x83,0xff,0x08,0x83,0xff,0x08,0x83,0xff,0x08,0x83,0xff,
    0x08,0x83,0xff,0x08,0x83,0xff,0x08,0x83,0xff,0x08,0x83,0xff,0x08,0x83,0xff,0x08,0x83,0xff,0x08,0x83,0xff,0x08,0x83,0xff,
    0x08,0x83,0xff,0x08,0x83,0xff,0x08,0x83,0xff,0x08,0x83,0xff,0x08,0x83,0xff,0x08,0x83,0xff,0x08,0x83,0xff,0x08,0x83,0xff,
    0x08,0x83,0xff,0x08,0x83,0xff,0x08,0x83,0xff,0x08,0x83,0xff,0x08,0x83,0xff,0x08,0x83,0xff,0x08,0x83,0xff,0x08,0x83,0xff,
    0x08,0x83,0xff,0x08,0x83,0xff,0x08,0x83,0xff,0x08,0x83,0xff,0x08,0x83,0xff,0x08,0x83,0xff,0x08,0x83,0xff,0x08,0x83,0xff,
    0x08,0x83,0xff,0x08,0x83,0xff,0x08,0x83,0xff,0x08,0x83,0xff,0x08,0x83,0xff,0x08,0x83,0xff,0x08,0x83,0xff,0x08,0x83,0xff,
    0x08,0x83,0xff,0x08,0x83,0xff,0x08,0x83,0xff,0x08,0x83,0xff,0x08,0x83,0xff,0x08,0x83,0xff,0x08,0x83,0xff,0x08,0x83,0xff,
    0x08,0x83,0xff,0x08,0x83,0xff,0x08,0x83,0xff,0x08,0x83,0xff,0x08,0x83,0xff,0x08,0x83,0xff,0x08,0x83,0xff,0x08,0x83,0xff,
    0x08,0x83,0xff,0x08,0x83,0xff,0x08,0x83,0xff,0x08,0x83,0xff,0x08,0x83,0xff,0x08,0x83,0xff,0x08,0x83,0xff,0x08,0x83,0xff,
    0x08,0x83,0xff,0x08,0x83,0xff,0x08,0x83,0xff,0x08,0x83,0xff,0x08,0x83,0xff,0x08,0x83,0xff,0x08,0x83,0xff,0x08,0x83,0xff,
    0x08,0x83,0xff,0x08,0x83,0xff,0x08,0x83,0xff,0x08,0x83,0xff,0x08,0x83,0xff,0x08,0x83,0xff,0x08,0x83,0xff,0x08,0x83,0xff,
    0x08,0x83,0xff,0x08,0x83,0xff,0x08,0x83,0xff,0x08,0x83,0xff,0x08,0x83,0xff,0x08,0x83,0xff,0x08,0x83,0xff,0x08,0x83,0xff,
    0x08,0x83,0xff,0x08,0x83,0xff,0x08,0x83,0xff,0x08,0x83,0xff,0x08,0x83,0xff,0x08,0x83,0xff,0x08,0x83,0xff,0x08,0x83,0xff,
    0x08,0x83,0xff,0x29,0x86,0xc8,0x00,0x00,0x00,0x00,0x00,0x00,0x00,0x00,0x00,0x00,0x00,0x00,0x00,0x00,0x00,0x00,0x00,0x00,
    0x00,0x00,0x00,0x00,0x00,0x00,0x00,0x00,0x00,0x00,0x00,0x00,0x00,0x00,0x00,0x00,0x00,0x00,0x00,0x00,0x00,0x29,0x86,0xc8,
    0x29,0x86,0xc8,0x08,0x83,0xff,0x08,0x83,0xff,0x08,0x83,0xff,0x08,0x83,0xff,0x08,0x83,0xff,0x08,0x83,0xff,0x08,0x83,0xff,
    0x08,0x83,0xff,0x08,0x83,0xff,0x08,0x83,0xff,0x08,0x83,0xff,0x08,0x83,0xff,0x08,0x83,0xff,0x08,0x83,0xff,0x08,0x83,0xff,
    0x08,0x83,0xff,0x08,0x83,0xff,0x08,0x83,0xff,0x08,0x83,0xff,0x08,0x83,0xff,0x08,0x83,0xff,0x08,0x83,0xff,0x08,0x83,0xff,
    0x08,0x83,0xff,0x08,0x83,0xff,0x08,0x83,0xff,0x08,0x83,0xff,0x08,0x83,0xff,0x08,0x83,0xff,0x08,0x83,0xff,0x08,0x83,0xff,
    0x08,0x83,0xff,0x08,0x83,0xff,0x08,0x83,0xff,0x08,0x83,0xff,0x08,0x83,0xff,0x08,0x83,0xff,0x08,0x83,0xff,0x08,0x83,0xff,
    0x08,0x83,0xff,0x08,0x83,0xff,0x08,0x83,0xff,0x08,0x83,0xff,0x08,0x83,0xff,0x08,0x83,0xff,0x08,0x83,0xff,0x08,0x83,0xff,
    0x08,0x83,0xff,0x08,0x83,0xff,0x08,0x83,0xff,0x08,0x83,0xff,0x08,0x83,0xff,0x08,0x83,0xff,0x08,0x83,0xff,0x08,0x83,0xff,
    0x08,0x83,0xff,0x08,0x83,0xff,0x08,0x83,0xff,0x08,0x83,0xff,0x08,0x83,0xff,0x08,0x83,0xff,0x08,0x83,0xff,0x08,0x83,0xff,
    0x08,0x83,0xff,0x08,0x83,0xff,0x08,0x83,0xff,0x08,0x83,0xff,0x08,0x83,0xff,0x08,0x83,0xff,0x08,0x83,0xff,0x08,0x83,0xff,
    0x08,0x83,0xff,0x08,0x83,0xff,0x08,0x83,0xff,0x08,0x83,0xff,0x08,0x83,0xff,0x08,0x83,0xff,0x08,0x83,0xff,0x08,0x83,0xff,
    0x08,0x83,0xff,0x08,0x83,0xff,0x08,0x83,0xff,0x08,0x83,0xff,0x08,0x83,0xff,0x08,0x83,0xff,0x08,0x83,0xff,0x08,0x83,0xff,
    0x08,0x83,0xff,0x08,0x83,0xff,0x08,0x83,0xff,0x08,0x83,0xff,0x08,0x83,0xff,0x08,0x83,0xff,0x08,0x83,0xff,0x08,0x83,0xff,
    0x08,0x83,0xff,0x08,0x83,0xff,0x08,0x83,0xff,0x08,0x83,0xff,0x08,0x83,0xff,0x08,0x83,0xff,0x08,0x83,0xff,0x08,0x83,0xff,
    0x08,0x83,0xff,0x08,0x83,0xff,0x08,0x83,0xff,0x08,0x83,0xff,0x08,0x83,0xff,0x08,0x83,0xff,0x08,0x83,0xff,0x08,0x83,0xff,
    0x08,0x83,0xff,0x08,0x83,0xff,0x08,0x83,0xff,0x08,0x83,0xff,0x08,0x83,0xff,0x08,0x83,0xff,0x08,0x83,0xff,0x29,0x86,0xc8,
    0x29,0x86,0xc8,0x00,0x00,0x00,0x00,0x00,0x00,0x00,0x00,0x00,0x00,0x00,0x00,0x00,0x00,0x00,0x00,0x00,0x00,0x00,0x00,0x00,
    0x00,0x00,0x00,0x00,0x00,0x00,0x00,0x00,0x00,0x00,0x00,0x00,0x00,0x00,0x00,0x00,0x00,0x00,0x00,0x00,0x00,0x00,0x00,0x00,
    0x00,0x00,0x00,0x29,0x86,0xc8,0x08,0x83,0xff,0x08,0x83,0xff,0x08,0x83,0xff,0x08,0x83,0xff,0x08,0x83,0xff,0x08,0x83,0xff,
    0x08,0x83,0xff,0x08,0x83,0xff,0x08,0x83,0xff,0x08,0x83,0xff,0x08,0x83,0xff,0x08,0x83,0xff,0x08,0x83,0xff,0x08,0x83,0xff,
    0x08,0x83,0xff,0x08,0x83,0xff,0x08,0x83,0xff,0x08,0x83,0xff,0x08,0x83,0xff,0x08,0x83,0xff,0x08,0x83,0xff,0x08,0x83,0xff,
    0x08,0x83,0xff,0x08,0x83,0xff,0x08,0x83,0xff,0x08,0x83,0xff,0x08,0x83,0xff,0x08,0x83,0xff,0x08,0x83,0xff,0x08,0x83,0xff,
    0x08,0x83,0xff,0x08,0x83,0xff,0x08,0x83,0xff,0x08,0x83,0xff,0x08,0x83,0xff,0x08,0x83,0xff,0x08,0x83,0xff,0x08,0x83,0xff,
    0x08,0x83,0xff,0x08,0x83,0xff,0x08,0x83,0xff,0x08,0x83,0xff,0x08,0x83,0xff,0x08,0x83,0xff,0x08,0x83,0xff,0x08,0x83,0xff,
    0x08,0x83,0xff,0x08,0x83,0xff,0x08,0x83,0xff,0x08,0x83,0xff,0x08,0x83,0xff,0x08,0x83,0xff,0x08,0x83,0xff,0x08,0x83,0xff,
    0x08,0x83,0xff,0x08,0x83,0xff,0x08,0x83,0xff,0x08,0x83,0xff,0x08,0x83,0xff,0x08,0x83,0xff,0x08,0x83,0xff,0x08,0x83,0xff,
    0x08,0x83,0xff,0x08,0x83,0xff,0x08,0x83,0xff,0x08,0x83,0xff,0x08,0x83,0xff,0x08,0x83,0xff,0x08,0x83,0xff,0x08,0x83,0xff,
    0x08,0x83,0xff,0x08,0x83,0xff,0x08,0x83,0xff,0x08,0x83,0xff,0x08,0x83,0xff,0x08,0x83,0xff,0x08,0x83,0xff,0x08,0x83,0xff,
    0x08,0x83,0xff,0x08,0x83,0xff,0x08,0x83,0xff,0x08,0x83,0xff,0x08,0x83,0xff,0x08,0x83,0xff,0x08,0x83,0xff,0x08,0x83,0xff,
    0x08,0x83,0xff,0x08,0x83,0xff,0x08,0x83,0xff,0x08,0x83,0xff,0x08,0x83,0xff,0x08,0x83,0xff,0x08,0x83,0xff,0x08,0x83,0xff,
    0x08,0x83,0xff,0x08,0x83,0xff,0x08,0x83,0xff,0x08,0x83,0xff,0x08,0x83,0xff,0x08,0x83,0xff,0x08,0x83,0xff,0x08,0x83,0xff,
    0x08,0x83,0xff,0x08,0x83,0xff,0x08,0x83,0xff,0x08,0x83,0xff,0x08,0x83,0xff,0x08,0x83,0xff,0x08,0x83,0xff,0x08,0x83,0xff,
    0x08,0x83,0xff,0x08,0x83,0xff,0x08,0x83,0xff,0x08,0x83,0xff,0x08,0x83,0xff,0x08,0x83,0xff,0x29,0x86,0xc8,0x00,0x00,0x00,
    0x00,0x00,0x00,0x00,0x00,0x00,0x00,0x00,0x00,0x00,0x00,0x00,0x00,0x00,0x00,0x00,0x00,0x00,0x00,0x00,0x00,0x00,0x00,0x00,
    0x00,0x00,0x00,0x00,0x00,0x00,0x00,0x00,0x00,0x00,0x00,0x00,0x00,0x00,0x00,0x00,0x00,0x00,0x00,0x00,0x00,0x00,0x00,0x00,
    0x00,0x00,0x00,0x00,0x00,0x00,0x29,0x86,0xc8,0x29,0x86,0xc8,0x29,0x86,0xc8,0x08,0x83,0xff,0x08,0x83,0xff,0x08,0x83,0xff,
    0x08,0x83,0xff,0x08,0x83,0xff,0x08,0x83,0xff,0x08,0x83,0xff,0x08,0x83,0xff,0x08,0x83,0xff,0x08,0x83,0xff,0x08,0x83,0xff,
    0x08,0x83,0xff,0x08,0x83,0xff,0x08,0x83,0xff,0x08,0x83,0xff,0x08,0x83,0xff,0x08,0x83,0xff,0x08,0x83,0xff,0x08,0x83,0xff,
    0x08,0x83,0xff,0x08,0x83,0xff,0x08,0x83,0xff,0x08,0x83,0xff,0x08,0x83,0xff,0x08,0xa3,0xff,0x08,0xa3,0xff,0x08,0xa3,0xff,
    0x08,0xa3,0xff,0x08,0xa3,0xff,0x08,0xa3,0xff,0x08,0xa3,0xff,0x08,0xa3,0xff,0x08,0xa3,0xff,0x08,0xa3,0xff,0x08,0xa3,0xff,
    0x08,0xa3,0xff,0x08,0xa3,0xff,0x08,0xa3,0xff,0x08,0xa3,0xff,0x08,0xa3,0xff,0x08,0xa3,0xff,0x08,0xa3,0xff,0x08,0xa3,0xff,
    0x08,0xa3,0xff,0x08,0xa3,0xff,0x08,0xa3,0xff,0x08,0xa3,0xff,0x08,0xa3,0xff,0x08,0xa3,0xff,0x08,0xa3,0xff,0x08,0xa3,0xff,
    0x08,0xa3,0xff,0x08,0xa3,0xff,0x08,0xa3,0xff,0x08,0xa3,0xff,0x08,0xa3,0xff,0x08,0xa3,0xff,0x08,0xa3,0xff,0x08,0xa3,0xff,
    0x08,0xa3,0xff,0x08,0xa3,0xff,0x08,0xa3,0xff,0x08,0xa3,0xff,0x08,0xa3,0xff,0x08,0xa3,0xff,0x08,0xa3,0xff,0x08,0xa3,0xff,
    0x08,0xa3,0xff,0x08,0xa3,0xff,0x08,0xa3,0xff,0x08,0xa3,0xff,0x08,0xa3,0xff,0x08,0xa3,0xff,0x08,0xa3,0xff,0x08,0xa3,0xff,
    0x08,0xa3,0xff,0x08,0xa3,0xff,0x08,0xa3,0xff,0x08,0xa3,0xff,0x08,0xa3,0xff,0x08,0xa3,0xff,0x08,0xa3,0xff,0x08,0xa3,0xff,
    0x08,0xa3,0xff,0x08,0xa3,0xff,0x08,0xa3,0xff,0x08,0xa3,0xff,0x08,0x83,0xff,0x08,0x83,0xff,0x08,0x83,0xff,0x08,0x83,0xff,
    0x08,0x83,0xff,0x08,0x83,0xff,0x08,0x83,0xff,0x08,0x83,0xff,0x08,0x83,0xff,0x08,0x83,0xff,0x08,0x83,0xff,0x08,0x83,0xff,
    0x08,0x83,0xff,0x08,0x83,0xff,0x08,0x83,0xff,0x08,0x83,0xff,0x08,0x83,0xff,0x08,0x83,0xff,0x08,0x83,0xff,0x08,0x83,0xff,
    0x08,0x83,0xff,0x08,0x83,0xff,0x08,0x83,0xff,0x29,0x86,0xc8,0x29,0x86,0xc8,0x29,0x86,0xc8,0x00,0x00,0x00,0x00,0x00,0x00,
    0x00,0x00,0x00,0x00,0x00,0x00,0x00,0x00,0x00,0x00,0x00,0x00,0x00,0x00,0x00,0x00,0x00,0x00,0x00,0x00,0x00,0x00,0x00,0x00,
    0x00,0x00,0x00,0x00,0x00,0x00,0x00,0x00,0x00,0x00,0x00,0x00,0x00,0x00,0x00,0x00,0x00,0x00,0x00,0x00,0x00,0x00,0x00,0x00,
    0x00,0x00,0x00,0x00,0x00,0x00,0x00,0x00,0x00,0x00,0x00,0x00,0x00,0x00,0x00,0x29,0x86,0xc8,0x29,0x86,0xc8,0x29,0x86,0xc8,
    0x29,0x86,0xc8,0x29,0x86,0xc8,0x29,0x86,0xc8,0x29,0x86,0xc8,0x29,0x86,0xc8,0x29,0x86,0xc8,0x29,0x86,0xc8,0x29,0x86,0xc8,
    0x29,0x86,0xc8,0x29,0x86,0xc8,0x29,0x86,0xc8,0x29,0x86,0xc8,0x29,0x66,0xc9,0x29,0x66,0xc9,0x29,0x66,0xca,0x29,0x66,0xcb,
    0x94,0xf5,0xf0,0x94,0xf5,0xf0,0x94,0xf5,0xf0,0x94,0xf5,0xf0,0x94,0xf5,0xf1,0x94,0xf5,0xf1,0x94,0xf5,0xf1,0x94,0xf5,0xf1,
    0x94,0xf5,0xf1,0x94,0xf5,0xf1,0x94,0xf5,0xf1,0x94,0xf5,0xf1,0x94,0xf5,0xf1,0x94,0xf5,0xf1,0x94,0xf5,0xf1,0x94,0xf5,0xf1,
    0x94,0xf5,0xf1,0x94,0xf5,0xf1,0x94,0xf5,0xf1,0x94,0xf5,0xf1,0x94,0xf5,0xf1,0x94,0xf5,0xf1,0x94,0xf5,0xf1,0x94,0xf5,0xf1,
    0x94,0xf5,0xf1,0x94,0xf5,0xf1,0x94,0xf5,0xf1,0x94,0xf5,0xf1,0x94,0xf5,0xf1,0x94,0xf5,0xf1,0x94,0xf5,0xf1,0x94,0xf5,0xf1,
    0x94,0xf5,0xf1,0x94,0xf5,0xf1,0x94,0xf5,0xf1,0x94,0xf5,0xf1,0x94,0xf5,0xf1,0x94,0xf5,0xf1,0x94,0xf5,0xf1,0x94,0xf5,0xf1,
    0x94,0xf5,0xf1,0x94,0xf5,0xf1,0x94,0xf5,0xf1,0x94,0xf5,0xf1,0x94,0xf5,0xf1,0x94,0xf5,0xf1,0x94,0xf5,0xf1,0x94,0xf5,0xf1,
    0x94,0xf5,0xf1,0x94,0xf5,0xf1,0x94,0xf5,0xf1,0x94,0xf5,0xf1,0x94,0xf5,0xf1,0x94,0xf5,0xf1,0x94,0xf5,0xf1,0x94,0xf5,0xf1,
    0x94,0xf5,0xf1,0x94,0xf5,0xf1,0x94,0xf5,0xf1,0x94,0xf5,0xf1,0x94,0xf5,0xf1,0x94,0xf5,0xf1,0x94,0xf5,0xf1,0x94,0xf5,0xf1,
    0x94,0xf5,0xf1,0x94,0xf5,0xf1,0x94,0xf5,0xf1,0x94,0xf5,0xf1,0x94,0xf5,0xf1,0x94,0xf5,0xf0,0x94,0xf5,0xf0,0x94,0xf5,0xf0,
    0x94,0xf5,0xf0,0x29,0x66,0xcb,0x29,0x66,0xca,0x29,0x66,0xc9,0x29,0x66,0xc9,0x29,0x86,0xc8,0x29,0x86,0xc8,0x29,0x86,0xc8,
    0x29,0x86,0xc8,0x29,0x86,0xc8,0x29,0x86,0xc8,0x29,0x86,0xc8,0x29,0x86,0xc8,0x29,0x86,0xc8,0x29,0x86,0xc8,0x29,0x86,0xc8,
    0x29,0x86,0xc8,0x29,0x86,0xc8,0x29,0x86,0xc8,0x00,0x00,0x00,0x00,0x00,0x00,0x00,0x00,0x00,0x00,0x00,0x00,0x00,0x00,0x00,
    0x00,0x00,0x00,0x00,0x00,0x00,0x00,0x00,0x00,0x00,0x00,0x00,0x00,0x00,0x00,0x00,0x00,0x00,0x00,0x00,0x00,0x00,0x00,0x00,
    0x00,0x00,0x00,0x00,0x00,0x00,0x00,0x00,0x00,0x00,0x00,0x00,0x00,0x00,0x00,0x00,0x00,0x00,0x00,0x00,0x00,0x00,0x00,0x00,
    0x00,0x00,0x00,0x00,0x00,0x00,0x00,0x00,0x00,0x00,0x00,0x00,0x00,0x00,0x00,0x00,0x00,0x00,0x00,0x00,0x00,0x00,0x00,0x00,
    0x00,0x00,0x00,0x00,0x00,0x00,0x00,0x00,0x00,0x00,0x00,0x00,0x00,0x00,0x00,0x00,0x00,0x00,0x00,0x00,0x00,0x00,0x00,0x00,
    0x00,0x00,0x00,0x00,0x00,0x00,0x00,0x00,0x01,0x00,0x20,0x02,0x00,0x41,0x04,0x08,0x61,0x06,0x10,0x82,0x0a,0x18,0xc3,0x0e,
    0x21,0x04,0x11,0x21,0x45,0x15,0x29,0x86,0x18,0x31,0xa7,0x1b,0x31,0xc7,0x1d,0x31,0xc8,0x1e,0x31,0xe8,0x1f,0x31,0xe8,0x1f,
    0x39,0xe8,0x1f,0x39,0xe8,0x1f,0x39,0xe8,0x1f,0x39,0xe8,0x1f,0x39,0xe8,0x1f,0x39,0xe8,0x1f,0x39,0xe8,0x1f,0x39,0xe8,0x1f,
    0x39,0xe8,0x1f,0x39,0xe8,0x1f,0x39,0xe8,0x1f,0x39,0xe8,0x1f,0x39,0xe8,0x1f,0x39,0xe8,0x1f,0x39,0xe8,0x1f,0x39,0xe8,0x1f,
    0x39,0xe8,0x1f,0x39,0xe8,0x1f,0x39,0xe8,0x1f,0x39,0xe8,0x1f,0x39,0xe8,0x1f,0x39,0xe8,0x1f,0x39,0xe8,0x1f,0x39,0xe8,0x1f,
    0x39,0xe8,0x1f,0x39,0xe8,0x1f,0x39,0xe8,0x1f,0x39,0xe8,0x1f,0x39,0xe8,0x1f,0x39,0xe8,0x1f,0x39,0xe8,0x1f,0x39,0xe8,0x1f,
    0x39,0xe8,0x1f,0x39,0xe8,0x1f,0x39,0xe8,0x1f,0x39,0xe8,0x1f,0x39,0xe8,0x1f,0x39,0xe8,0x1f,0x39,0xe8,0x1f,0x39,0xe8,0x1f,
    0x39,0xe8,0x1f,0x39,0xe8,0x1f,0x39,0xe8,0x1f,0x39,0xe8,0x1f,0x39,0xe8,0x1f,0x39,0xe8,0x1f,0x39,0xe8,0x1f,0x39,0xe8,0x1f,
    0x39,0xe8,0x1f,0x39,0xe8,0x1f,0x39,0xe8,0x1f,0x39,0xe8,0x1f,0x39,0xe8,0x1f,0x39,0xe8,0x1f,0x39,0xe8,0x1f,0x39,0xe8,0x1f,
    0x39,0xe8,0x1f,0x31,0xe8,0x1f,0x31,0xe8,0x1f,0x31,0xc8,0x1e,0x31,0xc7,0x1d,0x31,0xa7,0x1b,0x29,0x86,0x18,0x21,0x45,0x15,
    0x21,0x04,0x11,0x18,0xc3,0x0e,0x10,0x82,0x0a,0x08,0x61,0x06,0x00,0x41,0x04,0x00,0x20,0x02,0x00,0x00,0x01,0x00,0x00,0x00,
    0x00,0x00,0x00,0x00,0x00,0x00,0x00,0x00,0x00,0x00,0x00,0x00,0x00,0x00,0x00,0x00,0x00,0x00,0x00,0x00,0x00,0x00,0x00,0x00,
    0x00,0x00,0x00,0x00,0x00,0x00,0x00,0x00,0x00,0x00,0x00,0x00,0x00,0x00,0x00,0x00,0x00,0x00,0x00,0x00,0x00,0x00,0x00,0x00,
    0x00,0x00,0x00,0x00,0x00,0x00,0x00,0x00,0x00,0x00,0x00,0x00,0x00,0x00,0x00,0x00,0x00,0x00,0x00,0x00,0x00,0x00,0x00,0x00,
    0x00,0x00,0x00,0x00,0x00,0x00,0x00,0x00,0x00,0x00,0x00,0x00,0x00,0x00,0x00,0x00,0x00,0x00,0x00,0x00,0x00,0x00,0x00,0x00,
    0x00,0x00,0x00,0x00,0x00,0x00,0x00,0x00,0x00,0x00,0x00,0x00,0x00,0x00,0x00,0x00,0x00,0x00,0x00,0x00,0x00,0x00,0x00,0x00,
    0x00,0x00,0x00,0x00,0x00,0x00,0x00,0x00,0x00,0x00,0x00,0x00,0x00,0x00,0x00,0x00,0x00,0x00,0x00,0x00,0x00,0x00,0x00,0x00,
    0x00,0x00,0x00,0x00,0x00,0x00,0x00,0x00,0x01,0x00,0x20,0x02,0x08,0x41,0x04,0x08,0x61,0x07,0x10,0xa2,0x0b,0x18,0xe3,0x0e,
    0x21,0x24,0x12,0x29,0x66,0x16,0x29,0x87,0x1a,0x31,0xc7,0x1d,0x39,0xc8,0x1f,0x39,0xe8,0x20,0x39,0xe8,0x20,0x3a,0x08,0x20,
    0x3a,0x08,0x20,0x3a,0x08,0x20,0x3a,0x08,0x20,0x3a,0x08,0x20,0x3a,0x08,0x20,0x3a,0x08,0x20,0x3a,0x08,0x20,0x3a,0x08,0x20,
    0x3a,0x08,0x20,0x3a,0x08,0x20,0x3a,0x08,0x20,0x3a,0x08,0x20,0x3a,0x08,0x20,0x3a,0x08,0x20,0x3a,0x08,0x20,0x3a,0x08,0x20,
    0x3a,0x08,0x20,0x3a,0x08,0x20,0x3a,0x08,0x20,0x3a,0x08,0x20,0x3a,0x08,0x20,0x3a,0x08,0x20,0x3a,0x08,0x20,0x3a,0x08,0x20,
    0x3a,0x08,0x20,0x3a,0x08,0x20,0x3a,0x08,0x20,0x3a,0x08,0x20,0x3a,0x08,0x20,0x3a,0x08,0x20,0x3a,0x08,0x20,0x3a,0x08,0x20,
    0x3a,0x08,0x20,0x3a,0x08,0x20,0x3a,0x08,0x20,0x3a,0x08,0x20,0x3a,0x08,0x20,0x3a,0x08,0x20,0x3a,0x08,0x20,0x3a,0x08,0x20,
    0x3a,0x08,0x20,0x3a,0x08,0x20,0x3a,0x08,0x20,0x3a,0x08,0x20,0x3a,0x08,0x20,0x3a,0x08,0x20,0x3a,0x08,0x20,0x3a,0x08,0x20,
    0x3a,0x08,0x20,0x3a,0x08,0x20,0x3a,0x08,0x20,0x3a,0x08,0x20,0x3a,0x08,0x20,0x3a,0x08,0x20,0x3a,0x08,0x20,0x3a,0x08,0x20,
    0x3a,0x08,0x20,0x3a,0x08,0x20,0x39,0xe8,0x20,0x39,0xe8,0x20,0x39,0xc8,0x1f,0x31,0xc7,0x1d,0x29,0x87,0x1a,0x29,0x66,0x16,
    0x21,0x24,0x12,0x18,0xe3,0x0e,0x10,0xa2,0x0b,0x08,0x61,0x07,0x08,0x41,0x04,0x00,0x20,0x02,0x00,0x00,0x01,0x00,0x00,0x00,
    0x00,0x00,0x00,0x00,0x00,0x00,0x00,0x00,0x00,0x00,0x00,0x00,0x00,0x00,0x00,0x00,0x00,0x00,0x00,0x00,0x00,0x00,0x00,0x00,
    0x00,0x00,0x00,0x00,0x00,0x00,0x00,0x00,0x00,0x00,0x00,0x00,0x00,0x00,0x00,0x00,0x00,0x00,0x00,0x00,0x00,0x00,0x00,0x00,
    0x00,0x00,0x00,0x00,0x00,0x00,0x00,0x00,0x00,0x00,0x00,0x00,0x00,0x00,0x00,0x00,0x00,0x00,0x00,0x00,0x00,0x00,0x00,0x00
};
const lv_img_dsc_t ui_img_images_settings_png = {
    .header.always_zero = 0,
    .header.w = 136,
    .header.h = 146,
    .data_size = sizeof(ui_img_images_settings_png_data),
    .header.cf = LV_IMG_CF_TRUE_COLOR_ALPHA,
    .data = ui_img_images_settings_png_data
};
